State Name,District Name,Market Name,Variety,Group,Arrivals (Tonnes),Min Price (Rs./Quintal),Max Price (Rs./Quintal),Modal Price (Rs./Quintal),Reported Date,Date
West Bengal,Kolkata,Mechua,Apple,Fruits,136.4,11400,13500,12500,01-Sep-21,01-09-2021
West Bengal,Kolkata,Mechua,Apple,Fruits,136.4,10000,12000,11000,01-Sep-21,01-09-2021
Himachal Pradesh,Kullu,Bandrol,Delicious,Fruits,437.5,1300,6400,3200,01-Sep-21,01-09-2021
Himachal Pradesh,Mandi,Chail Chowk,Other,Fruits,1.54,700,2000,1000,01-Sep-21,01-09-2021
Himachal Pradesh,Kangra,Kangra,Other,Fruits,1.7,3500,8000,5750,01-Sep-21,01-09-2021
Himachal Pradesh,Kangra,Kangra(Jassour),Other,Fruits,1.2,2000,7000,4500,01-Sep-21,01-09-2021
Himachal Pradesh,Kangra,Kangra(Nagrota Bagwan),American,Fruits,0.35,3000,8000,5500,01-Sep-21,01-09-2021
Himachal Pradesh,Kullu,Kullu(Patli Kuhal),Other,Fruits,318.6,500,5500,3500,01-Sep-21,01-09-2021
Himachal Pradesh,Mandi,Mandi(Mandi),Apple,Fruits,1.88,2000,7000,5000,01-Sep-21,01-09-2021
Himachal Pradesh,Kangra,Palampur,Apple,Fruits,0.8,4000,8000,6000,01-Sep-21,01-09-2021
Himachal Pradesh,Solan,Solan,Apple,Fruits,492.12,3000,9500,6000,01-Sep-21,01-09-2021
Himachal Pradesh,Kullu,Kullu(Chauri Bihal),Apple,Fruits,6.5,1000,4600,2500,01-Sep-21,01-09-2021
West Bengal,Kolkata,Mechua,Apple,Fruits,136.4,6000,7800,7000,01-Sep-21,01-09-2021
West Bengal,Kolkata,Mechua,Apple,Fruits,143.8,11500,13500,12700,02-Sep-21,02-09-2021 00:00
Himachal Pradesh,Kullu,Bandrol,Delicious,Fruits,456.0,1200,5800,3200,02-Sep-21,02-09-2021 00:00
Himachal Pradesh,Kullu,Bhuntar,Apple,Fruits,56.0,2000,6000,4500,02-Sep-21,02-09-2021 00:00
Himachal Pradesh,Bilaspur,Bilaspur,Apple,Fruits,0.3,3000,7500,4500,02-Sep-21,02-09-2021 00:00
Himachal Pradesh,Hamirpur,Hamirpur,Other,Fruits,0.9,5000,9000,7000,02-Sep-21,02-09-2021 00:00
Himachal Pradesh,Kangra,Kangra,Other,Fruits,1.6,3000,8000,5500,02-Sep-21,02-09-2021 00:00
Himachal Pradesh,Kangra,Kangra(Jassour),Other,Fruits,0.3,2000,7000,4500,02-Sep-21,02-09-2021 00:00
Himachal Pradesh,Kangra,Kangra(Nagrota Bagwan),American,Fruits,0.3,3000,8000,5500,02-Sep-21,02-09-2021 00:00
Himachal Pradesh,Kullu,Kullu,Other,Fruits,0.9,2000,5000,4000,02-Sep-21,02-09-2021 00:00
Himachal Pradesh,Kullu,Kullu(Chauri Bihal),Apple,Fruits,9.0,800,5000,2800,02-Sep-21,02-09-2021 00:00
Himachal Pradesh,Kullu,Kullu(Patli Kuhal),Other,Fruits,284.4,500,5000,3500,02-Sep-21,02-09-2021 00:00
Himachal Pradesh,Mandi,Mandi(Mandi),Apple,Fruits,2.3,2000,7000,5000,02-Sep-21,02-09-2021 00:00
Himachal Pradesh,Mandi,Mandi(Takoli),Other,Fruits,52.5,1000,5000,3500,02-Sep-21,02-09-2021 00:00
Himachal Pradesh,Solan,Solan,Apple,Fruits,523.6,3000,11500,6000,02-Sep-21,02-09-2021 00:00
West Bengal,Kolkata,Mechua,Apple,Fruits,143.8,10000,12000,11000,02-Sep-21,02-09-2021 00:00
West Bengal,Kolkata,Mechua,Apple,Fruits,143.8,6000,7600,7000,02-Sep-21,02-09-2021 00:00
West Bengal,Kolkata,Mechua,Apple,Fruits,156.7,12000,14000,13000,03-Sep-21,03-09-2021 00:00
West Bengal,Kolkata,Mechua,Apple,Fruits,156.7,10000,12000,11000,03-Sep-21,03-09-2021 00:00
Himachal Pradesh,Kullu,Bandrol,Delicious,Fruits,387.0,1300,6200,3200,03-Sep-21,03-09-2021 00:00
Himachal Pradesh,Kullu,Bhuntar,Apple,Fruits,58.0,2000,6200,4000,03-Sep-21,03-09-2021 00:00
Himachal Pradesh,Kangra,Kangra,Other,Fruits,1.8,3000,8000,5500,03-Sep-21,03-09-2021 00:00
Himachal Pradesh,Kangra,Kangra(Jaisinghpur),Apple,Fruits,0.2,4000,8000,6000,03-Sep-21,03-09-2021 00:00
Himachal Pradesh,Kangra,Kangra(Nagrota Bagwan),American,Fruits,0.35,3000,8000,5500,03-Sep-21,03-09-2021 00:00
Himachal Pradesh,Kullu,Kullu(Chauri Bihal),Apple,Fruits,9.2,1000,4500,3000,03-Sep-21,03-09-2021 00:00
Himachal Pradesh,Kullu,Kullu(Patli Kuhal),Other,Fruits,358.3,500,5000,3500,03-Sep-21,03-09-2021 00:00
Himachal Pradesh,Mandi,Mandi(Mandi),Apple,Fruits,1.9,2000,7000,5000,03-Sep-21,03-09-2021 00:00
Himachal Pradesh,Mandi,Mandi(Takoli),Other,Fruits,42.3,1000,4000,3000,03-Sep-21,03-09-2021 00:00
Himachal Pradesh,Kangra,Palampur,Apple,Fruits,1.9,4000,8000,6000,03-Sep-21,03-09-2021 00:00
Himachal Pradesh,Shimla,Rohroo,Royal Delicious,Fruits,422.1,2000,7000,4500,03-Sep-21,03-09-2021 00:00
Himachal Pradesh,Shimla,Shimla and Kinnaur(Nerwa),Golden,Fruits,2.0,1500,2500,2000,03-Sep-21,03-09-2021 00:00
Himachal Pradesh,Shimla,Shimla and Kinnaur(Nerwa),Royal Delicious,Fruits,2.0,2500,4500,3500,03-Sep-21,03-09-2021 00:00
West Bengal,Kolkata,Mechua,Apple,Fruits,156.7,5500,8000,6800,03-Sep-21,03-09-2021 00:00
West Bengal,Kolkata,Mechua,Apple,Fruits,134.7,11500,13500,12500,04-Sep-21,04-09-2021 00:00
West Bengal,Kolkata,Mechua,Apple,Fruits,134.7,10000,12000,11000,04-Sep-21,04-09-2021 00:00
Himachal Pradesh,Hamirpur,Hamirpur,Golden,Fruits,1.4,4000,6000,5000,04-Sep-21,04-09-2021 00:00
Himachal Pradesh,Hamirpur,Hamirpur,Royal Delicious,Fruits,1.4,7000,9000,8000,04-Sep-21,04-09-2021 00:00
Himachal Pradesh,Hamirpur,Hamirpur(Nadaun),Other,Fruits,1.2,4000,9000,6000,04-Sep-21,04-09-2021 00:00
Himachal Pradesh,Kangra,Kangra,Other,Fruits,1.5,2000,7000,4500,04-Sep-21,04-09-2021 00:00
Himachal Pradesh,Kangra,Kangra(Jaisinghpur),Apple,Fruits,0.25,4000,8000,6000,04-Sep-21,04-09-2021 00:00
Himachal Pradesh,Kangra,Kangra(Jassour),Other,Fruits,1.1,2000,7000,4500,04-Sep-21,04-09-2021 00:00
Himachal Pradesh,Kangra,Kangra(Nagrota Bagwan),American,Fruits,0.35,3000,8000,5500,04-Sep-21,04-09-2021 00:00
Himachal Pradesh,Mandi,Mandi(Mandi),Apple,Fruits,1.1,1500,6500,5000,04-Sep-21,04-09-2021 00:00
Himachal Pradesh,Kangra,Palampur,Apple,Fruits,2.1,4000,8000,6000,04-Sep-21,04-09-2021 00:00
Himachal Pradesh,Shimla,Rohroo,Royal Delicious,Fruits,588.6,2000,7000,4500,04-Sep-21,04-09-2021 00:00
Himachal Pradesh,Una,Santoshgarh,Other,Fruits,0.7,2500,6200,4350,04-Sep-21,04-09-2021 00:00
Himachal Pradesh,Shimla,Shimla and Kinnaur(Nerwa),Golden,Fruits,4.0,1500,2500,2000,04-Sep-21,04-09-2021 00:00
Himachal Pradesh,Shimla,Shimla and Kinnaur(Nerwa),Royal Delicious,Fruits,4.0,2500,4500,3500,04-Sep-21,04-09-2021 00:00
West Bengal,Kolkata,Mechua,Apple,Fruits,134.7,6000,8000,7000,04-Sep-21,04-09-2021 00:00
West Bengal,Kolkata,Mechua,Apple,Fruits,164.9,11500,13500,12500,05-Sep-21,05-09-2021 00:00
Himachal Pradesh,Solan,Solan,Apple,Fruits,512.68,3000,10000,6000,05-Sep-21,05-09-2021 00:00
Himachal Pradesh,Shimla,Shimla and Kinnaur(Nerwa),Royal Delicious,Fruits,2.0,2000,3500,2500,05-Sep-21,05-09-2021 00:00
Himachal Pradesh,Shimla,Shimla and Kinnaur(Nerwa),Golden,Fruits,2.0,1500,2000,1500,05-Sep-21,05-09-2021 00:00
Himachal Pradesh,Shimla,Rohroo,Royal Delicious,Fruits,553.5,2000,7250,4500,05-Sep-21,05-09-2021 00:00
Himachal Pradesh,Kullu,Kullu(Patli Kuhal),Other,Fruits,255.4,500,5000,3500,05-Sep-21,05-09-2021 00:00
Himachal Pradesh,Kullu,Kullu(Chauri Bihal),Apple,Fruits,6.5,500,5500,3500,05-Sep-21,05-09-2021 00:00
Himachal Pradesh,Kullu,Kullu,Other,Fruits,0.5,1500,4500,4000,05-Sep-21,05-09-2021 00:00
Himachal Pradesh,Kullu,Bhuntar,Apple,Fruits,66.0,1500,5500,3200,05-Sep-21,05-09-2021 00:00
Himachal Pradesh,Kullu,Bandrol,Delicious,Fruits,406.0,1300,6500,3900,05-Sep-21,05-09-2021 00:00
West Bengal,Kolkata,Mechua,Apple,Fruits,164.9,10500,12500,11500,05-Sep-21,05-09-2021 00:00
West Bengal,Kolkata,Mechua,Apple,Fruits,164.9,6000,7800,7000,05-Sep-21,05-09-2021 00:00
West Bengal,Kolkata,Mechua,Apple,Fruits,164.9,11500,13500,12500,06-Sep-21,06-09-2021 00:00
Himachal Pradesh,Shimla,Shimla and Kinnaur(Nerwa),Royal Delicious,Fruits,6.0,2500,3500,3000,06-Sep-21,06-09-2021 00:00
Himachal Pradesh,Shimla,Shimla and Kinnaur(Nerwa),Golden,Fruits,6.0,1500,2000,1700,06-Sep-21,06-09-2021 00:00
Himachal Pradesh,Shimla,Rohroo,Royal Delicious,Fruits,481.8,1750,7750,4500,06-Sep-21,06-09-2021 00:00
Himachal Pradesh,Kullu,Bandrol,Delicious,Fruits,425.5,1200,5700,3000,06-Sep-21,06-09-2021 00:00
Himachal Pradesh,Kullu,Bhuntar,Apple,Fruits,57.0,1500,6200,3500,06-Sep-21,06-09-2021 00:00
Himachal Pradesh,Bilaspur,Bilaspur,Apple,Fruits,0.3,3000,7500,4500,06-Sep-21,06-09-2021 00:00
Himachal Pradesh,Mandi,Chail Chowk,Other,Fruits,0.3,1000,1000,1000,06-Sep-21,06-09-2021 00:00
Himachal Pradesh,Mandi,Dhanotu (Mandi),Royal Delicious,Fruits,1.2,2000,8000,5000,06-Sep-21,06-09-2021 00:00
Himachal Pradesh,Hamirpur,Hamirpur,Other,Fruits,0.85,7000,9000,8000,06-Sep-21,06-09-2021 00:00
Himachal Pradesh,Hamirpur,Hamirpur(Nadaun),Other,Fruits,0.75,7000,9000,8000,06-Sep-21,06-09-2021 00:00
Himachal Pradesh,Kangra,Kangra,Other,Fruits,1.5,2000,8000,5500,06-Sep-21,06-09-2021 00:00
Himachal Pradesh,Kangra,Kangra(Baijnath),Apple,Fruits,0.5,4000,8000,7000,06-Sep-21,06-09-2021 00:00
Himachal Pradesh,Kangra,Kangra(Jaisinghpur),Apple,Fruits,0.25,3500,8000,5750,06-Sep-21,06-09-2021 00:00
Himachal Pradesh,Kangra,Kangra(Jassour),Other,Fruits,1.3,3000,7000,5000,06-Sep-21,06-09-2021 00:00
Himachal Pradesh,Kangra,Kangra(Nagrota Bagwan),American,Fruits,0.4,2000,9000,5500,06-Sep-21,06-09-2021 00:00
Himachal Pradesh,Kullu,Kullu,Other,Fruits,0.2,2500,4000,3500,06-Sep-21,06-09-2021 00:00
Himachal Pradesh,Kullu,Kullu(Chauri Bihal),Apple,Fruits,7.0,1200,5500,3500,06-Sep-21,06-09-2021 00:00
Himachal Pradesh,Kullu,Kullu(Patli Kuhal),Other,Fruits,352.9,1200,5500,3500,06-Sep-21,06-09-2021 00:00
Himachal Pradesh,Mandi,Mandi(Mandi),Apple,Fruits,2.8,1500,6500,5000,06-Sep-21,06-09-2021 00:00
Himachal Pradesh,Mandi,Mandi(Takoli),Other,Fruits,59.2,1000,4500,3500,06-Sep-21,06-09-2021 00:00
Himachal Pradesh,Kangra,Palampur,Apple,Fruits,2.1,3000,8000,5500,06-Sep-21,06-09-2021 00:00
West Bengal,Kolkata,Mechua,Apple,Fruits,164.9,9500,11500,10500,06-Sep-21,06-09-2021 00:00
West Bengal,Kolkata,Mechua,Apple,Fruits,164.9,6000,7600,7000,06-Sep-21,06-09-2021 00:00
West Bengal,Kolkata,Mechua,Apple,Fruits,132.7,11800,14200,12800,07-Sep-21,07-09-2021 00:00
Himachal Pradesh,Solan,Solan,Apple,Fruits,411.84,3000,10000,6000,07-Sep-21,07-09-2021 00:00
Himachal Pradesh,Shimla,Shimla and Kinnaur(Nerwa),Royal Delicious,Fruits,4.6,2500,4000,3200,07-Sep-21,07-09-2021 00:00
Himachal Pradesh,Shimla,Shimla and Kinnaur(Nerwa),Golden,Fruits,4.6,1500,2500,2000,07-Sep-21,07-09-2021 00:00
Himachal Pradesh,Una,Santoshgarh,Other,Fruits,0.55,3000,6200,4600,07-Sep-21,07-09-2021 00:00
Himachal Pradesh,Shimla,Rohroo,Royal Delicious,Fruits,673.4,1750,8000,4800,07-Sep-21,07-09-2021 00:00
Himachal Pradesh,Kullu,Bandrol,Delicious,Fruits,372.0,1300,6300,3200,07-Sep-21,07-09-2021 00:00
Himachal Pradesh,Kullu,Bhuntar,Apple,Fruits,64.0,1500,7000,4500,07-Sep-21,07-09-2021 00:00
Himachal Pradesh,Bilaspur,Bilaspur,Apple,Fruits,0.4,3500,8000,5500,07-Sep-21,07-09-2021 00:00
Himachal Pradesh,Mandi,Chail Chowk,Other,Fruits,0.45,1000,1500,1500,07-Sep-21,07-09-2021 00:00
Himachal Pradesh,Hamirpur,Hamirpur,Other,Fruits,1.2,5000,9000,7000,07-Sep-21,07-09-2021 00:00
Himachal Pradesh,Hamirpur,Hamirpur(Nadaun),Other,Fruits,0.8,5000,9000,7000,07-Sep-21,07-09-2021 00:00
Himachal Pradesh,Kangra,Kangra,Other,Fruits,1.3,2000,8000,5000,07-Sep-21,07-09-2021 00:00
Himachal Pradesh,Kangra,Kangra(Baijnath),Apple,Fruits,0.5,4000,8000,6000,07-Sep-21,07-09-2021 00:00
Himachal Pradesh,Kangra,Kangra(Jaisinghpur),Apple,Fruits,0.02,3500,8000,5750,07-Sep-21,07-09-2021 00:00
Himachal Pradesh,Kangra,Kangra(Jassour),Other,Fruits,1.3,3000,7000,5000,07-Sep-21,07-09-2021 00:00
Himachal Pradesh,Kangra,Kangra(Nagrota Bagwan),American,Fruits,0.4,2000,9000,5500,07-Sep-21,07-09-2021 00:00
Himachal Pradesh,Kullu,Kullu,Other,Fruits,0.9,2000,4500,3700,07-Sep-21,07-09-2021 00:00
Himachal Pradesh,Kullu,Kullu(Chauri Bihal),Apple,Fruits,7.5,1000,5000,3000,07-Sep-21,07-09-2021 00:00
Himachal Pradesh,Kullu,Kullu(Patli Kuhal),Other,Fruits,376.5,500,5500,3500,07-Sep-21,07-09-2021 00:00
Himachal Pradesh,Mandi,Mandi(Takoli),Other,Fruits,59.5,1500,5800,3500,07-Sep-21,07-09-2021 00:00
Himachal Pradesh,Kangra,Palampur,Apple,Fruits,1.7,3000,8000,5500,07-Sep-21,07-09-2021 00:00
Himachal Pradesh,Mandi,Dhanotu (Mandi),Royal Delicious,Fruits,1.0,1500,7000,4250,07-Sep-21,07-09-2021 00:00
West Bengal,Kolkata,Mechua,Apple,Fruits,132.7,10000,12000,11000,07-Sep-21,07-09-2021 00:00
West Bengal,Kolkata,Mechua,Apple,Fruits,132.7,6000,8000,7000,07-Sep-21,07-09-2021 00:00
West Bengal,Kolkata,Mechua,Apple,Fruits,137.8,11800,14000,13000,08-Sep-21,08-09-2021 00:00
West Bengal,Kolkata,Mechua,Apple,Fruits,137.8,11000,13000,11800,08-Sep-21,08-09-2021 00:00
Himachal Pradesh,Shimla,Shimla and Kinnaur(Nerwa),Royal Delicious,Fruits,3.2,2500,5500,4000,08-Sep-21,08-09-2021 00:00
Himachal Pradesh,Solan,Solan,Apple,Fruits,409.0,3000,10500,6000,08-Sep-21,08-09-2021 00:00
Himachal Pradesh,Shimla,Shimla and Kinnaur(Nerwa),Golden,Fruits,3.2,1500,2500,2000,08-Sep-21,08-09-2021 00:00
Himachal Pradesh,Una,Santoshgarh,Other,Fruits,0.65,2600,6000,4300,08-Sep-21,08-09-2021 00:00
Himachal Pradesh,Kangra,Palampur,Apple,Fruits,317.0,3000,8000,6000,08-Sep-21,08-09-2021 00:00
Himachal Pradesh,Kullu,Bandrol,Delicious,Fruits,395.6,1300,6500,3900,08-Sep-21,08-09-2021 00:00
Himachal Pradesh,Kullu,Bhuntar,Apple,Fruits,70.0,1500,6400,4500,08-Sep-21,08-09-2021 00:00
Himachal Pradesh,Mandi,Chail Chowk,Other,Fruits,1.19,3500,3500,3500,08-Sep-21,08-09-2021 00:00
Himachal Pradesh,Mandi,Dhanotu (Mandi),Royal Delicious,Fruits,1.3,2000,7000,4500,08-Sep-21,08-09-2021 00:00
Himachal Pradesh,Hamirpur,Hamirpur,Other,Fruits,1.5,5000,9000,7000,08-Sep-21,08-09-2021 00:00
Himachal Pradesh,Hamirpur,Hamirpur(Nadaun),Other,Fruits,1.2,5000,9000,7000,08-Sep-21,08-09-2021 00:00
Himachal Pradesh,Kangra,Kangra,Other,Fruits,1.7,2000,8000,5000,08-Sep-21,08-09-2021 00:00
Himachal Pradesh,Kangra,Kangra(Baijnath),Apple,Fruits,0.4,3500,7500,6000,08-Sep-21,08-09-2021 00:00
Himachal Pradesh,Kangra,Kangra(Jaisinghpur),Apple,Fruits,0.06,3500,8000,5500,08-Sep-21,08-09-2021 00:00
Himachal Pradesh,Kangra,Kangra(Jassour),Other,Fruits,1.2,3000,7000,5000,08-Sep-21,08-09-2021 00:00
Himachal Pradesh,Kangra,Kangra(Nagrota Bagwan),American,Fruits,0.3,2000,9000,5500,08-Sep-21,08-09-2021 00:00
Himachal Pradesh,Kullu,Kullu,Other,Fruits,1.5,2000,4500,3000,08-Sep-21,08-09-2021 00:00
Himachal Pradesh,Kullu,Kullu(Chauri Bihal),Apple,Fruits,5.9,1000,5000,4000,08-Sep-21,08-09-2021 00:00
Himachal Pradesh,Kullu,Kullu(Patli Kuhal),Other,Fruits,351.0,500,5500,3500,08-Sep-21,08-09-2021 00:00
Himachal Pradesh,Mandi,Mandi(Mandi),Apple,Fruits,1.58,2000,7000,5000,08-Sep-21,08-09-2021 00:00
Himachal Pradesh,Mandi,Mandi(Takoli),Other,Fruits,51.4,1500,6000,3500,08-Sep-21,08-09-2021 00:00
Himachal Pradesh,Sirmore,Nahan,Other,Fruits,0.35,3000,5000,4000,08-Sep-21,08-09-2021 00:00
Himachal Pradesh,Shimla,Rohroo,Royal Delicious,Fruits,654.8,1750,8000,4800,08-Sep-21,08-09-2021 00:00
West Bengal,Kolkata,Mechua,Apple,Fruits,137.8,5000,7000,6000,08-Sep-21,08-09-2021 00:00
West Bengal,Kolkata,Mechua,Apple,Fruits,187.6,7800,10000,9000,09-Sep-21,09-09-2021 00:00
West Bengal,Kolkata,Mechua,Apple,Fruits,187.6,6600,8400,7500,09-Sep-21,09-09-2021 00:00
Himachal Pradesh,Kullu,Bandrol,Delicious,Fruits,357.0,1300,6400,3200,09-Sep-21,09-09-2021 00:00
Himachal Pradesh,Kullu,Bhuntar,Apple,Fruits,27.9,1500,5600,3300,09-Sep-21,09-09-2021 00:00
Himachal Pradesh,Bilaspur,Bilaspur,Apple,Fruits,0.3,3000,7500,4000,09-Sep-21,09-09-2021 00:00
Himachal Pradesh,Mandi,Chail Chowk,Other,Fruits,1.67,700,1000,1000,09-Sep-21,09-09-2021 00:00
Himachal Pradesh,Mandi,Dhanotu (Mandi),Royal Delicious,Fruits,1.2,2000,7000,4500,09-Sep-21,09-09-2021 00:00
Himachal Pradesh,Hamirpur,Hamirpur,Other,Fruits,1.1,5000,9000,7000,09-Sep-21,09-09-2021 00:00
Himachal Pradesh,Hamirpur,Hamirpur(Nadaun),Other,Fruits,0.8,6000,9000,7500,09-Sep-21,09-09-2021 00:00
Himachal Pradesh,Kangra,Kangra,Other,Fruits,1.8,4000,9000,6500,09-Sep-21,09-09-2021 00:00
Himachal Pradesh,Kangra,Kangra(Jaisinghpur),Apple,Fruits,0.06,3500,8000,5750,09-Sep-21,09-09-2021 00:00
Himachal Pradesh,Kangra,Kangra(Jassour),Other,Fruits,0.3,3000,7000,5000,09-Sep-21,09-09-2021 00:00
Himachal Pradesh,Kangra,Kangra(Nagrota Bagwan),American,Fruits,0.3,2000,9000,5500,09-Sep-21,09-09-2021 00:00
Himachal Pradesh,Kullu,Kullu,Other,Fruits,1.3,2500,5200,4000,09-Sep-21,09-09-2021 00:00
Himachal Pradesh,Kullu,Kullu(Chauri Bihal),Apple,Fruits,9.3,900,5500,2900,09-Sep-21,09-09-2021 00:00
Himachal Pradesh,Kullu,Kullu(Patli Kuhal),Other,Fruits,174.4,900,5500,2900,09-Sep-21,09-09-2021 00:00
Himachal Pradesh,Mandi,Mandi(Mandi),Apple,Fruits,1.2,2000,8000,6000,09-Sep-21,09-09-2021 00:00
Himachal Pradesh,Mandi,Mandi(Takoli),Other,Fruits,48.4,1000,4500,3500,09-Sep-21,09-09-2021 00:00
Himachal Pradesh,Kangra,Palampur,Apple,Fruits,1.7,3000,8000,5500,09-Sep-21,09-09-2021 00:00
Himachal Pradesh,Shimla,Shimla and Kinnaur(Nerwa),Royal Delicious,Fruits,0.3,1500,2500,2000,09-Sep-21,09-09-2021 00:00
Himachal Pradesh,Solan,Solan,Apple,Fruits,416.66,3000,10500,6000,09-Sep-21,09-09-2021 00:00
West Bengal,Kolkata,Mechua,Apple,Fruits,187.6,4800,6600,5500,09-Sep-21,09-09-2021 00:00
West Bengal,Kolkata,Mechua,Apple,Fruits,225.0,7500,10000,9000,10-Sep-21,10-09-2021 00:00
Himachal Pradesh,Kullu,Bandrol,Delicious,Fruits,303.5,1300,6500,3200,10-Sep-21,10-09-2021 00:00
Himachal Pradesh,Kullu,Bhuntar,Apple,Fruits,45.0,1500,6200,3800,10-Sep-21,10-09-2021 00:00
Himachal Pradesh,Bilaspur,Bilaspur,Apple,Fruits,0.3,3000,7500,3500,10-Sep-21,10-09-2021 00:00
Himachal Pradesh,Mandi,Dhanotu (Mandi),Royal Delicious,Fruits,1.4,1500,7000,4250,10-Sep-21,10-09-2021 00:00
Himachal Pradesh,Hamirpur,Hamirpur(Nadaun),Other,Fruits,1.2,5000,9000,7000,10-Sep-21,10-09-2021 00:00
Himachal Pradesh,Kangra,Kangra,Other,Fruits,2.0,4000,9000,6500,10-Sep-21,10-09-2021 00:00
Himachal Pradesh,Kangra,Kangra(Jaisinghpur),Apple,Fruits,0.2,3500,8000,5750,10-Sep-21,10-09-2021 00:00
Himachal Pradesh,Kangra,Kangra(Jassour),Other,Fruits,1.0,2000,5000,3500,10-Sep-21,10-09-2021 00:00
Himachal Pradesh,Kangra,Kangra(Nagrota Bagwan),American,Fruits,0.3,2000,9000,5500,10-Sep-21,10-09-2021 00:00
Himachal Pradesh,Kullu,Kullu,Other,Fruits,0.2,1500,4500,3500,10-Sep-21,10-09-2021 00:00
Himachal Pradesh,Kullu,Kullu(Chauri Bihal),Apple,Fruits,9.5,1000,5000,4000,10-Sep-21,10-09-2021 00:00
Himachal Pradesh,Kullu,Kullu(Patli Kuhal),Other,Fruits,277.5,900,5500,2900,10-Sep-21,10-09-2021 00:00
Himachal Pradesh,Mandi,Mandi(Mandi),Apple,Fruits,1.2,2000,8500,6000,10-Sep-21,10-09-2021 00:00
Himachal Pradesh,Mandi,Mandi(Takoli),Other,Fruits,52.1,1000,4500,3500,10-Sep-21,10-09-2021 00:00
Himachal Pradesh,Sirmore,Nahan,Other,Fruits,0.5,3000,6000,4500,10-Sep-21,10-09-2021 00:00
Himachal Pradesh,Kangra,Palampur,Apple,Fruits,2.1,3000,8000,5500,10-Sep-21,10-09-2021 00:00
Himachal Pradesh,Shimla,Rohroo,Royal Delicious,Fruits,428.7,2000,7750,4600,10-Sep-21,10-09-2021 00:00
Himachal Pradesh,Shimla,Shimla and Kinnaur(Nerwa),Royal Delicious,Fruits,3.0,2500,5000,3700,10-Sep-21,10-09-2021 00:00
Himachal Pradesh,Shimla,Shimla and Kinnaur(Theog),Royal Delicious,Fruits,241.5,2000,10000,6000,10-Sep-21,10-09-2021 00:00
West Bengal,Kolkata,Mechua,Apple,Fruits,225.0,6500,8200,7800,10-Sep-21,10-09-2021 00:00
West Bengal,Kolkata,Mechua,Apple,Fruits,225.0,5500,7400,6200,10-Sep-21,10-09-2021 00:00
West Bengal,Kolkata,Mechua,Apple,Fruits,213.2,7500,9800,9000,11-Sep-21,11-09-2021 00:00
West Bengal,Kolkata,Mechua,Apple,Fruits,213.2,6300,8500,7500,11-Sep-21,11-09-2021 00:00
Himachal Pradesh,Bilaspur,Bilaspur,Apple,Fruits,0.3,3400,8000,4500,11-Sep-21,11-09-2021 00:00
Himachal Pradesh,Kangra,Kangra(Jaisinghpur),Apple,Fruits,0.2,3500,8000,5750,11-Sep-21,11-09-2021 00:00
Himachal Pradesh,Mandi,Mandi(Mandi),Apple,Fruits,1.17,2000,7000,4000,11-Sep-21,11-09-2021 00:00
Himachal Pradesh,Kangra,Palampur,Apple,Fruits,1.2,3000,8000,5500,11-Sep-21,11-09-2021 00:00
Himachal Pradesh,Shimla,Rohroo,Royal Delicious,Fruits,449.8,2000,8250,5000,11-Sep-21,11-09-2021 00:00
Himachal Pradesh,Shimla,Shimla and Kinnaur(Nerwa),Royal Delicious,Fruits,13.0,2500,5000,3700,11-Sep-21,11-09-2021 00:00
Himachal Pradesh,Shimla,Shimla and Kinnaur(Theog),Royal Delicious,Fruits,124.0,2000,10000,6000,11-Sep-21,11-09-2021 00:00
Himachal Pradesh,Kangra,Kangra(Baijnath),Apple,Fruits,0.4,4000,7500,7000,11-Sep-21,11-09-2021 00:00
West Bengal,Kolkata,Mechua,Apple,Fruits,213.2,4500,7000,6000,11-Sep-21,11-09-2021 00:00
West Bengal,Kolkata,Mechua,Apple,Fruits,196.0,7500,9000,8400,12-Sep-21,12-09-2021 00:00
Himachal Pradesh,Solan,Solan,Apple,Fruits,349.16,3000,10250,6000,12-Sep-21,12-09-2021 00:00
Himachal Pradesh,Shimla,Shimla and Kinnaur(Theog),Royal Delicious,Fruits,24.7,2000,9500,5700,12-Sep-21,12-09-2021 00:00
Himachal Pradesh,Shimla,Shimla and Kinnaur(Nerwa),Royal Delicious,Fruits,2.0,2500,5000,3700,12-Sep-21,12-09-2021 00:00
Himachal Pradesh,Shimla,Rohroo,Royal Delicious,Fruits,337.8,2000,8000,5000,12-Sep-21,12-09-2021 00:00
Himachal Pradesh,Mandi,Mandi(Takoli),Other,Fruits,43.0,1500,4000,3500,12-Sep-21,12-09-2021 00:00
Himachal Pradesh,Kullu,Kullu(Patli Kuhal),Other,Fruits,282.6,900,5500,2900,12-Sep-21,12-09-2021 00:00
Himachal Pradesh,Kullu,Kullu(Chauri Bihal),Apple,Fruits,9.0,900,5500,2900,12-Sep-21,12-09-2021 00:00
Himachal Pradesh,Kullu,Kullu,Other,Fruits,0.5,1500,4500,3500,12-Sep-21,12-09-2021 00:00
Himachal Pradesh,Kullu,Bhuntar,Apple,Fruits,43.0,1500,7000,4200,12-Sep-21,12-09-2021 00:00
Himachal Pradesh,Kullu,Bandrol,Delicious,Fruits,345.0,1300,6500,3900,12-Sep-21,12-09-2021 00:00
West Bengal,Kolkata,Mechua,Apple,Fruits,196.0,6600,8400,7500,12-Sep-21,12-09-2021 00:00
West Bengal,Kolkata,Mechua,Apple,Fruits,196.0,4800,6800,6000,12-Sep-21,12-09-2021 00:00
West Bengal,Kolkata,Mechua,Apple,Fruits,197.3,7600,9500,8800,13-Sep-21,13-09-2021 00:00
West Bengal,Kolkata,Mechua,Apple,Fruits,197.3,6400,8200,7300,13-Sep-21,13-09-2021 00:00
Himachal Pradesh,Solan,Solan,Apple,Fruits,267.64,3000,10250,6000,13-Sep-21,13-09-2021 00:00
Himachal Pradesh,Kullu,Bandrol,Delicious,Fruits,93.0,1500,7400,3500,13-Sep-21,13-09-2021 00:00
Himachal Pradesh,Kullu,Bhuntar,Apple,Fruits,8.0,1500,6000,4200,13-Sep-21,13-09-2021 00:00
Himachal Pradesh,Bilaspur,Bilaspur,Apple,Fruits,0.3,3500,8000,4000,13-Sep-21,13-09-2021 00:00
Himachal Pradesh,Mandi,Chail Chowk,Other,Fruits,4.3,1700,1700,1700,13-Sep-21,13-09-2021 00:00
Himachal Pradesh,Mandi,Dhanotu (Mandi),Royal Delicious,Fruits,1.2,2000,8000,5000,13-Sep-21,13-09-2021 00:00
Himachal Pradesh,Hamirpur,Hamirpur,Other,Fruits,0.85,6000,8000,7500,13-Sep-21,13-09-2021 00:00
Himachal Pradesh,Hamirpur,Hamirpur(Nadaun),Other,Fruits,1.0,6000,9000,7500,13-Sep-21,13-09-2021 00:00
Himachal Pradesh,Kangra,Kangra,Other,Fruits,1.5,4000,6000,5000,13-Sep-21,13-09-2021 00:00
Himachal Pradesh,Kangra,Kangra(Jaisinghpur),Apple,Fruits,0.2,3200,8000,5600,13-Sep-21,13-09-2021 00:00
Himachal Pradesh,Kangra,Kangra(Jassour),Other,Fruits,1.2,3000,6000,4500,13-Sep-21,13-09-2021 00:00
Himachal Pradesh,Kullu,Kullu,Other,Fruits,0.6,2500,5200,4800,13-Sep-21,13-09-2021 00:00
Himachal Pradesh,Kullu,Kullu(Chauri Bihal),Apple,Fruits,1.5,1500,5800,3500,13-Sep-21,13-09-2021 00:00
Himachal Pradesh,Kullu,Kullu(Patli Kuhal),Other,Fruits,82.8,900,5500,2900,13-Sep-21,13-09-2021 00:00
Himachal Pradesh,Mandi,Mandi(Mandi),Apple,Fruits,1.55,2000,8000,5000,13-Sep-21,13-09-2021 00:00
Himachal Pradesh,Mandi,Mandi(Takoli),Other,Fruits,15.6,1500,5700,3500,13-Sep-21,13-09-2021 00:00
Himachal Pradesh,Kangra,Palampur,Apple,Fruits,2.1,3000,8000,5500,13-Sep-21,13-09-2021 00:00
Himachal Pradesh,Sirmore,Paonta Sahib,Other,Fruits,0.85,5000,9000,7000,13-Sep-21,13-09-2021 00:00
Himachal Pradesh,Sirmore,Paonta Sahib,Other,Fruits,0.85,3000,4500,4000,13-Sep-21,13-09-2021 00:00
Himachal Pradesh,Shimla,Rohroo,Royal Delicious,Fruits,342.5,2000,8250,5000,13-Sep-21,13-09-2021 00:00
West Bengal,Kolkata,Mechua,Apple,Fruits,197.3,4200,6000,5000,13-Sep-21,13-09-2021 00:00
West Bengal,Kolkata,Mechua,Apple,Fruits,192.5,7200,9500,8500,14-Sep-21,14-09-2021 00:00
West Bengal,Kolkata,Mechua,Apple,Fruits,192.5,6200,8000,7000,14-Sep-21,14-09-2021 00:00
Himachal Pradesh,Solan,Solan,Apple,Fruits,332.24,3000,12500,6500,14-Sep-21,14-09-2021 00:00
Himachal Pradesh,Shimla,Shimla and Kinnaur(Nerwa),Royal Delicious,Fruits,1.5,2500,4000,3200,14-Sep-21,14-09-2021 00:00
Himachal Pradesh,Kullu,Bandrol,Delicious,Fruits,296.0,1400,7000,3500,14-Sep-21,14-09-2021 00:00
Himachal Pradesh,Kullu,Bhuntar,Apple,Fruits,18.0,2000,7200,4500,14-Sep-21,14-09-2021 00:00
Himachal Pradesh,Mandi,Dhanotu (Mandi),Royal Delicious,Fruits,1.1,4500,5000,4750,14-Sep-21,14-09-2021 00:00
Himachal Pradesh,Hamirpur,Hamirpur,Other,Fruits,1.21,6000,9000,7500,14-Sep-21,14-09-2021 00:00
Himachal Pradesh,Hamirpur,Hamirpur(Nadaun),Golden,Fruits,0.85,6000,7000,6500,14-Sep-21,14-09-2021 00:00
Himachal Pradesh,Hamirpur,Hamirpur(Nadaun),Other,Fruits,0.85,7000,9000,8000,14-Sep-21,14-09-2021 00:00
Himachal Pradesh,Kangra,Kangra,Other,Fruits,0.8,4000,6000,5000,14-Sep-21,14-09-2021 00:00
Himachal Pradesh,Kangra,Kangra(Jaisinghpur),Apple,Fruits,0.2,3200,8000,5600,14-Sep-21,14-09-2021 00:00
Himachal Pradesh,Kangra,Kangra(Jassour),Other,Fruits,1.0,2000,6000,4000,14-Sep-21,14-09-2021 00:00
Himachal Pradesh,Kullu,Kullu,Other,Fruits,0.4,2000,4500,3000,14-Sep-21,14-09-2021 00:00
Himachal Pradesh,Kullu,Kullu(Chauri Bihal),Apple,Fruits,5.5,1000,5000,3000,14-Sep-21,14-09-2021 00:00
Himachal Pradesh,Kullu,Kullu(Patli Kuhal),Other,Fruits,90.5,900,5500,2900,14-Sep-21,14-09-2021 00:00
Himachal Pradesh,Mandi,Mandi(Mandi),Apple,Fruits,0.85,2000,8000,6000,14-Sep-21,14-09-2021 00:00
Himachal Pradesh,Mandi,Mandi(Takoli),Other,Fruits,30.1,1500,5800,3000,14-Sep-21,14-09-2021 00:00
Himachal Pradesh,Sirmore,Nahan,Other,Fruits,0.52,3000,7000,5000,14-Sep-21,14-09-2021 00:00
Himachal Pradesh,Kangra,Palampur,Apple,Fruits,1.7,3000,8000,5500,14-Sep-21,14-09-2021 00:00
Himachal Pradesh,Shimla,Rohroo,Royal Delicious,Fruits,416.1,2000,8250,5100,14-Sep-21,14-09-2021 00:00
West Bengal,Kolkata,Mechua,Apple,Fruits,192.5,4600,6200,5500,14-Sep-21,14-09-2021 00:00
West Bengal,Kolkata,Mechua,Apple,Fruits,195.3,7800,9500,8800,15-Sep-21,15-09-2021 00:00
West Bengal,Kolkata,Mechua,Apple,Fruits,195.3,6400,8200,7200,15-Sep-21,15-09-2021 00:00
Himachal Pradesh,Solan,Solan,Apple,Fruits,278.48,3000,11000,6000,15-Sep-21,15-09-2021 00:00
Himachal Pradesh,Shimla,Rohroo,Royal Delicious,Fruits,336.1,2000,8000,5000,15-Sep-21,15-09-2021 00:00
Himachal Pradesh,Kullu,Bandrol,Delicious,Fruits,428.5,1400,6800,3200,15-Sep-21,15-09-2021 00:00
Himachal Pradesh,Kullu,Bhuntar,Apple,Fruits,24.0,2000,6600,4300,15-Sep-21,15-09-2021 00:00
Himachal Pradesh,Mandi,Dhanotu (Mandi),Royal Delicious,Fruits,1.0,2000,8000,5000,15-Sep-21,15-09-2021 00:00
Himachal Pradesh,Hamirpur,Hamirpur,Royal Delicious,Fruits,0.8,6000,8500,7000,15-Sep-21,15-09-2021 00:00
Himachal Pradesh,Hamirpur,Hamirpur(Nadaun),Other,Fruits,0.86,6000,8500,7000,15-Sep-21,15-09-2021 00:00
Himachal Pradesh,Kangra,Kangra,Other,Fruits,1.5,4000,8000,6000,15-Sep-21,15-09-2021 00:00
Himachal Pradesh,Kangra,Kangra(Jaisinghpur),Apple,Fruits,0.21,3200,8000,5600,15-Sep-21,15-09-2021 00:00
Himachal Pradesh,Kangra,Kangra(Jassour),Other,Fruits,1.1,2000,7000,4500,15-Sep-21,15-09-2021 00:00
Himachal Pradesh,Kangra,Kangra(Nagrota Bagwan),American,Fruits,0.3,2000,9000,5500,15-Sep-21,15-09-2021 00:00
Himachal Pradesh,Kullu,Kullu,Other,Fruits,1.2,2500,5000,3500,15-Sep-21,15-09-2021 00:00
Himachal Pradesh,Kullu,Kullu(Chauri Bihal),Apple,Fruits,11.5,900,5500,2900,15-Sep-21,15-09-2021 00:00
Himachal Pradesh,Kullu,Kullu(Patli Kuhal),Other,Fruits,386.1,900,5800,2900,15-Sep-21,15-09-2021 00:00
Himachal Pradesh,Mandi,Mandi(Mandi),Apple,Fruits,1.7,2000,7500,6000,15-Sep-21,15-09-2021 00:00
Himachal Pradesh,Kangra,Palampur,Apple,Fruits,1.7,3000,8000,5500,15-Sep-21,15-09-2021 00:00
Himachal Pradesh,Shimla,Shimla and Kinnaur(Nerwa),Royal Delicious,Fruits,1.4,2500,4000,3200,15-Sep-21,15-09-2021 00:00
West Bengal,Kolkata,Mechua,Apple,Fruits,195.3,4500,6500,5500,15-Sep-21,15-09-2021 00:00
Himachal Pradesh,Kullu,Bandrol,Delicious,Fruits,409.0,1400,7000,3300,16-Sep-21,16-09-2021 00:00
Himachal Pradesh,Bilaspur,Bilaspur,Apple,Fruits,0.2,3000,8000,5000,16-Sep-21,16-09-2021 00:00
Himachal Pradesh,Mandi,Dhanotu (Mandi),Royal Delicious,Fruits,0.5,4000,5000,4500,16-Sep-21,16-09-2021 00:00
Himachal Pradesh,Hamirpur,Hamirpur,Other,Fruits,1.3,6000,8500,7500,16-Sep-21,16-09-2021 00:00
Himachal Pradesh,Kangra,Kangra(Jassour),Other,Fruits,0.3,2000,7000,4500,16-Sep-21,16-09-2021 00:00
Himachal Pradesh,Kullu,Kullu,Other,Fruits,0.7,2500,4500,3000,16-Sep-21,16-09-2021 00:00
Himachal Pradesh,Kullu,Kullu(Chauri Bihal),Apple,Fruits,5.8,900,5600,2900,16-Sep-21,16-09-2021 00:00
Himachal Pradesh,Kullu,Kullu(Patli Kuhal),Other,Fruits,377.1,900,5500,2900,16-Sep-21,16-09-2021 00:00
Himachal Pradesh,Mandi,Mandi(Mandi),Apple,Fruits,1.5,2000,8000,6500,16-Sep-21,16-09-2021 00:00
Himachal Pradesh,Mandi,Mandi(Takoli),Other,Fruits,34.8,1500,6100,3500,16-Sep-21,16-09-2021 00:00
Himachal Pradesh,Shimla,Rohroo,Royal Delicious,Fruits,378.6,2000,8000,5000,16-Sep-21,16-09-2021 00:00
Himachal Pradesh,Una,Santoshgarh,Other,Fruits,0.65,3000,6500,4750,16-Sep-21,16-09-2021 00:00
Himachal Pradesh,Shimla,Shimla and Kinnaur(Nerwa),Royal Delicious,Fruits,1.2,2000,4000,3000,16-Sep-21,16-09-2021 00:00
Himachal Pradesh,Kullu,Bhuntar,Apple,Fruits,38.1,2500,7000,4700,16-Sep-21,16-09-2021 00:00
Himachal Pradesh,Una,Santoshgarh,Other,Fruits,0.7,2500,6000,4250,17-Sep-21,17-09-2021 00:00
Himachal Pradesh,Kullu,Bandrol,Delicious,Fruits,352.0,1400,6800,3400,17-Sep-21,17-09-2021 00:00
Himachal Pradesh,Kullu,Bhuntar,Apple,Fruits,16.6,3000,7000,5000,17-Sep-21,17-09-2021 00:00
Himachal Pradesh,Mandi,Dhanotu (Mandi),Royal Delicious,Fruits,0.9,2000,8000,5000,17-Sep-21,17-09-2021 00:00
Himachal Pradesh,Kangra,Kangra,Other,Fruits,1.7,4000,8000,6000,17-Sep-21,17-09-2021 00:00
Himachal Pradesh,Kangra,Kangra(Jaisinghpur),Apple,Fruits,0.2,3200,9000,6100,17-Sep-21,17-09-2021 00:00
Himachal Pradesh,Kangra,Kangra(Jassour),Other,Fruits,1.0,2000,7000,4500,17-Sep-21,17-09-2021 00:00
Himachal Pradesh,Kangra,Kangra(Nagrota Bagwan),American,Fruits,0.3,2000,9000,5500,17-Sep-21,17-09-2021 00:00
Himachal Pradesh,Kullu,Kullu,Other,Fruits,0.5,2800,4500,3500,17-Sep-21,17-09-2021 00:00
Himachal Pradesh,Kullu,Kullu(Chauri Bihal),Apple,Fruits,7.0,900,5500,2900,17-Sep-21,17-09-2021 00:00
Himachal Pradesh,Kullu,Kullu(Patli Kuhal),Other,Fruits,275.0,900,5500,2900,17-Sep-21,17-09-2021 00:00
Himachal Pradesh,Mandi,Mandi(Mandi),Apple,Fruits,1.3,2000,8000,7000,17-Sep-21,17-09-2021 00:00
Himachal Pradesh,Mandi,Mandi(Takoli),Other,Fruits,47.0,1000,5000,4000,17-Sep-21,17-09-2021 00:00
Himachal Pradesh,Sirmore,Nahan,Other,Fruits,0.4,4000,6000,5000,17-Sep-21,17-09-2021 00:00
Himachal Pradesh,Kangra,Palampur,Apple,Fruits,1.2,3000,9000,6000,17-Sep-21,17-09-2021 00:00
Himachal Pradesh,Shimla,Rohroo,Royal Delicious,Fruits,538.7,2000,8500,5200,17-Sep-21,17-09-2021 00:00
Himachal Pradesh,Shimla,Shimla and Kinnaur(Nerwa),Royal Delicious,Fruits,1.42,2000,5000,3500,17-Sep-21,17-09-2021 00:00
Himachal Pradesh,Bilaspur,Bilaspur,Apple,Fruits,0.4,3000,8500,4500,18-Sep-21,18-09-2021 00:00
Himachal Pradesh,Chamba,Chamba,Royal Delicious,Fruits,0.2,2000,2500,2250,18-Sep-21,18-09-2021 00:00
Himachal Pradesh,Mandi,Dhanotu (Mandi),Royal Delicious,Fruits,1.1,2000,8000,5000,18-Sep-21,18-09-2021 00:00
Himachal Pradesh,Kangra,Kangra,Other,Fruits,1.2,4000,8000,6000,18-Sep-21,18-09-2021 00:00
Himachal Pradesh,Kangra,Kangra(Jaisinghpur),Apple,Fruits,0.2,3200,9000,6100,18-Sep-21,18-09-2021 00:00
Himachal Pradesh,Kangra,Kangra(Jassour),Other,Fruits,1.2,2000,7000,4500,18-Sep-21,18-09-2021 00:00
Himachal Pradesh,Kangra,Kangra(Nagrota Bagwan),American,Fruits,0.3,2000,8000,5000,18-Sep-21,18-09-2021 00:00
Himachal Pradesh,Mandi,Mandi(Mandi),Apple,Fruits,1.5,2000,8000,7000,18-Sep-21,18-09-2021 00:00
Himachal Pradesh,Sirmore,Nahan,Other,Fruits,0.35,3000,6000,4500,18-Sep-21,18-09-2021 00:00
Himachal Pradesh,Kangra,Palampur,Apple,Fruits,1.8,3000,9000,6000,18-Sep-21,18-09-2021 00:00
Himachal Pradesh,Shimla,Rohroo,Royal Delicious,Fruits,540.7,2000,8250,5000,18-Sep-21,18-09-2021 00:00
Himachal Pradesh,Una,Santoshgarh,Other,Fruits,0.6,3000,6500,4750,18-Sep-21,18-09-2021 00:00
Himachal Pradesh,Shimla,Shimla and Kinnaur(Nerwa),Royal Delicious,Fruits,1.0,2000,5000,3500,18-Sep-21,18-09-2021 00:00
Himachal Pradesh,Shimla,Shimla and Kinnaur(Nerwa),Royal Delicious,Fruits,2.0,2000,5000,3500,19-Sep-21,19-09-2021 00:00
Himachal Pradesh,Shimla,Rohroo,Royal Delicious,Fruits,497.3,2000,8500,5200,19-Sep-21,19-09-2021 00:00
Himachal Pradesh,Mandi,Mandi(Takoli),Other,Fruits,56.3,1000,4100,3000,19-Sep-21,19-09-2021 00:00
Himachal Pradesh,Kullu,Kullu(Chauri Bihal),Apple,Fruits,14.5,1000,5000,4000,19-Sep-21,19-09-2021 00:00
Himachal Pradesh,Kullu,Kullu,Other,Fruits,0.7,2800,4500,3800,19-Sep-21,19-09-2021 00:00
Himachal Pradesh,Mandi,Chail Chowk,Other,Fruits,0.19,1500,1500,1500,19-Sep-21,19-09-2021 00:00
Himachal Pradesh,Kullu,Bhuntar,Apple,Fruits,27.9,3000,7000,5000,19-Sep-21,19-09-2021 00:00
Himachal Pradesh,Kullu,Bandrol,Delicious,Fruits,384.0,1400,6600,3500,19-Sep-21,19-09-2021 00:00
Himachal Pradesh,Kullu,Kullu(Patli Kuhal),Other,Fruits,282.6,900,5500,2900,19-Sep-21,19-09-2021 00:00
Himachal Pradesh,Shimla,Shimla and Kinnaur(Nerwa),Royal Delicious,Fruits,2.8,2500,4500,3500,20-Sep-21,20-09-2021 00:00
Himachal Pradesh,Kullu,Bandrol,Delicious,Fruits,301.0,1300,6400,3800,20-Sep-21,20-09-2021 00:00
Himachal Pradesh,Kullu,Bhuntar,Apple,Fruits,27.5,3000,6500,4700,20-Sep-21,20-09-2021 00:00
Himachal Pradesh,Mandi,Chail Chowk,Other,Fruits,0.19,1500,1500,1500,20-Sep-21,20-09-2021 00:00
Himachal Pradesh,Mandi,Dhanotu (Mandi),Royal Delicious,Fruits,1.3,2000,8000,5000,20-Sep-21,20-09-2021 00:00
Himachal Pradesh,Hamirpur,Hamirpur(Nadaun),Other,Fruits,1.2,5000,8000,6500,20-Sep-21,20-09-2021 00:00
Himachal Pradesh,Kangra,Kangra,Other,Fruits,1.5,4000,8000,6000,20-Sep-21,20-09-2021 00:00
Himachal Pradesh,Kangra,Kangra(Baijnath),Apple,Fruits,0.3,4000,7000,7000,20-Sep-21,20-09-2021 00:00
Himachal Pradesh,Kangra,Kangra(Jaisinghpur),Apple,Fruits,0.2,3200,9000,6100,20-Sep-21,20-09-2021 00:00
Himachal Pradesh,Kangra,Kangra(Jassour),Other,Fruits,1.2,2000,6000,4000,20-Sep-21,20-09-2021 00:00
Himachal Pradesh,Kangra,Kangra(Nagrota Bagwan),American,Fruits,0.3,2500,9000,5750,20-Sep-21,20-09-2021 00:00
Himachal Pradesh,Kullu,Kullu,Other,Fruits,0.8,3000,5000,4500,20-Sep-21,20-09-2021 00:00
Himachal Pradesh,Kullu,Kullu(Chauri Bihal),Apple,Fruits,12.5,800,5400,2800,20-Sep-21,20-09-2021 00:00
Himachal Pradesh,Kullu,Kullu(Patli Kuhal),Other,Fruits,245.7,900,5700,2900,20-Sep-21,20-09-2021 00:00
Himachal Pradesh,Mandi,Mandi(Mandi),Apple,Fruits,2.1,1500,7500,7000,20-Sep-21,20-09-2021 00:00
Himachal Pradesh,Mandi,Mandi(Takoli),Other,Fruits,48.6,1000,4000,3500,20-Sep-21,20-09-2021 00:00
Himachal Pradesh,Kangra,Palampur,Apple,Fruits,1.7,3000,8500,5850,20-Sep-21,20-09-2021 00:00
Himachal Pradesh,Shimla,Rohroo,Royal Delicious,Fruits,463.5,2000,8750,5300,20-Sep-21,20-09-2021 00:00
Himachal Pradesh,Hamirpur,Hamirpur,Royal Delicious,Fruits,1.55,5000,8000,6500,20-Sep-21,20-09-2021 00:00
Himachal Pradesh,Shimla,Shimla and Kinnaur(Nerwa),Royal Delicious,Fruits,2.0,2500,4500,3500,21-Sep-21,21-09-2021 00:00
Himachal Pradesh,Kangra,Palampur,Apple,Fruits,1.7,3000,8500,5750,21-Sep-21,21-09-2021 00:00
Himachal Pradesh,Kullu,Bandrol,Delicious,Fruits,265.0,1300,6200,3500,21-Sep-21,21-09-2021 00:00
Himachal Pradesh,Shimla,Rohroo,Royal Delicious,Fruits,403.0,2000,8500,5200,21-Sep-21,21-09-2021 00:00
Himachal Pradesh,Kullu,Bhuntar,Apple,Fruits,26.0,2000,7000,4500,21-Sep-21,21-09-2021 00:00
Himachal Pradesh,Mandi,Dhanotu (Mandi),Royal Delicious,Fruits,1.6,2000,8000,5000,21-Sep-21,21-09-2021 00:00
Himachal Pradesh,Hamirpur,Hamirpur,Other,Fruits,1.1,5000,8000,6500,21-Sep-21,21-09-2021 00:00
Himachal Pradesh,Hamirpur,Hamirpur(Nadaun),Other,Fruits,1.0,5000,8000,6500,21-Sep-21,21-09-2021 00:00
Himachal Pradesh,Kangra,Kangra,Other,Fruits,1.3,2500,7000,4750,21-Sep-21,21-09-2021 00:00
Himachal Pradesh,Kangra,Kangra(Baijnath),Apple,Fruits,0.3,2000,8000,6000,21-Sep-21,21-09-2021 00:00
Himachal Pradesh,Kangra,Kangra(Jaisinghpur),Apple,Fruits,0.2,3200,9000,6100,21-Sep-21,21-09-2021 00:00
Himachal Pradesh,Kangra,Kangra(Jassour),Other,Fruits,1.0,3000,6000,4500,21-Sep-21,21-09-2021 00:00
Himachal Pradesh,Kangra,Kangra(Nagrota Bagwan),American,Fruits,0.3,2500,9000,5750,21-Sep-21,21-09-2021 00:00
Himachal Pradesh,Kullu,Kullu,Other,Fruits,0.6,3500,5000,4500,21-Sep-21,21-09-2021 00:00
Himachal Pradesh,Kullu,Kullu(Chauri Bihal),Apple,Fruits,6.2,900,5500,2900,21-Sep-21,21-09-2021 00:00
Himachal Pradesh,Kullu,Kullu(Patli Kuhal),Other,Fruits,306.7,900,5500,2900,21-Sep-21,21-09-2021 00:00
Himachal Pradesh,Mandi,Mandi(Mandi),Apple,Fruits,1.0,2000,8000,6500,21-Sep-21,21-09-2021 00:00
Himachal Pradesh,Sirmore,Nahan,Other,Fruits,0.5,4000,6000,5000,21-Sep-21,21-09-2021 00:00
Himachal Pradesh,Chamba,Chamba,Royal Delicious,Fruits,1.3,3000,4000,3500,21-Sep-21,21-09-2021 00:00
Himachal Pradesh,Shimla,Shimla and Kinnaur(Nerwa),Royal Delicious,Fruits,1.4,2500,4500,3500,22-Sep-21,22-09-2021 00:00
Himachal Pradesh,Kangra,Palampur,Apple,Fruits,1.8,3000,8500,4750,22-Sep-21,22-09-2021 00:00
Himachal Pradesh,Kullu,Bandrol,Delicious,Fruits,226.0,1400,7000,3500,22-Sep-21,22-09-2021 00:00
Himachal Pradesh,Kullu,Bhuntar,Apple,Fruits,15.0,2000,7000,4500,22-Sep-21,22-09-2021 00:00
Himachal Pradesh,Mandi,Dhanotu (Mandi),Royal Delicious,Fruits,1.2,2000,8000,5000,22-Sep-21,22-09-2021 00:00
Himachal Pradesh,Hamirpur,Hamirpur,Other,Fruits,1.0,5000,8000,6500,22-Sep-21,22-09-2021 00:00
Himachal Pradesh,Hamirpur,Hamirpur(Nadaun),Other,Fruits,1.0,5000,8000,6500,22-Sep-21,22-09-2021 00:00
Himachal Pradesh,Kangra,Kangra,Other,Fruits,1.1,4000,8000,6000,22-Sep-21,22-09-2021 00:00
Himachal Pradesh,Kangra,Kangra(Jaisinghpur),Apple,Fruits,0.2,3200,9000,6100,22-Sep-21,22-09-2021 00:00
Himachal Pradesh,Kangra,Kangra(Jassour),Other,Fruits,1.1,2000,7000,4500,22-Sep-21,22-09-2021 00:00
Himachal Pradesh,Kangra,Kangra(Nagrota Bagwan),American,Fruits,0.3,2500,8000,5250,22-Sep-21,22-09-2021 00:00
Himachal Pradesh,Kullu,Kullu,Other,Fruits,0.5,2500,4500,4000,22-Sep-21,22-09-2021 00:00
Himachal Pradesh,Kullu,Kullu(Chauri Bihal),Apple,Fruits,5.3,800,5500,3800,22-Sep-21,22-09-2021 00:00
Himachal Pradesh,Kullu,Kullu(Patli Kuhal),Other,Fruits,145.8,1000,5000,3000,22-Sep-21,22-09-2021 00:00
Himachal Pradesh,Mandi,Mandi(Mandi),Apple,Fruits,2.29,2000,7800,5000,22-Sep-21,22-09-2021 00:00
Himachal Pradesh,Mandi,Mandi(Takoli),Other,Fruits,25.0,1000,4000,3500,22-Sep-21,22-09-2021 00:00
Himachal Pradesh,Sirmore,Nahan,Other,Fruits,0.32,4000,6000,5000,22-Sep-21,22-09-2021 00:00
Himachal Pradesh,Shimla,Rohroo,Royal Delicious,Fruits,359.8,2000,8750,5300,22-Sep-21,22-09-2021 00:00
Himachal Pradesh,Kullu,Bandrol,Delicious,Fruits,204.0,1400,6800,3600,23-Sep-21,23-09-2021 00:00
Himachal Pradesh,Kullu,Bhuntar,Apple,Fruits,36.0,2000,6300,4100,23-Sep-21,23-09-2021 00:00
Himachal Pradesh,Kangra,Kangra,Other,Fruits,1.6,4000,8000,6000,23-Sep-21,23-09-2021 00:00
Himachal Pradesh,Kangra,Kangra(Baijnath),Apple,Fruits,0.3,4000,8000,6000,23-Sep-21,23-09-2021 00:00
Himachal Pradesh,Kangra,Kangra(Jaisinghpur),Apple,Fruits,0.2,3200,9000,6100,23-Sep-21,23-09-2021 00:00
Himachal Pradesh,Kangra,Kangra(Jassour),Other,Fruits,0.1,2000,7000,4500,23-Sep-21,23-09-2021 00:00
Himachal Pradesh,Kangra,Kangra(Nagrota Bagwan),American,Fruits,0.3,2500,8000,5250,23-Sep-21,23-09-2021 00:00
Himachal Pradesh,Kullu,Kullu,Other,Fruits,0.8,2500,4500,4000,23-Sep-21,23-09-2021 00:00
Himachal Pradesh,Kullu,Kullu(Chauri Bihal),Apple,Fruits,6.5,800,5300,3800,23-Sep-21,23-09-2021 00:00
Himachal Pradesh,Kullu,Kullu(Patli Kuhal),Other,Fruits,187.2,1000,5000,3000,23-Sep-21,23-09-2021 00:00
Himachal Pradesh,Mandi,Mandi(Mandi),Apple,Fruits,1.4,1800,8000,7000,23-Sep-21,23-09-2021 00:00
Himachal Pradesh,Mandi,Mandi(Takoli),Other,Fruits,18.4,1000,3500,2500,23-Sep-21,23-09-2021 00:00
Himachal Pradesh,Kangra,Palampur,Apple,Fruits,1.7,3000,8500,5750,23-Sep-21,23-09-2021 00:00
Himachal Pradesh,Shimla,Rohroo,Royal Delicious,Fruits,496.9,2000,8500,5200,23-Sep-21,23-09-2021 00:00
Himachal Pradesh,Shimla,Shimla and Kinnaur(Nerwa),Royal Delicious,Fruits,1.0,1500,5000,3200,23-Sep-21,23-09-2021 00:00
Himachal Pradesh,Mandi,Dhanotu (Mandi),Royal Delicious,Fruits,0.8,2000,7500,4750,23-Sep-21,23-09-2021 00:00
Himachal Pradesh,Shimla,Shimla and Kinnaur(Nerwa),Royal Delicious,Fruits,1.2,1500,5000,3200,24-Sep-21,24-09-2021 00:00
Himachal Pradesh,Kullu,Bandrol,Delicious,Fruits,187.0,1400,6600,3700,24-Sep-21,24-09-2021 00:00
Himachal Pradesh,Bilaspur,Bilaspur,Apple,Fruits,0.4,3000,8000,4500,24-Sep-21,24-09-2021 00:00
Himachal Pradesh,Mandi,Dhanotu (Mandi),Royal Delicious,Fruits,1.7,2000,8000,5000,24-Sep-21,24-09-2021 00:00
Himachal Pradesh,Hamirpur,Hamirpur(Nadaun),Delicious,Fruits,1.0,7000,8500,7700,24-Sep-21,24-09-2021 00:00
Himachal Pradesh,Kangra,Kangra,Other,Fruits,2.3,4000,8000,6000,24-Sep-21,24-09-2021 00:00
Himachal Pradesh,Kangra,Kangra(Jaisinghpur),Apple,Fruits,0.2,3000,8700,5800,24-Sep-21,24-09-2021 00:00
Himachal Pradesh,Kangra,Kangra(Jassour),Other,Fruits,1.2,2000,7000,4500,24-Sep-21,24-09-2021 00:00
Himachal Pradesh,Kangra,Kangra(Nagrota Bagwan),American,Fruits,0.3,2500,8000,5250,24-Sep-21,24-09-2021 00:00
Himachal Pradesh,Kullu,Kullu,Other,Fruits,0.8,2800,4500,3500,24-Sep-21,24-09-2021 00:00
Himachal Pradesh,Kullu,Kullu(Chauri Bihal),Apple,Fruits,5.2,800,5300,3800,24-Sep-21,24-09-2021 00:00
Himachal Pradesh,Kullu,Kullu(Patli Kuhal),Other,Fruits,115.2,800,5300,3800,24-Sep-21,24-09-2021 00:00
Himachal Pradesh,Mandi,Mandi(Mandi),Apple,Fruits,1.1,2000,8000,7000,24-Sep-21,24-09-2021 00:00
Himachal Pradesh,Kangra,Palampur,Apple,Fruits,1.8,3000,8500,5750,24-Sep-21,24-09-2021 00:00
Himachal Pradesh,Shimla,Rohroo,Royal Delicious,Fruits,223.9,2000,8500,5200,24-Sep-21,24-09-2021 00:00
Himachal Pradesh,Kullu,Bhuntar,Apple,Fruits,5.0,2000,6500,4200,24-Sep-21,24-09-2021 00:00
Himachal Pradesh,Bilaspur,Bilaspur,Apple,Fruits,0.3,4000,8500,6000,25-Sep-21,25-09-2021 00:00
Himachal Pradesh,Mandi,Dhanotu (Mandi),Royal Delicious,Fruits,1.6,2000,8000,5000,25-Sep-21,25-09-2021 00:00
Himachal Pradesh,Hamirpur,Hamirpur(Nadaun),Other,Fruits,1.1,7000,8500,7700,25-Sep-21,25-09-2021 00:00
Himachal Pradesh,Kangra,Kangra,Other,Fruits,2.4,4000,8000,6000,25-Sep-21,25-09-2021 00:00
Himachal Pradesh,Kangra,Kangra(Baijnath),Apple,Fruits,0.1,4000,8500,6000,25-Sep-21,25-09-2021 00:00
Himachal Pradesh,Kangra,Kangra(Jaisinghpur),Apple,Fruits,0.4,3000,8700,5850,25-Sep-21,25-09-2021 00:00
Himachal Pradesh,Kangra,Kangra(Jassour),Other,Fruits,1.1,2000,7000,4500,25-Sep-21,25-09-2021 00:00
Himachal Pradesh,Kangra,Kangra(Nagrota Bagwan),American,Fruits,0.3,2500,8000,5250,25-Sep-21,25-09-2021 00:00
Himachal Pradesh,Mandi,Mandi(Mandi),Apple,Fruits,1.6,2000,8000,6000,25-Sep-21,25-09-2021 00:00
Himachal Pradesh,Sirmore,Nahan,Other,Fruits,0.75,4000,6000,5000,25-Sep-21,25-09-2021 00:00
Himachal Pradesh,Kangra,Palampur,Apple,Fruits,2.0,3000,8500,5750,25-Sep-21,25-09-2021 00:00
Himachal Pradesh,Shimla,Rohroo,Royal Delicious,Fruits,269.4,2000,8250,5100,25-Sep-21,25-09-2021 00:00
Himachal Pradesh,Shimla,Shimla and Kinnaur(Nerwa),Royal Delicious,Fruits,0.6,1500,6000,3700,25-Sep-21,25-09-2021 00:00
Himachal Pradesh,Hamirpur,Hamirpur,Other,Fruits,1.4,7000,8500,7700,25-Sep-21,25-09-2021 00:00
Himachal Pradesh,Shimla,Shimla and Kinnaur(Nerwa),Royal Delicious,Fruits,0.82,1500,6000,3700,26-Sep-21,26-09-2021 00:00
Himachal Pradesh,Shimla,Rohroo,Royal Delicious,Fruits,308.4,2000,8250,5100,26-Sep-21,26-09-2021 00:00
Himachal Pradesh,Mandi,Mandi(Takoli),Other,Fruits,27.1,1500,6000,5000,26-Sep-21,26-09-2021 00:00
Himachal Pradesh,Kullu,Kullu(Patli Kuhal),Other,Fruits,300.6,800,5400,3800,26-Sep-21,26-09-2021 00:00
Himachal Pradesh,Kullu,Kullu(Chauri Bihal),Apple,Fruits,9.7,900,5500,2900,26-Sep-21,26-09-2021 00:00
Himachal Pradesh,Kullu,Kullu,Other,Fruits,0.5,1500,5000,4000,26-Sep-21,26-09-2021 00:00
Himachal Pradesh,Kullu,Bhuntar,Apple,Fruits,9.8,2000,6500,4200,26-Sep-21,26-09-2021 00:00
Himachal Pradesh,Kullu,Bandrol,Delicious,Fruits,289.0,1400,6600,4000,26-Sep-21,26-09-2021 00:00
Himachal Pradesh,Kullu,Bandrol,Delicious,Fruits,206.0,1300,6200,3400,27-Sep-21,27-09-2021 00:00
Himachal Pradesh,Kullu,Bhuntar,Apple,Fruits,8.0,2000,6500,4200,27-Sep-21,27-09-2021 00:00
Himachal Pradesh,Hamirpur,Hamirpur,Other,Fruits,1.73,5000,8500,6500,27-Sep-21,27-09-2021 00:00
Himachal Pradesh,Hamirpur,Hamirpur(Nadaun),Other,Fruits,1.2,5000,8500,6500,27-Sep-21,27-09-2021 00:00
Himachal Pradesh,Kangra,Kangra(Baijnath),Apple,Fruits,0.4,5000,8500,8000,27-Sep-21,27-09-2021 00:00
Himachal Pradesh,Kangra,Kangra(Jassour),Other,Fruits,1.2,2000,7000,4500,27-Sep-21,27-09-2021 00:00
Himachal Pradesh,Kullu,Kullu(Chauri Bihal),Apple,Fruits,10.5,800,5500,3800,27-Sep-21,27-09-2021 00:00
Himachal Pradesh,Kullu,Kullu(Patli Kuhal),Other,Fruits,185.2,800,5500,3800,27-Sep-21,27-09-2021 00:00
Himachal Pradesh,Mandi,Mandi(Mandi),Apple,Fruits,4.29,2000,7000,5000,27-Sep-21,27-09-2021 00:00
Himachal Pradesh,Mandi,Mandi(Takoli),Other,Fruits,21.1,1000,5000,4000,27-Sep-21,27-09-2021 00:00
Himachal Pradesh,Kangra,Palampur,Apple,Fruits,2.0,3000,8500,5750,27-Sep-21,27-09-2021 00:00
Himachal Pradesh,Shimla,Rohroo,Royal Delicious,Fruits,158.9,1750,8250,5000,27-Sep-21,27-09-2021 00:00
Himachal Pradesh,Shimla,Shimla and Kinnaur(Nerwa),Royal Delicious,Fruits,0.5,1500,6000,3700,27-Sep-21,27-09-2021 00:00
Himachal Pradesh,Kangra,Kangra(Jaisinghpur),Apple,Fruits,0.4,3000,8700,5850,27-Sep-21,27-09-2021 00:00
West Bengal,Kolkata,Mechua,Apple,Fruits,162.4,7000,8800,8000,28-Sep-21,28-09-2021 00:00
Himachal Pradesh,Una,Santoshgarh,Other,Fruits,0.55,3400,7000,5200,28-Sep-21,28-09-2021 00:00
Himachal Pradesh,Kullu,Bandrol,Delicious,Fruits,182.0,1300,6400,3500,28-Sep-21,28-09-2021 00:00
Himachal Pradesh,Kullu,Bhuntar,Apple,Fruits,12.5,1500,7500,4500,28-Sep-21,28-09-2021 00:00
Himachal Pradesh,Bilaspur,Bilaspur,Apple,Fruits,0.3,3000,8000,4500,28-Sep-21,28-09-2021 00:00
Himachal Pradesh,Mandi,Dhanotu (Mandi),Royal Delicious,Fruits,1.8,1500,7000,4250,28-Sep-21,28-09-2021 00:00
Himachal Pradesh,Shimla,Rohroo,Royal Delicious,Fruits,334.8,2000,8500,5200,28-Sep-21,28-09-2021 00:00
Himachal Pradesh,Kangra,Palampur,Apple,Fruits,1.7,3000,8500,6500,28-Sep-21,28-09-2021 00:00
Himachal Pradesh,Sirmore,Nahan,Other,Fruits,0.35,5000,8000,6000,28-Sep-21,28-09-2021 00:00
Himachal Pradesh,Mandi,Mandi(Takoli),Other,Fruits,13.6,1000,4800,3500,28-Sep-21,28-09-2021 00:00
Himachal Pradesh,Mandi,Mandi(Mandi),Apple,Fruits,1.1,2000,8000,6000,28-Sep-21,28-09-2021 00:00
Himachal Pradesh,Kullu,Kullu(Patli Kuhal),Other,Fruits,128.8,800,5000,3800,28-Sep-21,28-09-2021 00:00
Himachal Pradesh,Shimla,Shimla and Kinnaur(Nerwa),Royal Delicious,Fruits,0.29,2000,6000,4000,28-Sep-21,28-09-2021 00:00
Himachal Pradesh,Kullu,Kullu(Chauri Bihal),Apple,Fruits,7.8,800,5500,3800,28-Sep-21,28-09-2021 00:00
Himachal Pradesh,Kangra,Kangra(Nagrota Bagwan),American,Fruits,0.3,2500,9000,5750,28-Sep-21,28-09-2021 00:00
Himachal Pradesh,Kangra,Kangra(Jassour),Other,Fruits,1.3,2000,7000,4500,28-Sep-21,28-09-2021 00:00
Himachal Pradesh,Kangra,Kangra(Jaisinghpur),Apple,Fruits,0.2,3000,8700,6500,28-Sep-21,28-09-2021 00:00
Himachal Pradesh,Kangra,Kangra,Other,Fruits,1.4,2500,8000,5250,28-Sep-21,28-09-2021 00:00
Himachal Pradesh,Hamirpur,Hamirpur(Nadaun),Other,Fruits,0.7,5000,8000,6500,28-Sep-21,28-09-2021 00:00
Himachal Pradesh,Hamirpur,Hamirpur,Other,Fruits,0.9,5000,8000,6500,28-Sep-21,28-09-2021 00:00
Himachal Pradesh,Kullu,Kullu,Other,Fruits,0.6,1500,3500,3000,28-Sep-21,28-09-2021 00:00
West Bengal,Kolkata,Mechua,Apple,Fruits,162.4,6200,7600,7000,28-Sep-21,28-09-2021 00:00
West Bengal,Kolkata,Mechua,Apple,Fruits,162.4,4800,6000,5400,28-Sep-21,28-09-2021 00:00
Himachal Pradesh,Shimla,Shimla and Kinnaur(Nerwa),Royal Delicious,Fruits,0.2,2000,6000,4000,29-Sep-21,29-09-2021 00:00
Himachal Pradesh,Kangra,Palampur,Apple,Fruits,1.7,3000,8500,5750,29-Sep-21,29-09-2021 00:00
Himachal Pradesh,Shimla,Rohroo,Royal Delicious,Fruits,248.0,2250,8750,4500,29-Sep-21,29-09-2021 00:00
Himachal Pradesh,Kullu,Bhuntar,Apple,Fruits,9.5,2000,7000,4500,29-Sep-21,29-09-2021 00:00
Himachal Pradesh,Bilaspur,Bilaspur,Apple,Fruits,0.2,4000,9000,6000,29-Sep-21,29-09-2021 00:00
Himachal Pradesh,Mandi,Dhanotu (Mandi),Royal Delicious,Fruits,1.5,2000,8000,5000,29-Sep-21,29-09-2021 00:00
Himachal Pradesh,Hamirpur,Hamirpur,Other,Fruits,0.8,5000,8500,6500,29-Sep-21,29-09-2021 00:00
Himachal Pradesh,Hamirpur,Hamirpur(Nadaun),Other,Fruits,0.7,5000,8000,6500,29-Sep-21,29-09-2021 00:00
Himachal Pradesh,Kangra,Kangra(Baijnath),Apple,Fruits,0.4,5000,8500,8000,29-Sep-21,29-09-2021 00:00
Himachal Pradesh,Kangra,Kangra(Jaisinghpur),Apple,Fruits,0.2,3000,8700,5850,29-Sep-21,29-09-2021 00:00
Himachal Pradesh,Kangra,Kangra(Jassour),Other,Fruits,1.2,2000,7000,4500,29-Sep-21,29-09-2021 00:00
Himachal Pradesh,Kullu,Kullu,Other,Fruits,0.3,2500,7000,4500,29-Sep-21,29-09-2021 00:00
Himachal Pradesh,Kullu,Kullu(Chauri Bihal),Apple,Fruits,7.2,800,5700,3800,29-Sep-21,29-09-2021 00:00
Himachal Pradesh,Kullu,Kullu(Patli Kuhal),Other,Fruits,134.4,800,5000,3800,29-Sep-21,29-09-2021 00:00
Himachal Pradesh,Mandi,Mandi(Mandi),Apple,Fruits,1.45,2000,7000,5000,29-Sep-21,29-09-2021 00:00
Himachal Pradesh,Mandi,Mandi(Takoli),Other,Fruits,5.1,1000,4000,2500,29-Sep-21,29-09-2021 00:00
Himachal Pradesh,Sirmore,Nahan,Other,Fruits,0.2,5000,8000,6000,29-Sep-21,29-09-2021 00:00
Himachal Pradesh,Kullu,Bandrol,Delicious,Fruits,155.0,1200,6000,3500,29-Sep-21,29-09-2021 00:00
West Bengal,Kolkata,Mechua,Apple,Fruits,232.7,7500,9500,8600,30-Sep-21,30-09-2021 00:00
West Bengal,Kolkata,Mechua,Apple,Fruits,232.7,6500,7600,7000,30-Sep-21,30-09-2021 00:00
Himachal Pradesh,Kullu,Bandrol,Delicious,Fruits,143.0,1400,7000,3700,30-Sep-21,30-09-2021 00:00
Himachal Pradesh,Kullu,Bhuntar,Apple,Fruits,7.5,2000,6500,4500,30-Sep-21,30-09-2021 00:00
Himachal Pradesh,Bilaspur,Bilaspur,Apple,Fruits,0.2,3000,8000,5000,30-Sep-21,30-09-2021 00:00
Himachal Pradesh,Mandi,Dhanotu (Mandi),Royal Delicious,Fruits,1.3,2000,8000,5000,30-Sep-21,30-09-2021 00:00
Himachal Pradesh,Kangra,Kangra,Other,Fruits,1.2,2500,8500,5250,30-Sep-21,30-09-2021 00:00
Himachal Pradesh,Kangra,Kangra(Baijnath),Apple,Fruits,0.4,5000,9000,8000,30-Sep-21,30-09-2021 00:00
Himachal Pradesh,Kangra,Kangra(Jaisinghpur),Apple,Fruits,0.2,3000,8700,5850,30-Sep-21,30-09-2021 00:00
Himachal Pradesh,Kangra,Kangra(Jassour),Other,Fruits,0.2,2000,7000,4500,30-Sep-21,30-09-2021 00:00
Himachal Pradesh,Kullu,Kullu,Other,Fruits,0.2,2800,7000,4500,30-Sep-21,30-09-2021 00:00
Himachal Pradesh,Kullu,Kullu(Chauri Bihal),Apple,Fruits,6.4,800,5500,3800,30-Sep-21,30-09-2021 00:00
Himachal Pradesh,Kullu,Kullu(Patli Kuhal),Other,Fruits,126.7,800,5000,3800,30-Sep-21,30-09-2021 00:00
Himachal Pradesh,Mandi,Mandi(Mandi),Apple,Fruits,1.8,2000,7000,5000,30-Sep-21,30-09-2021 00:00
Himachal Pradesh,Mandi,Mandi(Takoli),Other,Fruits,12.4,1000,4700,3500,30-Sep-21,30-09-2021 00:00
Himachal Pradesh,Kangra,Palampur,Apple,Fruits,1.8,3000,8500,5750,30-Sep-21,30-09-2021 00:00
Himachal Pradesh,Shimla,Rohroo,Royal Delicious,Fruits,204.8,2250,8500,5400,30-Sep-21,30-09-2021 00:00
Himachal Pradesh,Una,Santoshgarh,Other,Fruits,0.55,3000,7500,5250,30-Sep-21,30-09-2021 00:00
Himachal Pradesh,Shimla,Shimla and Kinnaur(Nerwa),Royal Delicious,Fruits,0.15,2000,6000,4000,30-Sep-21,30-09-2021 00:00
West Bengal,Kolkata,Mechua,Apple,Fruits,232.7,5000,6600,5800,30-Sep-21,30-09-2021 00:00
Himachal Pradesh,Kullu,Bandrol,Delicious,Fruits,150.0,1300,6500,3500,01-Oct-21,01-10-2021 00:00
Himachal Pradesh,Hamirpur,Hamirpur,Other,Fruits,1.3,5000,8000,6500,01-Oct-21,01-10-2021 00:00
Himachal Pradesh,Hamirpur,Hamirpur(Nadaun),Other,Fruits,1.1,5500,8500,7000,01-Oct-21,01-10-2021 00:00
Himachal Pradesh,Kullu,Kullu(Chauri Bihal),Apple,Fruits,7.4,800,5300,3800,01-Oct-21,01-10-2021 00:00
Himachal Pradesh,Kullu,Kullu(Patli Kuhal),Other,Fruits,130.6,900,5000,2900,01-Oct-21,01-10-2021 00:00
Himachal Pradesh,Mandi,Mandi(Mandi),Apple,Fruits,1.95,2000,8000,6000,01-Oct-21,01-10-2021 00:00
Himachal Pradesh,Kangra,Kangra(Nagrota Bagwan),American,Fruits,0.3,2500,9000,5750,01-Oct-21,01-10-2021 00:00
Himachal Pradesh,Hamirpur,Hamirpur,Other,Fruits,1.4,5000,8500,6500,02-Oct-21,02-10-2021 00:00
Himachal Pradesh,Hamirpur,Hamirpur(Nadaun),Other,Fruits,0.9,6000,8500,7000,02-Oct-21,02-10-2021 00:00
Himachal Pradesh,Kangra,Kangra(Jassour),Other,Fruits,1.1,2000,8000,5000,02-Oct-21,02-10-2021 00:00
Himachal Pradesh,Shimla,Rohroo,Royal Delicious,Fruits,230.8,2250,8750,5500,03-Oct-21,03-10-2021 00:00
Himachal Pradesh,Mandi,Mandi(Takoli),Other,Fruits,18.4,1000,4500,2000,03-Oct-21,03-10-2021 00:00
Himachal Pradesh,Kullu,Kullu(Patli Kuhal),Other,Fruits,137.7,800,5000,3800,03-Oct-21,03-10-2021 00:00
Himachal Pradesh,Kullu,Kullu(Chauri Bihal),Apple,Fruits,5.5,1000,5000,3000,03-Oct-21,03-10-2021 00:00
Himachal Pradesh,Mandi,Chail Chowk,Other,Fruits,0.35,3000,3000,3000,03-Oct-21,03-10-2021 00:00
Himachal Pradesh,Kullu,Bhuntar,Apple,Fruits,3.8,1500,7000,4200,03-Oct-21,03-10-2021 00:00
Himachal Pradesh,Kullu,Bandrol,Delicious,Fruits,70.0,1400,7000,3500,03-Oct-21,03-10-2021 00:00
Himachal Pradesh,Shimla,Shimla and Kinnaur(Nerwa),Royal Delicious,Fruits,0.22,2000,6000,4000,03-Oct-21,03-10-2021 00:00
Himachal Pradesh,Kullu,Bandrol,Delicious,Fruits,37.0,1200,6000,3600,04-Oct-21,04-10-2021 00:00
Himachal Pradesh,Kullu,Bhuntar,Apple,Fruits,4.0,2000,6500,4500,04-Oct-21,04-10-2021 00:00
Himachal Pradesh,Bilaspur,Bilaspur,Apple,Fruits,0.3,3500,8000,4500,04-Oct-21,04-10-2021 00:00
Himachal Pradesh,Mandi,Dhanotu (Mandi),Royal Delicious,Fruits,1.3,2000,8000,5000,04-Oct-21,04-10-2021 00:00
Himachal Pradesh,Hamirpur,Hamirpur,Royal Delicious,Fruits,1.35,6000,10000,8000,04-Oct-21,04-10-2021 00:00
Himachal Pradesh,Hamirpur,Hamirpur(Nadaun),Other,Fruits,1.1,5000,9000,7000,04-Oct-21,04-10-2021 00:00
Himachal Pradesh,Kangra,Kangra,Other,Fruits,1.6,4000,7000,5500,04-Oct-21,04-10-2021 00:00
Himachal Pradesh,Kangra,Kangra(Jaisinghpur),Apple,Fruits,0.2,3000,8000,5500,04-Oct-21,04-10-2021 00:00
Himachal Pradesh,Kangra,Kangra(Jassour),Other,Fruits,1.1,2000,6000,4000,04-Oct-21,04-10-2021 00:00
Himachal Pradesh,Kangra,Kangra(Nagrota Bagwan),American,Fruits,0.3,2500,9000,5750,04-Oct-21,04-10-2021 00:00
Himachal Pradesh,Kullu,Kullu,Other,Fruits,0.4,3000,4500,4000,04-Oct-21,04-10-2021 00:00
Himachal Pradesh,Kullu,Kullu(Chauri Bihal),Apple,Fruits,3.9,1000,4600,3000,04-Oct-21,04-10-2021 00:00
Himachal Pradesh,Kullu,Kullu(Patli Kuhal),Other,Fruits,102.0,800,5000,3800,04-Oct-21,04-10-2021 00:00
Himachal Pradesh,Mandi,Mandi(Mandi),Apple,Fruits,1.7,2000,8000,5500,04-Oct-21,04-10-2021 00:00
Himachal Pradesh,Kangra,Palampur,Apple,Fruits,1.8,3000,8000,5500,04-Oct-21,04-10-2021 00:00
Himachal Pradesh,Shimla,Rohroo,Royal Delicious,Fruits,275.0,2000,8500,5200,04-Oct-21,04-10-2021 00:00
Himachal Pradesh,Shimla,Shimla and Kinnaur(Nerwa),Royal Delicious,Fruits,0.14,2000,6000,4000,04-Oct-21,04-10-2021 00:00
Himachal Pradesh,Shimla,Shimla and Kinnaur(Nerwa),Royal Delicious,Fruits,0.1,2000,5000,3500,05-Oct-21,05-10-2021 00:00
Himachal Pradesh,Kangra,Palampur,Apple,Fruits,2.0,3000,8000,5500,05-Oct-21,05-10-2021 00:00
Himachal Pradesh,Kullu,Bandrol,Delicious,Fruits,30.0,1300,6300,3800,05-Oct-21,05-10-2021 00:00
Himachal Pradesh,Kullu,Bhuntar,Apple,Fruits,8.7,2000,7000,4500,05-Oct-21,05-10-2021 00:00
Himachal Pradesh,Bilaspur,Bilaspur,Apple,Fruits,0.3,3500,8500,5500,05-Oct-21,05-10-2021 00:00
Himachal Pradesh,Mandi,Dhanotu (Mandi),Royal Delicious,Fruits,1.1,2000,7000,4500,05-Oct-21,05-10-2021 00:00
Himachal Pradesh,Hamirpur,Hamirpur,Other,Fruits,1.25,6000,10000,8000,05-Oct-21,05-10-2021 00:00
Himachal Pradesh,Hamirpur,Hamirpur(Nadaun),Other,Fruits,0.8,2800,3000,2900,05-Oct-21,05-10-2021 00:00
Himachal Pradesh,Kangra,Kangra,Other,Fruits,1.8,4000,7000,5500,05-Oct-21,05-10-2021 00:00
Himachal Pradesh,Kangra,Kangra(Baijnath),Apple,Fruits,0.3,6000,9000,9000,05-Oct-21,05-10-2021 00:00
Himachal Pradesh,Kangra,Kangra(Jaisinghpur),Apple,Fruits,0.2,3000,8000,5500,05-Oct-21,05-10-2021 00:00
Himachal Pradesh,Kangra,Kangra(Jassour),Other,Fruits,1.2,2000,8000,5000,05-Oct-21,05-10-2021 00:00
Himachal Pradesh,Kangra,Kangra(Nagrota Bagwan),American,Fruits,0.3,2500,9000,5750,05-Oct-21,05-10-2021 00:00
Himachal Pradesh,Kullu,Kullu,Other,Fruits,0.2,2500,4500,4000,05-Oct-21,05-10-2021 00:00
Himachal Pradesh,Kullu,Kullu(Chauri Bihal),Apple,Fruits,3.5,800,5200,3800,05-Oct-21,05-10-2021 00:00
Himachal Pradesh,Kullu,Kullu(Patli Kuhal),Other,Fruits,55.2,800,5000,3800,05-Oct-21,05-10-2021 00:00
Himachal Pradesh,Mandi,Mandi(Takoli),Other,Fruits,3.4,1000,3000,2000,05-Oct-21,05-10-2021 00:00
Himachal Pradesh,Sirmore,Nahan,Other,Fruits,0.41,5000,8000,7000,05-Oct-21,05-10-2021 00:00
Himachal Pradesh,Shimla,Rohroo,Royal Delicious,Fruits,150.6,2500,8250,5300,05-Oct-21,05-10-2021 00:00
Himachal Pradesh,Shimla,Rohroo,Royal Delicious,Fruits,196.1,2500,8000,5200,06-Oct-21,06-10-2021 00:00
Himachal Pradesh,Kullu,Bandrol,Delicious,Fruits,29.0,1300,6000,3600,06-Oct-21,06-10-2021 00:00
Himachal Pradesh,Kullu,Bhuntar,Apple,Fruits,6.0,1500,7500,4500,06-Oct-21,06-10-2021 00:00
Himachal Pradesh,Bilaspur,Bilaspur,Apple,Fruits,0.3,3500,8500,5500,06-Oct-21,06-10-2021 00:00
Himachal Pradesh,Mandi,Dhanotu (Mandi),Royal Delicious,Fruits,1.1,2000,8000,5000,06-Oct-21,06-10-2021 00:00
Himachal Pradesh,Hamirpur,Hamirpur,Other,Fruits,1.8,6000,10000,8000,06-Oct-21,06-10-2021 00:00
Himachal Pradesh,Hamirpur,Hamirpur(Nadaun),Other,Fruits,1.5,6000,10000,9000,06-Oct-21,06-10-2021 00:00
Himachal Pradesh,Kangra,Kangra,Other,Fruits,1.7,4000,8000,6000,06-Oct-21,06-10-2021 00:00
Himachal Pradesh,Kangra,Kangra(Baijnath),Apple,Fruits,0.3,7000,10000,9000,06-Oct-21,06-10-2021 00:00
Himachal Pradesh,Kangra,Kangra(Jaisinghpur),Apple,Fruits,0.2,3000,8000,5500,06-Oct-21,06-10-2021 00:00
Himachal Pradesh,Kangra,Kangra(Jassour),Other,Fruits,1.2,2500,7500,5000,06-Oct-21,06-10-2021 00:00
Himachal Pradesh,Kullu,Kullu,Other,Fruits,0.5,2500,4500,3000,06-Oct-21,06-10-2021 00:00
Himachal Pradesh,Kullu,Kullu(Chauri Bihal),Apple,Fruits,4.9,1000,5000,3000,06-Oct-21,06-10-2021 00:00
Himachal Pradesh,Kullu,Kullu(Patli Kuhal),Other,Fruits,45.9,800,5500,3800,06-Oct-21,06-10-2021 00:00
Himachal Pradesh,Mandi,Mandi(Mandi),Apple,Fruits,2.1,2000,8000,6000,06-Oct-21,06-10-2021 00:00
Himachal Pradesh,Sirmore,Nahan,Other,Fruits,1.2,5000,8000,6000,06-Oct-21,06-10-2021 00:00
Himachal Pradesh,Kangra,Palampur,Apple,Fruits,1.6,3000,8000,5500,06-Oct-21,06-10-2021 00:00
Himachal Pradesh,Chamba,Chamba,Royal Delicious,Fruits,0.07,8000,8500,8250,06-Oct-21,06-10-2021 00:00
Himachal Pradesh,Kullu,Bandrol,Delicious,Fruits,30.0,1300,6200,3200,07-Oct-21,07-10-2021 00:00
Himachal Pradesh,Kullu,Bhuntar,Apple,Fruits,3.0,1500,6500,4000,07-Oct-21,07-10-2021 00:00
Himachal Pradesh,Bilaspur,Bilaspur,Apple,Fruits,0.2,3000,8000,5500,07-Oct-21,07-10-2021 00:00
Himachal Pradesh,Chamba,Chamba,Royal Delicious,Fruits,0.1,10000,11000,10500,07-Oct-21,07-10-2021 00:00
Himachal Pradesh,Mandi,Dhanotu (Mandi),Royal Delicious,Fruits,1.2,2000,10000,5000,07-Oct-21,07-10-2021 00:00
Himachal Pradesh,Hamirpur,Hamirpur(Nadaun),Other,Fruits,0.6,6000,10000,8000,07-Oct-21,07-10-2021 00:00
Himachal Pradesh,Kangra,Kangra(Jaisinghpur),Apple,Fruits,0.2,3000,8000,5500,07-Oct-21,07-10-2021 00:00
Himachal Pradesh,Kangra,Kangra(Jassour),Other,Fruits,0.8,2500,7500,5000,07-Oct-21,07-10-2021 00:00
Himachal Pradesh,Kullu,Kullu,Other,Fruits,0.3,2500,4800,3800,07-Oct-21,07-10-2021 00:00
Himachal Pradesh,Kullu,Kullu(Chauri Bihal),Apple,Fruits,2.0,1000,5000,3000,07-Oct-21,07-10-2021 00:00
Himachal Pradesh,Kullu,Kullu(Patli Kuhal),Other,Fruits,32.4,800,5500,3800,07-Oct-21,07-10-2021 00:00
Himachal Pradesh,Mandi,Mandi(Mandi),Apple,Fruits,1.4,2000,8000,6500,07-Oct-21,07-10-2021 00:00
Himachal Pradesh,Mandi,Mandi(Takoli),Other,Fruits,1.8,1500,5500,3500,07-Oct-21,07-10-2021 00:00
Himachal Pradesh,Sirmore,Nahan,Other,Fruits,0.41,5000,8000,6500,07-Oct-21,07-10-2021 00:00
Himachal Pradesh,Kangra,Palampur,Apple,Fruits,2.0,3000,8000,5500,07-Oct-21,07-10-2021 00:00
Himachal Pradesh,Shimla,Rohroo,Royal Delicious,Fruits,190.2,2250,8000,5100,07-Oct-21,07-10-2021 00:00
Himachal Pradesh,Hamirpur,Hamirpur,Royal Delicious,Fruits,0.75,6000,10000,8000,07-Oct-21,07-10-2021 00:00
Himachal Pradesh,Kullu,Bandrol,Delicious,Fruits,29.8,2000,6000,4000,08-Oct-21,08-10-2021 00:00
Himachal Pradesh,Kullu,Bhuntar,Apple,Fruits,4.5,1500,7000,4200,08-Oct-21,08-10-2021 00:00
Himachal Pradesh,Chamba,Chamba,Royal Delicious,Fruits,0.1,4000,5000,4500,08-Oct-21,08-10-2021 00:00
Himachal Pradesh,Mandi,Dhanotu (Mandi),Royal Delicious,Fruits,0.9,2000,8000,5000,08-Oct-21,08-10-2021 00:00
Himachal Pradesh,Hamirpur,Hamirpur,Other,Fruits,1.6,6000,10000,8000,08-Oct-21,08-10-2021 00:00
Himachal Pradesh,Hamirpur,Hamirpur(Nadaun),Other,Fruits,1.1,7000,10000,8500,08-Oct-21,08-10-2021 00:00
Himachal Pradesh,Kangra,Kangra,Other,Fruits,1.9,4000,8000,6000,08-Oct-21,08-10-2021 00:00
Himachal Pradesh,Kangra,Kangra(Jaisinghpur),Apple,Fruits,0.2,3000,8000,5500,08-Oct-21,08-10-2021 00:00
Himachal Pradesh,Kangra,Kangra(Jassour),Other,Fruits,1.0,2000,7000,4500,08-Oct-21,08-10-2021 00:00
Himachal Pradesh,Kullu,Kullu,Other,Fruits,0.3,2500,4800,4000,08-Oct-21,08-10-2021 00:00
Himachal Pradesh,Kullu,Kullu(Chauri Bihal),Apple,Fruits,1.6,1500,5000,3500,08-Oct-21,08-10-2021 00:00
Himachal Pradesh,Kullu,Kullu(Patli Kuhal),Other,Fruits,30.9,1500,5500,3500,08-Oct-21,08-10-2021 00:00
Himachal Pradesh,Mandi,Mandi(Mandi),Apple,Fruits,1.7,2000,8000,6000,08-Oct-21,08-10-2021 00:00
Himachal Pradesh,Mandi,Mandi(Takoli),Other,Fruits,2.6,1000,4600,3000,08-Oct-21,08-10-2021 00:00
Himachal Pradesh,Sirmore,Nahan,Other,Fruits,0.4,5000,8000,6500,08-Oct-21,08-10-2021 00:00
Himachal Pradesh,Kangra,Palampur,Apple,Fruits,2.0,3000,8000,5500,08-Oct-21,08-10-2021 00:00
Himachal Pradesh,Shimla,Rohroo,Royal Delicious,Fruits,2651.4,2000,8000,5000,08-Oct-21,08-10-2021 00:00
West Bengal,Kolkata,Mechua,Apple,Fruits,216.9,7000,9500,8400,09-Oct-21,09-10-2021 00:00
West Bengal,Kolkata,Mechua,Apple,Fruits,216.9,5700,7800,6500,09-Oct-21,09-10-2021 00:00
Himachal Pradesh,Chamba,Chamba,Royal Delicious,Fruits,0.27,7500,8000,7750,09-Oct-21,09-10-2021 00:00
Himachal Pradesh,Hamirpur,Hamirpur,Royal Delicious,Fruits,1.2,6000,10000,8000,09-Oct-21,09-10-2021 00:00
Himachal Pradesh,Hamirpur,Hamirpur(Nadaun),Other,Fruits,1.0,6000,10000,8000,09-Oct-21,09-10-2021 00:00
Himachal Pradesh,Kangra,Kangra(Jaisinghpur),Apple,Fruits,0.2,3000,8000,5000,09-Oct-21,09-10-2021 00:00
Himachal Pradesh,Mandi,Mandi(Mandi),Apple,Fruits,1.0,2000,9500,6000,09-Oct-21,09-10-2021 00:00
Himachal Pradesh,Kangra,Palampur,Apple,Fruits,2.0,3000,8000,6600,09-Oct-21,09-10-2021 00:00
Himachal Pradesh,Shimla,Rohroo,Royal Delicious,Fruits,140.7,2000,8000,5000,09-Oct-21,09-10-2021 00:00
Himachal Pradesh,Solan,Solan,Apple,Fruits,169.66,4000,9000,6000,09-Oct-21,09-10-2021 00:00
Himachal Pradesh,Mandi,Dhanotu (Mandi),Royal Delicious,Fruits,1.5,2000,10000,5000,09-Oct-21,09-10-2021 00:00
West Bengal,Kolkata,Mechua,Apple,Fruits,216.9,4800,6500,5400,09-Oct-21,09-10-2021 00:00
West Bengal,Kolkata,Mechua,Apple,Fruits,197.6,6800,9200,8400,10-Oct-21,10-10-2021 00:00
West Bengal,Kolkata,Mechua,Apple,Fruits,197.6,6000,7600,7000,10-Oct-21,10-10-2021 00:00
Himachal Pradesh,Solan,Solan,Apple,Fruits,129.8,4000,7200,6000,10-Oct-21,10-10-2021 00:00
Himachal Pradesh,Shimla,Rohroo,Royal Delicious,Fruits,106.7,2000,7750,4800,10-Oct-21,10-10-2021 00:00
Himachal Pradesh,Mandi,Mandi(Takoli),Other,Fruits,2.1,1000,2500,2000,10-Oct-21,10-10-2021 00:00
Himachal Pradesh,Kullu,Kullu(Patli Kuhal),Other,Fruits,25.4,900,5500,3900,10-Oct-21,10-10-2021 00:00
Himachal Pradesh,Kullu,Kullu(Chauri Bihal),Apple,Fruits,2.0,1000,4500,3500,10-Oct-21,10-10-2021 00:00
Himachal Pradesh,Kullu,Kullu,Other,Fruits,0.2,2500,4000,3800,10-Oct-21,10-10-2021 00:00
Himachal Pradesh,Kullu,Bhuntar,Apple,Fruits,3.2,2000,6500,4200,10-Oct-21,10-10-2021 00:00
Himachal Pradesh,Kullu,Bandrol,Delicious,Fruits,23.2,1600,5800,3700,10-Oct-21,10-10-2021 00:00
West Bengal,Kolkata,Mechua,Apple,Fruits,197.6,4800,6400,5300,10-Oct-21,10-10-2021 00:00
Himachal Pradesh,Kullu,Bandrol,Delicious,Fruits,18.2,1400,6400,3900,11-Oct-21,11-10-2021 00:00
Himachal Pradesh,Kullu,Bhuntar,Apple,Fruits,6.5,2500,7000,4700,11-Oct-21,11-10-2021 00:00
Himachal Pradesh,Bilaspur,Bilaspur,Apple,Fruits,0.3,2000,10000,5500,11-Oct-21,11-10-2021 00:00
Himachal Pradesh,Mandi,Dhanotu (Mandi),Royal Delicious,Fruits,1.2,2000,8000,5000,11-Oct-21,11-10-2021 00:00
Himachal Pradesh,Hamirpur,Hamirpur,Other,Fruits,1.5,6000,10000,8000,11-Oct-21,11-10-2021 00:00
Himachal Pradesh,Kangra,Kangra,Other,Fruits,1.5,4000,8000,6000,11-Oct-21,11-10-2021 00:00
Himachal Pradesh,Kangra,Kangra(Jaisinghpur),Apple,Fruits,0.2,4500,8000,6250,11-Oct-21,11-10-2021 00:00
Himachal Pradesh,Kullu,Kullu,Other,Fruits,0.2,1500,3500,3000,11-Oct-21,11-10-2021 00:00
Himachal Pradesh,Kullu,Kullu(Chauri Bihal),Apple,Fruits,1.8,1000,5000,3000,11-Oct-21,11-10-2021 00:00
Himachal Pradesh,Kullu,Kullu(Patli Kuhal),Other,Fruits,10.6,800,5500,3800,11-Oct-21,11-10-2021 00:00
Himachal Pradesh,Mandi,Mandi(Mandi),Apple,Fruits,1.2,2000,9500,7000,11-Oct-21,11-10-2021 00:00
Himachal Pradesh,Mandi,Mandi(Takoli),Other,Fruits,1.6,1000,3200,2000,11-Oct-21,11-10-2021 00:00
Himachal Pradesh,Kangra,Palampur,Apple,Fruits,1.7,5000,8000,6500,11-Oct-21,11-10-2021 00:00
Himachal Pradesh,Shimla,Rohroo,Royal Delicious,Fruits,76.1,2000,8000,5000,11-Oct-21,11-10-2021 00:00
Himachal Pradesh,Solan,Solan,Apple,Fruits,208.38,4000,10500,6000,11-Oct-21,11-10-2021 00:00
Himachal Pradesh,Hamirpur,Hamirpur(Nadaun),Other,Fruits,1.3,6000,10000,8000,11-Oct-21,11-10-2021 00:00
West Bengal,Kolkata,Mechua,Apple,Fruits,197.6,7200,9400,8500,12-Oct-21,12-10-2021 00:00
West Bengal,Kolkata,Mechua,Apple,Fruits,197.6,6400,8300,7400,12-Oct-21,12-10-2021 00:00
Himachal Pradesh,Kullu,Bandrol,Delicious,Fruits,13.0,1400,6800,3500,12-Oct-21,12-10-2021 00:00
Himachal Pradesh,Kullu,Bhuntar,Apple,Fruits,3.0,2000,6000,4000,12-Oct-21,12-10-2021 00:00
Himachal Pradesh,Bilaspur,Bilaspur,Apple,Fruits,0.3,3500,10000,5500,12-Oct-21,12-10-2021 00:00
Himachal Pradesh,Mandi,Dhanotu (Mandi),Royal Delicious,Fruits,2.0,2000,7500,4500,12-Oct-21,12-10-2021 00:00
Himachal Pradesh,Solan,Solan,Apple,Fruits,147.16,4000,9300,6000,12-Oct-21,12-10-2021 00:00
Himachal Pradesh,Kangra,Palampur,Apple,Fruits,1.6,5000,8000,6500,12-Oct-21,12-10-2021 00:00
Himachal Pradesh,Sirmore,Nahan,Other,Fruits,0.42,4000,8000,4500,12-Oct-21,12-10-2021 00:00
Himachal Pradesh,Mandi,Mandi(Takoli),Other,Fruits,1.2,1000,3600,2000,12-Oct-21,12-10-2021 00:00
Himachal Pradesh,Mandi,Mandi(Mandi),Apple,Fruits,1.4,2000,9000,7000,12-Oct-21,12-10-2021 00:00
Himachal Pradesh,Kullu,Kullu(Chauri Bihal),Apple,Fruits,0.8,1000,4000,3000,12-Oct-21,12-10-2021 00:00
Himachal Pradesh,Kullu,Kullu,Other,Fruits,0.6,2500,4000,3000,12-Oct-21,12-10-2021 00:00
Himachal Pradesh,Kangra,Kangra(Jaisinghpur),Apple,Fruits,0.2,4000,8000,6500,12-Oct-21,12-10-2021 00:00
Himachal Pradesh,Kangra,Kangra,Other,Fruits,1.6,4000,7000,5500,12-Oct-21,12-10-2021 00:00
Himachal Pradesh,Hamirpur,Hamirpur(Nadaun),Other,Fruits,1.1,7000,10000,8500,12-Oct-21,12-10-2021 00:00
Himachal Pradesh,Hamirpur,Hamirpur,Other,Fruits,0.9,6000,10000,8000,12-Oct-21,12-10-2021 00:00
Himachal Pradesh,Kullu,Kullu(Patli Kuhal),Other,Fruits,9.4,800,5000,3800,12-Oct-21,12-10-2021 00:00
West Bengal,Kolkata,Mechua,Apple,Fruits,197.6,4800,6300,5500,12-Oct-21,12-10-2021 00:00
Himachal Pradesh,Kullu,Bandrol,Delicious,Fruits,9.5,1200,6000,3600,13-Oct-21,13-10-2021 00:00
Himachal Pradesh,Kullu,Bhuntar,Apple,Fruits,1.5,1500,5000,3200,13-Oct-21,13-10-2021 00:00
Himachal Pradesh,Bilaspur,Bilaspur,Apple,Fruits,0.4,2000,10000,5500,13-Oct-21,13-10-2021 00:00
Himachal Pradesh,Mandi,Dhanotu (Mandi),Royal Delicious,Fruits,1.4,3000,8000,5500,13-Oct-21,13-10-2021 00:00
Himachal Pradesh,Hamirpur,Hamirpur,Other,Fruits,1.8,6000,10000,8000,13-Oct-21,13-10-2021 00:00
Himachal Pradesh,Hamirpur,Hamirpur(Nadaun),Other,Fruits,1.3,6000,10000,8000,13-Oct-21,13-10-2021 00:00
Himachal Pradesh,Kangra,Kangra,Other,Fruits,1.7,6500,9000,7750,13-Oct-21,13-10-2021 00:00
Himachal Pradesh,Kangra,Kangra(Jaisinghpur),Apple,Fruits,0.2,4500,8000,6800,13-Oct-21,13-10-2021 00:00
Himachal Pradesh,Kullu,Kullu,Other,Fruits,6.0,2500,4000,3500,13-Oct-21,13-10-2021 00:00
Himachal Pradesh,Kullu,Kullu(Chauri Bihal),Apple,Fruits,0.9,1000,2500,2000,13-Oct-21,13-10-2021 00:00
Himachal Pradesh,Kullu,Kullu(Patli Kuhal),Other,Fruits,12.0,900,5500,3900,13-Oct-21,13-10-2021 00:00
Himachal Pradesh,Mandi,Mandi(Mandi),Apple,Fruits,1.3,2000,9000,5000,13-Oct-21,13-10-2021 00:00
Himachal Pradesh,Mandi,Mandi(Takoli),Other,Fruits,0.3,1000,2500,2000,13-Oct-21,13-10-2021 00:00
Himachal Pradesh,Sirmore,Nahan,Other,Fruits,0.42,5000,8000,6000,13-Oct-21,13-10-2021 00:00
Himachal Pradesh,Kangra,Palampur,Apple,Fruits,1.7,5000,8000,6500,13-Oct-21,13-10-2021 00:00
Himachal Pradesh,Solan,Solan,Apple,Fruits,132.1,4000,9000,6000,13-Oct-21,13-10-2021 00:00
Himachal Pradesh,Mandi,Mandi(Mandi),Apple,Fruits,0.76,2000,7000,5000,14-Oct-21,14-10-2021 00:00
Himachal Pradesh,Kangra,Palampur,Apple,Fruits,2.0,5000,8000,6800,14-Oct-21,14-10-2021 00:00
Himachal Pradesh,Solan,Solan,Apple,Fruits,82.08,4000,7500,6000,14-Oct-21,14-10-2021 00:00
Himachal Pradesh,Una,Una,Delicious,Fruits,3.2,4000,9000,6500,14-Oct-21,14-10-2021 00:00
Himachal Pradesh,Kullu,Kullu(Patli Kuhal),Other,Fruits,11.5,800,5500,3800,14-Oct-21,14-10-2021 00:00
Himachal Pradesh,Kullu,Kullu(Chauri Bihal),Apple,Fruits,1.6,1000,4700,3700,14-Oct-21,14-10-2021 00:00
Himachal Pradesh,Kangra,Kangra(Jaisinghpur),Apple,Fruits,0.1,4500,8000,6500,14-Oct-21,14-10-2021 00:00
Himachal Pradesh,Kullu,Kullu,Other,Fruits,0.7,3000,4000,3500,14-Oct-21,14-10-2021 00:00
Himachal Pradesh,Kullu,Bandrol,Delicious,Fruits,6.5,1200,6000,3600,14-Oct-21,14-10-2021 00:00
Himachal Pradesh,Kullu,Bhuntar,Apple,Fruits,1.2,1500,3000,2200,14-Oct-21,14-10-2021 00:00
Himachal Pradesh,Bilaspur,Bilaspur,Apple,Fruits,0.3,2500,10000,5500,14-Oct-21,14-10-2021 00:00
Himachal Pradesh,Mandi,Dhanotu (Mandi),Royal Delicious,Fruits,1.0,2000,8000,5000,14-Oct-21,14-10-2021 00:00
Himachal Pradesh,Hamirpur,Hamirpur,Other,Fruits,1.3,7000,10000,8500,14-Oct-21,14-10-2021 00:00
Himachal Pradesh,Hamirpur,Hamirpur(Nadaun),Other,Fruits,1.1,7000,10000,8500,14-Oct-21,14-10-2021 00:00
Himachal Pradesh,Kangra,Kangra,Other,Fruits,1.6,3000,7000,5000,14-Oct-21,14-10-2021 00:00
Himachal Pradesh,Solan,Solan,Apple,Fruits,139.86,4000,8500,6000,15-Oct-21,15-10-2021 00:00
Himachal Pradesh,Shimla,Rohroo,Royal Delicious,Fruits,65.76,2000,7750,4900,15-Oct-21,15-10-2021 00:00
Himachal Pradesh,Kullu,Bandrol,Delicious,Fruits,5.0,1200,6000,3200,15-Oct-21,15-10-2021 00:00
Himachal Pradesh,Kullu,Bhuntar,Apple,Fruits,1.6,1500,4500,3000,15-Oct-21,15-10-2021 00:00
Himachal Pradesh,Mandi,Dhanotu (Mandi),Royal Delicious,Fruits,1.2,2000,8000,5000,15-Oct-21,15-10-2021 00:00
Himachal Pradesh,Hamirpur,Hamirpur,Golden,Fruits,1.2,6000,6500,6200,15-Oct-21,15-10-2021 00:00
Himachal Pradesh,Hamirpur,Hamirpur,Royal Delicious,Fruits,1.2,8000,10000,9000,15-Oct-21,15-10-2021 00:00
Himachal Pradesh,Hamirpur,Hamirpur(Nadaun),Other,Fruits,1.2,7000,10000,8500,15-Oct-21,15-10-2021 00:00
Himachal Pradesh,Kangra,Kangra(Baijnath),Apple,Fruits,0.3,7000,10000,8000,15-Oct-21,15-10-2021 00:00
Himachal Pradesh,Kullu,Kullu,Other,Fruits,0.3,3000,4000,3500,15-Oct-21,15-10-2021 00:00
Himachal Pradesh,Kullu,Kullu(Chauri Bihal),Apple,Fruits,0.7,800,5000,3800,15-Oct-21,15-10-2021 00:00
Himachal Pradesh,Kullu,Kullu(Patli Kuhal),Other,Fruits,8.1,1500,5500,3500,15-Oct-21,15-10-2021 00:00
Himachal Pradesh,Mandi,Mandi(Mandi),Apple,Fruits,1.32,2000,10000,4500,15-Oct-21,15-10-2021 00:00
Himachal Pradesh,Shimla,Shimla and Kinnaur(Nerwa),Royal Delicious,Fruits,0.1,2000,4000,3000,15-Oct-21,15-10-2021 00:00
Himachal Pradesh,Bilaspur,Bilaspur,Apple,Fruits,0.3,3800,9000,8000,16-Oct-21,16-10-2021 00:00
Himachal Pradesh,Mandi,Dhanotu (Mandi),Royal Delicious,Fruits,1.4,1500,7000,4250,16-Oct-21,16-10-2021 00:00
Himachal Pradesh,Hamirpur,Hamirpur,Golden,Fruits,1.6,5000,6000,5500,16-Oct-21,16-10-2021 00:00
Himachal Pradesh,Hamirpur,Hamirpur,Royal Delicious,Fruits,1.6,9000,11000,10000,16-Oct-21,16-10-2021 00:00
Himachal Pradesh,Hamirpur,Hamirpur(Nadaun),Other,Fruits,1.2,8000,10000,9000,16-Oct-21,16-10-2021 00:00
Himachal Pradesh,Kangra,Kangra(Baijnath),Apple,Fruits,0.4,6000,10000,8000,16-Oct-21,16-10-2021 00:00
Himachal Pradesh,Kangra,Kangra(Jaisinghpur),Apple,Fruits,0.2,4000,8500,6500,16-Oct-21,16-10-2021 00:00
Himachal Pradesh,Mandi,Mandi(Mandi),Apple,Fruits,0.96,2000,9000,6000,16-Oct-21,16-10-2021 00:00
Himachal Pradesh,Kangra,Palampur,Apple,Fruits,2.0,5000,8000,6500,16-Oct-21,16-10-2021 00:00
Himachal Pradesh,Shimla,Rohroo,Royal Delicious,Fruits,99.2,2250,8000,5100,16-Oct-21,16-10-2021 00:00
Himachal Pradesh,Solan,Solan,Apple,Fruits,86.64,4000,7800,6000,16-Oct-21,16-10-2021 00:00
Himachal Pradesh,Kangra,Kangra,Other,Fruits,1.8,3000,7000,5500,16-Oct-21,16-10-2021 00:00
Himachal Pradesh,Shimla,Shimla and Kinnaur(Nerwa),Royal Delicious,Fruits,2.1,1500,3000,2300,17-Oct-21,17-10-2021 00:00
Himachal Pradesh,Shimla,Rohroo,Royal Delicious,Fruits,84.6,2000,7500,4700,17-Oct-21,17-10-2021 00:00
Himachal Pradesh,Kullu,Kullu(Chauri Bihal),Apple,Fruits,1.3,1000,4600,2600,17-Oct-21,17-10-2021 00:00
Himachal Pradesh,Kullu,Kullu,Other,Fruits,0.3,3000,4000,3700,17-Oct-21,17-10-2021 00:00
Himachal Pradesh,Kullu,Bhuntar,Apple,Fruits,1.5,1000,5000,3000,17-Oct-21,17-10-2021 00:00
Himachal Pradesh,Kullu,Bandrol,Delicious,Fruits,8.2,1200,6000,2800,17-Oct-21,17-10-2021 00:00
Himachal Pradesh,Kullu,Kullu(Patli Kuhal),Other,Fruits,5.4,800,5000,3800,17-Oct-21,17-10-2021 00:00
Himachal Pradesh,Kullu,Bandrol,Delicious,Fruits,2.0,1100,5200,3000,18-Oct-21,18-10-2021 00:00
Himachal Pradesh,Kullu,Bhuntar,Apple,Fruits,1.2,1500,5000,3200,18-Oct-21,18-10-2021 00:00
Himachal Pradesh,Bilaspur,Bilaspur,Apple,Fruits,0.3,3000,10000,5500,18-Oct-21,18-10-2021 00:00
Himachal Pradesh,Hamirpur,Hamirpur,Delicious,Fruits,2.2,8000,10000,9000,18-Oct-21,18-10-2021 00:00
Himachal Pradesh,Solan,Solan,Apple,Fruits,52.38,4000,6000,5000,18-Oct-21,18-10-2021 00:00
Himachal Pradesh,Shimla,Shimla and Kinnaur(Nerwa),Royal Delicious,Fruits,2.4,1500,3000,2300,18-Oct-21,18-10-2021 00:00
Himachal Pradesh,Una,Santoshgarh,Other,Fruits,0.45,3500,6000,4750,18-Oct-21,18-10-2021 00:00
Himachal Pradesh,Shimla,Rohroo,Royal Delicious,Fruits,55.8,2250,7750,5000,18-Oct-21,18-10-2021 00:00
Himachal Pradesh,Kangra,Palampur,Apple,Fruits,2.0,5000,8000,6500,18-Oct-21,18-10-2021 00:00
Himachal Pradesh,Mandi,Mandi(Mandi),Apple,Fruits,1.1,2500,10000,6000,18-Oct-21,18-10-2021 00:00
Himachal Pradesh,Kullu,Kullu,Other,Fruits,0.3,1500,4000,3500,18-Oct-21,18-10-2021 00:00
Himachal Pradesh,Kangra,Kangra(Jaisinghpur),Apple,Fruits,0.2,4000,8000,6500,18-Oct-21,18-10-2021 00:00
Himachal Pradesh,Kangra,Kangra(Baijnath),Apple,Fruits,0.3,5000,10000,8000,18-Oct-21,18-10-2021 00:00
Himachal Pradesh,Kangra,Kangra,Other,Fruits,1.7,4000,8000,6000,18-Oct-21,18-10-2021 00:00
Himachal Pradesh,Hamirpur,Hamirpur(Nadaun),Other,Fruits,1.3,6000,10000,8500,18-Oct-21,18-10-2021 00:00
Himachal Pradesh,Hamirpur,Hamirpur,Royal Delicious,Fruits,2.2,6000,8000,7000,18-Oct-21,18-10-2021 00:00
Himachal Pradesh,Kullu,Kullu(Chauri Bihal),Apple,Fruits,0.2,1000,4000,3000,18-Oct-21,18-10-2021 00:00
Himachal Pradesh,Solan,Solan,Apple,Fruits,50.86,4000,7800,5000,19-Oct-21,19-10-2021 00:00
Himachal Pradesh,Shimla,Rohroo,Royal Delicious,Fruits,22.4,2000,7000,4500,19-Oct-21,19-10-2021 00:00
Himachal Pradesh,Kangra,Palampur,Apple,Fruits,1.8,5000,9000,7000,19-Oct-21,19-10-2021 00:00
Himachal Pradesh,Mandi,Mandi(Mandi),Apple,Fruits,0.4,4000,8000,6000,19-Oct-21,19-10-2021 00:00
Himachal Pradesh,Kullu,Bandrol,Delicious,Fruits,1.2,900,4500,2700,19-Oct-21,19-10-2021 00:00
Himachal Pradesh,Kullu,Bhuntar,Apple,Fruits,1.0,1500,3500,2500,19-Oct-21,19-10-2021 00:00
Himachal Pradesh,Bilaspur,Bilaspur,Apple,Fruits,0.3,3000,10000,5500,19-Oct-21,19-10-2021 00:00
Himachal Pradesh,Hamirpur,Hamirpur,Delicious,Fruits,1.7,10000,11000,10500,19-Oct-21,19-10-2021 00:00
Himachal Pradesh,Hamirpur,Hamirpur,Royal Delicious,Fruits,1.7,6000,8000,7000,19-Oct-21,19-10-2021 00:00
Himachal Pradesh,Hamirpur,Hamirpur(Nadaun),Other,Fruits,1.3,7000,11000,8500,19-Oct-21,19-10-2021 00:00
Himachal Pradesh,Kangra,Kangra,Other,Fruits,1.5,4000,8000,6000,19-Oct-21,19-10-2021 00:00
Himachal Pradesh,Kangra,Kangra(Baijnath),Apple,Fruits,0.25,6000,10000,7000,19-Oct-21,19-10-2021 00:00
Himachal Pradesh,Kangra,Kangra(Jaisinghpur),Apple,Fruits,0.15,4000,9000,7000,19-Oct-21,19-10-2021 00:00
Himachal Pradesh,Kullu,Bandrol,Delicious,Fruits,3.0,1200,5800,3500,20-Oct-21,20-10-2021 00:00
Himachal Pradesh,Kullu,Bhuntar,Apple,Fruits,2.0,1500,4000,2700,20-Oct-21,20-10-2021 00:00
Himachal Pradesh,Bilaspur,Bilaspur,Apple,Fruits,0.3,3500,9000,5500,20-Oct-21,20-10-2021 00:00
Himachal Pradesh,Kangra,Kangra(Baijnath),Apple,Fruits,0.25,6000,10000,8000,20-Oct-21,20-10-2021 00:00
Himachal Pradesh,Kullu,Kullu,Other,Fruits,0.3,3000,4500,4000,20-Oct-21,20-10-2021 00:00
Himachal Pradesh,Kullu,Kullu(Chauri Bihal),Apple,Fruits,0.4,1500,4500,3500,20-Oct-21,20-10-2021 00:00
Himachal Pradesh,Mandi,Mandi(Mandi),Apple,Fruits,1.5,3400,8000,6000,20-Oct-21,20-10-2021 00:00
Himachal Pradesh,Shimla,Rohroo,Royal Delicious,Fruits,20.0,2000,7000,4500,20-Oct-21,20-10-2021 00:00
Himachal Pradesh,Solan,Solan,Apple,Fruits,65.4,2000,7500,5000,20-Oct-21,20-10-2021 00:00
Himachal Pradesh,Solan,Solan,Apple,Fruits,46.92,3000,10000,7000,21-Oct-21,21-10-2021 00:00
Himachal Pradesh,Kullu,Bandrol,Delicious,Fruits,1.8,1000,5000,2800,21-Oct-21,21-10-2021 00:00
Himachal Pradesh,Kullu,Bhuntar,Apple,Fruits,1.5,1500,3500,2500,21-Oct-21,21-10-2021 00:00
Himachal Pradesh,Shimla,Rohroo,Royal Delicious,Fruits,20.0,2000,8000,5000,21-Oct-21,21-10-2021 00:00
Himachal Pradesh,Kangra,Palampur,Apple,Fruits,1.8,4000,9500,7500,21-Oct-21,21-10-2021 00:00
Himachal Pradesh,Mandi,Mandi(Mandi),Apple,Fruits,0.52,3400,8000,6000,21-Oct-21,21-10-2021 00:00
Himachal Pradesh,Kullu,Kullu,Other,Fruits,0.6,2500,4500,4000,21-Oct-21,21-10-2021 00:00
Himachal Pradesh,Kangra,Kangra(Jaisinghpur),Apple,Fruits,0.15,4000,9500,7500,21-Oct-21,21-10-2021 00:00
Himachal Pradesh,Kangra,Kangra(Baijnath),Apple,Fruits,0.3,6000,10000,7000,21-Oct-21,21-10-2021 00:00
Himachal Pradesh,Kangra,Kangra,Other,Fruits,1.0,4000,9000,6500,21-Oct-21,21-10-2021 00:00
Himachal Pradesh,Hamirpur,Hamirpur(Nadaun),Delicious,Fruits,0.98,8000,10000,9000,21-Oct-21,21-10-2021 00:00
Himachal Pradesh,Hamirpur,Hamirpur,Royal Delicious,Fruits,1.25,5000,7000,6000,21-Oct-21,21-10-2021 00:00
Himachal Pradesh,Hamirpur,Hamirpur,Delicious,Fruits,1.25,9000,11000,10000,21-Oct-21,21-10-2021 00:00
Himachal Pradesh,Mandi,Dhanotu (Mandi),Royal Delicious,Fruits,1.4,4000,8000,6000,21-Oct-21,21-10-2021 00:00
Himachal Pradesh,Chamba,Chamba,Royal Delicious,Fruits,0.39,8500,9000,8750,21-Oct-21,21-10-2021 00:00
Himachal Pradesh,Bilaspur,Bilaspur,Apple,Fruits,0.2,3000,9000,5500,21-Oct-21,21-10-2021 00:00
Himachal Pradesh,Hamirpur,Hamirpur(Nadaun),Other,Fruits,0.98,5000,7000,6000,21-Oct-21,21-10-2021 00:00
Himachal Pradesh,Solan,Solan,Apple,Fruits,29.3,3000,12500,7800,22-Oct-21,22-10-2021 00:00
Himachal Pradesh,Una,Una,Other,Fruits,5.7,7000,9000,8000,22-Oct-21,22-10-2021 00:00
Himachal Pradesh,Shimla,Rohroo,Royal Delicious,Fruits,16.0,2000,8000,5000,22-Oct-21,22-10-2021 00:00
Himachal Pradesh,Kangra,Palampur,Apple,Fruits,1.8,4000,9000,6500,22-Oct-21,22-10-2021 00:00
Himachal Pradesh,Kullu,Kullu,Other,Fruits,0.3,2500,4500,3500,22-Oct-21,22-10-2021 00:00
Himachal Pradesh,Mandi,Mandi(Mandi),Apple,Fruits,0.6,2800,8000,6000,22-Oct-21,22-10-2021 00:00
Himachal Pradesh,Kullu,Bandrol,Delicious,Fruits,3.2,1000,4900,2800,22-Oct-21,22-10-2021 00:00
Himachal Pradesh,Kullu,Bhuntar,Apple,Fruits,0.8,1500,3000,2200,22-Oct-21,22-10-2021 00:00
Himachal Pradesh,Bilaspur,Bilaspur,Apple,Fruits,0.2,3000,8000,5500,22-Oct-21,22-10-2021 00:00
Himachal Pradesh,Chamba,Chamba,Royal Delicious,Fruits,0.27,10000,12000,11000,22-Oct-21,22-10-2021 00:00
Himachal Pradesh,Mandi,Dhanotu (Mandi),Royal Delicious,Fruits,1.0,3000,8000,5500,22-Oct-21,22-10-2021 00:00
Himachal Pradesh,Hamirpur,Hamirpur,Delicious,Fruits,1.3,8000,10000,9000,22-Oct-21,22-10-2021 00:00
Himachal Pradesh,Hamirpur,Hamirpur,Royal Delicious,Fruits,1.3,5000,7000,6000,22-Oct-21,22-10-2021 00:00
Himachal Pradesh,Hamirpur,Hamirpur(Nadaun),Other,Fruits,1.1,6000,10000,8000,22-Oct-21,22-10-2021 00:00
Himachal Pradesh,Kangra,Kangra,Other,Fruits,1.4,4000,9000,8500,22-Oct-21,22-10-2021 00:00
Himachal Pradesh,Kangra,Kangra(Baijnath),Apple,Fruits,0.4,6000,10000,7000,22-Oct-21,22-10-2021 00:00
Himachal Pradesh,Kangra,Kangra(Jaisinghpur),Apple,Fruits,0.17,4000,9000,7500,22-Oct-21,22-10-2021 00:00
Himachal Pradesh,Una,Una,Other,Fruits,5.5,8000,10000,9000,23-Oct-21,23-10-2021 00:00
Himachal Pradesh,Solan,Solan,Apple,Fruits,75.34,3000,7500,5300,23-Oct-21,23-10-2021 00:00
Himachal Pradesh,Kangra,Palampur,Golden,Fruits,1.8,5000,6000,5500,23-Oct-21,23-10-2021 00:00
Himachal Pradesh,Bilaspur,Bilaspur,Apple,Fruits,0.2,3000,9000,5000,23-Oct-21,23-10-2021 00:00
Himachal Pradesh,Chamba,Chamba,Royal Delicious,Fruits,0.24,8000,10000,9000,23-Oct-21,23-10-2021 00:00
Himachal Pradesh,Mandi,Dhanotu (Mandi),Royal Delicious,Fruits,0.6,4000,8000,6000,23-Oct-21,23-10-2021 00:00
Himachal Pradesh,Hamirpur,Hamirpur,Delicious,Fruits,1.35,9000,11000,10000,23-Oct-21,23-10-2021 00:00
Himachal Pradesh,Hamirpur,Hamirpur,Royal Delicious,Fruits,1.35,5000,7000,6000,23-Oct-21,23-10-2021 00:00
Himachal Pradesh,Hamirpur,Hamirpur(Nadaun),Other,Fruits,1.1,6000,10000,8000,23-Oct-21,23-10-2021 00:00
Himachal Pradesh,Kangra,Kangra,Other,Fruits,1.2,4000,9000,6500,23-Oct-21,23-10-2021 00:00
Himachal Pradesh,Kangra,Kangra(Baijnath),Apple,Fruits,0.3,6000,10000,8000,23-Oct-21,23-10-2021 00:00
Himachal Pradesh,Kangra,Kangra(Jaisinghpur),Apple,Fruits,0.2,9000,10000,9500,23-Oct-21,23-10-2021 00:00
Himachal Pradesh,Kangra,Palampur,Apple,Fruits,1.8,9000,10000,9500,23-Oct-21,23-10-2021 00:00
Himachal Pradesh,Solan,Solan,Apple,Fruits,52.88,5000,7300,6200,24-Oct-21,24-10-2021 00:00
Himachal Pradesh,Shimla,Rohroo,Royal Delicious,Fruits,16.0,2000,7000,4500,24-Oct-21,24-10-2021 00:00
Himachal Pradesh,Kullu,Bhuntar,Apple,Fruits,1.0,2000,3000,2500,24-Oct-21,24-10-2021 00:00
Himachal Pradesh,Kullu,Bhuntar,Golden,Fruits,1.0,2000,3000,2500,24-Oct-21,24-10-2021 00:00
Himachal Pradesh,Kullu,Bandrol,Delicious,Fruits,1.6,1000,5000,2500,24-Oct-21,24-10-2021 00:00
Himachal Pradesh,Bilaspur,Bilaspur,Apple,Fruits,0.2,3000,9000,5500,25-Oct-21,25-10-2021 00:00
Himachal Pradesh,Hamirpur,Hamirpur,Delicious,Fruits,1.35,8000,10000,9000,25-Oct-21,25-10-2021 00:00
Himachal Pradesh,Hamirpur,Hamirpur,Royal Delicious,Fruits,1.35,5000,7000,6000,25-Oct-21,25-10-2021 00:00
Himachal Pradesh,Hamirpur,Hamirpur(Nadaun),Other,Fruits,1.0,5000,10000,8000,25-Oct-21,25-10-2021 00:00
Himachal Pradesh,Kangra,Kangra,Other,Fruits,0.9,4000,8000,6000,25-Oct-21,25-10-2021 00:00
Himachal Pradesh,Kangra,Kangra(Jaisinghpur),Apple,Fruits,0.2,4000,10000,6900,25-Oct-21,25-10-2021 00:00
Himachal Pradesh,Mandi,Mandi(Mandi),Apple,Fruits,1.15,3000,11000,6000,25-Oct-21,25-10-2021 00:00
Himachal Pradesh,Kangra,Palampur,Golden,Fruits,1.7,5000,6000,5500,25-Oct-21,25-10-2021 00:00
Himachal Pradesh,Kangra,Palampur,Apple,Fruits,1.7,9000,10000,9500,25-Oct-21,25-10-2021 00:00
Himachal Pradesh,Shimla,Rohroo,Royal Delicious,Fruits,9.0,2000,7000,4500,25-Oct-21,25-10-2021 00:00
Himachal Pradesh,Solan,Solan,Apple,Fruits,35.16,5000,6000,5500,25-Oct-21,25-10-2021 00:00
Himachal Pradesh,Una,Una,Other,Fruits,3.4,8000,10000,9000,25-Oct-21,25-10-2021 00:00
Himachal Pradesh,Mandi,Dhanotu (Mandi),Royal Delicious,Fruits,1.3,2000,8000,5000,25-Oct-21,25-10-2021 00:00
Himachal Pradesh,Kullu,Bhuntar,Apple,Fruits,1.6,1000,3800,2400,26-Oct-21,26-10-2021 00:00
Himachal Pradesh,Mandi,Dhanotu (Mandi),Royal Delicious,Fruits,0.6,6000,8000,7000,26-Oct-21,26-10-2021 00:00
Himachal Pradesh,Kangra,Kangra(Jaisinghpur),Apple,Fruits,0.17,4000,8500,6500,26-Oct-21,26-10-2021 00:00
Himachal Pradesh,Kullu,Kullu(Chauri Bihal),Apple,Fruits,0.3,4000,6000,5000,26-Oct-21,26-10-2021 00:00
Himachal Pradesh,Mandi,Mandi(Mandi),Apple,Fruits,0.4,2000,8500,6000,26-Oct-21,26-10-2021 00:00
Himachal Pradesh,Kangra,Palampur,Golden,Fruits,1.8,4000,8000,6500,26-Oct-21,26-10-2021 00:00
Himachal Pradesh,Kangra,Palampur,Apple,Fruits,1.8,4000,9000,6500,26-Oct-21,26-10-2021 00:00
Himachal Pradesh,Shimla,Rohroo,Royal Delicious,Fruits,4.0,2000,6000,4000,26-Oct-21,26-10-2021 00:00
Himachal Pradesh,Una,Una,Other,Fruits,2.7,8000,10000,9000,26-Oct-21,26-10-2021 00:00
Himachal Pradesh,Kullu,Bandrol,Delicious,Fruits,1.9,1500,5400,3000,27-Oct-21,27-10-2021 00:00
Himachal Pradesh,Kullu,Bhuntar,Apple,Fruits,1.4,1000,3000,2000,27-Oct-21,27-10-2021 00:00
Himachal Pradesh,Chamba,Chamba,Royal Delicious,Fruits,0.07,9000,9500,9250,27-Oct-21,27-10-2021 00:00
Himachal Pradesh,Una,Una,Other,Fruits,3.2,8000,10000,9000,27-Oct-21,27-10-2021 00:00
Himachal Pradesh,Solan,Solan,Apple,Fruits,54.78,4000,8000,6000,27-Oct-21,27-10-2021 00:00
Himachal Pradesh,Shimla,Rohroo,Royal Delicious,Fruits,2.6,2000,5000,3500,27-Oct-21,27-10-2021 00:00
Himachal Pradesh,Kangra,Palampur,Apple,Fruits,2.6,6500,7000,6750,27-Oct-21,27-10-2021 00:00
Himachal Pradesh,Kangra,Palampur,Golden,Fruits,2.6,4000,6500,5250,27-Oct-21,27-10-2021 00:00
Himachal Pradesh,Mandi,Mandi(Mandi),Apple,Fruits,1.0,5000,11000,7000,27-Oct-21,27-10-2021 00:00
Himachal Pradesh,Kangra,Kangra(Jaisinghpur),Apple,Fruits,0.15,4000,7500,5850,27-Oct-21,27-10-2021 00:00
Himachal Pradesh,Kangra,Kangra,Other,Fruits,1.0,4000,7000,5500,27-Oct-21,27-10-2021 00:00
Himachal Pradesh,Hamirpur,Hamirpur(Nadaun),Other,Fruits,1.0,5000,11000,8000,27-Oct-21,27-10-2021 00:00
Himachal Pradesh,Hamirpur,Hamirpur,Royal Delicious,Fruits,1.2,5000,7500,6500,27-Oct-21,27-10-2021 00:00
Himachal Pradesh,Hamirpur,Hamirpur,Delicious,Fruits,1.2,9500,11000,10500,27-Oct-21,27-10-2021 00:00
Himachal Pradesh,Mandi,Dhanotu (Mandi),Royal Delicious,Fruits,0.7,2500,8000,5250,27-Oct-21,27-10-2021 00:00
Himachal Pradesh,Kullu,Kullu(Chauri Bihal),Apple,Fruits,0.3,2000,4500,3500,27-Oct-21,27-10-2021 00:00
Himachal Pradesh,Kullu,Bandrol,Delicious,Fruits,1.0,1000,4800,3000,28-Oct-21,28-10-2021 00:00
Himachal Pradesh,Kullu,Bhuntar,Apple,Fruits,1.2,1000,4000,2500,28-Oct-21,28-10-2021 00:00
Himachal Pradesh,Hamirpur,Hamirpur,Delicious,Fruits,1.2,8000,10000,9000,28-Oct-21,28-10-2021 00:00
Himachal Pradesh,Hamirpur,Hamirpur,Royal Delicious,Fruits,1.2,5000,7000,6000,28-Oct-21,28-10-2021 00:00
Himachal Pradesh,Hamirpur,Hamirpur(Nadaun),Other,Fruits,0.85,6000,10000,8000,28-Oct-21,28-10-2021 00:00
Himachal Pradesh,Kangra,Kangra,Other,Fruits,0.8,4000,7000,5500,28-Oct-21,28-10-2021 00:00
Himachal Pradesh,Kangra,Kangra(Baijnath),Apple,Fruits,0.3,6000,10000,7000,28-Oct-21,28-10-2021 00:00
Himachal Pradesh,Kangra,Kangra(Jaisinghpur),Apple,Fruits,0.25,4000,7500,5900,28-Oct-21,28-10-2021 00:00
Himachal Pradesh,Kullu,Kullu(Chauri Bihal),Apple,Fruits,0.5,1000,5000,3000,28-Oct-21,28-10-2021 00:00
Himachal Pradesh,Kangra,Palampur,Golden,Fruits,2.6,4000,6500,5250,28-Oct-21,28-10-2021 00:00
Himachal Pradesh,Kangra,Palampur,Apple,Fruits,2.6,6500,7000,6750,28-Oct-21,28-10-2021 00:00
Himachal Pradesh,Solan,Solan,Apple,Fruits,48.04,5000,8500,7000,28-Oct-21,28-10-2021 00:00
Himachal Pradesh,Una,Una,Other,Fruits,3.2,7000,10000,8500,28-Oct-21,28-10-2021 00:00
Himachal Pradesh,Kullu,Bandrol,Delicious,Fruits,1.2,1000,4500,2700,29-Oct-21,29-10-2021 00:00
Himachal Pradesh,Kullu,Bhuntar,Apple,Fruits,1.0,1000,3000,2000,29-Oct-21,29-10-2021 00:00
Himachal Pradesh,Mandi,Dhanotu (Mandi),Royal Delicious,Fruits,0.8,3000,8000,5500,29-Oct-21,29-10-2021 00:00
Himachal Pradesh,Hamirpur,Hamirpur(Nadaun),Other,Fruits,1.0,10000,11000,10500,29-Oct-21,29-10-2021 00:00
Himachal Pradesh,Kangra,Kangra,Other,Fruits,0.7,4000,8000,6000,29-Oct-21,29-10-2021 00:00
Himachal Pradesh,Kangra,Kangra(Jaisinghpur),Apple,Fruits,0.25,4000,8000,6500,29-Oct-21,29-10-2021 00:00
Himachal Pradesh,Mandi,Mandi(Mandi),Apple,Fruits,0.6,2000,9000,6000,29-Oct-21,29-10-2021 00:00
Himachal Pradesh,Kangra,Palampur,Golden,Fruits,2.5,4000,6500,5300,29-Oct-21,29-10-2021 00:00
Himachal Pradesh,Kangra,Palampur,Apple,Fruits,2.5,6500,7000,6750,29-Oct-21,29-10-2021 00:00
Himachal Pradesh,Solan,Solan,Apple,Fruits,14.46,5000,8000,7000,29-Oct-21,29-10-2021 00:00
Himachal Pradesh,Una,Una,Other,Fruits,3.3,8000,10000,9000,29-Oct-21,29-10-2021 00:00
Himachal Pradesh,Hamirpur,Hamirpur,Royal Delicious,Fruits,0.8,10000,11000,10500,29-Oct-21,29-10-2021 00:00
Himachal Pradesh,Hamirpur,Hamirpur,Delicious,Fruits,1.2,10000,13000,11500,30-Oct-21,30-10-2021 00:00
Himachal Pradesh,Hamirpur,Hamirpur,Royal Delicious,Fruits,1.2,5000,7500,6000,30-Oct-21,30-10-2021 00:00
Himachal Pradesh,Hamirpur,Hamirpur(Nadaun),Delicious,Fruits,0.8,10000,11000,10500,30-Oct-21,30-10-2021 00:00
Himachal Pradesh,Hamirpur,Hamirpur(Nadaun),Other,Fruits,0.8,5000,7500,6000,30-Oct-21,30-10-2021 00:00
Himachal Pradesh,Kangra,Kangra,Other,Fruits,0.8,4000,8000,6000,30-Oct-21,30-10-2021 00:00
Himachal Pradesh,Kangra,Kangra(Jaisinghpur),Apple,Fruits,0.25,5000,8500,6500,30-Oct-21,30-10-2021 00:00
Himachal Pradesh,Kangra,Palampur,Golden,Fruits,1.7,5000,7500,5900,30-Oct-21,30-10-2021 00:00
Himachal Pradesh,Kangra,Palampur,Apple,Fruits,1.7,8000,8500,8250,30-Oct-21,30-10-2021 00:00
Himachal Pradesh,Solan,Solan,Apple,Fruits,38.84,5000,8000,7000,30-Oct-21,30-10-2021 00:00
Himachal Pradesh,Una,Una,Other,Fruits,2.9,8000,10000,9000,30-Oct-21,30-10-2021 00:00
Himachal Pradesh,Solan,Solan,Apple,Fruits,5.1,5000,6000,5500,31-Oct-21,31-10-2021 00:00
Himachal Pradesh,Kullu,Bhuntar,Apple,Fruits,0.6,1500,3000,2200,31-Oct-21,31-10-2021 00:00
Himachal Pradesh,Mandi,Dhanotu (Mandi),Royal Delicious,Fruits,0.8,4500,8000,6250,01-Nov-21,01-11-2021 00:00
Himachal Pradesh,Hamirpur,Hamirpur,Royal Delicious,Fruits,1.35,5000,7500,6200,01-Nov-21,01-11-2021 00:00
Himachal Pradesh,Hamirpur,Hamirpur(Nadaun),Other,Fruits,1.0,5000,10000,8000,01-Nov-21,01-11-2021 00:00
Himachal Pradesh,Kangra,Kangra,Other,Fruits,0.6,4000,8000,6000,01-Nov-21,01-11-2021 00:00
Himachal Pradesh,Kullu,Kullu(Chauri Bihal),Apple,Fruits,0.7,2000,8000,6000,01-Nov-21,01-11-2021 00:00
Himachal Pradesh,Solan,Solan,Apple,Fruits,22.1,4500,5500,5000,01-Nov-21,01-11-2021 00:00
Himachal Pradesh,Hamirpur,Hamirpur,Delicious,Fruits,1.35,9000,11000,10000,01-Nov-21,01-11-2021 00:00
Himachal Pradesh,Mandi,Dhanotu (Mandi),Royal Delicious,Fruits,0.6,3000,10000,6500,02-Nov-21,02-11-2021 00:00
Himachal Pradesh,Hamirpur,Hamirpur,Delicious,Fruits,1.35,9500,11000,10500,02-Nov-21,02-11-2021 00:00
Himachal Pradesh,Hamirpur,Hamirpur,Royal Delicious,Fruits,1.35,5000,7500,6500,02-Nov-21,02-11-2021 00:00
Himachal Pradesh,Hamirpur,Hamirpur(Nadaun),Other,Fruits,1.0,5000,11000,9000,02-Nov-21,02-11-2021 00:00
Himachal Pradesh,Solan,Solan,Apple,Fruits,21.64,5000,6000,5500,02-Nov-21,02-11-2021 00:00
Himachal Pradesh,Una,Una,Other,Fruits,2.9,10000,12000,11000,02-Nov-21,02-11-2021 00:00
Himachal Pradesh,Chamba,Chamba,Royal Delicious,Fruits,0.08,8000,9000,8500,03-Nov-21,03-11-2021 00:00
Himachal Pradesh,Mandi,Dhanotu (Mandi),Royal Delicious,Fruits,0.6,4000,7500,5750,03-Nov-21,03-11-2021 00:00
Himachal Pradesh,Hamirpur,Hamirpur,Royal Delicious,Fruits,1.45,5000,7500,6500,03-Nov-21,03-11-2021 00:00
Himachal Pradesh,Hamirpur,Hamirpur(Nadaun),Other,Fruits,1.0,6000,10000,8000,03-Nov-21,03-11-2021 00:00
Himachal Pradesh,Kangra,Kangra,Other,Fruits,0.6,4000,9000,6500,03-Nov-21,03-11-2021 00:00
Himachal Pradesh,Kullu,Kullu(Chauri Bihal),Apple,Fruits,0.4,4000,5000,4500,03-Nov-21,03-11-2021 00:00
Himachal Pradesh,Solan,Solan,Apple,Fruits,45.98,4000,7000,5500,03-Nov-21,03-11-2021 00:00
Himachal Pradesh,Una,Una,Other,Fruits,3.7,10000,13000,11500,03-Nov-21,03-11-2021 00:00
Himachal Pradesh,Hamirpur,Hamirpur,Delicious,Fruits,1.45,9500,11000,10500,03-Nov-21,03-11-2021 00:00
Himachal Pradesh,Solan,Solan,Apple,Fruits,20.7,4000,8000,6000,04-Nov-21,04-11-2021 00:00
Himachal Pradesh,Mandi,Dhanotu (Mandi),Royal Delicious,Fruits,0.5,7000,8000,7500,04-Nov-21,04-11-2021 00:00
Himachal Pradesh,Mandi,Dhanotu (Mandi),Royal Delicious,Fruits,0.5,7000,7500,7250,06-Nov-21,06-11-2021 00:00
Himachal Pradesh,Hamirpur,Hamirpur,Royal Delicious,Fruits,0.9,5000,7500,6000,06-Nov-21,06-11-2021 00:00
Himachal Pradesh,Kangra,Kangra,Other,Fruits,0.7,5000,9000,7000,06-Nov-21,06-11-2021 00:00
Himachal Pradesh,Solan,Solan,Apple,Fruits,13.9,3000,6000,4500,06-Nov-21,06-11-2021 00:00
Himachal Pradesh,Una,Una,Other,Fruits,2.7,10000,15000,12500,06-Nov-21,06-11-2021 00:00
Himachal Pradesh,Hamirpur,Hamirpur,Other,Fruits,0.9,10000,10500,10250,06-Nov-21,06-11-2021 00:00
Himachal Pradesh,Solan,Solan,Apple,Fruits,1.86,5000,6000,5500,07-Nov-21,07-11-2021 00:00
Himachal Pradesh,Mandi,Dhanotu (Mandi),Royal Delicious,Fruits,0.4,5000,7000,6000,08-Nov-21,08-11-2021 00:00
Himachal Pradesh,Hamirpur,Hamirpur,Delicious,Fruits,1.32,5000,11000,8500,08-Nov-21,08-11-2021 00:00
Himachal Pradesh,Hamirpur,Hamirpur(Nadaun),Delicious,Fruits,0.56,5000,11000,8250,08-Nov-21,08-11-2021 00:00
Himachal Pradesh,Kangra,Kangra,Other,Fruits,0.6,5000,9000,7000,08-Nov-21,08-11-2021 00:00
Himachal Pradesh,Solan,Solan,Apple,Fruits,1.22,4000,6000,5000,08-Nov-21,08-11-2021 00:00
Himachal Pradesh,Una,Una,Other,Fruits,2.9,7000,12000,9500,08-Nov-21,08-11-2021 00:00
Himachal Pradesh,Mandi,Dhanotu (Mandi),Royal Delicious,Fruits,0.7,5000,10000,7500,09-Nov-21,09-11-2021 00:00
Himachal Pradesh,Hamirpur,Hamirpur,Delicious,Fruits,1.8,5000,11000,7500,09-Nov-21,09-11-2021 00:00
Himachal Pradesh,Kangra,Kangra,Other,Fruits,0.5,5000,9000,7000,09-Nov-21,09-11-2021 00:00
Himachal Pradesh,Una,Una,Other,Fruits,2.8,6000,12000,9000,09-Nov-21,09-11-2021 00:00
Himachal Pradesh,Mandi,Dhanotu (Mandi),Royal Delicious,Fruits,0.8,5000,10000,7500,10-Nov-21,10-11-2021 00:00
Himachal Pradesh,Kangra,Kangra(Jaisinghpur),Apple,Fruits,0.19,8500,9500,9000,10-Nov-21,10-11-2021 00:00
Himachal Pradesh,Mandi,Mandi(Mandi),Apple,Fruits,0.9,5500,8000,6000,10-Nov-21,10-11-2021 00:00
Himachal Pradesh,Kangra,Palampur,Apple,Fruits,1.6,8500,10000,9200,10-Nov-21,10-11-2021 00:00
Himachal Pradesh,Una,Una,Other,Fruits,2.5,8000,12000,10000,10-Nov-21,10-11-2021 00:00
Himachal Pradesh,Kangra,Kangra,Other,Fruits,0.4,5000,9000,7000,10-Nov-21,10-11-2021 00:00
Himachal Pradesh,Chamba,Chamba,Royal Delicious,Fruits,0.2,7000,8000,7500,11-Nov-21,11-11-2021 00:00
Himachal Pradesh,Mandi,Dhanotu (Mandi),Royal Delicious,Fruits,0.7,8000,10000,9000,11-Nov-21,11-11-2021 00:00
Himachal Pradesh,Hamirpur,Hamirpur,Delicious,Fruits,0.9,5000,11000,8500,11-Nov-21,11-11-2021 00:00
Himachal Pradesh,Hamirpur,Hamirpur(Nadaun),Delicious,Fruits,0.45,5000,11000,7500,11-Nov-21,11-11-2021 00:00
Himachal Pradesh,Kangra,Kangra,Other,Fruits,0.4,5000,9000,7000,11-Nov-21,11-11-2021 00:00
Himachal Pradesh,Kangra,Kangra(Baijnath),Apple,Fruits,0.1,7000,9000,8000,11-Nov-21,11-11-2021 00:00
Himachal Pradesh,Kangra,Kangra(Jaisinghpur),Apple,Fruits,0.07,9000,10000,9500,11-Nov-21,11-11-2021 00:00
Himachal Pradesh,Kangra,Palampur,Apple,Fruits,1.9,9500,10000,9750,11-Nov-21,11-11-2021 00:00
Himachal Pradesh,Una,Santoshgarh,Other,Fruits,0.56,4500,5500,5000,11-Nov-21,11-11-2021 00:00
Himachal Pradesh,Una,Una,Other,Fruits,2.4,7000,12000,9500,11-Nov-21,11-11-2021 00:00
Himachal Pradesh,Bilaspur,Bilaspur,Apple,Fruits,0.2,7000,12000,9000,12-Nov-21,12-11-2021 00:00
Himachal Pradesh,Mandi,Dhanotu (Mandi),Royal Delicious,Fruits,0.8,6000,11000,8500,12-Nov-21,12-11-2021 00:00
Himachal Pradesh,Hamirpur,Hamirpur,Delicious,Fruits,0.7,10000,11000,10500,12-Nov-21,12-11-2021 00:00
Himachal Pradesh,Hamirpur,Hamirpur,Royal Delicious,Fruits,0.7,5000,7500,6500,12-Nov-21,12-11-2021 00:00
Himachal Pradesh,Hamirpur,Hamirpur(Nadaun),Other,Fruits,0.3,5000,11000,8000,12-Nov-21,12-11-2021 00:00
Himachal Pradesh,Kangra,Kangra,Other,Fruits,0.5,5000,9000,7000,12-Nov-21,12-11-2021 00:00
Himachal Pradesh,Kangra,Kangra(Baijnath),Apple,Fruits,0.1,6000,7000,7000,12-Nov-21,12-11-2021 00:00
Himachal Pradesh,Kangra,Kangra(Jaisinghpur),Apple,Fruits,0.19,9000,10000,9500,12-Nov-21,12-11-2021 00:00
Himachal Pradesh,Mandi,Mandi(Mandi),Apple,Fruits,0.7,6000,9000,8000,12-Nov-21,12-11-2021 00:00
Himachal Pradesh,Kangra,Palampur,Apple,Fruits,1.7,9500,10000,9750,12-Nov-21,12-11-2021 00:00
Himachal Pradesh,Hamirpur,Hamirpur,Delicious,Fruits,0.6,10500,11500,11000,13-Nov-21,13-11-2021 00:00
Himachal Pradesh,Hamirpur,Hamirpur,Royal Delicious,Fruits,0.6,5000,8000,6500,13-Nov-21,13-11-2021 00:00
Himachal Pradesh,Hamirpur,Hamirpur(Nadaun),Other,Fruits,0.8,5000,11000,8500,13-Nov-21,13-11-2021 00:00
Himachal Pradesh,Kangra,Kangra(Baijnath),Apple,Fruits,0.2,6000,9000,7000,13-Nov-21,13-11-2021 00:00
Himachal Pradesh,Kangra,Kangra(Jaisinghpur),Apple,Fruits,0.19,9000,10000,9500,13-Nov-21,13-11-2021 00:00
Himachal Pradesh,Mandi,Mandi(Mandi),Apple,Fruits,0.6,6000,7200,7000,13-Nov-21,13-11-2021 00:00
Himachal Pradesh,Kangra,Palampur,Apple,Fruits,1.8,9500,10000,9750,13-Nov-21,13-11-2021 00:00
Himachal Pradesh,Una,Una,Other,Fruits,2.5,7000,12000,9500,13-Nov-21,13-11-2021 00:00
Himachal Pradesh,Mandi,Dhanotu (Mandi),Royal Delicious,Fruits,0.8,6000,11000,8500,15-Nov-21,15-11-2021 00:00
Himachal Pradesh,Hamirpur,Hamirpur,Delicious,Fruits,1.35,10000,11500,11000,15-Nov-21,15-11-2021 00:00
Himachal Pradesh,Hamirpur,Hamirpur,Royal Delicious,Fruits,1.35,5000,8000,6500,15-Nov-21,15-11-2021 00:00
Himachal Pradesh,Hamirpur,Hamirpur(Nadaun),Delicious,Fruits,3.0,10000,11000,10500,15-Nov-21,15-11-2021 00:00
Himachal Pradesh,Kangra,Kangra,Other,Fruits,0.5,7000,10000,8500,15-Nov-21,15-11-2021 00:00
Himachal Pradesh,Kangra,Kangra(Baijnath),Apple,Fruits,0.09,7000,9000,8000,15-Nov-21,15-11-2021 00:00
Himachal Pradesh,Kangra,Kangra(Jaisinghpur),Apple,Fruits,0.1,7000,9500,8500,15-Nov-21,15-11-2021 00:00
Himachal Pradesh,Mandi,Mandi(Mandi),Apple,Fruits,0.8,2000,7500,6000,15-Nov-21,15-11-2021 00:00
Himachal Pradesh,Kangra,Palampur,Apple,Fruits,1.8,7000,9500,8000,15-Nov-21,15-11-2021 00:00
Himachal Pradesh,Una,Santoshgarh,Other,Fruits,0.48,4500,5000,4750,15-Nov-21,15-11-2021 00:00
Himachal Pradesh,Una,Una,Other,Fruits,2.2,8000,13000,10500,15-Nov-21,15-11-2021 00:00
Himachal Pradesh,Hamirpur,Hamirpur(Nadaun),Other,Fruits,3.0,5000,8000,6500,15-Nov-21,15-11-2021 00:00
Himachal Pradesh,Mandi,Dhanotu (Mandi),Royal Delicious,Fruits,0.6,4000,9000,6500,16-Nov-21,16-11-2021 00:00
Himachal Pradesh,Hamirpur,Hamirpur,Royal Delicious,Fruits,1.0,5000,8000,6500,16-Nov-21,16-11-2021 00:00
Himachal Pradesh,Hamirpur,Hamirpur(Nadaun),Other,Fruits,0.6,6000,11000,8000,16-Nov-21,16-11-2021 00:00
Himachal Pradesh,Kangra,Kangra,Other,Fruits,0.4,5000,9000,7000,16-Nov-21,16-11-2021 00:00
Himachal Pradesh,Kangra,Kangra(Jaisinghpur),Apple,Fruits,0.19,7000,8000,7500,16-Nov-21,16-11-2021 00:00
Himachal Pradesh,Mandi,Mandi(Mandi),Apple,Fruits,0.6,6000,11000,8000,16-Nov-21,16-11-2021 00:00
Himachal Pradesh,Kangra,Palampur,Apple,Fruits,1.8,7000,8000,7500,16-Nov-21,16-11-2021 00:00
Himachal Pradesh,Una,Una,Other,Fruits,1.4,6000,12000,9000,16-Nov-21,16-11-2021 00:00
Himachal Pradesh,Hamirpur,Hamirpur,Delicious,Fruits,1.0,10000,11000,10500,16-Nov-21,16-11-2021 00:00
Himachal Pradesh,Bilaspur,Bilaspur,Apple,Fruits,0.2,7000,12000,12000,17-Nov-21,17-11-2021 00:00
Himachal Pradesh,Mandi,Dhanotu (Mandi),Royal Delicious,Fruits,0.8,5000,10000,7500,17-Nov-21,17-11-2021 00:00
Himachal Pradesh,Hamirpur,Hamirpur,Delicious,Fruits,0.9,10500,11500,11000,17-Nov-21,17-11-2021 00:00
Himachal Pradesh,Hamirpur,Hamirpur,Royal Delicious,Fruits,0.9,5000,8000,6500,17-Nov-21,17-11-2021 00:00
Himachal Pradesh,Hamirpur,Hamirpur(Nadaun),Delicious,Fruits,0.55,10000,11000,10500,17-Nov-21,17-11-2021 00:00
Himachal Pradesh,Hamirpur,Hamirpur(Nadaun),Other,Fruits,0.55,5000,8000,6500,17-Nov-21,17-11-2021 00:00
Himachal Pradesh,Kangra,Kangra,Other,Fruits,0.4,5000,9000,7000,17-Nov-21,17-11-2021 00:00
Himachal Pradesh,Kangra,Kangra(Jaisinghpur),Apple,Fruits,0.08,7000,8000,7500,17-Nov-21,17-11-2021 00:00
Himachal Pradesh,Mandi,Mandi(Mandi),Apple,Fruits,1.4,2500,11000,6000,17-Nov-21,17-11-2021 00:00
Himachal Pradesh,Kangra,Palampur,Apple,Fruits,2.1,6500,7500,7000,17-Nov-21,17-11-2021 00:00
Himachal Pradesh,Una,Santoshgarh,Other,Fruits,0.48,5000,6000,5500,17-Nov-21,17-11-2021 00:00
Himachal Pradesh,Una,Una,Other,Fruits,2.1,4500,10000,7500,17-Nov-21,17-11-2021 00:00
Himachal Pradesh,Mandi,Dhanotu (Mandi),Royal Delicious,Fruits,1.1,1500,7500,4500,18-Nov-21,18-11-2021 00:00
Himachal Pradesh,Hamirpur,Hamirpur,Delicious,Fruits,0.85,10500,11500,11000,18-Nov-21,18-11-2021 00:00
Himachal Pradesh,Hamirpur,Hamirpur,Royal Delicious,Fruits,0.85,5000,8000,6500,18-Nov-21,18-11-2021 00:00
Himachal Pradesh,Hamirpur,Hamirpur(Nadaun),Delicious,Fruits,0.55,10000,11000,10500,18-Nov-21,18-11-2021 00:00
Himachal Pradesh,Hamirpur,Hamirpur(Nadaun),Other,Fruits,0.55,5000,8000,6500,18-Nov-21,18-11-2021 00:00
Himachal Pradesh,Kangra,Kangra,Other,Fruits,0.4,5000,9000,7000,18-Nov-21,18-11-2021 00:00
Himachal Pradesh,Kangra,Kangra(Baijnath),Apple,Fruits,0.2,6000,9000,7000,18-Nov-21,18-11-2021 00:00
Himachal Pradesh,Kangra,Kangra(Jaisinghpur),Apple,Fruits,0.08,7000,8000,7500,18-Nov-21,18-11-2021 00:00
Himachal Pradesh,Mandi,Mandi(Mandi),Apple,Fruits,0.7,2000,9000,6000,18-Nov-21,18-11-2021 00:00
Himachal Pradesh,Kangra,Palampur,Apple,Fruits,1.4,7000,8000,7500,18-Nov-21,18-11-2021 00:00
Himachal Pradesh,Solan,Solan,Apple,Fruits,0.01,5000,5500,5300,18-Nov-21,18-11-2021 00:00
Himachal Pradesh,Una,Una,Other,Fruits,2.0,6000,16000,11000,18-Nov-21,18-11-2021 00:00
Himachal Pradesh,Chamba,Chamba,Royal Delicious,Fruits,0.1,8000,9000,8500,19-Nov-21,19-11-2021 00:00
Himachal Pradesh,Mandi,Dhanotu (Mandi),Royal Delicious,Fruits,0.8,5000,10000,7500,19-Nov-21,19-11-2021 00:00
Himachal Pradesh,Una,Una,Other,Fruits,2.2,6000,15000,10500,19-Nov-21,19-11-2021 00:00
Himachal Pradesh,Mandi,Dhanotu (Mandi),Royal Delicious,Fruits,0.9,2500,10000,6250,20-Nov-21,20-11-2021 00:00
Himachal Pradesh,Hamirpur,Hamirpur,Delicious,Fruits,0.8,10000,12000,11000,20-Nov-21,20-11-2021 00:00
Himachal Pradesh,Hamirpur,Hamirpur,Royal Delicious,Fruits,0.8,6000,8000,7000,20-Nov-21,20-11-2021 00:00
Himachal Pradesh,Hamirpur,Hamirpur(Nadaun),Other,Fruits,0.55,6000,11000,8500,20-Nov-21,20-11-2021 00:00
Himachal Pradesh,Kangra,Kangra,Other,Fruits,0.5,5000,6000,5500,20-Nov-21,20-11-2021 00:00
Himachal Pradesh,Kangra,Kangra(Jaisinghpur),Apple,Fruits,0.1,7000,8000,7500,20-Nov-21,20-11-2021 00:00
Himachal Pradesh,Kangra,Palampur,Apple,Fruits,1.7,7000,8000,7500,20-Nov-21,20-11-2021 00:00
Himachal Pradesh,Solan,Solan,Apple,Fruits,0.01,4000,8000,6000,20-Nov-21,20-11-2021 00:00
Himachal Pradesh,Una,Una,Other,Fruits,2.3,6000,16000,10000,20-Nov-21,20-11-2021 00:00
Himachal Pradesh,Mandi,Dhanotu (Mandi),Royal Delicious,Fruits,1.0,5000,10000,7500,22-Nov-21,22-11-2021 00:00
Himachal Pradesh,Hamirpur,Hamirpur,Delicious,Fruits,1.2,10000,12000,11000,22-Nov-21,22-11-2021 00:00
Himachal Pradesh,Hamirpur,Hamirpur(Nadaun),Other,Fruits,0.52,6000,11000,8000,22-Nov-21,22-11-2021 00:00
Himachal Pradesh,Kangra,Kangra,Other,Fruits,0.4,5000,8000,6500,22-Nov-21,22-11-2021 00:00
Himachal Pradesh,Mandi,Mandi(Mandi),Apple,Fruits,0.7,3000,9200,5000,22-Nov-21,22-11-2021 00:00
Himachal Pradesh,Kangra,Palampur,Apple,Fruits,1.5,7000,11000,9000,22-Nov-21,22-11-2021 00:00
Himachal Pradesh,Solan,Solan,Apple,Fruits,0.01,4000,8000,6000,22-Nov-21,22-11-2021 00:00
Himachal Pradesh,Una,Una,Other,Fruits,2.1,8000,15000,12000,22-Nov-21,22-11-2021 00:00
Himachal Pradesh,Hamirpur,Hamirpur,Royal Delicious,Fruits,1.2,6000,8000,7000,22-Nov-21,22-11-2021 00:00
Himachal Pradesh,Mandi,Dhanotu (Mandi),Royal Delicious,Fruits,0.7,6000,6500,6250,23-Nov-21,23-11-2021 00:00
Himachal Pradesh,Hamirpur,Hamirpur,Delicious,Fruits,1.15,10000,12000,11000,23-Nov-21,23-11-2021 00:00
Himachal Pradesh,Hamirpur,Hamirpur,Royal Delicious,Fruits,1.15,6000,8000,7000,23-Nov-21,23-11-2021 00:00
Himachal Pradesh,Hamirpur,Hamirpur(Nadaun),Other,Fruits,0.55,6000,11000,8000,23-Nov-21,23-11-2021 00:00
Himachal Pradesh,Kangra,Kangra,Other,Fruits,0.4,5000,8000,6500,23-Nov-21,23-11-2021 00:00
Himachal Pradesh,Kangra,Kangra(Baijnath),Apple,Fruits,0.1,6500,11000,7000,23-Nov-21,23-11-2021 00:00
Himachal Pradesh,Kangra,Kangra(Jaisinghpur),Apple,Fruits,0.08,7000,8000,7500,23-Nov-21,23-11-2021 00:00
Himachal Pradesh,Mandi,Mandi(Mandi),Apple,Fruits,0.5,7500,9000,8000,23-Nov-21,23-11-2021 00:00
Himachal Pradesh,Kangra,Palampur,Apple,Fruits,1.7,7000,11000,9000,23-Nov-21,23-11-2021 00:00
Himachal Pradesh,Una,Una,Other,Fruits,1.6,8000,15000,12000,23-Nov-21,23-11-2021 00:00
Himachal Pradesh,Hamirpur,Hamirpur,Delicious,Fruits,1.15,8000,9000,8500,24-Nov-21,24-11-2021 00:00
Himachal Pradesh,Hamirpur,Hamirpur,Royal Delicious,Fruits,1.15,6000,8000,7000,24-Nov-21,24-11-2021 00:00
Himachal Pradesh,Hamirpur,Hamirpur(Nadaun),Other,Fruits,0.9,6000,10000,8000,24-Nov-21,24-11-2021 00:00
Himachal Pradesh,Kangra,Kangra,Other,Fruits,0.3,5000,8000,6500,24-Nov-21,24-11-2021 00:00
Himachal Pradesh,Kangra,Kangra(Baijnath),Apple,Fruits,0.1,6500,11000,7000,24-Nov-21,24-11-2021 00:00
Himachal Pradesh,Kangra,Kangra(Jaisinghpur),Apple,Fruits,0.05,8000,11000,9500,24-Nov-21,24-11-2021 00:00
Himachal Pradesh,Mandi,Mandi(Mandi),Apple,Fruits,0.9,6900,8000,7500,24-Nov-21,24-11-2021 00:00
Himachal Pradesh,Kangra,Palampur,Apple,Fruits,1.7,7000,11000,9000,24-Nov-21,24-11-2021 00:00
Himachal Pradesh,Una,Santoshgarh,Other,Fruits,0.3,5500,5500,5500,24-Nov-21,24-11-2021 00:00
Himachal Pradesh,Solan,Solan,Apple,Fruits,0.02,4000,9000,6000,24-Nov-21,24-11-2021 00:00
Himachal Pradesh,Chamba,Chamba,Royal Delicious,Fruits,0.32,8000,9000,8500,25-Nov-21,25-11-2021 00:00
Himachal Pradesh,Mandi,Dhanotu (Mandi),Royal Delicious,Fruits,0.9,7000,9000,8000,25-Nov-21,25-11-2021 00:00
Himachal Pradesh,Hamirpur,Hamirpur,Royal Delicious,Fruits,1.07,7800,9200,8500,25-Nov-21,25-11-2021 00:00
Himachal Pradesh,Hamirpur,Hamirpur(Nadaun),Other,Fruits,0.82,8000,9500,8500,25-Nov-21,25-11-2021 00:00
Himachal Pradesh,Kangra,Kangra,Other,Fruits,0.3,5000,8000,6500,25-Nov-21,25-11-2021 00:00
Himachal Pradesh,Kangra,Kangra(Baijnath),Apple,Fruits,0.08,7000,10000,8000,25-Nov-21,25-11-2021 00:00
Himachal Pradesh,Kangra,Kangra(Jaisinghpur),Apple,Fruits,0.05,8000,11000,9500,25-Nov-21,25-11-2021 00:00
Himachal Pradesh,Mandi,Mandi(Mandi),Apple,Fruits,0.7,6000,9000,7000,25-Nov-21,25-11-2021 00:00
Himachal Pradesh,Kangra,Palampur,Apple,Fruits,1.4,7000,11000,9000,25-Nov-21,25-11-2021 00:00
Himachal Pradesh,Solan,Solan,Apple,Fruits,0.02,4000,9000,6000,25-Nov-21,25-11-2021 00:00
Himachal Pradesh,Chamba,Chamba,Royal Delicious,Fruits,0.24,8000,9000,8500,26-Nov-21,26-11-2021 00:00
Himachal Pradesh,Mandi,Dhanotu (Mandi),Royal Delicious,Fruits,0.7,2500,7000,4750,26-Nov-21,26-11-2021 00:00
Himachal Pradesh,Hamirpur,Hamirpur,Royal Delicious,Fruits,0.73,7800,9200,8500,26-Nov-21,26-11-2021 00:00
Himachal Pradesh,Hamirpur,Hamirpur(Nadaun),Other,Fruits,0.5,7500,8500,8000,26-Nov-21,26-11-2021 00:00
Himachal Pradesh,Kangra,Kangra,Other,Fruits,0.3,5000,8000,6500,26-Nov-21,26-11-2021 00:00
Himachal Pradesh,Kangra,Kangra(Jaisinghpur),Apple,Fruits,0.08,8000,11000,9500,26-Nov-21,26-11-2021 00:00
Himachal Pradesh,Mandi,Mandi(Mandi),Apple,Fruits,0.8,6500,9000,7500,26-Nov-21,26-11-2021 00:00
Himachal Pradesh,Kangra,Palampur,Apple,Fruits,1.2,7000,11000,9000,26-Nov-21,26-11-2021 00:00
Himachal Pradesh,Solan,Solan,Apple,Fruits,0.02,4000,9000,6000,26-Nov-21,26-11-2021 00:00
Himachal Pradesh,Mandi,Dhanotu (Mandi),Royal Delicious,Fruits,0.7,6000,6000,6000,27-Nov-21,27-11-2021 00:00
Himachal Pradesh,Hamirpur,Hamirpur,Royal Delicious,Fruits,0.53,7800,9200,8500,27-Nov-21,27-11-2021 00:00
Himachal Pradesh,Hamirpur,Hamirpur(Nadaun),Other,Fruits,0.5,7800,9500,8500,27-Nov-21,27-11-2021 00:00
Himachal Pradesh,Kangra,Kangra,Other,Fruits,0.5,5000,8000,6500,27-Nov-21,27-11-2021 00:00
Himachal Pradesh,Mandi,Mandi(Mandi),Apple,Fruits,0.8,6000,10000,8000,27-Nov-21,27-11-2021 00:00
Himachal Pradesh,Kangra,Palampur,Apple,Fruits,2.1,7000,11000,9000,27-Nov-21,27-11-2021 00:00
Himachal Pradesh,Una,Una,Other,Fruits,2.4,6000,15000,10000,27-Nov-21,27-11-2021 00:00
Himachal Pradesh,Chamba,Chamba,Royal Delicious,Fruits,0.28,8000,9000,8500,27-Nov-21,27-11-2021 00:00
Himachal Pradesh,Bilaspur,Bilaspur,Apple,Fruits,0.1,8000,16000,12000,29-Nov-21,29-11-2021 00:00
Himachal Pradesh,Mandi,Dhanotu (Mandi),Royal Delicious,Fruits,0.9,6000,6000,6000,29-Nov-21,29-11-2021 00:00
Himachal Pradesh,Hamirpur,Hamirpur(Nadaun),Other,Fruits,0.6,8000,9000,8500,29-Nov-21,29-11-2021 00:00
Himachal Pradesh,Kangra,Kangra,Other,Fruits,0.4,5000,8000,6500,29-Nov-21,29-11-2021 00:00
Himachal Pradesh,Kangra,Kangra(Baijnath),Apple,Fruits,0.07,6000,8000,7000,29-Nov-21,29-11-2021 00:00
Himachal Pradesh,Kangra,Kangra(Jaisinghpur),Apple,Fruits,0.1,8000,11000,9500,29-Nov-21,29-11-2021 00:00
Himachal Pradesh,Mandi,Mandi(Mandi),Apple,Fruits,0.5,6000,15000,8000,29-Nov-21,29-11-2021 00:00
Himachal Pradesh,Kangra,Palampur,Apple,Fruits,1.5,9500,10000,9750,29-Nov-21,29-11-2021 00:00
Himachal Pradesh,Solan,Solan,Apple,Fruits,0.02,4000,9000,6000,29-Nov-21,29-11-2021 00:00
Himachal Pradesh,Una,Una,Other,Fruits,2.2,6000,15000,10000,29-Nov-21,29-11-2021 00:00
Himachal Pradesh,Hamirpur,Hamirpur,Royal Delicious,Fruits,0.8,7800,9200,8500,29-Nov-21,29-11-2021 00:00
Himachal Pradesh,Mandi,Dhanotu (Mandi),Royal Delicious,Fruits,0.6,3000,7000,5000,30-Nov-21,30-11-2021 00:00
Himachal Pradesh,Hamirpur,Hamirpur(Nadaun),Other,Fruits,0.6,8000,9000,8500,30-Nov-21,30-11-2021 00:00
Himachal Pradesh,Kangra,Kangra,Other,Fruits,0.3,5000,8000,6500,30-Nov-21,30-11-2021 00:00
Himachal Pradesh,Kangra,Kangra(Baijnath),Apple,Fruits,0.1,6000,8000,7000,30-Nov-21,30-11-2021 00:00
Himachal Pradesh,Kangra,Kangra(Jaisinghpur),Apple,Fruits,0.06,8000,11000,9500,30-Nov-21,30-11-2021 00:00
Himachal Pradesh,Mandi,Mandi(Mandi),Apple,Fruits,0.3,7600,8500,8000,30-Nov-21,30-11-2021 00:00
Himachal Pradesh,Kangra,Palampur,Apple,Fruits,1.0,9500,10000,9750,30-Nov-21,30-11-2021 00:00
Himachal Pradesh,Una,Una,Other,Fruits,1.7,6000,15000,10000,30-Nov-21,30-11-2021 00:00
Himachal Pradesh,Hamirpur,Hamirpur,Royal Delicious,Fruits,0.7,7800,9200,8500,30-Nov-21,30-11-2021 00:00
Himachal Pradesh,Mandi,Dhanotu (Mandi),Royal Delicious,Fruits,0.6,7000,8000,7500,01-Dec-21,01-12-2021 00:00
Himachal Pradesh,Hamirpur,Hamirpur,Royal Delicious,Fruits,0.9,7500,9000,8500,01-Dec-21,01-12-2021 00:00
Himachal Pradesh,Hamirpur,Hamirpur(Nadaun),Other,Fruits,0.55,7800,9200,8500,01-Dec-21,01-12-2021 00:00
Himachal Pradesh,Kangra,Kangra,Other,Fruits,0.4,5000,10000,7500,01-Dec-21,01-12-2021 00:00
Himachal Pradesh,Mandi,Mandi(Mandi),Apple,Fruits,0.3,6900,13000,8000,01-Dec-21,01-12-2021 00:00
Himachal Pradesh,Solan,Solan,Apple,Fruits,0.05,4000,9000,6000,01-Dec-21,01-12-2021 00:00
Himachal Pradesh,Mandi,Dhanotu (Mandi),Royal Delicious,Fruits,0.6,2500,10000,6250,02-Dec-21,02-12-2021 00:00
Himachal Pradesh,Hamirpur,Hamirpur(Nadaun),Other,Fruits,0.65,8000,9500,8500,02-Dec-21,02-12-2021 00:00
Himachal Pradesh,Kangra,Kangra,Other,Fruits,0.5,5000,10000,7500,02-Dec-21,02-12-2021 00:00
Himachal Pradesh,Mandi,Mandi(Mandi),Apple,Fruits,0.2,6500,8000,7000,02-Dec-21,02-12-2021 00:00
Himachal Pradesh,Hamirpur,Hamirpur,Royal Delicious,Fruits,1.2,6500,8500,7500,02-Dec-21,02-12-2021 00:00
Himachal Pradesh,Kangra,Palampur,Apple,Fruits,1.1,6500,9000,7750,03-Dec-21,03-12-2021 00:00
Himachal Pradesh,Bilaspur,Bilaspur,Apple,Fruits,0.1,8000,15000,14000,03-Dec-21,03-12-2021 00:00
Himachal Pradesh,Chamba,Chamba,Royal Delicious,Fruits,0.31,7000,7500,7250,03-Dec-21,03-12-2021 00:00
Himachal Pradesh,Hamirpur,Hamirpur,Royal Delicious,Fruits,0.95,8000,9200,8700,03-Dec-21,03-12-2021 00:00
Himachal Pradesh,Hamirpur,Hamirpur(Nadaun),Other,Fruits,0.5,8000,9000,8500,03-Dec-21,03-12-2021 00:00
Himachal Pradesh,Kangra,Kangra,Other,Fruits,0.4,5000,9000,7000,03-Dec-21,03-12-2021 00:00
Himachal Pradesh,Kangra,Kangra(Jaisinghpur),Apple,Fruits,0.2,1500,2000,1750,03-Dec-21,03-12-2021 00:00
Himachal Pradesh,Mandi,Mandi(Mandi),Apple,Fruits,0.6,5700,9000,8000,03-Dec-21,03-12-2021 00:00
Himachal Pradesh,Solan,Solan,Apple,Fruits,0.01,5000,9000,6000,03-Dec-21,03-12-2021 00:00
Himachal Pradesh,Mandi,Dhanotu (Mandi),Royal Delicious,Fruits,0.5,6000,6500,6250,04-Dec-21,04-12-2021 00:00
Himachal Pradesh,Hamirpur,Hamirpur,Delicious,Fruits,1.1,8500,9500,9000,04-Dec-21,04-12-2021 00:00
Himachal Pradesh,Kangra,Kangra,Other,Fruits,0.4,6000,8000,7000,04-Dec-21,04-12-2021 00:00
Himachal Pradesh,Kangra,Kangra(Jaisinghpur),Apple,Fruits,0.14,7000,8500,7750,04-Dec-21,04-12-2021 00:00
Himachal Pradesh,Mandi,Mandi(Mandi),Apple,Fruits,0.5,6000,8500,7000,04-Dec-21,04-12-2021 00:00
Himachal Pradesh,Sirmore,Nahan,Other,Fruits,0.2,6000,7000,6500,04-Dec-21,04-12-2021 00:00
Himachal Pradesh,Kangra,Palampur,Apple,Fruits,1.5,6500,9000,7750,04-Dec-21,04-12-2021 00:00
Himachal Pradesh,Una,Una,Other,Fruits,1.6,6000,15000,10500,04-Dec-21,04-12-2021 00:00
Himachal Pradesh,Kangra,Kangra(Nagrota Bagwan),American,Fruits,0.3,8000,11000,9500,05-Dec-21,05-12-2021 00:00
Himachal Pradesh,Mandi,Dhanotu (Mandi),Royal Delicious,Fruits,0.8,6000,6500,6250,06-Dec-21,06-12-2021 00:00
Himachal Pradesh,Hamirpur,Hamirpur,Royal Delicious,Fruits,0.9,7800,9200,8500,06-Dec-21,06-12-2021 00:00
Himachal Pradesh,Hamirpur,Hamirpur(Nadaun),Other,Fruits,0.45,7800,9200,8500,06-Dec-21,06-12-2021 00:00
Himachal Pradesh,Kangra,Kangra,Other,Fruits,0.4,6000,8000,7000,06-Dec-21,06-12-2021 00:00
Himachal Pradesh,Kangra,Kangra(Jaisinghpur),Apple,Fruits,0.14,8000,10000,9000,06-Dec-21,06-12-2021 00:00
Himachal Pradesh,Mandi,Mandi(Mandi),Apple,Fruits,1.0,5700,7000,6500,06-Dec-21,06-12-2021 00:00
Himachal Pradesh,Kangra,Palampur,Apple,Fruits,1.5,6500,9000,7750,06-Dec-21,06-12-2021 00:00
Himachal Pradesh,Una,Una,Other,Fruits,2.3,6000,15000,10000,06-Dec-21,06-12-2021 00:00
Himachal Pradesh,Hamirpur,Hamirpur,Royal Delicious,Fruits,0.7,7800,9200,8500,07-Dec-21,07-12-2021 00:00
Himachal Pradesh,Hamirpur,Hamirpur(Nadaun),Other,Fruits,0.5,8000,9000,8500,07-Dec-21,07-12-2021 00:00
Himachal Pradesh,Kangra,Kangra,Other,Fruits,0.3,5000,9000,6500,07-Dec-21,07-12-2021 00:00
Himachal Pradesh,Kangra,Kangra(Baijnath),Apple,Fruits,0.1,6000,11000,7000,07-Dec-21,07-12-2021 00:00
Himachal Pradesh,Kangra,Kangra(Nagrota Bagwan),American,Fruits,0.2,8000,11000,9500,07-Dec-21,07-12-2021 00:00
Himachal Pradesh,Mandi,Mandi(Mandi),Apple,Fruits,0.7,6000,8000,7000,07-Dec-21,07-12-2021 00:00
Himachal Pradesh,Kangra,Palampur,Apple,Fruits,1.2,6500,9000,7750,07-Dec-21,07-12-2021 00:00
Himachal Pradesh,Una,Una,Other,Fruits,1.6,5000,15000,10000,07-Dec-21,07-12-2021 00:00
Himachal Pradesh,Mandi,Dhanotu (Mandi),Royal Delicious,Fruits,0.5,6000,6000,6000,07-Dec-21,07-12-2021 00:00
Himachal Pradesh,Hamirpur,Hamirpur,Royal Delicious,Fruits,0.7,7800,9200,8500,08-Dec-21,08-12-2021 00:00
Himachal Pradesh,Hamirpur,Hamirpur(Nadaun),Other,Fruits,0.36,7800,9200,8500,08-Dec-21,08-12-2021 00:00
Himachal Pradesh,Kangra,Kangra,Other,Fruits,0.2,5000,9000,7000,08-Dec-21,08-12-2021 00:00
Himachal Pradesh,Kangra,Kangra(Baijnath),Apple,Fruits,0.07,7000,8000,8000,08-Dec-21,08-12-2021 00:00
Himachal Pradesh,Kangra,Kangra(Jaisinghpur),Apple,Fruits,0.04,8000,10000,9000,08-Dec-21,08-12-2021 00:00
Himachal Pradesh,Mandi,Mandi(Mandi),Apple,Fruits,0.35,3500,9000,6500,08-Dec-21,08-12-2021 00:00
Himachal Pradesh,Kangra,Palampur,Apple,Fruits,1.0,6500,9000,7750,08-Dec-21,08-12-2021 00:00
Himachal Pradesh,Solan,Solan,Apple,Fruits,0.01,4000,10000,6000,08-Dec-21,08-12-2021 00:00
Himachal Pradesh,Una,Una,Other,Fruits,1.8,5000,15000,10000,08-Dec-21,08-12-2021 00:00
Himachal Pradesh,Mandi,Dhanotu (Mandi),Royal Delicious,Fruits,0.6,6000,7000,6500,08-Dec-21,08-12-2021 00:00
Himachal Pradesh,Hamirpur,Hamirpur,Royal Delicious,Fruits,1.2,7000,8500,7700,09-Dec-21,09-12-2021 00:00
Himachal Pradesh,Hamirpur,Hamirpur(Nadaun),Other,Fruits,0.4,6500,8000,7700,09-Dec-21,09-12-2021 00:00
Himachal Pradesh,Kangra,Kangra,Other,Fruits,0.2,5000,9000,7000,09-Dec-21,09-12-2021 00:00
Himachal Pradesh,Kangra,Kangra(Baijnath),Apple,Fruits,0.1,7000,8000,8000,09-Dec-21,09-12-2021 00:00
Himachal Pradesh,Kangra,Kangra(Jaisinghpur),Apple,Fruits,0.09,8000,10000,9000,09-Dec-21,09-12-2021 00:00
Himachal Pradesh,Mandi,Mandi(Mandi),Apple,Fruits,0.4,6000,7600,7000,09-Dec-21,09-12-2021 00:00
Himachal Pradesh,Kangra,Palampur,Apple,Fruits,1.2,6500,9000,7500,09-Dec-21,09-12-2021 00:00
Himachal Pradesh,Una,Una,Other,Fruits,1.8,6000,15000,10000,09-Dec-21,09-12-2021 00:00
Himachal Pradesh,Mandi,Dhanotu (Mandi),Royal Delicious,Fruits,0.5,6000,7000,6500,09-Dec-21,09-12-2021 00:00
Himachal Pradesh,Mandi,Dhanotu (Mandi),Royal Delicious,Fruits,0.8,7000,8000,7500,10-Dec-21,10-12-2021 00:00
Himachal Pradesh,Hamirpur,Hamirpur,Royal Delicious,Fruits,0.8,6500,8500,7500,10-Dec-21,10-12-2021 00:00
Himachal Pradesh,Hamirpur,Hamirpur(Nadaun),Other,Fruits,0.5,7000,8000,7500,10-Dec-21,10-12-2021 00:00
Himachal Pradesh,Kangra,Kangra,Other,Fruits,0.3,5000,9000,7000,10-Dec-21,10-12-2021 00:00
Himachal Pradesh,Kangra,Kangra(Baijnath),Apple,Fruits,0.1,6000,8000,7000,10-Dec-21,10-12-2021 00:00
Himachal Pradesh,Kangra,Kangra(Nagrota Bagwan),American,Fruits,0.2,8000,11000,9500,10-Dec-21,10-12-2021 00:00
Himachal Pradesh,Mandi,Mandi(Mandi),Apple,Fruits,0.5,6000,16000,10000,10-Dec-21,10-12-2021 00:00
Himachal Pradesh,Kangra,Palampur,Apple,Fruits,0.8,6500,9000,7750,10-Dec-21,10-12-2021 00:00
Himachal Pradesh,Solan,Solan,Apple,Fruits,0.01,4000,9000,7000,10-Dec-21,10-12-2021 00:00
Himachal Pradesh,Una,Una,Other,Fruits,1.5,6000,15000,10500,10-Dec-21,10-12-2021 00:00
Himachal Pradesh,Mandi,Dhanotu (Mandi),Royal Delicious,Fruits,0.6,6500,7000,6750,11-Dec-21,11-12-2021 00:00
Himachal Pradesh,Hamirpur,Hamirpur(Nadaun),Other,Fruits,0.39,7000,8000,7500,11-Dec-21,11-12-2021 00:00
Himachal Pradesh,Kangra,Kangra,Other,Fruits,0.4,5000,9000,7000,11-Dec-21,11-12-2021 00:00
Himachal Pradesh,Una,Una,Other,Fruits,1.8,6000,15000,10000,11-Dec-21,11-12-2021 00:00
Himachal Pradesh,Hamirpur,Hamirpur,Royal Delicious,Fruits,0.8,6800,8500,7700,11-Dec-21,11-12-2021 00:00
Himachal Pradesh,Bilaspur,Bilaspur,Apple,Fruits,0.1,8000,15000,12000,13-Dec-21,13-12-2021 00:00
Himachal Pradesh,Chamba,Chamba,Royal Delicious,Fruits,0.1,7000,8000,7500,13-Dec-21,13-12-2021 00:00
Himachal Pradesh,Hamirpur,Hamirpur,Royal Delicious,Fruits,0.9,7200,8500,8000,13-Dec-21,13-12-2021 00:00
Himachal Pradesh,Hamirpur,Hamirpur(Nadaun),Other,Fruits,0.6,7800,8500,8200,13-Dec-21,13-12-2021 00:00
Himachal Pradesh,Kangra,Kangra,Other,Fruits,0.5,5000,8000,6500,13-Dec-21,13-12-2021 00:00
Himachal Pradesh,Kangra,Kangra(Baijnath),Apple,Fruits,0.08,6000,9000,7000,13-Dec-21,13-12-2021 00:00
Himachal Pradesh,Kangra,Kangra(Nagrota Bagwan),American,Fruits,0.2,5000,12000,8500,13-Dec-21,13-12-2021 00:00
Himachal Pradesh,Mandi,Mandi(Mandi),Apple,Fruits,0.6,5000,8500,7000,13-Dec-21,13-12-2021 00:00
Himachal Pradesh,Kangra,Palampur,Apple,Fruits,1.2,6500,9000,7750,13-Dec-21,13-12-2021 00:00
Himachal Pradesh,Solan,Solan,Apple,Fruits,0.02,4000,9000,7000,13-Dec-21,13-12-2021 00:00
Himachal Pradesh,Mandi,Dhanotu (Mandi),Royal Delicious,Fruits,1.0,5000,6600,5800,13-Dec-21,13-12-2021 00:00
Himachal Pradesh,Mandi,Dhanotu (Mandi),Royal Delicious,Fruits,0.6,5000,6000,5500,14-Dec-21,14-12-2021 00:00
Himachal Pradesh,Hamirpur,Hamirpur,Golden,Fruits,0.8,6800,7200,7000,14-Dec-21,14-12-2021 00:00
Himachal Pradesh,Hamirpur,Hamirpur(Nadaun),Delicious,Fruits,0.45,6500,7500,7000,14-Dec-21,14-12-2021 00:00
Himachal Pradesh,Kangra,Kangra,Other,Fruits,0.3,5000,8000,6500,14-Dec-21,14-12-2021 00:00
Himachal Pradesh,Kangra,Kangra(Baijnath),Apple,Fruits,0.1,6500,9000,7000,14-Dec-21,14-12-2021 00:00
Himachal Pradesh,Kangra,Kangra(Jaisinghpur),Apple,Fruits,0.09,8000,10000,9000,14-Dec-21,14-12-2021 00:00
Himachal Pradesh,Kangra,Kangra(Nagrota Bagwan),American,Fruits,0.2,5000,12000,8500,14-Dec-21,14-12-2021 00:00
Himachal Pradesh,Mandi,Mandi(Mandi),Apple,Fruits,0.5,7000,10000,8000,14-Dec-21,14-12-2021 00:00
Himachal Pradesh,Kangra,Palampur,Apple,Fruits,1.0,6500,9000,7500,14-Dec-21,14-12-2021 00:00
Himachal Pradesh,Una,Una,Other,Fruits,1.5,7000,14000,11000,14-Dec-21,14-12-2021 00:00
Himachal Pradesh,Chamba,Chamba,Royal Delicious,Fruits,0.1,8000,9000,8500,14-Dec-21,14-12-2021 00:00
Himachal Pradesh,Bilaspur,Bilaspur,Apple,Fruits,0.1,8000,15000,14000,15-Dec-21,15-12-2021 00:00
Himachal Pradesh,Mandi,Dhanotu (Mandi),Royal Delicious,Fruits,0.7,6000,7000,6500,15-Dec-21,15-12-2021 00:00
Himachal Pradesh,Hamirpur,Hamirpur,Delicious,Fruits,0.75,6500,7500,7000,15-Dec-21,15-12-2021 00:00
Himachal Pradesh,Hamirpur,Hamirpur(Nadaun),Golden,Fruits,0.45,6700,7200,7000,15-Dec-21,15-12-2021 00:00
Himachal Pradesh,Kangra,Kangra,Other,Fruits,0.4,8000,10000,9000,15-Dec-21,15-12-2021 00:00
Himachal Pradesh,Kangra,Kangra(Baijnath),Apple,Fruits,0.07,6000,10000,7000,15-Dec-21,15-12-2021 00:00
Himachal Pradesh,Kangra,Kangra(Jaisinghpur),Apple,Fruits,0.06,8000,10000,9000,15-Dec-21,15-12-2021 00:00
Himachal Pradesh,Mandi,Mandi(Mandi),Apple,Fruits,1.2,5600,9000,8000,15-Dec-21,15-12-2021 00:00
Himachal Pradesh,Kangra,Palampur,Apple,Fruits,1.4,6500,9000,7500,15-Dec-21,15-12-2021 00:00
Himachal Pradesh,Solan,Solan,Apple,Fruits,0.01,4000,9000,7000,15-Dec-21,15-12-2021 00:00
Himachal Pradesh,Una,Una,Other,Fruits,1.4,6000,16000,11000,15-Dec-21,15-12-2021 00:00
Himachal Pradesh,Bilaspur,Bilaspur,Apple,Fruits,0.1,8000,15000,11000,16-Dec-21,16-12-2021 00:00
Himachal Pradesh,Mandi,Dhanotu (Mandi),Royal Delicious,Fruits,0.5,5500,6000,5750,16-Dec-21,16-12-2021 00:00
Himachal Pradesh,Hamirpur,Hamirpur,Delicious,Fruits,1.2,6500,7500,7000,16-Dec-21,16-12-2021 00:00
Himachal Pradesh,Hamirpur,Hamirpur(Nadaun),Delicious,Fruits,1.25,6500,7500,7000,16-Dec-21,16-12-2021 00:00
Himachal Pradesh,Kangra,Kangra,Other,Fruits,0.3,5000,9000,7000,16-Dec-21,16-12-2021 00:00
Himachal Pradesh,Kangra,Kangra(Baijnath),Apple,Fruits,0.06,6000,9000,8000,16-Dec-21,16-12-2021 00:00
Himachal Pradesh,Kangra,Kangra(Jaisinghpur),Apple,Fruits,0.06,8000,10000,9000,16-Dec-21,16-12-2021 00:00
Himachal Pradesh,Kangra,Kangra(Nagrota Bagwan),American,Fruits,0.2,5000,12000,8500,16-Dec-21,16-12-2021 00:00
Himachal Pradesh,Mandi,Mandi(Mandi),Apple,Fruits,0.5,3500,7500,7000,16-Dec-21,16-12-2021 00:00
Himachal Pradesh,Kangra,Palampur,Apple,Fruits,1.0,6500,9000,8000,16-Dec-21,16-12-2021 00:00
Himachal Pradesh,Chamba,Chamba,Royal Delicious,Fruits,0.06,8000,9000,8500,17-Dec-21,17-12-2021 00:00
Himachal Pradesh,Hamirpur,Hamirpur,Delicious,Fruits,0.9,6500,7500,7000,17-Dec-21,17-12-2021 00:00
Himachal Pradesh,Hamirpur,Hamirpur(Nadaun),Delicious,Fruits,0.45,6700,7500,7200,17-Dec-21,17-12-2021 00:00
Himachal Pradesh,Kangra,Kangra,Other,Fruits,0.4,5000,9000,7000,17-Dec-21,17-12-2021 00:00
Himachal Pradesh,Kangra,Kangra(Baijnath),Apple,Fruits,0.08,6500,8000,7000,17-Dec-21,17-12-2021 00:00
Himachal Pradesh,Kangra,Kangra(Nagrota Bagwan),American,Fruits,0.2,5000,12000,8500,17-Dec-21,17-12-2021 00:00
Himachal Pradesh,Mandi,Mandi(Mandi),Apple,Fruits,0.9,5600,7500,7000,17-Dec-21,17-12-2021 00:00
Himachal Pradesh,Kangra,Palampur,Apple,Fruits,1.0,6500,9000,7750,17-Dec-21,17-12-2021 00:00
Himachal Pradesh,Solan,Solan,Apple,Fruits,0.01,4000,9000,7000,17-Dec-21,17-12-2021 00:00
Himachal Pradesh,Una,Una,Other,Fruits,1.2,7000,15000,11000,17-Dec-21,17-12-2021 00:00
Himachal Pradesh,Mandi,Dhanotu (Mandi),Royal Delicious,Fruits,0.6,7000,8000,7500,17-Dec-21,17-12-2021 00:00
Himachal Pradesh,Bilaspur,Bilaspur,Apple,Fruits,0.1,8000,15000,10000,18-Dec-21,18-12-2021 00:00
Himachal Pradesh,Hamirpur,Hamirpur,Other,Fruits,0.5,7000,10000,8000,18-Dec-21,18-12-2021 00:00
Himachal Pradesh,Kangra,Kangra,Other,Fruits,0.4,5000,10000,7500,18-Dec-21,18-12-2021 00:00
Himachal Pradesh,Mandi,Mandi(Mandi),Apple,Fruits,0.7,5000,7500,6000,18-Dec-21,18-12-2021 00:00
Himachal Pradesh,Kangra,Palampur,Apple,Fruits,0.9,7000,8000,7500,18-Dec-21,18-12-2021 00:00
Himachal Pradesh,Solan,Solan,Apple,Fruits,0.01,4000,9000,7000,18-Dec-21,18-12-2021 00:00
Himachal Pradesh,Una,Una,Other,Fruits,1.3,7000,16000,11000,18-Dec-21,18-12-2021 00:00
Himachal Pradesh,Mandi,Dhanotu (Mandi),Royal Delicious,Fruits,0.6,6000,7000,6500,18-Dec-21,18-12-2021 00:00
Himachal Pradesh,Chamba,Chamba,Royal Delicious,Fruits,0.28,7000,8000,7500,20-Dec-21,20-12-2021 00:00
Himachal Pradesh,Mandi,Dhanotu (Mandi),Royal Delicious,Fruits,0.7,6000,7000,6500,20-Dec-21,20-12-2021 00:00
Himachal Pradesh,Hamirpur,Hamirpur,Delicious,Fruits,0.9,6700,7500,7200,20-Dec-21,20-12-2021 00:00
Himachal Pradesh,Kangra,Kangra,Other,Fruits,0.4,7000,12000,9500,20-Dec-21,20-12-2021 00:00
Himachal Pradesh,Kangra,Kangra(Baijnath),Apple,Fruits,0.08,6500,8000,6500,20-Dec-21,20-12-2021 00:00
Himachal Pradesh,Kangra,Kangra(Nagrota Bagwan),American,Fruits,0.2,5000,12000,8500,20-Dec-21,20-12-2021 00:00
Himachal Pradesh,Mandi,Mandi(Mandi),Apple,Fruits,1.4,5800,8000,7000,20-Dec-21,20-12-2021 00:00
Himachal Pradesh,Kangra,Palampur,Apple,Fruits,0.8,7000,9400,8200,20-Dec-21,20-12-2021 00:00
Himachal Pradesh,Solan,Solan,Apple,Fruits,0.01,4000,9000,7000,20-Dec-21,20-12-2021 00:00
Himachal Pradesh,Una,Una,Other,Fruits,1.5,7000,16000,11000,20-Dec-21,20-12-2021 00:00
Himachal Pradesh,Hamirpur,Hamirpur(Nadaun),Delicious,Fruits,0.5,6800,7500,7200,20-Dec-21,20-12-2021 00:00
Himachal Pradesh,Chamba,Chamba,Royal Delicious,Fruits,0.6,8000,9000,8500,21-Dec-21,21-12-2021 00:00
Himachal Pradesh,Mandi,Dhanotu (Mandi),Royal Delicious,Fruits,0.5,6300,9000,7150,21-Dec-21,21-12-2021 00:00
Himachal Pradesh,Hamirpur,Hamirpur,Delicious,Fruits,0.9,6800,7500,7200,21-Dec-21,21-12-2021 00:00
Himachal Pradesh,Hamirpur,Hamirpur(Nadaun),Delicious,Fruits,0.75,6800,7500,7200,21-Dec-21,21-12-2021 00:00
Himachal Pradesh,Kangra,Kangra,Other,Fruits,0.4,5000,9000,7000,21-Dec-21,21-12-2021 00:00
Himachal Pradesh,Kangra,Kangra(Baijnath),Apple,Fruits,0.1,6000,8000,6500,21-Dec-21,21-12-2021 00:00
Himachal Pradesh,Mandi,Mandi(Mandi),Apple,Fruits,0.8,6000,9000,7000,21-Dec-21,21-12-2021 00:00
Himachal Pradesh,Sirmore,Nahan,Other,Fruits,0.2,7000,8000,7500,21-Dec-21,21-12-2021 00:00
Himachal Pradesh,Kangra,Palampur,Apple,Fruits,0.7,7000,9400,8200,21-Dec-21,21-12-2021 00:00
Himachal Pradesh,Una,Una,Other,Fruits,1.3,7000,14000,10000,21-Dec-21,21-12-2021 00:00
Himachal Pradesh,Mandi,Dhanotu (Mandi),Royal Delicious,Fruits,0.5,5600,8000,6800,22-Dec-21,22-12-2021 00:00
Himachal Pradesh,Kangra,Kangra,Other,Fruits,0.3,5000,9000,7000,22-Dec-21,22-12-2021 00:00
Himachal Pradesh,Kangra,Kangra(Baijnath),Apple,Fruits,0.1,6000,8500,6500,22-Dec-21,22-12-2021 00:00
Himachal Pradesh,Kangra,Kangra(Nagrota Bagwan),American,Fruits,0.2,5000,12000,8500,22-Dec-21,22-12-2021 00:00
Himachal Pradesh,Kangra,Palampur,Apple,Fruits,1.0,7000,9200,8150,22-Dec-21,22-12-2021 00:00
Himachal Pradesh,Solan,Solan,Apple,Fruits,0.01,6000,9000,7000,22-Dec-21,22-12-2021 00:00
Himachal Pradesh,Una,Una,Other,Fruits,1.4,7000,15000,10000,22-Dec-21,22-12-2021 00:00
Himachal Pradesh,Mandi,Dhanotu (Mandi),Royal Delicious,Fruits,0.6,6000,7000,6500,23-Dec-21,23-12-2021 00:00
Himachal Pradesh,Hamirpur,Hamirpur,Delicious,Fruits,0.75,7000,7500,7250,23-Dec-21,23-12-2021 00:00
Himachal Pradesh,Hamirpur,Hamirpur(Nadaun),Other,Fruits,0.56,7000,7500,7250,23-Dec-21,23-12-2021 00:00
Himachal Pradesh,Kangra,Kangra,Other,Fruits,0.4,5000,9000,7000,23-Dec-21,23-12-2021 00:00
Himachal Pradesh,Kangra,Kangra(Baijnath),Apple,Fruits,0.1,6500,8500,7000,23-Dec-21,23-12-2021 00:00
Himachal Pradesh,Mandi,Mandi(Mandi),Apple,Fruits,0.6,5000,8000,7500,23-Dec-21,23-12-2021 00:00
Himachal Pradesh,Kangra,Palampur,Apple,Fruits,0.8,7000,9200,8100,23-Dec-21,23-12-2021 00:00
Himachal Pradesh,Una,Una,Other,Fruits,1.2,6000,15000,10000,23-Dec-21,23-12-2021 00:00
Himachal Pradesh,Una,Una,Other,Fruits,1.4,7000,15000,11000,24-Dec-21,24-12-2021 00:00
Himachal Pradesh,Kangra,Palampur,Apple,Fruits,0.7,7000,8500,7750,24-Dec-21,24-12-2021 00:00
Himachal Pradesh,Solan,Solan,Apple,Fruits,0.01,6000,9000,7000,24-Dec-21,24-12-2021 00:00
Himachal Pradesh,Bilaspur,Bilaspur,Apple,Fruits,0.1,8000,15000,10000,24-Dec-21,24-12-2021 00:00
Himachal Pradesh,Mandi,Dhanotu (Mandi),Royal Delicious,Fruits,0.4,6000,7000,6500,24-Dec-21,24-12-2021 00:00
Himachal Pradesh,Hamirpur,Hamirpur,Delicious,Fruits,1.1,7000,7500,7250,24-Dec-21,24-12-2021 00:00
Himachal Pradesh,Hamirpur,Hamirpur(Nadaun),Delicious,Fruits,0.95,7000,7500,7250,24-Dec-21,24-12-2021 00:00
Himachal Pradesh,Kangra,Kangra,Other,Fruits,0.4,8000,10000,9000,24-Dec-21,24-12-2021 00:00
Himachal Pradesh,Kangra,Kangra(Baijnath),Apple,Fruits,0.1,6000,8500,6500,24-Dec-21,24-12-2021 00:00
Himachal Pradesh,Kangra,Kangra(Nagrota Bagwan),American,Fruits,0.2,5000,12000,8500,24-Dec-21,24-12-2021 00:00
Himachal Pradesh,Sirmore,Nahan,Other,Fruits,0.2,7000,0,7500,24-Dec-21,24-12-2021 00:00
Himachal Pradesh,Una,Una,Other,Fruits,1.6,7000,15000,11000,25-Dec-21,25-12-2021 00:00
Himachal Pradesh,Kangra,Kangra(Baijnath),Apple,Fruits,0.1,6000,7500,6500,25-Dec-21,25-12-2021 00:00
Himachal Pradesh,Solan,Solan,Apple,Fruits,0.01,6000,9000,7000,27-Dec-21,27-12-2021 00:00
Himachal Pradesh,Mandi,Dhanotu (Mandi),Royal Delicious,Fruits,0.6,6000,8000,7000,27-Dec-21,27-12-2021 00:00
Himachal Pradesh,Hamirpur,Hamirpur,Delicious,Fruits,0.75,7000,7500,7250,27-Dec-21,27-12-2021 00:00
Himachal Pradesh,Hamirpur,Hamirpur(Nadaun),Delicious,Fruits,0.55,7000,7500,7250,27-Dec-21,27-12-2021 00:00
Himachal Pradesh,Kangra,Kangra,Other,Fruits,0.4,5000,8000,6500,27-Dec-21,27-12-2021 00:00
Himachal Pradesh,Kangra,Kangra(Baijnath),Apple,Fruits,0.07,6500,8500,7000,27-Dec-21,27-12-2021 00:00
Himachal Pradesh,Kangra,Kangra(Nagrota Bagwan),American,Fruits,0.2,5000,12000,8500,27-Dec-21,27-12-2021 00:00
Himachal Pradesh,Mandi,Mandi(Mandi),Apple,Fruits,1.0,7000,14000,10000,27-Dec-21,27-12-2021 00:00
Himachal Pradesh,Kangra,Palampur,Apple,Fruits,0.8,7000,8200,7600,27-Dec-21,27-12-2021 00:00
Himachal Pradesh,Una,Una,Other,Fruits,1.3,6000,14000,10000,27-Dec-21,27-12-2021 00:00
Himachal Pradesh,Sirmore,Nahan,Other,Fruits,0.2,6000,8000,7000,28-Dec-21,28-12-2021 00:00
Himachal Pradesh,Kangra,Palampur,Apple,Fruits,0.6,7000,8200,7600,28-Dec-21,28-12-2021 00:00
Himachal Pradesh,Una,Una,Other,Fruits,1.2,7000,15000,11000,28-Dec-21,28-12-2021 00:00
Himachal Pradesh,Mandi,Mandi(Mandi),Apple,Fruits,0.5,6500,11500,10000,28-Dec-21,28-12-2021 00:00
Himachal Pradesh,Kangra,Kangra(Nagrota Bagwan),American,Fruits,0.1,5000,12000,8500,28-Dec-21,28-12-2021 00:00
Himachal Pradesh,Kangra,Kangra,Other,Fruits,0.3,5000,8000,6500,28-Dec-21,28-12-2021 00:00
Himachal Pradesh,Kangra,Kangra(Baijnath),Apple,Fruits,0.1,6500,8000,8000,28-Dec-21,28-12-2021 00:00
Himachal Pradesh,Mandi,Dhanotu (Mandi),Royal Delicious,Fruits,0.6,6000,8000,7000,28-Dec-21,28-12-2021 00:00
Himachal Pradesh,Hamirpur,Hamirpur,Delicious,Fruits,0.65,7000,7500,7250,29-Dec-21,29-12-2021 00:00
Himachal Pradesh,Hamirpur,Hamirpur(Nadaun),Delicious,Fruits,0.55,7000,7500,7250,29-Dec-21,29-12-2021 00:00
Himachal Pradesh,Kangra,Kangra,Other,Fruits,0.3,5000,8000,6500,29-Dec-21,29-12-2021 00:00
Himachal Pradesh,Mandi,Mandi(Mandi),Apple,Fruits,0.6,5700,11500,10000,29-Dec-21,29-12-2021 00:00
Himachal Pradesh,Kangra,Palampur,Apple,Fruits,0.8,7000,8000,7500,29-Dec-21,29-12-2021 00:00
Himachal Pradesh,Solan,Solan,Apple,Fruits,0.01,6000,9000,7000,29-Dec-21,29-12-2021 00:00
Himachal Pradesh,Una,Una,Other,Fruits,1.4,7000,14000,10500,29-Dec-21,29-12-2021 00:00
Himachal Pradesh,Mandi,Dhanotu (Mandi),Royal Delicious,Fruits,0.7,7000,8500,7750,29-Dec-21,29-12-2021 00:00
Himachal Pradesh,Kangra,Kangra(Baijnath),Apple,Fruits,0.07,7000,12000,7500,30-Dec-21,30-12-2021 00:00
Himachal Pradesh,Mandi,Mandi(Mandi),Apple,Fruits,0.7,6000,11500,10000,30-Dec-21,30-12-2021 00:00
Himachal Pradesh,Kangra,Palampur,Apple,Fruits,0.7,7000,8000,7500,30-Dec-21,30-12-2021 00:00
Himachal Pradesh,Solan,Solan,Apple,Fruits,0.01,6000,10000,7000,30-Dec-21,30-12-2021 00:00
Himachal Pradesh,Una,Una,Other,Fruits,1.4,7000,12000,10000,30-Dec-21,30-12-2021 00:00
Himachal Pradesh,Kangra,Kangra,Other,Fruits,0.3,5000,8000,6500,30-Dec-21,30-12-2021 00:00
Himachal Pradesh,Hamirpur,Hamirpur,Delicious,Fruits,0.75,7250,7500,7350,30-Dec-21,30-12-2021 00:00
Himachal Pradesh,Mandi,Dhanotu (Mandi),Royal Delicious,Fruits,0.5,6000,8000,7000,30-Dec-21,30-12-2021 00:00
Himachal Pradesh,Kangra,Kangra,Other,Fruits,0.3,5000,8000,6500,31-Dec-21,31-12-2021 00:00
Himachal Pradesh,Kangra,Kangra(Baijnath),Apple,Fruits,0.1,6500,12000,7500,31-Dec-21,31-12-2021 00:00
Himachal Pradesh,Mandi,Mandi(Mandi),Apple,Fruits,0.5,6000,14000,10000,31-Dec-21,31-12-2021 00:00
Himachal Pradesh,Kangra,Palampur,Apple,Fruits,0.9,7000,8500,7700,31-Dec-21,31-12-2021 00:00
Himachal Pradesh,Solan,Solan,Apple,Fruits,0.01,6000,9000,7000,31-Dec-21,31-12-2021 00:00
Himachal Pradesh,Una,Una,Other,Fruits,1.4,7000,15000,11000,31-Dec-21,31-12-2021 00:00
Himachal Pradesh,Hamirpur,Hamirpur(Nadaun),Delicious,Fruits,0.75,7250,7500,7350,31-Dec-21,31-12-2021 00:00
Himachal Pradesh,Hamirpur,Hamirpur,Delicious,Fruits,3.2,7200,7500,7350,31-Dec-21,31-12-2021 00:00
Himachal Pradesh,Mandi,Dhanotu (Mandi),Royal Delicious,Fruits,0.8,6000,8000,7000,31-Dec-21,31-12-2021 00:00
Himachal Pradesh,Bilaspur,Bilaspur,Apple,Fruits,0.1,1800,2100,1900,01-Jan-22,01-01-2022 00:00
Himachal Pradesh,Mandi,Dhanotu (Mandi),Royal Delicious,Fruits,0.7,7000,8000,7500,01-Jan-22,01-01-2022 00:00
Himachal Pradesh,Hamirpur,Hamirpur,Delicious,Fruits,0.85,7200,7500,7350,01-Jan-22,01-01-2022 00:00
Himachal Pradesh,Hamirpur,Hamirpur(Nadaun),Delicious,Fruits,0.75,7200,7500,7350,01-Jan-22,01-01-2022 00:00
Himachal Pradesh,Kangra,Kangra,Other,Fruits,0.4,5000,8000,6500,01-Jan-22,01-01-2022 00:00
Himachal Pradesh,Kangra,Kangra(Baijnath),American,Fruits,0.1,12000,12000,12000,01-Jan-22,01-01-2022 00:00
Himachal Pradesh,Kangra,Kangra(Baijnath),Apple,Fruits,0.1,7000,8000,8000,01-Jan-22,01-01-2022 00:00
Himachal Pradesh,Kangra,Kangra(Nagrota Bagwan),American,Fruits,0.2,5000,10000,7500,01-Jan-22,01-01-2022 00:00
Himachal Pradesh,Mandi,Mandi(Mandi),Apple,Fruits,0.6,5600,8000,7000,01-Jan-22,01-01-2022 00:00
Himachal Pradesh,Sirmore,Nahan,Other,Fruits,0.25,8000,0,8000,01-Jan-22,01-01-2022 00:00
Himachal Pradesh,Kangra,Palampur,Apple,Fruits,0.8,7500,8500,8000,01-Jan-22,01-01-2022 00:00
Himachal Pradesh,Sirmore,Paonta Sahib,Kasmir/Shimla - II,Fruits,0.35,7000,8000,7500,01-Jan-22,01-01-2022 00:00
Himachal Pradesh,Una,Una,Other,Fruits,1.2,7000,15000,11000,01-Jan-22,01-01-2022 00:00
NCT of Delhi,Delhi,Azadpur,Delicious,Fruits,1023.1,1000,4667,2958,01-Jan-22,01-01-2022 00:00
NCT of Delhi,Delhi,Azadpur,Kullu Royal Delicious,Fruits,1023.1,3500,9000,5688,01-Jan-22,01-01-2022 00:00
NCT of Delhi,Delhi,Azadpur,Royal Delicious,Fruits,1023.1,3500,10000,6000,01-Jan-22,01-01-2022 00:00
West Bengal,Kolkata,Mechua,Apple,Fruits,187.4,7500,9200,8600,02-Jan-22,02-01-2022 00:00
West Bengal,Kolkata,Mechua,Apple,Fruits,187.4,6600,8000,7300,02-Jan-22,02-01-2022 00:00
West Bengal,Kolkata,Mechua,Apple,Fruits,187.4,5000,6600,5500,02-Jan-22,02-01-2022 00:00
West Bengal,Kolkata,Mechua,Apple,Fruits,197.3,7000,9600,8800,03-Jan-22,03-01-2022 00:00
West Bengal,Kolkata,Mechua,Apple,Fruits,197.3,6200,7800,7300,03-Jan-22,03-01-2022 00:00
Himachal Pradesh,Kangra,Kangra,Other,Fruits,0.3,5000,8000,6500,03-Jan-22,03-01-2022 00:00
Himachal Pradesh,Kangra,Kangra(Nagrota Bagwan),American,Fruits,0.2,5000,10000,7500,03-Jan-22,03-01-2022 00:00
Himachal Pradesh,Mandi,Mandi(Mandi),Apple,Fruits,1.0,6000,14000,9000,03-Jan-22,03-01-2022 00:00
Himachal Pradesh,Kangra,Palampur,Apple,Fruits,0.6,7500,8200,7850,03-Jan-22,03-01-2022 00:00
Himachal Pradesh,Sirmore,Paonta Sahib,Kasmir/Shimla - II,Fruits,0.25,7000,9000,8000,03-Jan-22,03-01-2022 00:00
Himachal Pradesh,Solan,Solan,Apple,Fruits,0.01,6000,12000,7000,03-Jan-22,03-01-2022 00:00
Himachal Pradesh,Una,Una,Other,Fruits,1.4,7000,14000,10000,03-Jan-22,03-01-2022 00:00
Himachal Pradesh,Hamirpur,Hamirpur(Nadaun),Delicious,Fruits,0.53,7200,7800,7500,03-Jan-22,03-01-2022 00:00
Himachal Pradesh,Hamirpur,Hamirpur,Delicious,Fruits,0.75,7200,7800,7500,03-Jan-22,03-01-2022 00:00
Himachal Pradesh,Mandi,Dhanotu (Mandi),Royal Delicious,Fruits,0.8,7000,8500,7250,03-Jan-22,03-01-2022 00:00
Himachal Pradesh,Bilaspur,Bilaspur,Apple,Fruits,0.1,8000,16000,9000,03-Jan-22,03-01-2022 00:00
NCT of Delhi,Delhi,Azadpur,Delicious,Fruits,655.4,1000,4667,2708,03-Jan-22,03-01-2022 00:00
NCT of Delhi,Delhi,Azadpur,Kullu Royal Delicious,Fruits,655.4,3500,8000,5375,03-Jan-22,03-01-2022 00:00
NCT of Delhi,Delhi,Azadpur,Royal Delicious,Fruits,655.4,3500,10000,6300,03-Jan-22,03-01-2022 00:00
West Bengal,Kolkata,Mechua,Apple,Fruits,197.3,5000,6600,5700,03-Jan-22,03-01-2022 00:00
Himachal Pradesh,Chamba,Chamba,Royal Delicious,Fruits,0.3,6000,7000,6500,04-Jan-22,04-01-2022 00:00
Himachal Pradesh,Mandi,Dhanotu (Mandi),Royal Delicious,Fruits,0.4,7000,8000,7500,04-Jan-22,04-01-2022 00:00
Himachal Pradesh,Hamirpur,Hamirpur,Delicious,Fruits,0.75,7200,7500,7350,04-Jan-22,04-01-2022 00:00
Himachal Pradesh,Hamirpur,Hamirpur(Nadaun),Delicious,Fruits,0.7,7200,7500,7350,04-Jan-22,04-01-2022 00:00
Himachal Pradesh,Kangra,Kangra,Other,Fruits,0.3,5000,8000,6500,04-Jan-22,04-01-2022 00:00
Himachal Pradesh,Kangra,Kangra(Jassour),Other,Fruits,0.7,6000,7500,6750,04-Jan-22,04-01-2022 00:00
Himachal Pradesh,Kangra,Kangra(Nagrota Bagwan),American,Fruits,0.1,5000,10000,7500,04-Jan-22,04-01-2022 00:00
Himachal Pradesh,Mandi,Mandi(Mandi),Apple,Fruits,0.4,6000,12000,10000,04-Jan-22,04-01-2022 00:00
Himachal Pradesh,Sirmore,Nahan,Other,Fruits,0.3,8000,0,8000,04-Jan-22,04-01-2022 00:00
Himachal Pradesh,Kangra,Palampur,Apple,Fruits,0.6,7000,8500,7800,04-Jan-22,04-01-2022 00:00
Himachal Pradesh,Sirmore,Paonta Sahib,Kasmir/Shimla - II,Fruits,0.35,7000,8000,8000,04-Jan-22,04-01-2022 00:00
Himachal Pradesh,Una,Una,Kullu Royal Delicious,Fruits,1.4,7000,14000,10000,04-Jan-22,04-01-2022 00:00
NCT of Delhi,Delhi,Azadpur,Royal Delicious,Fruits,1736.4,3500,10000,4997,04-Jan-22,04-01-2022 00:00
NCT of Delhi,Delhi,Azadpur,Kullu Royal Delicious,Fruits,1736.4,3000,9000,5500,04-Jan-22,04-01-2022 00:00
NCT of Delhi,Delhi,Azadpur,Delicious,Fruits,1736.4,1067,4333,2875,04-Jan-22,04-01-2022 00:00
West Bengal,Kolkata,Mechua,Apple,Fruits,179.3,7300,9500,8700,05-Jan-22,05-01-2022 00:00
West Bengal,Kolkata,Mechua,Apple,Fruits,179.3,6400,8200,7400,05-Jan-22,05-01-2022 00:00
Himachal Pradesh,Bilaspur,Bilaspur,Apple,Fruits,0.1,8000,16000,10000,05-Jan-22,05-01-2022 00:00
Himachal Pradesh,Mandi,Dhanotu (Mandi),Royal Delicious,Fruits,0.5,6000,6000,6000,05-Jan-22,05-01-2022 00:00
Himachal Pradesh,Hamirpur,Hamirpur,Delicious,Fruits,4.3,900,1200,1050,05-Jan-22,05-01-2022 00:00
Himachal Pradesh,Hamirpur,Hamirpur(Nadaun),Delicious,Fruits,0.7,7000,7500,7250,05-Jan-22,05-01-2022 00:00
Himachal Pradesh,Kangra,Kangra,Other,Fruits,0.3,5000,8000,6500,05-Jan-22,05-01-2022 00:00
Himachal Pradesh,Kangra,Kangra(Jassour),Other,Fruits,1.0,6000,7500,6750,05-Jan-22,05-01-2022 00:00
Himachal Pradesh,Kangra,Kangra(Nagrota Bagwan),American,Fruits,0.2,5000,10000,7500,05-Jan-22,05-01-2022 00:00
Himachal Pradesh,Mandi,Mandi(Mandi),Apple,Fruits,0.8,6500,9000,8000,05-Jan-22,05-01-2022 00:00
Himachal Pradesh,Sirmore,Nahan,Other,Fruits,0.2,8000,10000,9000,05-Jan-22,05-01-2022 00:00
Himachal Pradesh,Sirmore,Paonta Sahib,Kasmir/Shimla - II,Fruits,0.35,8000,0,8000,05-Jan-22,05-01-2022 00:00
Himachal Pradesh,Solan,Solan,Apple,Fruits,0.01,6000,12000,7000,05-Jan-22,05-01-2022 00:00
Himachal Pradesh,Una,Una,Kullu Royal Delicious,Fruits,1.3,6000,15000,10500,05-Jan-22,05-01-2022 00:00
NCT of Delhi,Delhi,Azadpur,Delicious,Fruits,524.1,1000,4667,3233,05-Jan-22,05-01-2022 00:00
NCT of Delhi,Delhi,Azadpur,Kullu Royal Delicious,Fruits,524.1,3000,9000,5500,05-Jan-22,05-01-2022 00:00
NCT of Delhi,Delhi,Azadpur,Royal Delicious,Fruits,524.1,3500,10000,6300,05-Jan-22,05-01-2022 00:00
West Bengal,Kolkata,Mechua,Apple,Fruits,179.3,4800,6000,5500,05-Jan-22,05-01-2022 00:00
West Bengal,Kolkata,Mechua,Apple,Fruits,175.3,7400,9600,8800,06-Jan-22,06-01-2022 00:00
Himachal Pradesh,Mandi,Dhanotu (Mandi),Royal Delicious,Fruits,0.6,5000,7500,6250,06-Jan-22,06-01-2022 00:00
Himachal Pradesh,Hamirpur,Hamirpur(Nadaun),Delicious,Fruits,0.6,7200,7500,7350,06-Jan-22,06-01-2022 00:00
Himachal Pradesh,Kangra,Kangra,Other,Fruits,0.2,5000,8000,6500,06-Jan-22,06-01-2022 00:00
Himachal Pradesh,Kangra,Kangra(Baijnath),Apple,Fruits,0.1,7000,9000,7000,06-Jan-22,06-01-2022 00:00
Himachal Pradesh,Kangra,Kangra(Jaisinghpur),Apple,Fruits,0.04,7000,7500,7250,06-Jan-22,06-01-2022 00:00
Himachal Pradesh,Kangra,Kangra(Nagrota Bagwan),American,Fruits,0.1,5000,10000,7500,06-Jan-22,06-01-2022 00:00
Himachal Pradesh,Mandi,Mandi(Mandi),Apple,Fruits,0.6,6000,13500,10000,06-Jan-22,06-01-2022 00:00
Himachal Pradesh,Sirmore,Nahan,Other,Fruits,0.2,8000,10000,10000,06-Jan-22,06-01-2022 00:00
Himachal Pradesh,Kangra,Palampur,Apple,Fruits,0.6,7000,7500,7250,06-Jan-22,06-01-2022 00:00
Himachal Pradesh,Sirmore,Paonta Sahib,Kasmir/Shimla - II,Fruits,0.5,7000,9000,8000,06-Jan-22,06-01-2022 00:00
Himachal Pradesh,Una,Santoshgarh,Other,Fruits,0.11,8000,8000,8000,06-Jan-22,06-01-2022 00:00
Himachal Pradesh,Una,Una,Delicious,Fruits,1.0,7000,14000,10000,06-Jan-22,06-01-2022 00:00
West Bengal,Kolkata,Mechua,Apple,Fruits,175.3,6500,8000,7000,06-Jan-22,06-01-2022 00:00
West Bengal,Kolkata,Mechua,Apple,Fruits,175.3,5000,6400,5600,06-Jan-22,06-01-2022 00:00
West Bengal,Kolkata,Mechua,Apple,Fruits,176.3,7200,9500,8600,07-Jan-22,07-01-2022 00:00
Himachal Pradesh,Mandi,Dhanotu (Mandi),Royal Delicious,Fruits,0.7,6000,7000,6500,07-Jan-22,07-01-2022 00:00
Himachal Pradesh,Kangra,Kangra,Other,Fruits,0.3,5000,8000,6500,07-Jan-22,07-01-2022 00:00
Himachal Pradesh,Kangra,Kangra(Baijnath),Apple,Fruits,0.1,6000,9000,7000,07-Jan-22,07-01-2022 00:00
Himachal Pradesh,Mandi,Mandi(Mandi),Apple,Fruits,0.3,5000,14000,10000,07-Jan-22,07-01-2022 00:00
Himachal Pradesh,Kangra,Palampur,Apple,Fruits,1.0,7000,8000,7500,07-Jan-22,07-01-2022 00:00
Himachal Pradesh,Sirmore,Paonta Sahib,Kasmir/Shimla - II,Fruits,0.52,8000,9000,9000,07-Jan-22,07-01-2022 00:00
Himachal Pradesh,Una,Una,Delicious,Fruits,0.97,7000,15000,10500,07-Jan-22,07-01-2022 00:00
Himachal Pradesh,Sirmore,Nahan,Other,Fruits,0.2,8000,10000,9000,07-Jan-22,07-01-2022 00:00
West Bengal,Kolkata,Mechua,Apple,Fruits,176.3,6500,8500,7300,07-Jan-22,07-01-2022 00:00
NCT of Delhi,Delhi,Azadpur,Delicious,Fruits,240.6,1333,4667,3379,07-Jan-22,07-01-2022 00:00
NCT of Delhi,Delhi,Azadpur,Kullu Royal Delicious,Fruits,240.6,3000,9000,5500,07-Jan-22,07-01-2022 00:00
NCT of Delhi,Delhi,Azadpur,Royal Delicious,Fruits,240.6,3500,10000,6300,07-Jan-22,07-01-2022 00:00
West Bengal,Kolkata,Mechua,Apple,Fruits,176.3,5000,6600,5800,07-Jan-22,07-01-2022 00:00
West Bengal,Kolkata,Mechua,Apple,Fruits,169.3,7500,9400,8800,08-Jan-22,08-01-2022 00:00
West Bengal,Kolkata,Mechua,Apple,Fruits,169.3,6500,8200,7300,08-Jan-22,08-01-2022 00:00
Himachal Pradesh,Mandi,Dhanotu (Mandi),Royal Delicious,Fruits,0.4,6000,8000,7000,08-Jan-22,08-01-2022 00:00
Himachal Pradesh,Kangra,Kangra(Baijnath),American,Fruits,0.1,12000,12000,12000,08-Jan-22,08-01-2022 00:00
Himachal Pradesh,Kangra,Kangra(Baijnath),Apple,Fruits,0.1,6500,9000,7500,08-Jan-22,08-01-2022 00:00
Himachal Pradesh,Kangra,Kangra(Jassour),Other,Fruits,0.5,6000,7500,6750,08-Jan-22,08-01-2022 00:00
Himachal Pradesh,Kangra,Palampur,Apple,Fruits,0.6,7000,9000,8000,08-Jan-22,08-01-2022 00:00
NCT of Delhi,Delhi,Azadpur,Delicious,Fruits,326.5,1333,4667,3958,08-Jan-22,08-01-2022 00:00
NCT of Delhi,Delhi,Azadpur,Kullu Royal Delicious,Fruits,326.5,3000,8000,5250,08-Jan-22,08-01-2022 00:00
NCT of Delhi,Delhi,Azadpur,Royal Delicious,Fruits,326.5,3500,10000,6400,08-Jan-22,08-01-2022 00:00
West Bengal,Kolkata,Mechua,Apple,Fruits,169.3,5000,6400,5500,08-Jan-22,08-01-2022 00:00
Himachal Pradesh,Kangra,Kangra(Baijnath),Apple,Fruits,0.1,7000,12000,8000,09-Jan-22,09-01-2022 00:00
West Bengal,Kolkata,Mechua,Apple,Fruits,197.2,7200,9400,8600,10-Jan-22,10-01-2022 00:00
West Bengal,Kolkata,Mechua,Apple,Fruits,197.2,6000,7800,7000,10-Jan-22,10-01-2022 00:00
Himachal Pradesh,Kangra,Kangra,Other,Fruits,0.3,5000,8000,6500,10-Jan-22,10-01-2022 00:00
Himachal Pradesh,Kangra,Kangra(Baijnath),Apple,Fruits,0.1,7000,12000,8000,10-Jan-22,10-01-2022 00:00
Himachal Pradesh,Kangra,Kangra(Jassour),Other,Fruits,0.6,6000,7500,6750,10-Jan-22,10-01-2022 00:00
Himachal Pradesh,Mandi,Mandi(Mandi),Apple,Fruits,0.4,5000,6500,6000,10-Jan-22,10-01-2022 00:00
Himachal Pradesh,Kangra,Palampur,Apple,Fruits,0.6,7000,8500,7750,10-Jan-22,10-01-2022 00:00
Himachal Pradesh,Sirmore,Paonta Sahib,Kasmir/Shimla - II,Fruits,0.65,4000,8000,6000,10-Jan-22,10-01-2022 00:00
Himachal Pradesh,Solan,Solan,Apple,Fruits,0.01,5000,8000,7000,10-Jan-22,10-01-2022 00:00
Himachal Pradesh,Una,Una,Other,Fruits,1.3,6000,10000,8000,10-Jan-22,10-01-2022 00:00
Himachal Pradesh,Hamirpur,Hamirpur(Nadaun),Delicious,Fruits,0.55,7200,7500,7350,10-Jan-22,10-01-2022 00:00
Himachal Pradesh,Mandi,Dhanotu (Mandi),Royal Delicious,Fruits,0.4,8000,9000,8500,10-Jan-22,10-01-2022 00:00
NCT of Delhi,Delhi,Azadpur,Delicious,Fruits,56.8,1333,4667,3917,10-Jan-22,10-01-2022 00:00
NCT of Delhi,Delhi,Azadpur,Kullu Royal Delicious,Fruits,56.8,3000,8000,4756,10-Jan-22,10-01-2022 00:00
NCT of Delhi,Delhi,Azadpur,Royal Delicious,Fruits,56.8,3500,10000,6400,10-Jan-22,10-01-2022 00:00
Odisha,Mayurbhanja,Karanjia,Other,Fruits,0.06,11000,13000,12000,10-Jan-22,10-01-2022 00:00
Odisha,Mayurbhanja,Karanjia,Other,Fruits,0.06,10000,12000,11000,10-Jan-22,10-01-2022 00:00
West Bengal,Kolkata,Mechua,Apple,Fruits,197.2,4600,6500,5200,10-Jan-22,10-01-2022 00:00
West Bengal,Kolkata,Mechua,Apple,Fruits,176.9,7400,9600,8600,11-Jan-22,11-01-2022 00:00
West Bengal,Kolkata,Mechua,Apple,Fruits,176.9,6200,8400,7400,11-Jan-22,11-01-2022 00:00
Himachal Pradesh,Bilaspur,Bilaspur,Apple,Fruits,0.1,7000,16000,9000,11-Jan-22,11-01-2022 00:00
Himachal Pradesh,Mandi,Dhanotu (Mandi),Royal Delicious,Fruits,0.4,8000,9000,8500,11-Jan-22,11-01-2022 00:00
Himachal Pradesh,Hamirpur,Hamirpur(Nadaun),Delicious,Fruits,0.23,7250,7500,7350,11-Jan-22,11-01-2022 00:00
Himachal Pradesh,Kangra,Kangra,Other,Fruits,0.3,6000,10000,8000,11-Jan-22,11-01-2022 00:00
Himachal Pradesh,Kangra,Kangra(Baijnath),Apple,Fruits,0.1,7000,8000,8000,11-Jan-22,11-01-2022 00:00
Himachal Pradesh,Kangra,Kangra(Jassour),Other,Fruits,0.5,6000,7500,6750,11-Jan-22,11-01-2022 00:00
Himachal Pradesh,Mandi,Mandi(Mandi),Apple,Fruits,0.7,6500,14000,10000,11-Jan-22,11-01-2022 00:00
Himachal Pradesh,Sirmore,Nahan,Other,Fruits,0.05,8000,0,10000,11-Jan-22,11-01-2022 00:00
Himachal Pradesh,Kangra,Palampur,Apple,Fruits,0.6,7000,8500,7250,11-Jan-22,11-01-2022 00:00
Himachal Pradesh,Sirmore,Paonta Sahib,Kasmir/Shimla - II,Fruits,0.4,5000,8000,6000,11-Jan-22,11-01-2022 00:00
Himachal Pradesh,Una,Una,Other,Fruits,1.4,7000,15000,11000,11-Jan-22,11-01-2022 00:00
NCT of Delhi,Delhi,Azadpur,Delicious,Fruits,132.0,1333,4667,3833,11-Jan-22,11-01-2022 00:00
NCT of Delhi,Delhi,Azadpur,Kullu Royal Delicious,Fruits,132.0,3000,8000,5250,11-Jan-22,11-01-2022 00:00
NCT of Delhi,Delhi,Azadpur,Royal Delicious,Fruits,132.0,3500,10000,6400,11-Jan-22,11-01-2022 00:00
Odisha,Mayurbhanja,Karanjia,Other,Fruits,0.05,11000,13000,12000,11-Jan-22,11-01-2022 00:00
Odisha,Mayurbhanja,Karanjia,Other,Fruits,0.05,10000,12000,11000,11-Jan-22,11-01-2022 00:00
West Bengal,Kolkata,Mechua,Apple,Fruits,176.9,4800,6000,5500,11-Jan-22,11-01-2022 00:00
West Bengal,Kolkata,Mechua,Apple,Fruits,189.5,7200,9000,8500,12-Jan-22,12-01-2022 00:00
Himachal Pradesh,Mandi,Dhanotu (Mandi),Royal Delicious,Fruits,0.4,8000,9000,8500,12-Jan-22,12-01-2022 00:00
Himachal Pradesh,Hamirpur,Hamirpur(Nadaun),Delicious,Fruits,0.35,7200,7500,7350,12-Jan-22,12-01-2022 00:00
Himachal Pradesh,Kangra,Kangra,Other,Fruits,0.4,6000,8000,7000,12-Jan-22,12-01-2022 00:00
Himachal Pradesh,Kangra,Kangra(Jaisinghpur),Apple,Fruits,0.04,7000,8700,8200,12-Jan-22,12-01-2022 00:00
Himachal Pradesh,Kangra,Kangra(Jassour),Other,Fruits,0.6,6000,7500,6750,12-Jan-22,12-01-2022 00:00
Himachal Pradesh,Kangra,Kangra(Nagrota Bagwan),American,Fruits,0.2,5000,10000,7500,12-Jan-22,12-01-2022 00:00
Himachal Pradesh,Mandi,Mandi(Mandi),Apple,Fruits,0.5,5700,9000,8000,12-Jan-22,12-01-2022 00:00
Himachal Pradesh,Kangra,Palampur,Apple,Fruits,0.6,7000,8000,7500,12-Jan-22,12-01-2022 00:00
Himachal Pradesh,Sirmore,Paonta Sahib,Kasmir/Shimla - II,Fruits,0.52,7000,0,8000,12-Jan-22,12-01-2022 00:00
Himachal Pradesh,Una,Una,Other,Fruits,1.1,7000,15000,11000,12-Jan-22,12-01-2022 00:00
West Bengal,Kolkata,Mechua,Apple,Fruits,189.5,6000,8000,7000,12-Jan-22,12-01-2022 00:00
NCT of Delhi,Delhi,Azadpur,Delicious,Fruits,244.7,1333,4667,3833,12-Jan-22,12-01-2022 00:00
NCT of Delhi,Delhi,Azadpur,Kullu Royal Delicious,Fruits,244.7,3000,8000,5250,12-Jan-22,12-01-2022 00:00
NCT of Delhi,Delhi,Azadpur,Royal Delicious,Fruits,244.7,3500,10000,6400,12-Jan-22,12-01-2022 00:00
Odisha,Mayurbhanja,Karanjia,Other,Fruits,0.07,11000,13000,12000,12-Jan-22,12-01-2022 00:00
Odisha,Mayurbhanja,Karanjia,Other,Fruits,0.07,10000,12000,11000,12-Jan-22,12-01-2022 00:00
West Bengal,Kolkata,Mechua,Apple,Fruits,189.5,5000,6200,5500,12-Jan-22,12-01-2022 00:00
West Bengal,Kolkata,Mechua,Apple,Fruits,176.9,7300,9500,8700,13-Jan-22,13-01-2022 00:00
West Bengal,Kolkata,Mechua,Apple,Fruits,176.9,6200,7800,7000,13-Jan-22,13-01-2022 00:00
Himachal Pradesh,Mandi,Dhanotu (Mandi),Royal Delicious,Fruits,0.3,6000,8000,7000,13-Jan-22,13-01-2022 00:00
Himachal Pradesh,Kangra,Kangra,Other,Fruits,0.5,6000,8000,7000,13-Jan-22,13-01-2022 00:00
Himachal Pradesh,Kangra,Kangra(Jassour),Other,Fruits,0.1,6000,7500,6750,13-Jan-22,13-01-2022 00:00
Himachal Pradesh,Mandi,Mandi(Mandi),Apple,Fruits,0.4,5000,19300,10000,13-Jan-22,13-01-2022 00:00
Himachal Pradesh,Kangra,Palampur,Apple,Fruits,0.4,7000,8500,7750,13-Jan-22,13-01-2022 00:00
Himachal Pradesh,Sirmore,Paonta Sahib,Kasmir/Shimla - II,Fruits,0.2,800000,800000,800000,13-Jan-22,13-01-2022 00:00
Himachal Pradesh,Una,Una,Other,Fruits,1.2,8000,15000,12000,13-Jan-22,13-01-2022 00:00
NCT of Delhi,Delhi,Azadpur,Delicious,Fruits,390.1,1333,5333,3833,13-Jan-22,13-01-2022 00:00
NCT of Delhi,Delhi,Azadpur,Kullu Royal Delicious,Fruits,390.1,3000,8000,5250,13-Jan-22,13-01-2022 00:00
NCT of Delhi,Delhi,Azadpur,Royal Delicious,Fruits,390.1,3500,10000,6400,13-Jan-22,13-01-2022 00:00
Odisha,Mayurbhanja,Karanjia,Other,Fruits,0.05,11000,13000,12000,13-Jan-22,13-01-2022 00:00
Odisha,Mayurbhanja,Karanjia,Other,Fruits,0.05,10000,12000,11000,13-Jan-22,13-01-2022 00:00
West Bengal,Kolkata,Mechua,Apple,Fruits,176.9,4800,6000,5500,13-Jan-22,13-01-2022 00:00
West Bengal,Kolkata,Mechua,Apple,Fruits,179.3,7200,9200,8500,14-Jan-22,14-01-2022 00:00
Himachal Pradesh,Kangra,Kangra,Other,Fruits,0.3,6000,8000,7000,14-Jan-22,14-01-2022 00:00
Himachal Pradesh,Mandi,Mandi(Mandi),Apple,Fruits,0.6,5500,11700,10000,14-Jan-22,14-01-2022 00:00
Himachal Pradesh,Kangra,Palampur,Apple,Fruits,0.6,7000,8500,7850,14-Jan-22,14-01-2022 00:00
West Bengal,Kolkata,Mechua,Apple,Fruits,179.3,6400,8500,7300,14-Jan-22,14-01-2022 00:00
NCT of Delhi,Delhi,Azadpur,Delicious,Fruits,528.7,1333,5333,3833,14-Jan-22,14-01-2022 00:00
NCT of Delhi,Delhi,Azadpur,Kullu Royal Delicious,Fruits,528.7,3000,8000,5125,14-Jan-22,14-01-2022 00:00
NCT of Delhi,Delhi,Azadpur,Royal Delicious,Fruits,528.7,4000,10000,7000,14-Jan-22,14-01-2022 00:00
Odisha,Mayurbhanja,Karanjia,Other,Fruits,0.04,11000,13000,12000,14-Jan-22,14-01-2022 00:00
Odisha,Mayurbhanja,Karanjia,Other,Fruits,0.04,10000,12000,11000,14-Jan-22,14-01-2022 00:00
West Bengal,Kolkata,Mechua,Apple,Fruits,179.3,4800,6000,5500,14-Jan-22,14-01-2022 00:00
Himachal Pradesh,Mandi,Dhanotu (Mandi),Royal Delicious,Fruits,0.3,8000,8000,8000,15-Jan-22,15-01-2022 00:00
Himachal Pradesh,Kangra,Kangra,Other,Fruits,0.3,6000,8000,7000,15-Jan-22,15-01-2022 00:00
Himachal Pradesh,Kangra,Kangra(Jassour),Other,Fruits,0.6,6000,7500,6750,15-Jan-22,15-01-2022 00:00
Himachal Pradesh,Mandi,Mandi(Mandi),Apple,Fruits,0.6,5000,15500,10000,15-Jan-22,15-01-2022 00:00
Himachal Pradesh,Kangra,Kangra(Baijnath),Apple,Fruits,0.1,7000,8000,8000,15-Jan-22,15-01-2022 00:00
NCT of Delhi,Delhi,Azadpur,Delicious,Fruits,366.8,1333,5333,3833,15-Jan-22,15-01-2022 00:00
NCT of Delhi,Delhi,Azadpur,Kullu Royal Delicious,Fruits,366.8,3000,8000,5125,15-Jan-22,15-01-2022 00:00
NCT of Delhi,Delhi,Azadpur,Royal Delicious,Fruits,366.8,4000,10000,7000,15-Jan-22,15-01-2022 00:00
Odisha,Mayurbhanja,Karanjia,Other,Fruits,0.06,11000,13000,12000,15-Jan-22,15-01-2022 00:00
Odisha,Mayurbhanja,Karanjia,Other,Fruits,0.06,10000,12000,11000,15-Jan-22,15-01-2022 00:00
West Bengal,Kolkata,Mechua,Apple,Fruits,179.3,7200,9400,8500,16-Jan-22,16-01-2022 00:00
West Bengal,Kolkata,Mechua,Apple,Fruits,179.3,6400,8500,7300,16-Jan-22,16-01-2022 00:00
Odisha,Mayurbhanja,Karanjia,Other,Fruits,0.09,11000,13000,12000,16-Jan-22,16-01-2022 00:00
Odisha,Mayurbhanja,Karanjia,Other,Fruits,0.09,12000,14000,13000,16-Jan-22,16-01-2022 00:00
West Bengal,Kolkata,Mechua,Apple,Fruits,179.3,5000,6500,5500,16-Jan-22,16-01-2022 00:00
Himachal Pradesh,Chamba,Chamba,Royal Delicious,Fruits,0.15,7000,8000,7500,17-Jan-22,17-01-2022 00:00
Himachal Pradesh,Mandi,Dhanotu (Mandi),Royal Delicious,Fruits,0.3,6000,9000,7500,17-Jan-22,17-01-2022 00:00
Himachal Pradesh,Hamirpur,Hamirpur(Nadaun),Delicious,Fruits,0.56,7000,7500,7250,17-Jan-22,17-01-2022 00:00
Himachal Pradesh,Kangra,Kangra,Other,Fruits,0.3,6000,9000,7500,17-Jan-22,17-01-2022 00:00
Himachal Pradesh,Kangra,Kangra(Baijnath),Apple,Fruits,0.1,7000,20000,8000,17-Jan-22,17-01-2022 00:00
Himachal Pradesh,Mandi,Mandi(Mandi),Apple,Fruits,1.3,6000,15000,10000,17-Jan-22,17-01-2022 00:00
Himachal Pradesh,Kangra,Palampur,Apple,Fruits,0.6,8000,9000,8500,17-Jan-22,17-01-2022 00:00
Himachal Pradesh,Sirmore,Paonta Sahib,Kasmir/Shimla - II,Fruits,0.2,800000,800000,800000,17-Jan-22,17-01-2022 00:00
Himachal Pradesh,Una,Una,Other,Fruits,1.3,7000,13000,10000,17-Jan-22,17-01-2022 00:00
NCT of Delhi,Delhi,Azadpur,Delicious,Fruits,2890.7,1333,4667,3604,17-Jan-22,17-01-2022 00:00
NCT of Delhi,Delhi,Azadpur,Royal Delicious,Fruits,2890.7,4000,10000,7000,17-Jan-22,17-01-2022 00:00
Odisha,Mayurbhanja,Karanjia,Other,Fruits,0.07,12000,14000,13000,17-Jan-22,17-01-2022 00:00
Odisha,Mayurbhanja,Karanjia,Other,Fruits,0.07,11000,13000,12000,17-Jan-22,17-01-2022 00:00
NCT of Delhi,Delhi,Azadpur,Kullu Royal Delicious,Fruits,2890.7,3000,7500,6000,17-Jan-22,17-01-2022 00:00
Himachal Pradesh,Hamirpur,Hamirpur(Nadaun),Delicious,Fruits,0.26,7000,7500,7250,18-Jan-22,18-01-2022 00:00
Himachal Pradesh,Kangra,Kangra,Other,Fruits,0.3,6000,9000,7500,18-Jan-22,18-01-2022 00:00
Himachal Pradesh,Kangra,Kangra(Jaisinghpur),Apple,Fruits,0.04,7000,8500,7750,18-Jan-22,18-01-2022 00:00
Himachal Pradesh,Kangra,Kangra(Jassour),Other,Fruits,0.6,6000,7500,6750,18-Jan-22,18-01-2022 00:00
Himachal Pradesh,Mandi,Mandi(Mandi),Apple,Fruits,0.9,5600,8000,7000,18-Jan-22,18-01-2022 00:00
Himachal Pradesh,Kangra,Palampur,Apple,Fruits,0.4,8000,9000,8500,18-Jan-22,18-01-2022 00:00
Himachal Pradesh,Sirmore,Paonta Sahib,Kasmir/Shimla - II,Fruits,0.1,800000,800000,800000,18-Jan-22,18-01-2022 00:00
Himachal Pradesh,Una,Una,Other,Fruits,1.3,7000,15000,11000,18-Jan-22,18-01-2022 00:00
Himachal Pradesh,Kangra,Kangra(Baijnath),Apple,Fruits,0.1,7500,20000,8000,18-Jan-22,18-01-2022 00:00
NCT of Delhi,Delhi,Azadpur,Delicious,Fruits,1247.1,1667,5333,3486,18-Jan-22,18-01-2022 00:00
NCT of Delhi,Delhi,Azadpur,Kullu Royal Delicious,Fruits,1247.1,3000,7500,6000,18-Jan-22,18-01-2022 00:00
NCT of Delhi,Delhi,Azadpur,Royal Delicious,Fruits,1247.1,4000,10000,7000,18-Jan-22,18-01-2022 00:00
Odisha,Mayurbhanja,Karanjia,Other,Fruits,0.06,12000,14000,13000,18-Jan-22,18-01-2022 00:00
Odisha,Mayurbhanja,Karanjia,Other,Fruits,0.06,11000,13000,12000,18-Jan-22,18-01-2022 00:00
West Bengal,Kolkata,Mechua,Apple,Fruits,175.9,7300,9000,8500,19-Jan-22,19-01-2022 00:00
Himachal Pradesh,Mandi,Dhanotu (Mandi),Royal Delicious,Fruits,0.4,6000,7000,6500,19-Jan-22,19-01-2022 00:00
Himachal Pradesh,Hamirpur,Hamirpur(Nadaun),Delicious,Fruits,0.23,7200,7500,7350,19-Jan-22,19-01-2022 00:00
Himachal Pradesh,Kangra,Kangra,Other,Fruits,0.3,5000,8000,6500,19-Jan-22,19-01-2022 00:00
Himachal Pradesh,Kangra,Kangra(Jaisinghpur),Apple,Fruits,0.04,7500,9000,8250,19-Jan-22,19-01-2022 00:00
Himachal Pradesh,Kangra,Kangra(Jassour),Other,Fruits,0.6,6000,7500,6750,19-Jan-22,19-01-2022 00:00
Himachal Pradesh,Kangra,Kangra(Nagrota Bagwan),American,Fruits,0.2,5000,9000,7000,19-Jan-22,19-01-2022 00:00
Himachal Pradesh,Mandi,Mandi(Mandi),Apple,Fruits,0.6,6000,12000,10000,19-Jan-22,19-01-2022 00:00
Himachal Pradesh,Kangra,Palampur,Apple,Fruits,0.4,7500,9000,8250,19-Jan-22,19-01-2022 00:00
Himachal Pradesh,Sirmore,Paonta Sahib,Kasmir/Shimla - II,Fruits,0.2,800000,800000,800000,19-Jan-22,19-01-2022 00:00
Himachal Pradesh,Solan,Solan,Apple,Fruits,0.01,5000,8500,7000,19-Jan-22,19-01-2022 00:00
Himachal Pradesh,Una,Una,Other,Fruits,1.7,6000,15000,10000,19-Jan-22,19-01-2022 00:00
West Bengal,Kolkata,Mechua,Apple,Fruits,175.9,6000,7800,7000,19-Jan-22,19-01-2022 00:00
NCT of Delhi,Delhi,Azadpur,Kullu Royal Delicious,Fruits,717.7,3000,7500,6000,19-Jan-22,19-01-2022 00:00
NCT of Delhi,Delhi,Azadpur,Royal Delicious,Fruits,717.7,4000,10000,6700,19-Jan-22,19-01-2022 00:00
Odisha,Mayurbhanja,Karanjia,Other,Fruits,0.06,12000,14000,13000,19-Jan-22,19-01-2022 00:00
Odisha,Mayurbhanja,Karanjia,Other,Fruits,0.06,11000,13000,12000,19-Jan-22,19-01-2022 00:00
West Bengal,Kolkata,Mechua,Apple,Fruits,175.9,4800,6400,5500,19-Jan-22,19-01-2022 00:00
West Bengal,Kolkata,Mechua,Apple,Fruits,179.3,6600,8800,7800,20-Jan-22,20-01-2022 00:00
Himachal Pradesh,Mandi,Dhanotu (Mandi),Royal Delicious,Fruits,0.5,6000,8000,7000,20-Jan-22,20-01-2022 00:00
Himachal Pradesh,Hamirpur,Hamirpur(Nadaun),Delicious,Fruits,0.16,7000,7500,7250,20-Jan-22,20-01-2022 00:00
Himachal Pradesh,Kangra,Kangra,Other,Fruits,0.3,5000,8000,6500,20-Jan-22,20-01-2022 00:00
Himachal Pradesh,Mandi,Mandi(Mandi),Apple,Fruits,0.7,5600,13000,10000,20-Jan-22,20-01-2022 00:00
Himachal Pradesh,Kangra,Palampur,Apple,Fruits,0.7,7500,10000,8800,20-Jan-22,20-01-2022 00:00
Himachal Pradesh,Sirmore,Paonta Sahib,Kasmir/Shimla - II,Fruits,0.52,8000,10000,9000,20-Jan-22,20-01-2022 00:00
West Bengal,Kolkata,Mechua,Apple,Fruits,179.3,5700,7300,6500,20-Jan-22,20-01-2022 00:00
NCT of Delhi,Delhi,Azadpur,Delicious,Fruits,2106.2,1333,4667,3119,20-Jan-22,20-01-2022 00:00
NCT of Delhi,Delhi,Azadpur,Kullu Royal Delicious,Fruits,2106.2,3000,7500,5750,20-Jan-22,20-01-2022 00:00
NCT of Delhi,Delhi,Azadpur,Royal Delicious,Fruits,2106.2,4000,10000,6250,20-Jan-22,20-01-2022 00:00
Odisha,Mayurbhanja,Karanjia,Other,Fruits,0.05,11000,13000,12000,20-Jan-22,20-01-2022 00:00
Odisha,Mayurbhanja,Karanjia,Other,Fruits,0.05,12000,14000,13000,20-Jan-22,20-01-2022 00:00
West Bengal,Kolkata,Mechua,Apple,Fruits,179.3,4500,6000,5400,20-Jan-22,20-01-2022 00:00
Himachal Pradesh,Mandi,Dhanotu (Mandi),Royal Delicious,Fruits,0.4,6000,10000,8000,21-Jan-22,21-01-2022 00:00
Himachal Pradesh,Hamirpur,Hamirpur(Nadaun),Delicious,Fruits,0.12,7000,7500,7250,21-Jan-22,21-01-2022 00:00
Himachal Pradesh,Kangra,Kangra,Other,Fruits,0.3,5000,8000,6500,21-Jan-22,21-01-2022 00:00
Himachal Pradesh,Kangra,Kangra(Baijnath),Apple,Fruits,0.06,7000,8000,8000,21-Jan-22,21-01-2022 00:00
Himachal Pradesh,Kangra,Kangra(Jassour),Other,Fruits,0.6,6000,7500,6750,21-Jan-22,21-01-2022 00:00
Himachal Pradesh,Kangra,Palampur,Apple,Fruits,0.1,7500,10000,8750,21-Jan-22,21-01-2022 00:00
Himachal Pradesh,Sirmore,Paonta Sahib,Kasmir/Shimla - II,Fruits,0.52,8000,9000,9000,21-Jan-22,21-01-2022 00:00
Himachal Pradesh,Solan,Solan,Apple,Fruits,0.01,5000,8500,7000,21-Jan-22,21-01-2022 00:00
Himachal Pradesh,Mandi,Mandi(Mandi),Apple,Fruits,0.5,5000,8500,6000,21-Jan-22,21-01-2022 00:00
NCT of Delhi,Delhi,Azadpur,Delicious,Fruits,1676.7,1333,4667,3119,21-Jan-22,21-01-2022 00:00
NCT of Delhi,Delhi,Azadpur,Kullu Royal Delicious,Fruits,1676.7,3000,7500,5750,21-Jan-22,21-01-2022 00:00
NCT of Delhi,Delhi,Azadpur,Royal Delicious,Fruits,1676.7,3000,10000,6250,21-Jan-22,21-01-2022 00:00
Odisha,Mayurbhanja,Karanjia,Other,Fruits,0.06,12000,14000,13000,21-Jan-22,21-01-2022 00:00
Odisha,Mayurbhanja,Karanjia,Other,Fruits,0.06,11000,13000,12000,21-Jan-22,21-01-2022 00:00
West Bengal,Kolkata,Mechua,Apple,Fruits,179.3,7200,9300,8600,22-Jan-22,22-01-2022 00:00
Himachal Pradesh,Mandi,Dhanotu (Mandi),Royal Delicious,Fruits,0.3,6000,8000,7000,22-Jan-22,22-01-2022 00:00
Himachal Pradesh,Kangra,Kangra(Baijnath),Apple,Fruits,0.07,7500,8000,8000,22-Jan-22,22-01-2022 00:00
West Bengal,Kolkata,Mechua,Apple,Fruits,179.3,6200,7800,7000,22-Jan-22,22-01-2022 00:00
NCT of Delhi,Delhi,Azadpur,Delicious,Fruits,886.2,1333,4667,3119,22-Jan-22,22-01-2022 00:00
NCT of Delhi,Delhi,Azadpur,Kullu Royal Delicious,Fruits,886.2,3000,7500,5750,22-Jan-22,22-01-2022 00:00
NCT of Delhi,Delhi,Azadpur,Royal Delicious,Fruits,886.2,4000,10000,6250,22-Jan-22,22-01-2022 00:00
Odisha,Mayurbhanja,Karanjia,Other,Fruits,0.06,12000,14000,13000,22-Jan-22,22-01-2022 00:00
Odisha,Mayurbhanja,Karanjia,Other,Fruits,0.06,11000,13000,12000,22-Jan-22,22-01-2022 00:00
West Bengal,Kolkata,Mechua,Apple,Fruits,179.3,4800,6000,5500,22-Jan-22,22-01-2022 00:00
West Bengal,Kolkata,Mechua,Apple,Fruits,187.6,7300,8800,8400,23-Jan-22,23-01-2022 00:00
West Bengal,Kolkata,Mechua,Apple,Fruits,187.6,6000,7400,6600,23-Jan-22,23-01-2022 00:00
Odisha,Mayurbhanja,Karanjia,Other,Fruits,0.07,11000,13000,12000,23-Jan-22,23-01-2022 00:00
Odisha,Mayurbhanja,Karanjia,Other,Fruits,0.07,12000,14000,13000,23-Jan-22,23-01-2022 00:00
West Bengal,Kolkata,Mechua,Apple,Fruits,187.6,4800,6000,5400,23-Jan-22,23-01-2022 00:00
West Bengal,Kolkata,Mechua,Apple,Fruits,174.2,7200,9300,8600,24-Jan-22,24-01-2022 00:00
West Bengal,Kolkata,Mechua,Apple,Fruits,174.2,6200,7800,7000,24-Jan-22,24-01-2022 00:00
Himachal Pradesh,Mandi,Dhanotu (Mandi),Royal Delicious,Fruits,0.3,7000,10000,8500,24-Jan-22,24-01-2022 00:00
Himachal Pradesh,Hamirpur,Hamirpur,Other,Fruits,0.5,7000,9000,8000,24-Jan-22,24-01-2022 00:00
Himachal Pradesh,Hamirpur,Hamirpur(Nadaun),Delicious,Fruits,0.85,7500,8000,7750,24-Jan-22,24-01-2022 00:00
Himachal Pradesh,Kangra,Kangra,Other,Fruits,0.3,8000,9000,8500,24-Jan-22,24-01-2022 00:00
Himachal Pradesh,Kangra,Kangra(Baijnath),Apple,Fruits,0.06,7000,9000,8000,24-Jan-22,24-01-2022 00:00
Himachal Pradesh,Kangra,Kangra(Jassour),Other,Fruits,0.6,6000,7500,6750,24-Jan-22,24-01-2022 00:00
Himachal Pradesh,Kangra,Kangra(Nagrota Bagwan),American,Fruits,0.1,5000,10000,7500,24-Jan-22,24-01-2022 00:00
Himachal Pradesh,Kangra,Palampur,Apple,Fruits,0.6,7500,8500,8000,24-Jan-22,24-01-2022 00:00
Himachal Pradesh,Sirmore,Paonta Sahib,Kasmir/Shimla - II,Fruits,0.52,8000,9000,8500,24-Jan-22,24-01-2022 00:00
NCT of Delhi,Delhi,Azadpur,Kullu Royal Delicious,Fruits,1279.4,3000,7500,5750,24-Jan-22,24-01-2022 00:00
NCT of Delhi,Delhi,Azadpur,Royal Delicious,Fruits,1279.4,4000,10000,6550,24-Jan-22,24-01-2022 00:00
Odisha,Mayurbhanja,Karanjia,Other,Fruits,0.05,12000,14000,13000,24-Jan-22,24-01-2022 00:00
Odisha,Mayurbhanja,Karanjia,Other,Fruits,0.05,11000,13000,12000,24-Jan-22,24-01-2022 00:00
West Bengal,Kolkata,Mechua,Apple,Fruits,174.2,4700,6000,5500,24-Jan-22,24-01-2022 00:00
West Bengal,Kolkata,Mechua,Apple,Fruits,179.4,7700,9000,8500,25-Jan-22,25-01-2022 00:00
West Bengal,Kolkata,Mechua,Apple,Fruits,179.4,6300,7800,7000,25-Jan-22,25-01-2022 00:00
Himachal Pradesh,Mandi,Dhanotu (Mandi),Royal Delicious,Fruits,0.5,7000,9000,8000,25-Jan-22,25-01-2022 00:00
Himachal Pradesh,Kangra,Kangra,Other,Fruits,0.2,8000,9000,8500,25-Jan-22,25-01-2022 00:00
Himachal Pradesh,Mandi,Mandi(Mandi),Apple,Fruits,0.6,5500,16500,10000,25-Jan-22,25-01-2022 00:00
Himachal Pradesh,Sirmore,Paonta Sahib,Kasmir/Shimla - II,Fruits,0.2,8000,9000,9000,25-Jan-22,25-01-2022 00:00
NCT of Delhi,Delhi,Azadpur,Delicious,Fruits,355.1,1333,5333,3023,25-Jan-22,25-01-2022 00:00
NCT of Delhi,Delhi,Azadpur,Kullu Royal Delicious,Fruits,355.1,3000,7500,5000,25-Jan-22,25-01-2022 00:00
NCT of Delhi,Delhi,Azadpur,Royal Delicious,Fruits,355.1,4000,10000,6550,25-Jan-22,25-01-2022 00:00
Odisha,Mayurbhanja,Karanjia,Other,Fruits,0.05,12000,14000,13000,25-Jan-22,25-01-2022 00:00
Odisha,Mayurbhanja,Karanjia,Other,Fruits,0.05,11000,13000,12000,25-Jan-22,25-01-2022 00:00
West Bengal,Kolkata,Mechua,Apple,Fruits,179.4,4700,6200,5500,25-Jan-22,25-01-2022 00:00
West Bengal,Kolkata,Mechua,Apple,Fruits,179.3,7400,9300,8600,26-Jan-22,26-01-2022 00:00
West Bengal,Kolkata,Mechua,Apple,Fruits,179.3,6500,8200,7400,26-Jan-22,26-01-2022 00:00
Himachal Pradesh,Mandi,Dhanotu (Mandi),Royal Delicious,Fruits,0.4,7000,8500,7750,26-Jan-22,26-01-2022 00:00
Himachal Pradesh,Kangra,Kangra,Other,Fruits,0.3,8000,9000,8500,26-Jan-22,26-01-2022 00:00
Himachal Pradesh,Mandi,Mandi(Mandi),Apple,Fruits,0.5,6100,16000,10000,26-Jan-22,26-01-2022 00:00
Odisha,Mayurbhanja,Karanjia,Other,Fruits,0.06,12000,14000,13000,26-Jan-22,26-01-2022 00:00
Odisha,Mayurbhanja,Karanjia,Other,Fruits,0.06,11000,13000,12000,26-Jan-22,26-01-2022 00:00
West Bengal,Kolkata,Mechua,Apple,Fruits,179.3,5000,6400,5700,26-Jan-22,26-01-2022 00:00
West Bengal,Kolkata,Mechua,Apple,Fruits,175.3,7400,9300,8700,27-Jan-22,27-01-2022 00:00
West Bengal,Kolkata,Mechua,Apple,Fruits,175.3,6500,8400,7300,27-Jan-22,27-01-2022 00:00
Himachal Pradesh,Hamirpur,Hamirpur(Nadaun),Delicious,Fruits,0.89,7500,8000,7750,27-Jan-22,27-01-2022 00:00
Himachal Pradesh,Kangra,Kangra,Other,Fruits,0.3,8000,10000,9000,27-Jan-22,27-01-2022 00:00
Himachal Pradesh,Kangra,Kangra(Nagrota Bagwan),American,Fruits,0.1,8000,10000,9000,27-Jan-22,27-01-2022 00:00
Himachal Pradesh,Mandi,Mandi(Mandi),Apple,Fruits,0.6,6000,15000,10000,27-Jan-22,27-01-2022 00:00
Himachal Pradesh,Sirmore,Nahan,Other,Fruits,0.1,8000,10000,9000,27-Jan-22,27-01-2022 00:00
Himachal Pradesh,Kangra,Palampur,Apple,Fruits,0.4,7500,8000,7750,27-Jan-22,27-01-2022 00:00
Himachal Pradesh,Sirmore,Paonta Sahib,Kasmir/Shimla - II,Fruits,0.5,8000,9000,9000,27-Jan-22,27-01-2022 00:00
Himachal Pradesh,Solan,Solan,Apple,Fruits,0.01,5000,8500,7500,27-Jan-22,27-01-2022 00:00
Himachal Pradesh,Una,Una,Delicious,Fruits,1.1,7000,14000,10500,27-Jan-22,27-01-2022 00:00
NCT of Delhi,Delhi,Azadpur,Delicious,Fruits,787.4,1333,5333,2969,27-Jan-22,27-01-2022 00:00
NCT of Delhi,Delhi,Azadpur,Kullu Royal Delicious,Fruits,787.4,3000,7500,5000,27-Jan-22,27-01-2022 00:00
NCT of Delhi,Delhi,Azadpur,Royal Delicious,Fruits,787.4,4000,10000,6250,27-Jan-22,27-01-2022 00:00
Odisha,Mayurbhanja,Karanjia,Other,Fruits,0.05,12000,14000,13000,27-Jan-22,27-01-2022 00:00
Odisha,Mayurbhanja,Karanjia,Other,Fruits,0.05,11000,13000,12000,27-Jan-22,27-01-2022 00:00
West Bengal,Kolkata,Mechua,Apple,Fruits,175.3,4800,6300,5500,27-Jan-22,27-01-2022 00:00
West Bengal,Kolkata,Mechua,Apple,Fruits,196.3,7300,9500,8800,28-Jan-22,28-01-2022 00:00
West Bengal,Kolkata,Mechua,Apple,Fruits,196.3,6400,8500,7000,28-Jan-22,28-01-2022 00:00
Himachal Pradesh,Mandi,Dhanotu (Mandi),Royal Delicious,Fruits,0.6,6000,6500,6250,28-Jan-22,28-01-2022 00:00
Himachal Pradesh,Kangra,Kangra,Other,Fruits,0.2,8000,10000,9000,28-Jan-22,28-01-2022 00:00
Himachal Pradesh,Kangra,Kangra(Jassour),Other,Fruits,0.6,6000,7500,6750,28-Jan-22,28-01-2022 00:00
Himachal Pradesh,Kangra,Kangra(Nagrota Bagwan),American,Fruits,0.1,8000,10000,9000,28-Jan-22,28-01-2022 00:00
Himachal Pradesh,Mandi,Mandi(Mandi),Apple,Fruits,0.8,5600,15000,10000,28-Jan-22,28-01-2022 00:00
Himachal Pradesh,Sirmore,Nahan,Other,Fruits,0.2,8000,0,10000,28-Jan-22,28-01-2022 00:00
Himachal Pradesh,Kangra,Palampur,Apple,Fruits,0.4,7500,8500,8000,28-Jan-22,28-01-2022 00:00
Himachal Pradesh,Sirmore,Paonta Sahib,Kasmir/Shimla - II,Fruits,0.25,8000,9000,8500,28-Jan-22,28-01-2022 00:00
Himachal Pradesh,Solan,Solan,Apple,Fruits,0.01,8000,10000,9000,28-Jan-22,28-01-2022 00:00
NCT of Delhi,Delhi,Azadpur,Delicious,Fruits,840.0,1333,5333,2789,28-Jan-22,28-01-2022 00:00
NCT of Delhi,Delhi,Azadpur,Kullu Royal Delicious,Fruits,840.0,3000,7500,5000,28-Jan-22,28-01-2022 00:00
NCT of Delhi,Delhi,Azadpur,Royal Delicious,Fruits,840.0,4000,10000,6250,28-Jan-22,28-01-2022 00:00
Odisha,Mayurbhanja,Karanjia,Other,Fruits,0.06,12000,14000,13000,28-Jan-22,28-01-2022 00:00
Odisha,Mayurbhanja,Karanjia,Other,Fruits,0.06,11000,13000,12000,28-Jan-22,28-01-2022 00:00
West Bengal,Kolkata,Mechua,Apple,Fruits,196.3,5000,6700,5700,28-Jan-22,28-01-2022 00:00
West Bengal,Kolkata,Mechua,Apple,Fruits,197.3,7300,9500,8600,29-Jan-22,29-01-2022 00:00
Himachal Pradesh,Mandi,Dhanotu (Mandi),Royal Delicious,Fruits,0.4,7000,8000,7500,29-Jan-22,29-01-2022 00:00
Himachal Pradesh,Kangra,Kangra,Other,Fruits,0.4,8000,10000,9000,29-Jan-22,29-01-2022 00:00
Himachal Pradesh,Mandi,Mandi(Mandi),Apple,Fruits,0.4,5500,15500,10000,29-Jan-22,29-01-2022 00:00
Himachal Pradesh,Kangra,Palampur,Apple,Fruits,0.4,7500,8500,8000,29-Jan-22,29-01-2022 00:00
Himachal Pradesh,Sirmore,Paonta Sahib,Kasmir/Shimla - II,Fruits,0.2,800000,800000,800000,29-Jan-22,29-01-2022 00:00
West Bengal,Kolkata,Mechua,Apple,Fruits,197.3,6200,8000,7000,29-Jan-22,29-01-2022 00:00
NCT of Delhi,Delhi,Azadpur,Delicious,Fruits,899.8,1333,5333,2789,29-Jan-22,29-01-2022 00:00
NCT of Delhi,Delhi,Azadpur,Royal Delicious,Fruits,899.8,4000,10000,6250,29-Jan-22,29-01-2022 00:00
Odisha,Mayurbhanja,Karanjia,Other,Fruits,0.06,12000,14000,13000,29-Jan-22,29-01-2022 00:00
Odisha,Mayurbhanja,Karanjia,Other,Fruits,0.06,11000,13000,12000,29-Jan-22,29-01-2022 00:00
NCT of Delhi,Delhi,Azadpur,Kullu Royal Delicious,Fruits,899.8,3000,7500,5000,29-Jan-22,29-01-2022 00:00
West Bengal,Kolkata,Mechua,Apple,Fruits,197.3,5000,6600,5800,29-Jan-22,29-01-2022 00:00
West Bengal,Kolkata,Mechua,Apple,Fruits,176.2,7300,9400,8700,30-Jan-22,30-01-2022 00:00
West Bengal,Kolkata,Mechua,Apple,Fruits,176.2,6400,8300,7500,30-Jan-22,30-01-2022 00:00
Himachal Pradesh,Sirmore,Paonta Sahib,Kasmir/Shimla - II,Fruits,0.2,700000,900000,800000,30-Jan-22,30-01-2022 00:00
Himachal Pradesh,Kangra,Kangra(Baijnath),Apple,Fruits,0.1,7000,8000,8000,30-Jan-22,30-01-2022 00:00
Odisha,Mayurbhanja,Karanjia,Other,Fruits,0.07,11000,13000,12000,30-Jan-22,30-01-2022 00:00
Odisha,Mayurbhanja,Karanjia,Other,Fruits,0.07,12000,14000,13000,30-Jan-22,30-01-2022 00:00
West Bengal,Kolkata,Mechua,Apple,Fruits,176.2,5000,6600,5700,30-Jan-22,30-01-2022 00:00
West Bengal,Kolkata,Mechua,Apple,Fruits,187.3,7400,9600,8800,31-Jan-22,31-01-2022 00:00
Himachal Pradesh,Chamba,Chamba,Royal Delicious,Fruits,0.22,7000,8000,7500,31-Jan-22,31-01-2022 00:00
Himachal Pradesh,Mandi,Dhanotu (Mandi),Royal Delicious,Fruits,0.7,7000,15000,11000,31-Jan-22,31-01-2022 00:00
Himachal Pradesh,Kangra,Kangra,Other,Fruits,0.3,8000,10000,9000,31-Jan-22,31-01-2022 00:00
Himachal Pradesh,Kangra,Kangra(Baijnath),Apple,Fruits,0.1,7000,8000,8000,31-Jan-22,31-01-2022 00:00
Himachal Pradesh,Kangra,Kangra(Jassour),Other,Fruits,0.7,6000,7500,6750,31-Jan-22,31-01-2022 00:00
Himachal Pradesh,Kangra,Kangra(Nagrota Bagwan),American,Fruits,0.2,8000,10000,9000,31-Jan-22,31-01-2022 00:00
Himachal Pradesh,Mandi,Mandi(Mandi),Apple,Fruits,0.8,5500,15500,8000,31-Jan-22,31-01-2022 00:00
Himachal Pradesh,Sirmore,Nahan,Other,Fruits,0.1,7000,8000,7500,31-Jan-22,31-01-2022 00:00
Himachal Pradesh,Solan,Solan,Apple,Fruits,0.01,8000,10000,8000,31-Jan-22,31-01-2022 00:00
Himachal Pradesh,Una,Una,Other,Fruits,1.1,6000,14000,10000,31-Jan-22,31-01-2022 00:00
Himachal Pradesh,Kangra,Palampur,Apple,Fruits,0.6,8500,11000,9750,31-Jan-22,31-01-2022 00:00
West Bengal,Kolkata,Mechua,Apple,Fruits,187.3,6300,8200,7400,31-Jan-22,31-01-2022 00:00
NCT of Delhi,Delhi,Azadpur,Delicious,Fruits,963.8,1333,5333,2846,31-Jan-22,31-01-2022 00:00
NCT of Delhi,Delhi,Azadpur,Kullu Royal Delicious,Fruits,963.8,3500,8000,5000,31-Jan-22,31-01-2022 00:00
NCT of Delhi,Delhi,Azadpur,Royal Delicious,Fruits,963.8,4000,10000,6150,31-Jan-22,31-01-2022 00:00
Odisha,Mayurbhanja,Karanjia,Other,Fruits,0.05,12000,14000,13000,31-Jan-22,31-01-2022 00:00
Odisha,Mayurbhanja,Karanjia,Other,Fruits,0.05,11000,13000,12000,31-Jan-22,31-01-2022 00:00
West Bengal,Kolkata,Mechua,Apple,Fruits,187.3,5000,6400,5600,31-Jan-22,31-01-2022 00:00
West Bengal,Kolkata,Mechua,Apple,Fruits,175.9,7300,9600,8700,01-Feb-22,01-02-2022 00:00
Himachal Pradesh,Mandi,Dhanotu (Mandi),Royal Delicious,Fruits,0.4,8000,8000,8000,01-Feb-22,01-02-2022 00:00
Himachal Pradesh,Hamirpur,Hamirpur,Delicious,Fruits,0.25,7500,8000,7750,01-Feb-22,01-02-2022 00:00
Himachal Pradesh,Kangra,Kangra,Other,Fruits,0.5,6000,9000,7500,01-Feb-22,01-02-2022 00:00
Himachal Pradesh,Kangra,Kangra(Jassour),Other,Fruits,0.6,6500,7500,7000,01-Feb-22,01-02-2022 00:00
Himachal Pradesh,Mandi,Mandi(Mandi),Apple,Fruits,0.6,5500,15500,10000,01-Feb-22,01-02-2022 00:00
Himachal Pradesh,Kangra,Palampur,Apple,Fruits,0.4,7500,8000,7750,01-Feb-22,01-02-2022 00:00
Himachal Pradesh,Sirmore,Paonta Sahib,Kasmir/Shimla - II,Fruits,0.2,800000,800000,800000,01-Feb-22,01-02-2022 00:00
Himachal Pradesh,Una,Santoshgarh,Other,Fruits,0.12,8000,8000,8000,01-Feb-22,01-02-2022 00:00
Himachal Pradesh,Kangra,Kangra(Baijnath),Apple,Fruits,0.1,7500,8000,8000,01-Feb-22,01-02-2022 00:00
West Bengal,Kolkata,Mechua,Apple,Fruits,175.9,6400,8200,7500,01-Feb-22,01-02-2022 00:00
NCT of Delhi,Delhi,Azadpur,Delicious,Fruits,1038.2,1333,5333,2846,01-Feb-22,01-02-2022 00:00
NCT of Delhi,Delhi,Azadpur,Royal Delicious,Fruits,1038.2,3500,10000,5900,01-Feb-22,01-02-2022 00:00
Odisha,Mayurbhanja,Karanjia,Other,Fruits,0.08,12000,14000,13000,01-Feb-22,01-02-2022 00:00
Odisha,Mayurbhanja,Karanjia,Other,Fruits,0.08,11000,13000,12000,01-Feb-22,01-02-2022 00:00
NCT of Delhi,Delhi,Azadpur,Kullu Royal Delicious,Fruits,1038.2,3500,8000,5000,01-Feb-22,01-02-2022 00:00
West Bengal,Kolkata,Mechua,Apple,Fruits,175.9,5000,6600,5700,01-Feb-22,01-02-2022 00:00
West Bengal,Kolkata,Mechua,Apple,Fruits,179.3,7200,9700,8700,02-Feb-22,02-02-2022 00:00
Himachal Pradesh,Mandi,Dhanotu (Mandi),Royal Delicious,Fruits,0.3,6000,6000,6000,02-Feb-22,02-02-2022 00:00
Himachal Pradesh,Hamirpur,Hamirpur,Delicious,Fruits,0.15,7500,8000,7750,02-Feb-22,02-02-2022 00:00
Himachal Pradesh,Hamirpur,Hamirpur(Nadaun),Other,Fruits,0.1,7300,8000,7700,02-Feb-22,02-02-2022 00:00
Himachal Pradesh,Kangra,Kangra(Baijnath),Apple,Fruits,0.1,7500,8000,8000,02-Feb-22,02-02-2022 00:00
Himachal Pradesh,Kangra,Kangra(Jaisinghpur),Apple,Fruits,0.05,8000,9000,8500,02-Feb-22,02-02-2022 00:00
Himachal Pradesh,Kangra,Kangra(Jassour),Other,Fruits,0.5,6500,7500,7000,02-Feb-22,02-02-2022 00:00
Himachal Pradesh,Kangra,Kangra(Nagrota Bagwan),American,Fruits,0.2,8000,10000,9000,02-Feb-22,02-02-2022 00:00
Himachal Pradesh,Mandi,Mandi(Mandi),Apple,Fruits,0.9,6000,16000,8000,02-Feb-22,02-02-2022 00:00
Himachal Pradesh,Kangra,Palampur,Apple,Fruits,0.4,7000,8000,7500,02-Feb-22,02-02-2022 00:00
Himachal Pradesh,Sirmore,Paonta Sahib,Kasmir/Shimla - II,Fruits,0.2,800000,800000,800000,02-Feb-22,02-02-2022 00:00
Himachal Pradesh,Solan,Solan,Apple,Fruits,0.01,7000,10000,8000,02-Feb-22,02-02-2022 00:00
Himachal Pradesh,Una,Una,Delicious,Fruits,1.0,6000,14000,10000,02-Feb-22,02-02-2022 00:00
NCT of Delhi,Delhi,Azadpur,Delicious,Fruits,911.7,1333,5333,3158,02-Feb-22,02-02-2022 00:00
NCT of Delhi,Delhi,Azadpur,Kullu Royal Delicious,Fruits,911.7,3500,8000,5000,02-Feb-22,02-02-2022 00:00
NCT of Delhi,Delhi,Azadpur,Royal Delicious,Fruits,911.7,4000,10000,6150,02-Feb-22,02-02-2022 00:00
Odisha,Mayurbhanja,Karanjia,Other,Fruits,0.05,12000,14000,13000,02-Feb-22,02-02-2022 00:00
Odisha,Mayurbhanja,Karanjia,Other,Fruits,0.05,11000,13000,12000,02-Feb-22,02-02-2022 00:00
West Bengal,Kolkata,Mechua,Apple,Fruits,179.3,6400,8500,7300,02-Feb-22,02-02-2022 00:00
West Bengal,Kolkata,Mechua,Apple,Fruits,179.3,5000,6500,5600,02-Feb-22,02-02-2022 00:00
West Bengal,Kolkata,Mechua,Apple,Fruits,189.3,7300,9700,8800,03-Feb-22,03-02-2022 00:00
Himachal Pradesh,Mandi,Dhanotu (Mandi),Royal Delicious,Fruits,0.6,6000,15000,10500,03-Feb-22,03-02-2022 00:00
Himachal Pradesh,Hamirpur,Hamirpur,Delicious,Fruits,0.17,7500,8000,7750,03-Feb-22,03-02-2022 00:00
Himachal Pradesh,Hamirpur,Hamirpur(Nadaun),Delicious,Fruits,0.12,7200,8000,7600,03-Feb-22,03-02-2022 00:00
Himachal Pradesh,Kangra,Kangra,Other,Fruits,0.3,6000,9000,7500,03-Feb-22,03-02-2022 00:00
Himachal Pradesh,Kangra,Kangra(Baijnath),Apple,Fruits,0.1,6000,8000,7000,03-Feb-22,03-02-2022 00:00
Himachal Pradesh,Kangra,Kangra(Jaisinghpur),Apple,Fruits,0.03,8000,9500,8750,03-Feb-22,03-02-2022 00:00
Himachal Pradesh,Kangra,Kangra(Nagrota Bagwan),American,Fruits,0.1,8000,10000,9000,03-Feb-22,03-02-2022 00:00
Himachal Pradesh,Mandi,Mandi(Mandi),Apple,Fruits,0.6,6000,15000,10000,03-Feb-22,03-02-2022 00:00
Himachal Pradesh,Kangra,Palampur,Apple,Fruits,0.3,7000,8000,7500,03-Feb-22,03-02-2022 00:00
Himachal Pradesh,Una,Santoshgarh,Other,Fruits,0.15,8000,8000,8000,03-Feb-22,03-02-2022 00:00
Himachal Pradesh,Solan,Solan,Apple,Fruits,0.01,7000,10000,8000,03-Feb-22,03-02-2022 00:00
Himachal Pradesh,Sirmore,Paonta Sahib,Kasmir/Shimla - II,Fruits,0.1,700000,700000,700000,03-Feb-22,03-02-2022 00:00
West Bengal,Kolkata,Mechua,Apple,Fruits,189.3,6400,8500,7400,03-Feb-22,03-02-2022 00:00
NCT of Delhi,Delhi,Azadpur,Delicious,Fruits,1325.0,1333,5333,3135,03-Feb-22,03-02-2022 00:00
NCT of Delhi,Delhi,Azadpur,Kullu Royal Delicious,Fruits,1325.0,3500,8000,5000,03-Feb-22,03-02-2022 00:00
NCT of Delhi,Delhi,Azadpur,Royal Delicious,Fruits,1325.0,3500,10000,5900,03-Feb-22,03-02-2022 00:00
Odisha,Angul,Angaura,Apple,Fruits,0.01,8000,10000,9000,03-Feb-22,03-02-2022 00:00
Odisha,Mayurbhanja,Karanjia,Other,Fruits,0.06,12000,14000,13000,03-Feb-22,03-02-2022 00:00
Odisha,Mayurbhanja,Karanjia,Other,Fruits,0.06,11000,13000,12000,03-Feb-22,03-02-2022 00:00
West Bengal,Kolkata,Mechua,Apple,Fruits,189.3,5000,6600,5700,03-Feb-22,03-02-2022 00:00
West Bengal,Kolkata,Mechua,Apple,Fruits,197.3,8000,10000,9200,04-Feb-22,04-02-2022 00:00
Himachal Pradesh,Chamba,Chamba,Royal Delicious,Fruits,0.11,7000,8000,7500,04-Feb-22,04-02-2022 00:00
Himachal Pradesh,Hamirpur,Hamirpur,Delicious,Fruits,0.15,7500,8000,7750,04-Feb-22,04-02-2022 00:00
Himachal Pradesh,Kangra,Kangra,Other,Fruits,0.4,6000,9000,7500,04-Feb-22,04-02-2022 00:00
Himachal Pradesh,Kangra,Kangra(Baijnath),Apple,Fruits,0.07,8000,8000,8000,04-Feb-22,04-02-2022 00:00
Himachal Pradesh,Kangra,Kangra(Jaisinghpur),Apple,Fruits,0.03,8000,9500,8750,04-Feb-22,04-02-2022 00:00
Himachal Pradesh,Kangra,Kangra(Jassour),Other,Fruits,0.5,6500,7500,7000,04-Feb-22,04-02-2022 00:00
Himachal Pradesh,Kangra,Palampur,Apple,Fruits,0.3,7000,8000,7500,04-Feb-22,04-02-2022 00:00
Himachal Pradesh,Sirmore,Paonta Sahib,Kasmir/Shimla - II,Fruits,0.1,80000,800000,800000,04-Feb-22,04-02-2022 00:00
Himachal Pradesh,Una,Santoshgarh,Other,Fruits,0.12,7700,8000,7850,04-Feb-22,04-02-2022 00:00
Himachal Pradesh,Una,Una,Other,Fruits,0.9,7000,14000,10000,04-Feb-22,04-02-2022 00:00
Himachal Pradesh,Mandi,Mandi(Mandi),Apple,Fruits,0.4,5400,15000,10000,04-Feb-22,04-02-2022 00:00
West Bengal,Kolkata,Mechua,Apple,Fruits,197.3,6600,8700,7500,04-Feb-22,04-02-2022 00:00
NCT of Delhi,Delhi,Azadpur,Delicious,Fruits,1237.7,1333,5333,3135,04-Feb-22,04-02-2022 00:00
NCT of Delhi,Delhi,Azadpur,Kullu Royal Delicious,Fruits,1237.7,3500,8000,5000,04-Feb-22,04-02-2022 00:00
NCT of Delhi,Delhi,Azadpur,Royal Delicious,Fruits,1237.7,3500,10000,5900,04-Feb-22,04-02-2022 00:00
Odisha,Mayurbhanja,Karanjia,Other,Fruits,0.06,12000,14000,13000,04-Feb-22,04-02-2022 00:00
Odisha,Mayurbhanja,Karanjia,Other,Fruits,0.06,11000,13000,12000,04-Feb-22,04-02-2022 00:00
West Bengal,Kolkata,Mechua,Apple,Fruits,197.3,5000,6400,5700,04-Feb-22,04-02-2022 00:00
West Bengal,Kolkata,Mechua,Apple,Fruits,179.3,7800,10500,9000,05-Feb-22,05-02-2022 00:00
West Bengal,Kolkata,Mechua,Apple,Fruits,179.3,6300,8200,7200,05-Feb-22,05-02-2022 00:00
Himachal Pradesh,Bilaspur,Bilaspur,Apple,Fruits,0.1,8000,15000,12000,05-Feb-22,05-02-2022 00:00
Himachal Pradesh,Mandi,Dhanotu (Mandi),Royal Delicious,Fruits,0.4,6000,9000,7500,05-Feb-22,05-02-2022 00:00
Himachal Pradesh,Kangra,Kangra,Other,Fruits,0.5,6000,8000,7000,05-Feb-22,05-02-2022 00:00
Himachal Pradesh,Kangra,Kangra(Jassour),Other,Fruits,0.5,6500,7500,7000,05-Feb-22,05-02-2022 00:00
Himachal Pradesh,Kangra,Kangra(Nagrota Bagwan),American,Fruits,0.2,8000,10000,9000,05-Feb-22,05-02-2022 00:00
Himachal Pradesh,Mandi,Mandi(Mandi),Apple,Fruits,0.6,5400,15000,10000,05-Feb-22,05-02-2022 00:00
Himachal Pradesh,Kangra,Palampur,Apple,Fruits,0.4,7000,7500,7250,05-Feb-22,05-02-2022 00:00
Himachal Pradesh,Sirmore,Paonta Sahib,Kasmir/Shimla - II,Fruits,0.2,800000,800000,800000,05-Feb-22,05-02-2022 00:00
Himachal Pradesh,Una,Una,Other,Fruits,1.2,7000,14000,10000,05-Feb-22,05-02-2022 00:00
NCT of Delhi,Delhi,Azadpur,Delicious,Fruits,753.4,1333,5333,3068,05-Feb-22,05-02-2022 00:00
NCT of Delhi,Delhi,Azadpur,Kullu Royal Delicious,Fruits,753.4,3500,8000,5000,05-Feb-22,05-02-2022 00:00
NCT of Delhi,Delhi,Azadpur,Royal Delicious,Fruits,753.4,4000,10000,6150,05-Feb-22,05-02-2022 00:00
Odisha,Mayurbhanja,Karanjia,Other,Fruits,0.06,12000,14000,13000,05-Feb-22,05-02-2022 00:00
Odisha,Mayurbhanja,Karanjia,Other,Fruits,0.06,11000,13000,12000,05-Feb-22,05-02-2022 00:00
West Bengal,Kolkata,Mechua,Apple,Fruits,179.3,5000,6400,5700,05-Feb-22,05-02-2022 00:00
West Bengal,Kolkata,Mechua,Apple,Fruits,179.3,8000,10400,9200,06-Feb-22,06-02-2022 00:00
Himachal Pradesh,Mandi,Dhanotu (Mandi),Royal Delicious,Fruits,0.5,8000,8000,8000,06-Feb-22,06-02-2022 00:00
Himachal Pradesh,Sirmore,Paonta Sahib,Kasmir/Shimla - II,Fruits,0.1,800000,800000,800000,06-Feb-22,06-02-2022 00:00
West Bengal,Kolkata,Mechua,Apple,Fruits,179.3,7000,8800,8000,06-Feb-22,06-02-2022 00:00
Himachal Pradesh,Una,Santoshgarh,Other,Fruits,0.13,7700,8000,7850,06-Feb-22,06-02-2022 00:00
Odisha,Mayurbhanja,Karanjia,Other,Fruits,0.07,11000,13000,12000,06-Feb-22,06-02-2022 00:00
Odisha,Mayurbhanja,Karanjia,Other,Fruits,0.07,12000,14000,13000,06-Feb-22,06-02-2022 00:00
West Bengal,Kolkata,Mechua,Apple,Fruits,179.3,5000,6400,5700,06-Feb-22,06-02-2022 00:00
West Bengal,Kolkata,Mechua,Apple,Fruits,179.3,7800,10400,9000,07-Feb-22,07-02-2022 00:00
West Bengal,Kolkata,Mechua,Apple,Fruits,179.3,6500,8800,7600,07-Feb-22,07-02-2022 00:00
Himachal Pradesh,Hamirpur,Hamirpur,Delicious,Fruits,0.75,7500,8000,7750,07-Feb-22,07-02-2022 00:00
Himachal Pradesh,Kangra,Kangra,Other,Fruits,0.4,5000,9000,7000,07-Feb-22,07-02-2022 00:00
Himachal Pradesh,Kangra,Kangra(Baijnath),Apple,Fruits,0.1,7500,9000,8000,07-Feb-22,07-02-2022 00:00
Himachal Pradesh,Kangra,Kangra(Jassour),Other,Fruits,0.6,6500,7500,7000,07-Feb-22,07-02-2022 00:00
Himachal Pradesh,Kangra,Kangra(Nagrota Bagwan),American,Fruits,0.2,8000,10000,9000,07-Feb-22,07-02-2022 00:00
Himachal Pradesh,Mandi,Mandi(Mandi),Apple,Fruits,0.7,3400,15000,10000,07-Feb-22,07-02-2022 00:00
Himachal Pradesh,Kangra,Palampur,Apple,Fruits,0.5,8000,8500,8250,07-Feb-22,07-02-2022 00:00
Himachal Pradesh,Sirmore,Paonta Sahib,Kasmir/Shimla - II,Fruits,0.2,800000,800000,800000,07-Feb-22,07-02-2022 00:00
Himachal Pradesh,Una,Una,Delicious,Fruits,1.3,7000,14000,10000,07-Feb-22,07-02-2022 00:00
NCT of Delhi,Delhi,Azadpur,Delicious,Fruits,963.3,1333,5333,3233,07-Feb-22,07-02-2022 00:00
NCT of Delhi,Delhi,Azadpur,Kullu Royal Delicious,Fruits,963.3,4000,8500,5500,07-Feb-22,07-02-2022 00:00
NCT of Delhi,Delhi,Azadpur,Royal Delicious,Fruits,963.3,4000,10000,6150,07-Feb-22,07-02-2022 00:00
Odisha,Mayurbhanja,Karanjia,Other,Fruits,0.06,12000,14000,13000,07-Feb-22,07-02-2022 00:00
Odisha,Mayurbhanja,Karanjia,Other,Fruits,0.06,11000,13000,12000,07-Feb-22,07-02-2022 00:00
West Bengal,Kolkata,Mechua,Apple,Fruits,179.3,5000,6600,5800,07-Feb-22,07-02-2022 00:00
West Bengal,Kolkata,Mechua,Apple,Fruits,179.2,7600,9300,8700,08-Feb-22,08-02-2022 00:00
West Bengal,Kolkata,Mechua,Apple,Fruits,179.2,6500,8500,7300,08-Feb-22,08-02-2022 00:00
Himachal Pradesh,Mandi,Dhanotu (Mandi),Royal Delicious,Fruits,0.4,7000,8000,7500,08-Feb-22,08-02-2022 00:00
Himachal Pradesh,Hamirpur,Hamirpur,Delicious,Fruits,0.79,7500,8000,7750,08-Feb-22,08-02-2022 00:00
Himachal Pradesh,Kangra,Kangra(Baijnath),Apple,Fruits,0.1,8000,9000,9000,08-Feb-22,08-02-2022 00:00
Himachal Pradesh,Kangra,Kangra(Jassour),Other,Fruits,0.5,6500,7500,7000,08-Feb-22,08-02-2022 00:00
Himachal Pradesh,Mandi,Mandi(Mandi),Apple,Fruits,0.5,5300,12500,10000,08-Feb-22,08-02-2022 00:00
Himachal Pradesh,Kangra,Palampur,Apple,Fruits,0.4,7000,8000,7500,08-Feb-22,08-02-2022 00:00
Himachal Pradesh,Sirmore,Paonta Sahib,Kasmir/Shimla - II,Fruits,0.3,7000,8500,8000,08-Feb-22,08-02-2022 00:00
Himachal Pradesh,Una,Santoshgarh,Other,Fruits,0.13,8000,8000,8000,08-Feb-22,08-02-2022 00:00
Himachal Pradesh,Kangra,Kangra,Other,Fruits,0.4,5000,9000,7000,08-Feb-22,08-02-2022 00:00
NCT of Delhi,Delhi,Azadpur,Delicious,Fruits,1098.2,1333,5333,3192,08-Feb-22,08-02-2022 00:00
NCT of Delhi,Delhi,Azadpur,Kullu Royal Delicious,Fruits,1098.2,4000,8500,5500,08-Feb-22,08-02-2022 00:00
NCT of Delhi,Delhi,Azadpur,Royal Delicious,Fruits,1098.2,4000,9000,6150,08-Feb-22,08-02-2022 00:00
Odisha,Mayurbhanja,Karanjia,Other,Fruits,0.09,12000,14000,13000,08-Feb-22,08-02-2022 00:00
Odisha,Mayurbhanja,Karanjia,Other,Fruits,0.09,11000,13000,12000,08-Feb-22,08-02-2022 00:00
West Bengal,Kolkata,Mechua,Apple,Fruits,179.2,5000,6600,5800,08-Feb-22,08-02-2022 00:00
West Bengal,Kolkata,Mechua,Apple,Fruits,175.3,7400,9700,8700,09-Feb-22,09-02-2022 00:00
West Bengal,Kolkata,Mechua,Apple,Fruits,175.3,6200,8300,7000,09-Feb-22,09-02-2022 00:00
Himachal Pradesh,Chamba,Chamba,Royal Delicious,Fruits,0.25,6500,7000,6750,09-Feb-22,09-02-2022 00:00
Himachal Pradesh,Mandi,Dhanotu (Mandi),Royal Delicious,Fruits,0.6,6000,7000,6500,09-Feb-22,09-02-2022 00:00
Himachal Pradesh,Hamirpur,Hamirpur,Delicious,Fruits,0.46,7500,8000,7750,09-Feb-22,09-02-2022 00:00
Himachal Pradesh,Kangra,Kangra,Other,Fruits,0.4,6000,8000,7000,09-Feb-22,09-02-2022 00:00
Himachal Pradesh,Kangra,Kangra(Baijnath),Apple,Fruits,0.1,8500,10000,9000,09-Feb-22,09-02-2022 00:00
Himachal Pradesh,Kangra,Kangra(Jaisinghpur),Apple,Fruits,0.03,8000,9000,8500,09-Feb-22,09-02-2022 00:00
Himachal Pradesh,Kangra,Kangra(Jassour),Other,Fruits,0.5,6500,7500,7000,09-Feb-22,09-02-2022 00:00
Himachal Pradesh,Kangra,Kangra(Nagrota Bagwan),American,Fruits,0.1,7000,10000,8500,09-Feb-22,09-02-2022 00:00
Himachal Pradesh,Mandi,Mandi(Mandi),Apple,Fruits,0.6,3500,15000,10000,09-Feb-22,09-02-2022 00:00
Himachal Pradesh,Kangra,Palampur,Apple,Fruits,0.4,7000,8000,7500,09-Feb-22,09-02-2022 00:00
Himachal Pradesh,Sirmore,Paonta Sahib,Kasmir/Shimla - II,Fruits,0.5,8000,10000,9000,09-Feb-22,09-02-2022 00:00
Himachal Pradesh,Una,Santoshgarh,Other,Fruits,0.12,7500,8000,7750,09-Feb-22,09-02-2022 00:00
Himachal Pradesh,Una,Una,Other,Fruits,1.0,7000,14000,10000,09-Feb-22,09-02-2022 00:00
NCT of Delhi,Delhi,Azadpur,Delicious,Fruits,829.3,1333,5333,3321,09-Feb-22,09-02-2022 00:00
NCT of Delhi,Delhi,Azadpur,Kullu Royal Delicious,Fruits,829.3,4000,8500,5750,09-Feb-22,09-02-2022 00:00
NCT of Delhi,Delhi,Azadpur,Royal Delicious,Fruits,829.3,4500,10000,6850,09-Feb-22,09-02-2022 00:00
Odisha,Mayurbhanja,Karanjia,Other,Fruits,0.07,12000,14000,13000,09-Feb-22,09-02-2022 00:00
Odisha,Mayurbhanja,Karanjia,Other,Fruits,0.07,11000,13000,12000,09-Feb-22,09-02-2022 00:00
West Bengal,Kolkata,Mechua,Apple,Fruits,175.3,5000,6300,5700,09-Feb-22,09-02-2022 00:00
West Bengal,Kolkata,Mechua,Apple,Fruits,179.2,7600,9500,8800,10-Feb-22,10-02-2022 00:00
Himachal Pradesh,Mandi,Dhanotu (Mandi),Royal Delicious,Fruits,0.4,6000,10000,8000,10-Feb-22,10-02-2022 00:00
Himachal Pradesh,Hamirpur,Hamirpur,Delicious,Fruits,0.75,7500,8000,7750,10-Feb-22,10-02-2022 00:00
Himachal Pradesh,Hamirpur,Hamirpur(Nadaun),Delicious,Fruits,0.77,7500,8000,7750,10-Feb-22,10-02-2022 00:00
Himachal Pradesh,Kangra,Kangra(Baijnath),Apple,Fruits,0.1,7500,9000,8000,10-Feb-22,10-02-2022 00:00
Himachal Pradesh,Kangra,Kangra(Jaisinghpur),Apple,Fruits,0.03,8000,9000,8500,10-Feb-22,10-02-2022 00:00
Himachal Pradesh,Mandi,Mandi(Mandi),Apple,Fruits,0.5,6300,7000,7000,10-Feb-22,10-02-2022 00:00
Himachal Pradesh,Kangra,Palampur,Apple,Fruits,0.4,7000,8000,7500,10-Feb-22,10-02-2022 00:00
Himachal Pradesh,Sirmore,Paonta Sahib,Kasmir/Shimla - II,Fruits,0.2,8000,8000,8000,10-Feb-22,10-02-2022 00:00
Himachal Pradesh,Una,Una,Kullu Royal Delicious,Fruits,1.0,8000,14000,11000,10-Feb-22,10-02-2022 00:00
Himachal Pradesh,Kangra,Kangra,Other,Fruits,0.4,6000,8000,7000,10-Feb-22,10-02-2022 00:00
West Bengal,Kolkata,Mechua,Apple,Fruits,179.2,6300,8600,7200,10-Feb-22,10-02-2022 00:00
NCT of Delhi,Delhi,Azadpur,Delicious,Fruits,874.3,1333,5333,3321,10-Feb-22,10-02-2022 00:00
NCT of Delhi,Delhi,Azadpur,Kullu Royal Delicious,Fruits,874.3,4000,8500,5750,10-Feb-22,10-02-2022 00:00
NCT of Delhi,Delhi,Azadpur,Royal Delicious,Fruits,874.3,4500,10000,6850,10-Feb-22,10-02-2022 00:00
Odisha,Mayurbhanja,Karanjia,Other,Fruits,0.07,12000,14000,13000,10-Feb-22,10-02-2022 00:00
Odisha,Mayurbhanja,Karanjia,Other,Fruits,0.07,11000,13000,12000,10-Feb-22,10-02-2022 00:00
West Bengal,Kolkata,Mechua,Apple,Fruits,179.2,5000,6600,5800,10-Feb-22,10-02-2022 00:00
Himachal Pradesh,Hamirpur,Hamirpur,Delicious,Fruits,0.15,7500,8000,7750,11-Feb-22,11-02-2022 00:00
Himachal Pradesh,Kangra,Kangra,Other,Fruits,0.4,6000,9000,7500,11-Feb-22,11-02-2022 00:00
Himachal Pradesh,Kangra,Kangra(Baijnath),Apple,Fruits,0.1,8000,9000,9000,11-Feb-22,11-02-2022 00:00
Himachal Pradesh,Kangra,Kangra(Jaisinghpur),Apple,Fruits,0.03,8000,9000,8500,11-Feb-22,11-02-2022 00:00
Himachal Pradesh,Kangra,Kangra(Jassour),Other,Fruits,0.5,6500,7500,7000,11-Feb-22,11-02-2022 00:00
Himachal Pradesh,Kangra,Kangra(Nagrota Bagwan),American,Fruits,0.2,8000,10000,9000,11-Feb-22,11-02-2022 00:00
Himachal Pradesh,Mandi,Mandi(Mandi),Apple,Fruits,0.5,6000,11000,10000,11-Feb-22,11-02-2022 00:00
Himachal Pradesh,Kangra,Palampur,Apple,Fruits,0.4,7000,8000,7500,11-Feb-22,11-02-2022 00:00
Himachal Pradesh,Sirmore,Paonta Sahib,Kasmir/Shimla - II,Fruits,0.1,800000,800000,800000,11-Feb-22,11-02-2022 00:00
Himachal Pradesh,Una,Santoshgarh,Other,Fruits,0.12,7500,8000,7750,11-Feb-22,11-02-2022 00:00
Himachal Pradesh,Una,Una,Other,Fruits,1.1,8000,15000,12000,11-Feb-22,11-02-2022 00:00
NCT of Delhi,Delhi,Azadpur,Delicious,Fruits,951.5,1333,5333,3840,11-Feb-22,11-02-2022 00:00
NCT of Delhi,Delhi,Azadpur,Kullu Royal Delicious,Fruits,951.5,4000,8500,5750,11-Feb-22,11-02-2022 00:00
NCT of Delhi,Delhi,Azadpur,Royal Delicious,Fruits,951.5,4500,10000,6850,11-Feb-22,11-02-2022 00:00
Odisha,Mayurbhanja,Karanjia,Other,Fruits,0.06,12000,14000,13000,11-Feb-22,11-02-2022 00:00
Odisha,Mayurbhanja,Karanjia,Other,Fruits,0.06,11000,13000,12000,11-Feb-22,11-02-2022 00:00
West Bengal,Kolkata,Mechua,Apple,Fruits,179.6,7300,9600,8500,12-Feb-22,12-02-2022 00:00
West Bengal,Kolkata,Mechua,Apple,Fruits,179.6,6400,8500,7300,12-Feb-22,12-02-2022 00:00
Himachal Pradesh,Mandi,Dhanotu (Mandi),Royal Delicious,Fruits,0.3,6000,6000,6000,12-Feb-22,12-02-2022 00:00
Himachal Pradesh,Kangra,Kangra,Other,Fruits,0.4,8000,10000,9000,12-Feb-22,12-02-2022 00:00
Himachal Pradesh,Mandi,Mandi(Mandi),Apple,Fruits,0.3,6000,14000,10000,12-Feb-22,12-02-2022 00:00
Himachal Pradesh,Sirmore,Nahan,Other,Fruits,0.2,8000,0,10000,12-Feb-22,12-02-2022 00:00
Himachal Pradesh,Sirmore,Paonta Sahib,Kasmir/Shimla - II,Fruits,0.2,8000,12000,10000,12-Feb-22,12-02-2022 00:00
NCT of Delhi,Delhi,Azadpur,Delicious,Fruits,904.9,1333,5333,3761,12-Feb-22,12-02-2022 00:00
NCT of Delhi,Delhi,Azadpur,Kullu Royal Delicious,Fruits,904.9,4000,8500,5750,12-Feb-22,12-02-2022 00:00
NCT of Delhi,Delhi,Azadpur,Royal Delicious,Fruits,904.9,4500,10000,6850,12-Feb-22,12-02-2022 00:00
Odisha,Mayurbhanja,Karanjia,Other,Fruits,0.08,12000,14000,13000,12-Feb-22,12-02-2022 00:00
Odisha,Mayurbhanja,Karanjia,Other,Fruits,0.08,11000,13000,12000,12-Feb-22,12-02-2022 00:00
West Bengal,Kolkata,Mechua,Apple,Fruits,179.6,5000,6600,6000,12-Feb-22,12-02-2022 00:00
Odisha,Mayurbhanja,Karanjia,Other,Fruits,0.06,11000,13000,12000,13-Feb-22,13-02-2022 00:00
Odisha,Mayurbhanja,Karanjia,Other,Fruits,0.06,12000,14000,13000,13-Feb-22,13-02-2022 00:00
West Bengal,Kolkata,Mechua,Apple,Fruits,187.3,7400,9500,8700,14-Feb-22,14-02-2022 00:00
West Bengal,Kolkata,Mechua,Apple,Fruits,187.3,6200,8000,7000,14-Feb-22,14-02-2022 00:00
Himachal Pradesh,Mandi,Dhanotu (Mandi),Royal Delicious,Fruits,0.5,7000,10000,8500,14-Feb-22,14-02-2022 00:00
Himachal Pradesh,Hamirpur,Hamirpur,Other,Fruits,0.28,7600,8000,7800,14-Feb-22,14-02-2022 00:00
Himachal Pradesh,Hamirpur,Hamirpur(Nadaun),Other,Fruits,0.2,7600,8000,7800,14-Feb-22,14-02-2022 00:00
Himachal Pradesh,Kangra,Kangra,Other,Fruits,0.5,10000,18000,14000,14-Feb-22,14-02-2022 00:00
Himachal Pradesh,Kangra,Kangra(Jassour),Other,Fruits,0.6,6500,7500,7000,14-Feb-22,14-02-2022 00:00
Himachal Pradesh,Kangra,Kangra(Nagrota Bagwan),American,Fruits,0.2,7000,10000,8500,14-Feb-22,14-02-2022 00:00
Himachal Pradesh,Mandi,Mandi(Mandi),Apple,Fruits,0.7,5700,14000,10000,14-Feb-22,14-02-2022 00:00
Himachal Pradesh,Kangra,Palampur,Apple,Fruits,0.2,7000,8000,7500,14-Feb-22,14-02-2022 00:00
Himachal Pradesh,Una,Santoshgarh,Other,Fruits,0.11,8000,8000,8000,14-Feb-22,14-02-2022 00:00
Himachal Pradesh,Una,Una,Other,Fruits,1.1,6000,15000,10000,14-Feb-22,14-02-2022 00:00
Himachal Pradesh,Kangra,Kangra(Jaisinghpur),Apple,Fruits,0.05,8000,9500,8750,14-Feb-22,14-02-2022 00:00
NCT of Delhi,Delhi,Azadpur,Delicious,Fruits,1077.9,1333,5333,3708,14-Feb-22,14-02-2022 00:00
NCT of Delhi,Delhi,Azadpur,Golden,Fruits,1077.9,3000,9000,6500,14-Feb-22,14-02-2022 00:00
NCT of Delhi,Delhi,Azadpur,Kullu Royal Delicious,Fruits,1077.9,4000,8500,5750,14-Feb-22,14-02-2022 00:00
NCT of Delhi,Delhi,Azadpur,Royal Delicious,Fruits,1077.9,4500,10000,6850,14-Feb-22,14-02-2022 00:00
Odisha,Mayurbhanja,Karanjia,Other,Fruits,0.06,12000,14000,13000,14-Feb-22,14-02-2022 00:00
Odisha,Mayurbhanja,Karanjia,Other,Fruits,0.06,11000,13000,12000,14-Feb-22,14-02-2022 00:00
West Bengal,Kolkata,Mechua,Apple,Fruits,187.3,4800,6200,5700,14-Feb-22,14-02-2022 00:00
West Bengal,Kolkata,Mechua,Apple,Fruits,187.3,7400,9700,8800,15-Feb-22,15-02-2022 00:00
Himachal Pradesh,Hamirpur,Hamirpur,Other,Fruits,0.25,7600,8000,7800,15-Feb-22,15-02-2022 00:00
Himachal Pradesh,Hamirpur,Hamirpur(Nadaun),Other,Fruits,0.2,7800,8000,7900,15-Feb-22,15-02-2022 00:00
Himachal Pradesh,Kangra,Kangra,Other,Fruits,0.4,10000,18000,14000,15-Feb-22,15-02-2022 00:00
Himachal Pradesh,Kangra,Kangra(Baijnath),Apple,Fruits,0.1,7000,7500,7500,15-Feb-22,15-02-2022 00:00
Himachal Pradesh,Kangra,Kangra(Jassour),Other,Fruits,0.4,6500,7500,7000,15-Feb-22,15-02-2022 00:00
Himachal Pradesh,Kangra,Kangra(Nagrota Bagwan),American,Fruits,0.1,7000,10000,8500,15-Feb-22,15-02-2022 00:00
Himachal Pradesh,Mandi,Mandi(Mandi),Apple,Fruits,0.6,6500,15000,10000,15-Feb-22,15-02-2022 00:00
Himachal Pradesh,Kangra,Palampur,Apple,Fruits,0.2,7500,9000,8250,15-Feb-22,15-02-2022 00:00
Himachal Pradesh,Una,Una,Other,Fruits,1.3,8000,12000,10000,15-Feb-22,15-02-2022 00:00
Himachal Pradesh,Mandi,Dhanotu (Mandi),Royal Delicious,Fruits,0.4,8000,10000,9000,15-Feb-22,15-02-2022 00:00
NCT of Delhi,Delhi,Azadpur,Delicious,Fruits,795.5,1333,5333,3708,15-Feb-22,15-02-2022 00:00
NCT of Delhi,Delhi,Azadpur,Golden,Fruits,795.5,3000,9000,6500,15-Feb-22,15-02-2022 00:00
NCT of Delhi,Delhi,Azadpur,Kullu Royal Delicious,Fruits,795.5,4000,8500,5750,15-Feb-22,15-02-2022 00:00
NCT of Delhi,Delhi,Azadpur,Royal Delicious,Fruits,795.5,4500,10000,6850,15-Feb-22,15-02-2022 00:00
Odisha,Mayurbhanja,Karanjia,Other,Fruits,0.07,12000,14000,13000,15-Feb-22,15-02-2022 00:00
Odisha,Mayurbhanja,Karanjia,Other,Fruits,0.07,11000,13000,12000,15-Feb-22,15-02-2022 00:00
West Bengal,Kolkata,Mechua,Apple,Fruits,187.3,6500,8300,7200,15-Feb-22,15-02-2022 00:00
West Bengal,Kolkata,Mechua,Apple,Fruits,187.3,5000,6500,5700,15-Feb-22,15-02-2022 00:00
West Bengal,Kolkata,Mechua,Apple,Fruits,154.9,7200,9600,8600,16-Feb-22,16-02-2022 00:00
Himachal Pradesh,Mandi,Dhanotu (Mandi),Royal Delicious,Fruits,0.5,7000,8000,7500,16-Feb-22,16-02-2022 00:00
Himachal Pradesh,Kangra,Kangra,Other,Fruits,0.3,6000,8000,7000,16-Feb-22,16-02-2022 00:00
Himachal Pradesh,Kangra,Kangra(Baijnath),Apple,Fruits,0.1,7000,8000,8000,16-Feb-22,16-02-2022 00:00
Himachal Pradesh,Mandi,Mandi(Mandi),Apple,Fruits,0.5,6000,13000,10000,16-Feb-22,16-02-2022 00:00
Himachal Pradesh,Una,Una,Other,Fruits,0.9,8000,12000,10000,16-Feb-22,16-02-2022 00:00
NCT of Delhi,Delhi,Azadpur,Delicious,Fruits,1314.0,1333,5333,3708,16-Feb-22,16-02-2022 00:00
NCT of Delhi,Delhi,Azadpur,Golden,Fruits,1314.0,3000,9000,6500,16-Feb-22,16-02-2022 00:00
NCT of Delhi,Delhi,Azadpur,Kullu Royal Delicious,Fruits,1314.0,4000,8500,5750,16-Feb-22,16-02-2022 00:00
NCT of Delhi,Delhi,Azadpur,Royal Delicious,Fruits,1314.0,4500,10000,6850,16-Feb-22,16-02-2022 00:00
West Bengal,Kolkata,Mechua,Apple,Fruits,154.9,6400,8500,7500,16-Feb-22,16-02-2022 00:00
Odisha,Mayurbhanja,Karanjia,Other,Fruits,0.07,12000,14000,13000,16-Feb-22,16-02-2022 00:00
Odisha,Mayurbhanja,Karanjia,Other,Fruits,0.07,11000,13000,12000,16-Feb-22,16-02-2022 00:00
West Bengal,Kolkata,Mechua,Apple,Fruits,154.9,5000,6400,5600,16-Feb-22,16-02-2022 00:00
West Bengal,Kolkata,Mechua,Apple,Fruits,174.9,7500,9700,8600,17-Feb-22,17-02-2022 00:00
West Bengal,Kolkata,Mechua,Apple,Fruits,174.9,6400,8500,7300,17-Feb-22,17-02-2022 00:00
Himachal Pradesh,Bilaspur,Bilaspur,Apple,Fruits,0.1,10000,15000,12000,17-Feb-22,17-02-2022 00:00
Himachal Pradesh,Chamba,Chamba,Royal Delicious,Fruits,0.35,7000,8000,7500,17-Feb-22,17-02-2022 00:00
Himachal Pradesh,Mandi,Dhanotu (Mandi),Royal Delicious,Fruits,0.3,14000,14000,14000,17-Feb-22,17-02-2022 00:00
Himachal Pradesh,Hamirpur,Hamirpur,Other,Fruits,0.2,7600,8000,7800,17-Feb-22,17-02-2022 00:00
Himachal Pradesh,Kangra,Kangra,Other,Fruits,0.4,6000,9000,7500,17-Feb-22,17-02-2022 00:00
Himachal Pradesh,Kangra,Kangra(Baijnath),Apple,Fruits,0.1,7500,8000,8000,17-Feb-22,17-02-2022 00:00
Himachal Pradesh,Kangra,Kangra(Jaisinghpur),Apple,Fruits,0.03,8500,9500,9000,17-Feb-22,17-02-2022 00:00
Himachal Pradesh,Kangra,Kangra(Nagrota Bagwan),American,Fruits,0.1,6000,10000,8000,17-Feb-22,17-02-2022 00:00
Himachal Pradesh,Mandi,Mandi(Mandi),Apple,Fruits,0.4,6500,15500,10000,17-Feb-22,17-02-2022 00:00
Himachal Pradesh,Kangra,Palampur,Apple,Fruits,0.3,8000,9000,8500,17-Feb-22,17-02-2022 00:00
Himachal Pradesh,Una,Una,Other,Fruits,1.0,8000,15000,12000,17-Feb-22,17-02-2022 00:00
NCT of Delhi,Delhi,Azadpur,Delicious,Fruits,420.5,1333,5333,3871,17-Feb-22,17-02-2022 00:00
NCT of Delhi,Delhi,Azadpur,Golden,Fruits,420.5,3000,8000,5500,17-Feb-22,17-02-2022 00:00
NCT of Delhi,Delhi,Azadpur,Kullu Royal Delicious,Fruits,420.5,4000,8000,5750,17-Feb-22,17-02-2022 00:00
NCT of Delhi,Delhi,Azadpur,Royal Delicious,Fruits,420.5,3500,10000,6350,17-Feb-22,17-02-2022 00:00
Odisha,Mayurbhanja,Karanjia,Other,Fruits,0.07,12000,14000,13000,17-Feb-22,17-02-2022 00:00
Odisha,Mayurbhanja,Karanjia,Other,Fruits,0.07,11000,13000,12000,17-Feb-22,17-02-2022 00:00
West Bengal,Kolkata,Mechua,Apple,Fruits,174.9,5000,6600,5800,17-Feb-22,17-02-2022 00:00
Himachal Pradesh,Bilaspur,Bilaspur,Apple,Fruits,0.1,10000,15000,12000,18-Feb-22,18-02-2022 00:00
Himachal Pradesh,Chamba,Chamba,Royal Delicious,Fruits,0.1,8000,9000,8500,18-Feb-22,18-02-2022 00:00
Himachal Pradesh,Mandi,Dhanotu (Mandi),Royal Delicious,Fruits,0.2,10000,12000,11000,18-Feb-22,18-02-2022 00:00
Himachal Pradesh,Hamirpur,Hamirpur,Delicious,Fruits,0.18,7500,8000,7750,18-Feb-22,18-02-2022 00:00
Himachal Pradesh,Hamirpur,Hamirpur(Nadaun),Delicious,Fruits,0.12,7500,8000,7750,18-Feb-22,18-02-2022 00:00
Himachal Pradesh,Kangra,Kangra,Other,Fruits,0.3,6000,9000,7500,18-Feb-22,18-02-2022 00:00
Himachal Pradesh,Kangra,Kangra(Baijnath),Apple,Fruits,0.1,7000,8000,8000,18-Feb-22,18-02-2022 00:00
Himachal Pradesh,Kangra,Kangra(Jaisinghpur),Apple,Fruits,0.03,8500,9500,9000,18-Feb-22,18-02-2022 00:00
Himachal Pradesh,Kangra,Kangra(Jassour),Other,Fruits,0.5,6500,7500,7000,18-Feb-22,18-02-2022 00:00
Himachal Pradesh,Kangra,Kangra(Nagrota Bagwan),American,Fruits,0.1,6000,10000,8000,18-Feb-22,18-02-2022 00:00
Himachal Pradesh,Mandi,Mandi(Mandi),Apple,Fruits,0.6,6000,13900,10000,18-Feb-22,18-02-2022 00:00
Himachal Pradesh,Sirmore,Nahan,Other,Fruits,0.15,6000,8000,7000,18-Feb-22,18-02-2022 00:00
Himachal Pradesh,Kangra,Palampur,Apple,Fruits,0.3,8000,9000,8500,18-Feb-22,18-02-2022 00:00
Himachal Pradesh,Sirmore,Paonta Sahib,Kasmir/Shimla - II,Fruits,0.25,8000,10000,10000,18-Feb-22,18-02-2022 00:00
Himachal Pradesh,Una,Santoshgarh,Other,Fruits,0.13,8000,8000,8000,18-Feb-22,18-02-2022 00:00
Himachal Pradesh,Una,Una,Delicious,Fruits,2.7,8000,15000,10000,18-Feb-22,18-02-2022 00:00
NCT of Delhi,Delhi,Azadpur,Delicious,Fruits,373.2,1333,5333,3915,18-Feb-22,18-02-2022 00:00
NCT of Delhi,Delhi,Azadpur,Golden,Fruits,373.2,3000,8000,5500,18-Feb-22,18-02-2022 00:00
NCT of Delhi,Delhi,Azadpur,Kullu Royal Delicious,Fruits,373.2,4000,8000,5750,18-Feb-22,18-02-2022 00:00
NCT of Delhi,Delhi,Azadpur,Royal Delicious,Fruits,373.2,4000,10000,6650,18-Feb-22,18-02-2022 00:00
Odisha,Mayurbhanja,Karanjia,Other,Fruits,0.05,12000,14000,13000,18-Feb-22,18-02-2022 00:00
Odisha,Mayurbhanja,Karanjia,Other,Fruits,0.05,11000,13000,12000,18-Feb-22,18-02-2022 00:00
West Bengal,Kolkata,Mechua,Apple,Fruits,174.9,7600,9500,8800,19-Feb-22,19-02-2022 00:00
West Bengal,Kolkata,Mechua,Apple,Fruits,174.9,6600,8400,7500,19-Feb-22,19-02-2022 00:00
Himachal Pradesh,Mandi,Dhanotu (Mandi),Royal Delicious,Fruits,0.3,8000,10000,9000,19-Feb-22,19-02-2022 00:00
Himachal Pradesh,Hamirpur,Hamirpur,Delicious,Fruits,0.12,8000,8500,8250,19-Feb-22,19-02-2022 00:00
Himachal Pradesh,Hamirpur,Hamirpur(Nadaun),Delicious,Fruits,0.11,8000,8500,8250,19-Feb-22,19-02-2022 00:00
Himachal Pradesh,Kangra,Kangra,Other,Fruits,0.5,6000,9000,7500,19-Feb-22,19-02-2022 00:00
Himachal Pradesh,Kangra,Kangra(Baijnath),Apple,Fruits,0.1,7000,9000,8000,19-Feb-22,19-02-2022 00:00
Himachal Pradesh,Kangra,Kangra(Jassour),Other,Fruits,0.5,6500,7500,7000,19-Feb-22,19-02-2022 00:00
Himachal Pradesh,Kangra,Kangra(Nagrota Bagwan),American,Fruits,0.1,6000,10000,8000,19-Feb-22,19-02-2022 00:00
Himachal Pradesh,Mandi,Mandi(Mandi),Apple,Fruits,0.4,6500,15000,10000,19-Feb-22,19-02-2022 00:00
Himachal Pradesh,Sirmore,Nahan,Other,Fruits,0.1,8000,10000,8000,19-Feb-22,19-02-2022 00:00
Himachal Pradesh,Kangra,Palampur,Apple,Fruits,0.6,8000,9000,8500,19-Feb-22,19-02-2022 00:00
Himachal Pradesh,Sirmore,Paonta Sahib,Kasmir/Shimla - II,Fruits,0.35,8000,10000,8000,19-Feb-22,19-02-2022 00:00
Himachal Pradesh,Una,Santoshgarh,Other,Fruits,0.12,8000,8000,8000,19-Feb-22,19-02-2022 00:00
Himachal Pradesh,Una,Una,Delicious,Fruits,1.1,8000,15000,12000,19-Feb-22,19-02-2022 00:00
NCT of Delhi,Delhi,Azadpur,Royal Delicious,Fruits,765.9,4500,10000,6950,19-Feb-22,19-02-2022 00:00
Odisha,Mayurbhanja,Karanjia,Other,Fruits,0.07,12000,14000,13000,19-Feb-22,19-02-2022 00:00
Odisha,Mayurbhanja,Karanjia,Other,Fruits,0.07,11000,13000,12000,19-Feb-22,19-02-2022 00:00
West Bengal,Kolkata,Mechua,Apple,Fruits,174.9,5000,6600,5800,19-Feb-22,19-02-2022 00:00
West Bengal,Kolkata,Mechua,Apple,Fruits,175.9,7600,9700,8800,20-Feb-22,20-02-2022 00:00
West Bengal,Kolkata,Mechua,Apple,Fruits,175.9,6500,8400,7600,20-Feb-22,20-02-2022 00:00
Himachal Pradesh,Una,Santoshgarh,Other,Fruits,0.14,8200,8500,8350,20-Feb-22,20-02-2022 00:00
Himachal Pradesh,Kangra,Kangra(Jassour),Other,Fruits,0.5,6500,7500,7000,20-Feb-22,20-02-2022 00:00
West Bengal,Kolkata,Mechua,Apple,Fruits,175.9,5000,6600,5700,20-Feb-22,20-02-2022 00:00
West Bengal,Kolkata,Mechua,Apple,Fruits,165.8,7500,9300,8700,21-Feb-22,21-02-2022 00:00
Himachal Pradesh,Mandi,Dhanotu (Mandi),Royal Delicious,Fruits,0.4,10000,12000,11000,21-Feb-22,21-02-2022 00:00
Himachal Pradesh,Hamirpur,Hamirpur,Delicious,Fruits,0.15,8500,9000,8750,21-Feb-22,21-02-2022 00:00
Himachal Pradesh,Kangra,Kangra,Other,Fruits,0.6,6000,9000,7500,21-Feb-22,21-02-2022 00:00
Himachal Pradesh,Kangra,Kangra(Baijnath),Apple,Fruits,0.1,7000,8000,8000,21-Feb-22,21-02-2022 00:00
Himachal Pradesh,Kangra,Kangra(Jaisinghpur),Apple,Fruits,0.05,9000,11000,10000,21-Feb-22,21-02-2022 00:00
Himachal Pradesh,Kangra,Kangra(Nagrota Bagwan),American,Fruits,0.1,6000,10000,8000,21-Feb-22,21-02-2022 00:00
Himachal Pradesh,Mandi,Mandi(Mandi),Apple,Fruits,0.7,7600,15500,10000,21-Feb-22,21-02-2022 00:00
Himachal Pradesh,Kangra,Palampur,Apple,Fruits,0.5,9000,11000,10000,21-Feb-22,21-02-2022 00:00
Himachal Pradesh,Una,Una,Delicious,Fruits,12.2,7000,15000,11000,21-Feb-22,21-02-2022 00:00
Himachal Pradesh,Sirmore,Paonta Sahib,Kasmir/Shimla - II,Fruits,0.4,8000,9000,8500,21-Feb-22,21-02-2022 00:00
West Bengal,Kolkata,Mechua,Apple,Fruits,165.8,6300,8500,7400,21-Feb-22,21-02-2022 00:00
NCT of Delhi,Delhi,Azadpur,Delicious,Fruits,700.7,1667,6000,4282,21-Feb-22,21-02-2022 00:00
NCT of Delhi,Delhi,Azadpur,Kullu Royal Delicious,Fruits,700.7,3500,9000,6000,21-Feb-22,21-02-2022 00:00
NCT of Delhi,Delhi,Azadpur,Royal Delicious,Fruits,700.7,4500,12000,7650,21-Feb-22,21-02-2022 00:00
West Bengal,Kolkata,Mechua,Apple,Fruits,165.8,5000,6500,5700,21-Feb-22,21-02-2022 00:00
West Bengal,Kolkata,Mechua,Apple,Fruits,179.3,7500,9700,8700,22-Feb-22,22-02-2022 00:00
West Bengal,Kolkata,Mechua,Apple,Fruits,179.3,6300,8500,7400,22-Feb-22,22-02-2022 00:00
Himachal Pradesh,Mandi,Dhanotu (Mandi),Royal Delicious,Fruits,0.3,10000,14000,12500,22-Feb-22,22-02-2022 00:00
Himachal Pradesh,Hamirpur,Hamirpur,Delicious,Fruits,0.12,8500,9000,8750,22-Feb-22,22-02-2022 00:00
Himachal Pradesh,Hamirpur,Hamirpur(Nadaun),Delicious,Fruits,0.15,8500,9000,8750,22-Feb-22,22-02-2022 00:00
Himachal Pradesh,Kangra,Kangra,Other,Fruits,0.4,6000,9000,7500,22-Feb-22,22-02-2022 00:00
Himachal Pradesh,Kangra,Kangra(Baijnath),Apple,Fruits,0.1,7000,8000,8000,22-Feb-22,22-02-2022 00:00
Himachal Pradesh,Kangra,Kangra(Jassour),Other,Fruits,0.5,6500,7500,7000,22-Feb-22,22-02-2022 00:00
Himachal Pradesh,Kangra,Kangra(Nagrota Bagwan),American,Fruits,0.1,6000,10000,8000,22-Feb-22,22-02-2022 00:00
Himachal Pradesh,Mandi,Mandi(Mandi),Apple,Fruits,0.6,6900,15000,10000,22-Feb-22,22-02-2022 00:00
Himachal Pradesh,Kangra,Palampur,Apple,Fruits,0.4,9000,11000,10000,22-Feb-22,22-02-2022 00:00
Himachal Pradesh,Sirmore,Paonta Sahib,Kasmir/Shimla - II,Fruits,0.25,8000,10000,9000,22-Feb-22,22-02-2022 00:00
Himachal Pradesh,Una,Santoshgarh,Other,Fruits,0.12,7500,8000,7750,22-Feb-22,22-02-2022 00:00
Himachal Pradesh,Una,Una,Delicious,Fruits,0.8,7000,13000,10000,22-Feb-22,22-02-2022 00:00
NCT of Delhi,Delhi,Azadpur,Delicious,Fruits,1022.5,1667,6000,4349,22-Feb-22,22-02-2022 00:00
NCT of Delhi,Delhi,Azadpur,Kullu Royal Delicious,Fruits,1022.5,3500,9000,6000,22-Feb-22,22-02-2022 00:00
Odisha,Mayurbhanja,Karanjia,Other,Fruits,0.05,12000,14000,13000,22-Feb-22,22-02-2022 00:00
Odisha,Mayurbhanja,Karanjia,Other,Fruits,0.05,11000,13000,12000,22-Feb-22,22-02-2022 00:00
West Bengal,Kolkata,Mechua,Apple,Fruits,179.3,5000,6300,5600,22-Feb-22,22-02-2022 00:00
West Bengal,Kolkata,Mechua,Apple,Fruits,179.4,7200,9500,8600,23-Feb-22,23-02-2022 00:00
West Bengal,Kolkata,Mechua,Apple,Fruits,179.4,6500,8300,7500,23-Feb-22,23-02-2022 00:00
Himachal Pradesh,Mandi,Dhanotu (Mandi),Royal Delicious,Fruits,0.4,10000,12000,11000,23-Feb-22,23-02-2022 00:00
Himachal Pradesh,Hamirpur,Hamirpur,Delicious,Fruits,0.25,8500,9000,8750,23-Feb-22,23-02-2022 00:00
Himachal Pradesh,Hamirpur,Hamirpur(Nadaun),Delicious,Fruits,0.19,8500,9000,8750,23-Feb-22,23-02-2022 00:00
Himachal Pradesh,Kangra,Kangra,Other,Fruits,0.3,8000,15000,11500,23-Feb-22,23-02-2022 00:00
Himachal Pradesh,Kangra,Kangra(Baijnath),Apple,Fruits,0.1,7500,8000,8000,23-Feb-22,23-02-2022 00:00
Himachal Pradesh,Kangra,Kangra(Jassour),Other,Fruits,0.5,6500,7500,7000,23-Feb-22,23-02-2022 00:00
Himachal Pradesh,Mandi,Mandi(Mandi),Apple,Fruits,0.5,7300,12000,10000,23-Feb-22,23-02-2022 00:00
Himachal Pradesh,Kangra,Palampur,Apple,Fruits,0.3,9000,10000,9500,23-Feb-22,23-02-2022 00:00
Himachal Pradesh,Una,Santoshgarh,Other,Fruits,0.13,7500,8000,7750,23-Feb-22,23-02-2022 00:00
Himachal Pradesh,Kangra,Kangra(Nagrota Bagwan),American,Fruits,0.1,6000,10000,8000,23-Feb-22,23-02-2022 00:00
NCT of Delhi,Delhi,Azadpur,Delicious,Fruits,743.1,1333,5667,3796,23-Feb-22,23-02-2022 00:00
NCT of Delhi,Delhi,Azadpur,Kullu Royal Delicious,Fruits,743.1,2500,8000,5250,23-Feb-22,23-02-2022 00:00
NCT of Delhi,Delhi,Azadpur,Royal Delicious,Fruits,743.1,4500,11000,7200,23-Feb-22,23-02-2022 00:00
Odisha,Mayurbhanja,Karanjia,Other,Fruits,0.05,12000,14000,13000,23-Feb-22,23-02-2022 00:00
Odisha,Mayurbhanja,Karanjia,Other,Fruits,0.05,11000,13000,12000,23-Feb-22,23-02-2022 00:00
West Bengal,Kolkata,Mechua,Apple,Fruits,179.4,5000,6600,5700,23-Feb-22,23-02-2022 00:00
West Bengal,Kolkata,Mechua,Apple,Fruits,174.9,7300,9400,8500,24-Feb-22,24-02-2022 00:00
Himachal Pradesh,Mandi,Dhanotu (Mandi),Royal Delicious,Fruits,0.5,10000,12000,11000,24-Feb-22,24-02-2022 00:00
Himachal Pradesh,Hamirpur,Hamirpur,Delicious,Fruits,0.19,8500,9000,8750,24-Feb-22,24-02-2022 00:00
Himachal Pradesh,Hamirpur,Hamirpur(Nadaun),Delicious,Fruits,0.15,8500,9000,8750,24-Feb-22,24-02-2022 00:00
Himachal Pradesh,Kangra,Kangra,Other,Fruits,0.4,8000,15000,11500,24-Feb-22,24-02-2022 00:00
Himachal Pradesh,Kangra,Kangra(Baijnath),Apple,Fruits,0.1,7000,8000,8000,24-Feb-22,24-02-2022 00:00
Himachal Pradesh,Kangra,Kangra(Nagrota Bagwan),American,Fruits,0.1,6000,10000,8000,24-Feb-22,24-02-2022 00:00
Himachal Pradesh,Mandi,Mandi(Mandi),Apple,Fruits,0.4,7000,13000,10000,24-Feb-22,24-02-2022 00:00
Himachal Pradesh,Kangra,Palampur,Apple,Fruits,0.4,9000,10000,9500,24-Feb-22,24-02-2022 00:00
Himachal Pradesh,Sirmore,Paonta Sahib,Kasmir/Shimla - II,Fruits,0.1,800000,800000,800000,24-Feb-22,24-02-2022 00:00
Himachal Pradesh,Una,Santoshgarh,Other,Fruits,0.12,8000,8200,8100,24-Feb-22,24-02-2022 00:00
Himachal Pradesh,Bilaspur,Bilaspur,Apple,Fruits,0.1,9000,15000,12000,24-Feb-22,24-02-2022 00:00
West Bengal,Kolkata,Mechua,Apple,Fruits,174.9,6500,8600,7400,24-Feb-22,24-02-2022 00:00
NCT of Delhi,Delhi,Azadpur,Delicious,Fruits,763.1,800,6000,2580,24-Feb-22,24-02-2022 00:00
NCT of Delhi,Delhi,Azadpur,Kullu Royal Delicious,Fruits,763.1,2500,8000,5250,24-Feb-22,24-02-2022 00:00
NCT of Delhi,Delhi,Azadpur,Royal Delicious,Fruits,763.1,4500,11000,7200,24-Feb-22,24-02-2022 00:00
West Bengal,Kolkata,Mechua,Apple,Fruits,174.9,5000,6600,5700,24-Feb-22,24-02-2022 00:00
West Bengal,Kolkata,Mechua,Apple,Fruits,169.3,6500,8800,7700,25-Feb-22,25-02-2022 00:00
Himachal Pradesh,Mandi,Dhanotu (Mandi),Royal Delicious,Fruits,0.5,7000,8000,7500,25-Feb-22,25-02-2022 00:00
Himachal Pradesh,Hamirpur,Hamirpur,Delicious,Fruits,0.16,8000,9000,8500,25-Feb-22,25-02-2022 00:00
Himachal Pradesh,Hamirpur,Hamirpur(Nadaun),Delicious,Fruits,0.18,8500,9000,8750,25-Feb-22,25-02-2022 00:00
Himachal Pradesh,Kangra,Kangra,Other,Fruits,0.3,6000,9000,7500,25-Feb-22,25-02-2022 00:00
Himachal Pradesh,Kangra,Kangra(Baijnath),Apple,Fruits,0.1,7000,8000,8000,25-Feb-22,25-02-2022 00:00
Himachal Pradesh,Kangra,Kangra(Jassour),Other,Fruits,0.5,6500,7500,7000,25-Feb-22,25-02-2022 00:00
Himachal Pradesh,Kangra,Kangra(Nagrota Bagwan),American,Fruits,0.1,6000,10000,8000,25-Feb-22,25-02-2022 00:00
Himachal Pradesh,Mandi,Mandi(Mandi),Apple,Fruits,0.4,8000,15000,10000,25-Feb-22,25-02-2022 00:00
Himachal Pradesh,Kangra,Palampur,Apple,Fruits,0.3,8000,9500,8750,25-Feb-22,25-02-2022 00:00
Himachal Pradesh,Una,Una,Delicious,Fruits,1.5,6000,12000,9000,25-Feb-22,25-02-2022 00:00
West Bengal,Kolkata,Mechua,Apple,Fruits,169.3,6000,8000,7000,25-Feb-22,25-02-2022 00:00
NCT of Delhi,Delhi,Azadpur,Delicious,Fruits,506.2,1333,5667,3671,25-Feb-22,25-02-2022 00:00
NCT of Delhi,Delhi,Azadpur,Kullu Royal Delicious,Fruits,506.2,2500,8000,5250,25-Feb-22,25-02-2022 00:00
NCT of Delhi,Delhi,Azadpur,Royal Delicious,Fruits,506.2,4500,11000,7200,25-Feb-22,25-02-2022 00:00
Odisha,Mayurbhanja,Karanjia,Other,Fruits,0.05,12000,14000,13000,25-Feb-22,25-02-2022 00:00
Odisha,Mayurbhanja,Karanjia,Other,Fruits,0.05,11000,13000,12000,25-Feb-22,25-02-2022 00:00
West Bengal,Kolkata,Mechua,Apple,Fruits,169.3,4800,6500,5400,25-Feb-22,25-02-2022 00:00
West Bengal,Kolkata,Mechua,Apple,Fruits,174.9,6900,9200,8200,26-Feb-22,26-02-2022 00:00
West Bengal,Kolkata,Mechua,Apple,Fruits,174.9,5800,7600,7000,26-Feb-22,26-02-2022 00:00
Himachal Pradesh,Bilaspur,Bilaspur,Apple,Fruits,0.1,9000,15000,12000,26-Feb-22,26-02-2022 00:00
Himachal Pradesh,Mandi,Dhanotu (Mandi),Royal Delicious,Fruits,0.4,10000,15000,12500,26-Feb-22,26-02-2022 00:00
Himachal Pradesh,Hamirpur,Hamirpur,Delicious,Fruits,0.16,8500,9000,8750,26-Feb-22,26-02-2022 00:00
Himachal Pradesh,Hamirpur,Hamirpur(Nadaun),Delicious,Fruits,0.16,8500,9000,8750,26-Feb-22,26-02-2022 00:00
Himachal Pradesh,Kangra,Kangra,Other,Fruits,0.6,6000,10000,8000,26-Feb-22,26-02-2022 00:00
Himachal Pradesh,Kangra,Kangra(Baijnath),Apple,Fruits,0.1,8000,9000,9000,26-Feb-22,26-02-2022 00:00
Himachal Pradesh,Kangra,Kangra(Jassour),Other,Fruits,0.5,6500,7500,7000,26-Feb-22,26-02-2022 00:00
Himachal Pradesh,Kangra,Kangra(Nagrota Bagwan),American,Fruits,0.2,6000,10000,8000,26-Feb-22,26-02-2022 00:00
Himachal Pradesh,Mandi,Mandi(Mandi),Apple,Fruits,0.3,6000,12000,10000,26-Feb-22,26-02-2022 00:00
Himachal Pradesh,Kangra,Palampur,Apple,Fruits,0.6,8000,9500,8700,26-Feb-22,26-02-2022 00:00
Himachal Pradesh,Una,Santoshgarh,Other,Fruits,0.12,8000,8000,8000,26-Feb-22,26-02-2022 00:00
Himachal Pradesh,Una,Una,Delicious,Fruits,0.9,7000,12000,9000,26-Feb-22,26-02-2022 00:00
NCT of Delhi,Delhi,Azadpur,Delicious,Fruits,838.7,1333,6000,3900,26-Feb-22,26-02-2022 00:00
NCT of Delhi,Delhi,Azadpur,Kullu Royal Delicious,Fruits,838.7,2500,7500,5250,26-Feb-22,26-02-2022 00:00
NCT of Delhi,Delhi,Azadpur,Royal Delicious,Fruits,838.7,5000,11000,7500,26-Feb-22,26-02-2022 00:00
Odisha,Mayurbhanja,Karanjia,Other,Fruits,0.04,12000,14000,13000,26-Feb-22,26-02-2022 00:00
Odisha,Mayurbhanja,Karanjia,Other,Fruits,0.04,11000,13000,12000,26-Feb-22,26-02-2022 00:00
West Bengal,Kolkata,Mechua,Apple,Fruits,174.9,4700,6500,5600,26-Feb-22,26-02-2022 00:00
Himachal Pradesh,Una,Santoshgarh,Other,Fruits,0.12,7500,8000,7750,27-Feb-22,27-02-2022 00:00
Odisha,Mayurbhanja,Karanjia,Other,Fruits,0.06,11000,13000,12000,27-Feb-22,27-02-2022 00:00
Odisha,Mayurbhanja,Karanjia,Other,Fruits,0.06,12000,14000,13000,27-Feb-22,27-02-2022 00:00
West Bengal,Kolkata,Mechua,Apple,Fruits,197.2,7800,9700,9000,28-Feb-22,28-02-2022 00:00
Himachal Pradesh,Mandi,Dhanotu (Mandi),Royal Delicious,Fruits,0.6,8000,15000,11500,28-Feb-22,28-02-2022 00:00
Himachal Pradesh,Kangra,Kangra,Other,Fruits,0.6,8000,10000,9000,28-Feb-22,28-02-2022 00:00
Himachal Pradesh,Kangra,Kangra(Baijnath),Apple,Fruits,0.2,7000,8000,8000,28-Feb-22,28-02-2022 00:00
Himachal Pradesh,Kangra,Kangra(Jassour),Other,Fruits,0.5,6500,7500,7000,28-Feb-22,28-02-2022 00:00
Himachal Pradesh,Mandi,Mandi(Mandi),Apple,Fruits,0.6,7000,15000,10000,28-Feb-22,28-02-2022 00:00
Himachal Pradesh,Kangra,Palampur,Apple,Fruits,0.6,9000,9500,9250,28-Feb-22,28-02-2022 00:00
Himachal Pradesh,Una,Una,Delicious,Fruits,1.5,7000,13000,9000,28-Feb-22,28-02-2022 00:00
West Bengal,Kolkata,Mechua,Apple,Fruits,197.2,6500,8400,7300,28-Feb-22,28-02-2022 00:00
NCT of Delhi,Delhi,Azadpur,Delicious,Fruits,244.1,1333,6000,3900,28-Feb-22,28-02-2022 00:00
NCT of Delhi,Delhi,Azadpur,Kullu Royal Delicious,Fruits,244.1,2500,7500,5250,28-Feb-22,28-02-2022 00:00
NCT of Delhi,Delhi,Azadpur,Royal Delicious,Fruits,244.1,5000,11000,7500,28-Feb-22,28-02-2022 00:00
Odisha,Mayurbhanja,Karanjia,Other,Fruits,0.05,11000,13000,12000,28-Feb-22,28-02-2022 00:00
Odisha,Mayurbhanja,Karanjia,Other,Fruits,0.05,12000,14000,13000,28-Feb-22,28-02-2022 00:00
West Bengal,Kolkata,Mechua,Apple,Fruits,197.2,5000,6600,5700,28-Feb-22,28-02-2022 00:00
West Bengal,Kolkata,Mechua,Apple,Fruits,169.7,7300,9400,8700,01-Mar-22,01-03-2022 00:00
Himachal Pradesh,Kangra,Kangra(Baijnath),Apple,Fruits,0.1,7500,10000,8000,01-Mar-22,01-03-2022 00:00
Himachal Pradesh,Kangra,Kangra(Jaisinghpur),Apple,Fruits,0.03,9000,10000,9500,01-Mar-22,01-03-2022 00:00
Himachal Pradesh,Kangra,Palampur,Apple,Fruits,1.0,9000,9500,9250,01-Mar-22,01-03-2022 00:00
Himachal Pradesh,Mandi,Dhanotu (Mandi),Royal Delicious,Fruits,0.6,10000,10000,10000,01-Mar-22,01-03-2022 00:00
West Bengal,Kolkata,Mechua,Apple,Fruits,169.7,6200,8400,7300,01-Mar-22,01-03-2022 00:00
NCT of Delhi,Delhi,Azadpur,Delicious,Fruits,537.1,1333,5333,3650,01-Mar-22,01-03-2022 00:00
NCT of Delhi,Delhi,Azadpur,Kullu Royal Delicious,Fruits,537.1,2500,7500,5250,01-Mar-22,01-03-2022 00:00
NCT of Delhi,Delhi,Azadpur,Royal Delicious,Fruits,537.1,4500,10000,6800,01-Mar-22,01-03-2022 00:00
Odisha,Mayurbhanja,Karanjia,Other,Fruits,0.07,12000,14000,13000,01-Mar-22,01-03-2022 00:00
Odisha,Mayurbhanja,Karanjia,Other,Fruits,0.07,11000,13000,12000,01-Mar-22,01-03-2022 00:00
Odisha,Angul,Talcher,Other,Fruits,1.0,9000,12000,10000,01-Mar-22,01-03-2022 00:00
West Bengal,Kolkata,Mechua,Apple,Fruits,169.7,5000,6600,5800,01-Mar-22,01-03-2022 00:00
West Bengal,Kolkata,Mechua,Apple,Fruits,159.4,7200,9000,8500,02-Mar-22,02-03-2022 00:00
West Bengal,Kolkata,Mechua,Apple,Fruits,159.4,6000,7600,7000,02-Mar-22,02-03-2022 00:00
Himachal Pradesh,Chamba,Chamba,Royal Delicious,Fruits,0.05,8000,9000,8500,02-Mar-22,02-03-2022 00:00
Himachal Pradesh,Mandi,Dhanotu (Mandi),Royal Delicious,Fruits,0.3,6000,6000,6000,02-Mar-22,02-03-2022 00:00
Himachal Pradesh,Hamirpur,Hamirpur(Nadaun),Delicious,Fruits,0.23,8500,9000,8750,02-Mar-22,02-03-2022 00:00
Himachal Pradesh,Kangra,Kangra,Other,Fruits,0.4,10000,12000,11000,02-Mar-22,02-03-2022 00:00
Himachal Pradesh,Kangra,Kangra(Baijnath),Apple,Fruits,0.4,7000,9000,8000,02-Mar-22,02-03-2022 00:00
Himachal Pradesh,Kangra,Kangra(Jassour),Other,Fruits,0.5,6000,7500,7000,02-Mar-22,02-03-2022 00:00
Himachal Pradesh,Kangra,Kangra(Nagrota Bagwan),American,Fruits,0.1,9000,11000,10000,02-Mar-22,02-03-2022 00:00
Himachal Pradesh,Mandi,Mandi(Mandi),Apple,Fruits,0.3,7300,15000,10000,02-Mar-22,02-03-2022 00:00
Himachal Pradesh,Kangra,Palampur,Apple,Fruits,0.6,8500,9000,8750,02-Mar-22,02-03-2022 00:00
Himachal Pradesh,Sirmore,Paonta Sahib,Kasmir/Shimla - II,Fruits,0.25,8000,9000,9000,02-Mar-22,02-03-2022 00:00
Himachal Pradesh,Una,Santoshgarh,Other,Fruits,0.12,7500,8000,7750,02-Mar-22,02-03-2022 00:00
Himachal Pradesh,Una,Una,Delicious,Fruits,1.0,7000,12000,9000,02-Mar-22,02-03-2022 00:00
NCT of Delhi,Delhi,Azadpur,Delicious,Fruits,509.5,1333,5333,3650,02-Mar-22,02-03-2022 00:00
NCT of Delhi,Delhi,Azadpur,Kullu Royal Delicious,Fruits,509.5,2500,7500,5250,02-Mar-22,02-03-2022 00:00
NCT of Delhi,Delhi,Azadpur,Royal Delicious,Fruits,509.5,4500,10000,6800,02-Mar-22,02-03-2022 00:00
Odisha,Mayurbhanja,Karanjia,Other,Fruits,0.05,12000,14000,13000,02-Mar-22,02-03-2022 00:00
Odisha,Mayurbhanja,Karanjia,Other,Fruits,0.05,11000,13000,12000,02-Mar-22,02-03-2022 00:00
West Bengal,Kolkata,Mechua,Apple,Fruits,159.4,5000,6500,5700,02-Mar-22,02-03-2022 00:00
West Bengal,Kolkata,Mechua,Apple,Fruits,173.9,7200,9300,8500,03-Mar-22,03-03-2022 00:00
Himachal Pradesh,Bilaspur,Bilaspur,Apple,Fruits,0.1,9000,15000,12000,03-Mar-22,03-03-2022 00:00
Himachal Pradesh,Mandi,Dhanotu (Mandi),Royal Delicious,Fruits,0.5,6000,10000,8000,03-Mar-22,03-03-2022 00:00
Himachal Pradesh,Hamirpur,Hamirpur,Delicious,Fruits,0.58,8500,9000,8750,03-Mar-22,03-03-2022 00:00
Himachal Pradesh,Hamirpur,Hamirpur(Nadaun),Delicious,Fruits,0.54,8500,9000,8750,03-Mar-22,03-03-2022 00:00
Himachal Pradesh,Kangra,Kangra,Other,Fruits,0.6,10000,12000,11000,03-Mar-22,03-03-2022 00:00
Himachal Pradesh,Kangra,Kangra(Baijnath),Apple,Fruits,0.08,8000,12000,9000,03-Mar-22,03-03-2022 00:00
Himachal Pradesh,Kangra,Kangra(Jaisinghpur),Apple,Fruits,0.03,8000,9500,8750,03-Mar-22,03-03-2022 00:00
Himachal Pradesh,Mandi,Mandi(Mandi),Apple,Fruits,0.3,11000,14500,12000,03-Mar-22,03-03-2022 00:00
Himachal Pradesh,Kangra,Palampur,Apple,Fruits,0.6,8500,9000,8750,03-Mar-22,03-03-2022 00:00
Himachal Pradesh,Sirmore,Paonta Sahib,Kasmir/Shimla - II,Fruits,0.45,8000,10000,9000,03-Mar-22,03-03-2022 00:00
Himachal Pradesh,Una,Santoshgarh,Other,Fruits,0.13,7500,7500,7500,03-Mar-22,03-03-2022 00:00
Himachal Pradesh,Una,Una,Delicious,Fruits,1.1,6000,10000,8500,03-Mar-22,03-03-2022 00:00
West Bengal,Kolkata,Mechua,Apple,Fruits,173.9,6400,7800,7000,03-Mar-22,03-03-2022 00:00
NCT of Delhi,Delhi,Azadpur,Delicious,Fruits,1089.9,1333,6000,3862,03-Mar-22,03-03-2022 00:00
NCT of Delhi,Delhi,Azadpur,Kullu Royal Delicious,Fruits,1089.9,4000,7500,5500,03-Mar-22,03-03-2022 00:00
Odisha,Mayurbhanja,Karanjia,Other,Fruits,0.06,12000,14000,13000,03-Mar-22,03-03-2022 00:00
Odisha,Mayurbhanja,Karanjia,Other,Fruits,0.06,11000,13000,12000,03-Mar-22,03-03-2022 00:00
NCT of Delhi,Delhi,Azadpur,Royal Delicious,Fruits,1089.9,5000,9500,7400,03-Mar-22,03-03-2022 00:00
West Bengal,Kolkata,Mechua,Apple,Fruits,173.9,5000,6600,5700,03-Mar-22,03-03-2022 00:00
West Bengal,Kolkata,Mechua,Apple,Fruits,169.7,7300,9500,8600,04-Mar-22,04-03-2022 00:00
West Bengal,Kolkata,Mechua,Apple,Fruits,169.7,6200,8500,7200,04-Mar-22,04-03-2022 00:00
Himachal Pradesh,Kangra,Kangra,Other,Fruits,0.3,7000,12000,9500,04-Mar-22,04-03-2022 00:00
Himachal Pradesh,Kangra,Kangra(Jaisinghpur),Apple,Fruits,0.03,9500,12000,11000,04-Mar-22,04-03-2022 00:00
Himachal Pradesh,Kangra,Kangra(Jassour),Other,Fruits,0.5,6500,7500,7000,04-Mar-22,04-03-2022 00:00
Himachal Pradesh,Kangra,Kangra(Nagrota Bagwan),American,Fruits,0.1,8000,12000,10000,04-Mar-22,04-03-2022 00:00
Himachal Pradesh,Mandi,Mandi(Mandi),Apple,Fruits,0.2,8000,14200,12000,04-Mar-22,04-03-2022 00:00
Himachal Pradesh,Sirmore,Paonta Sahib,Kasmir/Shimla - II,Fruits,0.25,8000,10000,9000,04-Mar-22,04-03-2022 00:00
Himachal Pradesh,Sirmore,Nahan,Other,Fruits,0.1,8000,10000,9000,04-Mar-22,04-03-2022 00:00
NCT of Delhi,Delhi,Azadpur,Delicious,Fruits,897.3,1333,6000,3841,04-Mar-22,04-03-2022 00:00
NCT of Delhi,Delhi,Azadpur,Kullu Royal Delicious,Fruits,897.3,4000,8000,5500,04-Mar-22,04-03-2022 00:00
NCT of Delhi,Delhi,Azadpur,Royal Delicious,Fruits,897.3,5000,10500,7500,04-Mar-22,04-03-2022 00:00
Odisha,Mayurbhanja,Karanjia,Other,Fruits,0.05,12000,14000,13000,04-Mar-22,04-03-2022 00:00
Odisha,Mayurbhanja,Karanjia,Other,Fruits,0.05,11000,13000,12000,04-Mar-22,04-03-2022 00:00
West Bengal,Kolkata,Mechua,Apple,Fruits,169.7,5000,6600,5700,04-Mar-22,04-03-2022 00:00
West Bengal,Kolkata,Mechua,Apple,Fruits,173.9,6800,9400,7800,05-Mar-22,05-03-2022 00:00
Himachal Pradesh,Mandi,Dhanotu (Mandi),Royal Delicious,Fruits,0.4,10000,12000,11000,05-Mar-22,05-03-2022 00:00
Himachal Pradesh,Kangra,Kangra,Other,Fruits,0.5,9000,13000,11000,05-Mar-22,05-03-2022 00:00
Himachal Pradesh,Kangra,Kangra(Baijnath),Apple,Fruits,0.08,8000,10000,9000,05-Mar-22,05-03-2022 00:00
Himachal Pradesh,Kangra,Kangra(Jaisinghpur),Apple,Fruits,0.03,9500,12000,10750,05-Mar-22,05-03-2022 00:00
Himachal Pradesh,Kangra,Kangra(Jassour),Other,Fruits,0.5,6500,7500,7000,05-Mar-22,05-03-2022 00:00
Himachal Pradesh,Kangra,Kangra(Nagrota Bagwan),American,Fruits,0.2,8000,12000,10000,05-Mar-22,05-03-2022 00:00
Himachal Pradesh,Mandi,Mandi(Mandi),Apple,Fruits,0.5,8400,14600,12000,05-Mar-22,05-03-2022 00:00
Himachal Pradesh,Kangra,Palampur,Apple,Fruits,0.6,10000,13000,11500,05-Mar-22,05-03-2022 00:00
Himachal Pradesh,Sirmore,Paonta Sahib,Kasmir/Shimla - II,Fruits,0.1,800000,800000,800000,05-Mar-22,05-03-2022 00:00
Himachal Pradesh,Una,Santoshgarh,Other,Fruits,0.12,8000,8500,8250,05-Mar-22,05-03-2022 00:00
Himachal Pradesh,Una,Una,Delicious,Fruits,1.0,6000,11000,8500,05-Mar-22,05-03-2022 00:00
West Bengal,Kolkata,Mechua,Apple,Fruits,173.9,5700,7600,6600,05-Mar-22,05-03-2022 00:00
NCT of Delhi,Delhi,Azadpur,Delicious,Fruits,724.8,1333,6000,4029,05-Mar-22,05-03-2022 00:00
NCT of Delhi,Delhi,Azadpur,Royal Delicious,Fruits,724.8,5000,10500,7500,05-Mar-22,05-03-2022 00:00
Odisha,Mayurbhanja,Karanjia,Other,Fruits,0.06,12000,14000,13000,05-Mar-22,05-03-2022 00:00
Odisha,Mayurbhanja,Karanjia,Other,Fruits,0.06,11000,13000,12000,05-Mar-22,05-03-2022 00:00
NCT of Delhi,Delhi,Azadpur,Kullu Royal Delicious,Fruits,724.8,4000,8000,5500,05-Mar-22,05-03-2022 00:00
West Bengal,Kolkata,Mechua,Apple,Fruits,173.9,5000,6500,5800,05-Mar-22,05-03-2022 00:00
Himachal Pradesh,Una,Santoshgarh,Other,Fruits,0.13,8000,8500,8250,06-Mar-22,06-03-2022 00:00
Odisha,Mayurbhanja,Karanjia,Other,Fruits,0.06,11000,13000,12000,06-Mar-22,06-03-2022 00:00
Odisha,Mayurbhanja,Karanjia,Other,Fruits,0.06,12000,14000,13000,06-Mar-22,06-03-2022 00:00
West Bengal,Kolkata,Mechua,Apple,Fruits,174.8,7400,9600,8600,07-Mar-22,07-03-2022 00:00
West Bengal,Kolkata,Mechua,Apple,Fruits,174.8,6000,8000,7000,07-Mar-22,07-03-2022 00:00
Himachal Pradesh,Hamirpur,Hamirpur,Delicious,Fruits,0.45,8500,9000,8750,07-Mar-22,07-03-2022 00:00
Himachal Pradesh,Hamirpur,Hamirpur(Nadaun),Delicious,Fruits,0.23,8500,9000,8750,07-Mar-22,07-03-2022 00:00
Himachal Pradesh,Kangra,Kangra,Other,Fruits,0.4,9000,13000,10500,07-Mar-22,07-03-2022 00:00
Himachal Pradesh,Kangra,Kangra(Baijnath),Apple,Fruits,0.08,8000,10000,9000,07-Mar-22,07-03-2022 00:00
Himachal Pradesh,Kangra,Kangra(Jaisinghpur),Apple,Fruits,0.01,9500,12000,10750,07-Mar-22,07-03-2022 00:00
Himachal Pradesh,Kangra,Kangra(Jassour),Other,Fruits,0.6,6000,10000,8000,07-Mar-22,07-03-2022 00:00
Himachal Pradesh,Kangra,Kangra(Nagrota Bagwan),American,Fruits,0.1,8000,10000,9000,07-Mar-22,07-03-2022 00:00
Himachal Pradesh,Mandi,Mandi(Mandi),Apple,Fruits,0.5,9000,14000,10000,07-Mar-22,07-03-2022 00:00
Himachal Pradesh,Kangra,Palampur,Apple,Fruits,0.6,10000,12500,11250,07-Mar-22,07-03-2022 00:00
Himachal Pradesh,Sirmore,Paonta Sahib,Kasmir/Shimla - II,Fruits,0.25,4000,10000,7000,07-Mar-22,07-03-2022 00:00
Himachal Pradesh,Una,Una,Delicious,Fruits,1.2,6000,12000,8800,07-Mar-22,07-03-2022 00:00
Himachal Pradesh,Una,Santoshgarh,Other,Fruits,0.12,8500,8500,8500,07-Mar-22,07-03-2022 00:00
NCT of Delhi,Delhi,Azadpur,Delicious,Fruits,405.6,1333,6000,4833,07-Mar-22,07-03-2022 00:00
NCT of Delhi,Delhi,Azadpur,Kullu Royal Delicious,Fruits,405.6,4000,8000,5750,07-Mar-22,07-03-2022 00:00
NCT of Delhi,Delhi,Azadpur,Royal Delicious,Fruits,405.6,5500,11000,8200,07-Mar-22,07-03-2022 00:00
Odisha,Mayurbhanja,Karanjia,Other,Fruits,0.06,12000,14000,13000,07-Mar-22,07-03-2022 00:00
Odisha,Mayurbhanja,Karanjia,Other,Fruits,0.06,11000,13000,12000,07-Mar-22,07-03-2022 00:00
Odisha,Angul,Talcher,Other,Fruits,0.01,8000,10000,9000,07-Mar-22,07-03-2022 00:00
West Bengal,Kolkata,Mechua,Apple,Fruits,174.8,5000,6600,5700,07-Mar-22,07-03-2022 00:00
West Bengal,Kolkata,Mechua,Apple,Fruits,169.6,7300,9500,8700,08-Mar-22,08-03-2022 00:00
West Bengal,Kolkata,Mechua,Apple,Fruits,169.6,6200,8000,7000,08-Mar-22,08-03-2022 00:00
Himachal Pradesh,Mandi,Dhanotu (Mandi),Royal Delicious,Fruits,0.5,10000,14000,12000,08-Mar-22,08-03-2022 00:00
Himachal Pradesh,Hamirpur,Hamirpur,Delicious,Fruits,0.27,9500,10000,9750,08-Mar-22,08-03-2022 00:00
Himachal Pradesh,Hamirpur,Hamirpur(Nadaun),Delicious,Fruits,0.27,9500,10000,9750,08-Mar-22,08-03-2022 00:00
Himachal Pradesh,Kangra,Kangra,Other,Fruits,0.3,9000,13000,11000,08-Mar-22,08-03-2022 00:00
Himachal Pradesh,Kangra,Kangra(Baijnath),Apple,Fruits,0.09,7000,9000,8000,08-Mar-22,08-03-2022 00:00
Himachal Pradesh,Kangra,Kangra(Jassour),Other,Fruits,0.5,6000,10000,8000,08-Mar-22,08-03-2022 00:00
Himachal Pradesh,Mandi,Mandi(Mandi),Apple,Fruits,0.2,7600,15000,10000,08-Mar-22,08-03-2022 00:00
Himachal Pradesh,Sirmore,Nahan,Other,Fruits,0.15,7000,8000,7500,08-Mar-22,08-03-2022 00:00
Himachal Pradesh,Kangra,Palampur,Apple,Fruits,0.2,10000,12500,11250,08-Mar-22,08-03-2022 00:00
Himachal Pradesh,Sirmore,Paonta Sahib,Kasmir/Shimla - II,Fruits,0.35,8000,9000,8500,08-Mar-22,08-03-2022 00:00
Himachal Pradesh,Una,Una,Delicious,Fruits,1.2,7000,12000,9000,08-Mar-22,08-03-2022 00:00
NCT of Delhi,Delhi,Azadpur,Delicious,Fruits,1037.5,1333,6000,4833,08-Mar-22,08-03-2022 00:00
NCT of Delhi,Delhi,Azadpur,Kullu Royal Delicious,Fruits,1037.5,4000,8000,5750,08-Mar-22,08-03-2022 00:00
NCT of Delhi,Delhi,Azadpur,Royal Delicious,Fruits,1037.5,5500,11000,8300,08-Mar-22,08-03-2022 00:00
Odisha,Mayurbhanja,Karanjia,Other,Fruits,0.07,12000,14000,13000,08-Mar-22,08-03-2022 00:00
Odisha,Mayurbhanja,Karanjia,Other,Fruits,0.07,11000,13000,12000,08-Mar-22,08-03-2022 00:00
West Bengal,Kolkata,Mechua,Apple,Fruits,169.6,5000,6000,5500,08-Mar-22,08-03-2022 00:00
West Bengal,Kolkata,Mechua,Apple,Fruits,179.5,7200,9000,8400,09-Mar-22,09-03-2022 00:00
Himachal Pradesh,Mandi,Dhanotu (Mandi),Royal Delicious,Fruits,0.4,10000,12000,11000,09-Mar-22,09-03-2022 00:00
Himachal Pradesh,Hamirpur,Hamirpur,Delicious,Fruits,0.23,9500,10000,9750,09-Mar-22,09-03-2022 00:00
Himachal Pradesh,Hamirpur,Hamirpur(Nadaun),Delicious,Fruits,0.19,9500,10000,9750,09-Mar-22,09-03-2022 00:00
Himachal Pradesh,Kangra,Kangra,Other,Fruits,0.3,9000,13000,11000,09-Mar-22,09-03-2022 00:00
Himachal Pradesh,Kangra,Kangra(Baijnath),Apple,Fruits,0.08,8000,10000,9000,09-Mar-22,09-03-2022 00:00
Himachal Pradesh,Kangra,Kangra(Jaisinghpur),Apple,Fruits,0.03,9500,12000,10750,09-Mar-22,09-03-2022 00:00
Himachal Pradesh,Kangra,Kangra(Nagrota Bagwan),American,Fruits,0.1,8000,12000,10000,09-Mar-22,09-03-2022 00:00
Himachal Pradesh,Mandi,Mandi(Mandi),Apple,Fruits,0.3,8000,11000,10000,09-Mar-22,09-03-2022 00:00
Himachal Pradesh,Sirmore,Nahan,Other,Fruits,0.1,9000,0,10000,09-Mar-22,09-03-2022 00:00
Himachal Pradesh,Kangra,Palampur,Apple,Fruits,0.3,10000,12500,11700,09-Mar-22,09-03-2022 00:00
Himachal Pradesh,Sirmore,Paonta Sahib,Kasmir/Shimla - II,Fruits,0.35,8000,10000,8500,09-Mar-22,09-03-2022 00:00
Himachal Pradesh,Una,Santoshgarh,Other,Fruits,0.12,7500,8000,7750,09-Mar-22,09-03-2022 00:00
Himachal Pradesh,Una,Una,Delicious,Fruits,1.1,9000,12000,10000,09-Mar-22,09-03-2022 00:00
Himachal Pradesh,Kangra,Kangra(Jassour),Other,Fruits,0.6,6000,10000,8000,09-Mar-22,09-03-2022 00:00
West Bengal,Kolkata,Mechua,Apple,Fruits,179.5,5800,7600,6800,09-Mar-22,09-03-2022 00:00
NCT of Delhi,Delhi,Azadpur,Delicious,Fruits,443.8,1333,6000,4833,09-Mar-22,09-03-2022 00:00
NCT of Delhi,Delhi,Azadpur,Kullu Royal Delicious,Fruits,443.8,4000,8000,5750,09-Mar-22,09-03-2022 00:00
NCT of Delhi,Delhi,Azadpur,Royal Delicious,Fruits,443.8,5000,10000,7850,09-Mar-22,09-03-2022 00:00
Odisha,Mayurbhanja,Karanjia,Other,Fruits,0.04,12000,14000,13000,09-Mar-22,09-03-2022 00:00
Odisha,Mayurbhanja,Karanjia,Other,Fruits,0.04,11000,13000,12000,09-Mar-22,09-03-2022 00:00
West Bengal,Kolkata,Mechua,Apple,Fruits,179.5,4500,6000,5300,09-Mar-22,09-03-2022 00:00
Himachal Pradesh,Mandi,Dhanotu (Mandi),Royal Delicious,Fruits,0.6,10000,12000,11000,10-Mar-22,10-03-2022 00:00
Himachal Pradesh,Hamirpur,Hamirpur,Delicious,Fruits,0.29,9500,10000,9750,10-Mar-22,10-03-2022 00:00
Himachal Pradesh,Hamirpur,Hamirpur(Nadaun),Delicious,Fruits,0.29,9500,10000,9750,10-Mar-22,10-03-2022 00:00
Himachal Pradesh,Kangra,Kangra,Other,Fruits,0.4,8000,12000,10000,10-Mar-22,10-03-2022 00:00
Himachal Pradesh,Kangra,Kangra(Baijnath),American,Fruits,0.1,8000,10000,9000,10-Mar-22,10-03-2022 00:00
Himachal Pradesh,Kangra,Kangra(Jassour),Other,Fruits,0.5,6000,10000,8000,10-Mar-22,10-03-2022 00:00
Himachal Pradesh,Mandi,Mandi(Mandi),Apple,Fruits,0.4,7500,15000,10000,10-Mar-22,10-03-2022 00:00
Himachal Pradesh,Kangra,Palampur,Apple,Fruits,0.6,10000,12000,11000,10-Mar-22,10-03-2022 00:00
Himachal Pradesh,Sirmore,Paonta Sahib,Kasmir/Shimla - II,Fruits,0.2,900000,900000,900000,10-Mar-22,10-03-2022 00:00
Himachal Pradesh,Una,Una,Delicious,Fruits,1.1,9000,11000,10000,10-Mar-22,10-03-2022 00:00
Odisha,Mayurbhanja,Karanjia,Other,Fruits,0.05,11000,13000,12000,10-Mar-22,10-03-2022 00:00
NCT of Delhi,Delhi,Azadpur,Delicious,Fruits,473.9,1333,6000,4708,10-Mar-22,10-03-2022 00:00
NCT of Delhi,Delhi,Azadpur,Kullu Royal Delicious,Fruits,473.9,4000,8000,5750,10-Mar-22,10-03-2022 00:00
NCT of Delhi,Delhi,Azadpur,Royal Delicious,Fruits,473.9,5000,10000,7850,10-Mar-22,10-03-2022 00:00
Odisha,Mayurbhanja,Karanjia,Other,Fruits,0.05,12000,14000,13000,10-Mar-22,10-03-2022 00:00
West Bengal,Kolkata,Mechua,Apple,Fruits,169.3,7300,9700,8600,11-Mar-22,11-03-2022 00:00
West Bengal,Kolkata,Mechua,Apple,Fruits,169.3,6200,8600,7500,11-Mar-22,11-03-2022 00:00
Himachal Pradesh,Mandi,Dhanotu (Mandi),Royal Delicious,Fruits,0.7,6000,14000,10000,11-Mar-22,11-03-2022 00:00
Himachal Pradesh,Kangra,Kangra,Other,Fruits,0.3,8000,12000,10000,11-Mar-22,11-03-2022 00:00
Himachal Pradesh,Kangra,Kangra(Baijnath),Apple,Fruits,0.08,8000,10000,9000,11-Mar-22,11-03-2022 00:00
Himachal Pradesh,Kangra,Kangra(Jassour),Other,Fruits,0.5,6000,10000,8000,11-Mar-22,11-03-2022 00:00
Himachal Pradesh,Kangra,Kangra(Nagrota Bagwan),American,Fruits,0.2,8000,12000,10000,11-Mar-22,11-03-2022 00:00
Himachal Pradesh,Mandi,Mandi(Mandi),Apple,Fruits,0.3,6100,14000,10000,11-Mar-22,11-03-2022 00:00
Himachal Pradesh,Sirmore,Nahan,Other,Fruits,0.12,8000,9000,8500,11-Mar-22,11-03-2022 00:00
Himachal Pradesh,Kangra,Palampur,Apple,Fruits,0.2,10000,12000,11000,11-Mar-22,11-03-2022 00:00
Himachal Pradesh,Sirmore,Paonta Sahib,Kasmir/Shimla - II,Fruits,0.52,8000,10000,9000,11-Mar-22,11-03-2022 00:00
Himachal Pradesh,Una,Una,Delicious,Fruits,1.2,9000,12000,10000,11-Mar-22,11-03-2022 00:00
NCT of Delhi,Delhi,Azadpur,Delicious,Fruits,157.8,1333,6000,4112,11-Mar-22,11-03-2022 00:00
NCT of Delhi,Delhi,Azadpur,Kullu Royal Delicious,Fruits,157.8,4000,7500,5750,11-Mar-22,11-03-2022 00:00
NCT of Delhi,Delhi,Azadpur,Royal Delicious,Fruits,157.8,5000,10000,5557,11-Mar-22,11-03-2022 00:00
Odisha,Mayurbhanja,Karanjia,Other,Fruits,0.07,12000,14000,13000,11-Mar-22,11-03-2022 00:00
Odisha,Mayurbhanja,Karanjia,Other,Fruits,0.07,11000,13000,12000,11-Mar-22,11-03-2022 00:00
West Bengal,Kolkata,Mechua,Apple,Fruits,169.3,5000,6700,5700,11-Mar-22,11-03-2022 00:00
West Bengal,Kolkata,Mechua,Apple,Fruits,174.2,7200,9400,8700,12-Mar-22,12-03-2022 00:00
Himachal Pradesh,Mandi,Dhanotu (Mandi),Royal Delicious,Fruits,0.5,10000,14000,12000,12-Mar-22,12-03-2022 00:00
Himachal Pradesh,Kangra,Kangra(Baijnath),Apple,Fruits,0.1,8000,10000,9000,12-Mar-22,12-03-2022 00:00
Himachal Pradesh,Mandi,Mandi(Mandi),Apple,Fruits,0.1,7000,10000,8000,12-Mar-22,12-03-2022 00:00
Himachal Pradesh,Una,Santoshgarh,Other,Fruits,0.13,7500,8000,7750,12-Mar-22,12-03-2022 00:00
West Bengal,Kolkata,Mechua,Apple,Fruits,174.2,6000,7800,7200,12-Mar-22,12-03-2022 00:00
NCT of Delhi,Delhi,Azadpur,Delicious,Fruits,830.9,2000,6667,4473,12-Mar-22,12-03-2022 00:00
NCT of Delhi,Delhi,Azadpur,Kullu Royal Delicious,Fruits,830.9,4500,8000,6250,12-Mar-22,12-03-2022 00:00
NCT of Delhi,Delhi,Azadpur,Royal Delicious,Fruits,830.9,5500,11000,8350,12-Mar-22,12-03-2022 00:00
Odisha,Mayurbhanja,Karanjia,Other,Fruits,0.05,12000,14000,13000,12-Mar-22,12-03-2022 00:00
Odisha,Mayurbhanja,Karanjia,Other,Fruits,0.05,11000,13000,12000,12-Mar-22,12-03-2022 00:00
West Bengal,Kolkata,Mechua,Apple,Fruits,174.2,5000,6500,5700,12-Mar-22,12-03-2022 00:00
Odisha,Mayurbhanja,Karanjia,Other,Fruits,0.06,11000,13000,12000,13-Mar-22,13-03-2022 00:00
Odisha,Mayurbhanja,Karanjia,Other,Fruits,0.06,12000,14000,13000,13-Mar-22,13-03-2022 00:00
West Bengal,Kolkata,Mechua,Apple,Fruits,179.3,7300,9300,8500,14-Mar-22,14-03-2022 00:00
West Bengal,Kolkata,Mechua,Apple,Fruits,179.3,6000,7800,7000,14-Mar-22,14-03-2022 00:00
Himachal Pradesh,Mandi,Dhanotu (Mandi),Royal Delicious,Fruits,0.5,10000,14000,12000,14-Mar-22,14-03-2022 00:00
Himachal Pradesh,Hamirpur,Hamirpur,Delicious,Fruits,0.23,9500,10000,9750,14-Mar-22,14-03-2022 00:00
Himachal Pradesh,Hamirpur,Hamirpur(Nadaun),Delicious,Fruits,0.26,9500,10000,9750,14-Mar-22,14-03-2022 00:00
Himachal Pradesh,Kangra,Kangra,Other,Fruits,0.4,9000,13000,11000,14-Mar-22,14-03-2022 00:00
Himachal Pradesh,Kangra,Kangra(Baijnath),Apple,Fruits,0.08,8000,11000,9000,14-Mar-22,14-03-2022 00:00
Himachal Pradesh,Kangra,Kangra(Nagrota Bagwan),American,Fruits,0.2,8000,12000,10000,14-Mar-22,14-03-2022 00:00
Himachal Pradesh,Mandi,Mandi(Mandi),Apple,Fruits,0.6,6200,15000,10000,14-Mar-22,14-03-2022 00:00
Himachal Pradesh,Kangra,Palampur,Apple,Fruits,0.6,10000,12500,11700,14-Mar-22,14-03-2022 00:00
Himachal Pradesh,Sirmore,Paonta Sahib,Kasmir/Shimla - II,Fruits,0.4,8000,10000,9000,14-Mar-22,14-03-2022 00:00
Himachal Pradesh,Una,Santoshgarh,Other,Fruits,0.12,8000,8000,8000,14-Mar-22,14-03-2022 00:00
Himachal Pradesh,Bilaspur,Bilaspur,Apple,Fruits,0.1,9000,15000,13000,14-Mar-22,14-03-2022 00:00
NCT of Delhi,Delhi,Azadpur,Delicious,Fruits,641.0,2000,6667,4864,14-Mar-22,14-03-2022 00:00
NCT of Delhi,Delhi,Azadpur,Kullu Royal Delicious,Fruits,641.0,4500,8000,6250,14-Mar-22,14-03-2022 00:00
NCT of Delhi,Delhi,Azadpur,Royal Delicious,Fruits,641.0,5500,11000,8350,14-Mar-22,14-03-2022 00:00
Odisha,Mayurbhanja,Karanjia,Other,Fruits,0.05,12000,14000,13000,14-Mar-22,14-03-2022 00:00
Odisha,Mayurbhanja,Karanjia,Other,Fruits,0.05,11000,13000,12000,14-Mar-22,14-03-2022 00:00
West Bengal,Kolkata,Mechua,Apple,Fruits,179.3,4800,6500,5600,14-Mar-22,14-03-2022 00:00
West Bengal,Kolkata,Mechua,Apple,Fruits,164.9,7300,9600,8600,15-Mar-22,15-03-2022 00:00
West Bengal,Kolkata,Mechua,Apple,Fruits,164.9,6000,8000,7000,15-Mar-22,15-03-2022 00:00
Himachal Pradesh,Chamba,Chamba,Royal Delicious,Fruits,0.1,8000,9000,8500,15-Mar-22,15-03-2022 00:00
Himachal Pradesh,Kangra,Kangra,Other,Fruits,0.3,9000,13000,11000,15-Mar-22,15-03-2022 00:00
Himachal Pradesh,Kangra,Kangra(Jassour),Other,Fruits,0.5,6000,10000,8000,15-Mar-22,15-03-2022 00:00
Himachal Pradesh,Kangra,Kangra(Nagrota Bagwan),American,Fruits,0.1,8000,12000,10000,15-Mar-22,15-03-2022 00:00
Himachal Pradesh,Mandi,Mandi(Mandi),Apple,Fruits,0.06,5000,5000,5000,15-Mar-22,15-03-2022 00:00
Himachal Pradesh,Sirmore,Nahan,Other,Fruits,0.12,8000,10000,9000,15-Mar-22,15-03-2022 00:00
Himachal Pradesh,Una,Una,Delicious,Fruits,1.2,9000,14000,12000,15-Mar-22,15-03-2022 00:00
Himachal Pradesh,Kangra,Palampur,Apple,Fruits,0.2,10000,13000,11500,15-Mar-22,15-03-2022 00:00
NCT of Delhi,Delhi,Azadpur,Delicious,Fruits,956.3,2000,6667,4742,15-Mar-22,15-03-2022 00:00
NCT of Delhi,Delhi,Azadpur,Kullu Royal Delicious,Fruits,956.3,4000,7500,5750,15-Mar-22,15-03-2022 00:00
NCT of Delhi,Delhi,Azadpur,Royal Delicious,Fruits,956.3,5000,10000,7150,15-Mar-22,15-03-2022 00:00
Odisha,Mayurbhanja,Karanjia,Other,Fruits,0.07,12000,14000,13000,15-Mar-22,15-03-2022 00:00
Odisha,Mayurbhanja,Karanjia,Other,Fruits,0.07,11000,13000,12000,15-Mar-22,15-03-2022 00:00
West Bengal,Kolkata,Mechua,Apple,Fruits,164.9,4800,6600,5700,15-Mar-22,15-03-2022 00:00
Himachal Pradesh,Hamirpur,Hamirpur,Delicious,Fruits,0.39,9500,10000,9750,16-Mar-22,16-03-2022 00:00
Himachal Pradesh,Hamirpur,Hamirpur(Nadaun),Delicious,Fruits,0.56,9500,10000,9750,16-Mar-22,16-03-2022 00:00
Himachal Pradesh,Kangra,Kangra,Other,Fruits,0.4,8000,12000,10000,16-Mar-22,16-03-2022 00:00
Himachal Pradesh,Kangra,Kangra(Baijnath),Apple,Fruits,0.1,8000,14000,12000,16-Mar-22,16-03-2022 00:00
Himachal Pradesh,Kangra,Kangra(Jaisinghpur),Apple,Fruits,0.03,10000,13500,11750,16-Mar-22,16-03-2022 00:00
Himachal Pradesh,Kangra,Kangra(Jassour),Other,Fruits,0.5,6000,10000,8000,16-Mar-22,16-03-2022 00:00
Himachal Pradesh,Mandi,Mandi(Mandi),Apple,Fruits,0.5,7600,14000,10000,16-Mar-22,16-03-2022 00:00
Himachal Pradesh,Kangra,Palampur,Apple,Fruits,0.6,10000,13000,11500,16-Mar-22,16-03-2022 00:00
Himachal Pradesh,Una,Santoshgarh,Other,Fruits,0.15,9000,9000,9000,16-Mar-22,16-03-2022 00:00
Himachal Pradesh,Una,Una,Delicious,Fruits,1.2,8000,13000,12000,16-Mar-22,16-03-2022 00:00
NCT of Delhi,Delhi,Azadpur,Delicious,Fruits,322.5,2000,6667,4682,16-Mar-22,16-03-2022 00:00
NCT of Delhi,Delhi,Azadpur,Kullu Royal Delicious,Fruits,322.5,4000,7500,5750,16-Mar-22,16-03-2022 00:00
Himachal Pradesh,Mandi,Dhanotu (Mandi),Royal Delicious,Fruits,0.4,8000,12000,10000,17-Mar-22,17-03-2022 00:00
Himachal Pradesh,Hamirpur,Hamirpur,Delicious,Fruits,0.23,9500,10000,9750,17-Mar-22,17-03-2022 00:00
Himachal Pradesh,Hamirpur,Hamirpur(Nadaun),Delicious,Fruits,0.29,9500,10000,9750,17-Mar-22,17-03-2022 00:00
Himachal Pradesh,Kangra,Kangra,Other,Fruits,0.4,8000,12000,10000,17-Mar-22,17-03-2022 00:00
Himachal Pradesh,Sirmore,Nahan,Other,Fruits,0.12,8000,10000,9000,17-Mar-22,17-03-2022 00:00
Himachal Pradesh,Sirmore,Paonta Sahib,Kasmir/Shimla - II,Fruits,0.25,8000,10000,9000,17-Mar-22,17-03-2022 00:00
Himachal Pradesh,Una,Una,Delicious,Fruits,0.9,7000,12000,10000,17-Mar-22,17-03-2022 00:00
NCT of Delhi,Delhi,Azadpur,Delicious,Fruits,432.9,2000,6667,5000,17-Mar-22,17-03-2022 00:00
NCT of Delhi,Delhi,Azadpur,Kullu Royal Delicious,Fruits,432.9,4000,7500,5750,17-Mar-22,17-03-2022 00:00
NCT of Delhi,Delhi,Azadpur,Royal Delicious,Fruits,432.9,5000,10000,7250,17-Mar-22,17-03-2022 00:00
Odisha,Mayurbhanja,Karanjia,Other,Fruits,0.07,12000,14000,13000,17-Mar-22,17-03-2022 00:00
Odisha,Mayurbhanja,Karanjia,Other,Fruits,0.07,11000,13000,12000,17-Mar-22,17-03-2022 00:00
Himachal Pradesh,Kangra,Kangra(Baijnath),Apple,Fruits,0.1,8000,12000,9000,18-Mar-22,18-03-2022 00:00
Himachal Pradesh,Mandi,Dhanotu (Mandi),Royal Delicious,Fruits,0.3,8000,12000,10000,18-Mar-22,18-03-2022 00:00
Odisha,Mayurbhanja,Karanjia,Other,Fruits,0.05,12000,14000,13000,18-Mar-22,18-03-2022 00:00
Odisha,Mayurbhanja,Karanjia,Other,Fruits,0.05,11000,13000,12000,18-Mar-22,18-03-2022 00:00
Himachal Pradesh,Mandi,Dhanotu (Mandi),Royal Delicious,Fruits,0.3,6000,10000,8000,19-Mar-22,19-03-2022 00:00
Himachal Pradesh,Hamirpur,Hamirpur,Delicious,Fruits,0.65,9500,10000,9750,19-Mar-22,19-03-2022 00:00
Himachal Pradesh,Hamirpur,Hamirpur(Nadaun),Delicious,Fruits,0.26,9500,10000,9750,19-Mar-22,19-03-2022 00:00
Himachal Pradesh,Kangra,Kangra,Other,Fruits,0.5,9000,12000,10500,19-Mar-22,19-03-2022 00:00
Himachal Pradesh,Kangra,Kangra(Baijnath),Apple,Fruits,0.1,8000,10000,9000,19-Mar-22,19-03-2022 00:00
Himachal Pradesh,Kangra,Kangra(Jaisinghpur),Apple,Fruits,0.06,10000,13000,11500,19-Mar-22,19-03-2022 00:00
Himachal Pradesh,Kangra,Kangra(Jassour),Other,Fruits,0.5,6000,10000,8000,19-Mar-22,19-03-2022 00:00
Himachal Pradesh,Kangra,Kangra(Nagrota Bagwan),American,Fruits,0.2,8000,12000,10000,19-Mar-22,19-03-2022 00:00
Himachal Pradesh,Kangra,Palampur,Apple,Fruits,0.3,10000,13000,11500,19-Mar-22,19-03-2022 00:00
Himachal Pradesh,Una,Santoshgarh,Other,Fruits,0.12,7500,8000,7750,19-Mar-22,19-03-2022 00:00
Himachal Pradesh,Una,Una,Delicious,Fruits,1.1,8000,11000,10000,19-Mar-22,19-03-2022 00:00
Odisha,Mayurbhanja,Karanjia,Other,Fruits,0.09,11000,13000,12000,19-Mar-22,19-03-2022 00:00
Odisha,Mayurbhanja,Karanjia,Other,Fruits,0.09,12000,14000,13000,19-Mar-22,19-03-2022 00:00
NCT of Delhi,Delhi,Azadpur,Kullu Royal Delicious,Fruits,60.2,4000,7500,5750,19-Mar-22,19-03-2022 00:00
NCT of Delhi,Delhi,Azadpur,Delicious,Fruits,60.2,2000,6667,5417,19-Mar-22,19-03-2022 00:00
Odisha,Mayurbhanja,Karanjia,Other,Fruits,0.07,11000,13000,12000,20-Mar-22,20-03-2022 00:00
Odisha,Mayurbhanja,Karanjia,Other,Fruits,0.07,12000,14000,13000,20-Mar-22,20-03-2022 00:00
West Bengal,Kolkata,Mechua,Apple,Fruits,169.6,7300,9500,8600,21-Mar-22,21-03-2022 00:00
Himachal Pradesh,Mandi,Dhanotu (Mandi),Royal Delicious,Fruits,0.4,10000,15000,12500,21-Mar-22,21-03-2022 00:00
Himachal Pradesh,Hamirpur,Hamirpur,Delicious,Fruits,0.29,9500,10000,9750,21-Mar-22,21-03-2022 00:00
Himachal Pradesh,Hamirpur,Hamirpur(Nadaun),Delicious,Fruits,0.23,9500,10000,9750,21-Mar-22,21-03-2022 00:00
Himachal Pradesh,Kangra,Kangra,Other,Fruits,0.4,10000,12000,11000,21-Mar-22,21-03-2022 00:00
Himachal Pradesh,Kangra,Kangra(Baijnath),Apple,Fruits,0.1,8000,12000,10000,21-Mar-22,21-03-2022 00:00
Himachal Pradesh,Kangra,Kangra(Jaisinghpur),Apple,Fruits,0.06,10000,13000,12000,21-Mar-22,21-03-2022 00:00
Himachal Pradesh,Kangra,Kangra(Jassour),Other,Fruits,0.6,6000,10000,8000,21-Mar-22,21-03-2022 00:00
Himachal Pradesh,Kangra,Kangra(Nagrota Bagwan),American,Fruits,0.1,10000,12000,11000,21-Mar-22,21-03-2022 00:00
Himachal Pradesh,Mandi,Mandi(Mandi),Apple,Fruits,0.4,7000,15000,15000,21-Mar-22,21-03-2022 00:00
Himachal Pradesh,Sirmore,Paonta Sahib,Kasmir/Shimla - II,Fruits,0.85,8000,10000,9000,21-Mar-22,21-03-2022 00:00
Himachal Pradesh,Una,Una,Delicious,Fruits,1.1,8000,13000,10000,21-Mar-22,21-03-2022 00:00
Himachal Pradesh,Kangra,Palampur,Apple,Fruits,0.3,10000,13000,11500,21-Mar-22,21-03-2022 00:00
West Bengal,Kolkata,Mechua,Apple,Fruits,169.6,6200,8000,7300,21-Mar-22,21-03-2022 00:00
NCT of Delhi,Delhi,Azadpur,Delicious,Fruits,554.7,2000,6667,5417,21-Mar-22,21-03-2022 00:00
NCT of Delhi,Delhi,Azadpur,Kullu Royal Delicious,Fruits,554.7,4000,7500,5750,21-Mar-22,21-03-2022 00:00
NCT of Delhi,Delhi,Azadpur,Royal Delicious,Fruits,554.7,5000,10000,7050,21-Mar-22,21-03-2022 00:00
Odisha,Mayurbhanja,Karanjia,Other,Fruits,0.05,12000,14000,13000,21-Mar-22,21-03-2022 00:00
Odisha,Mayurbhanja,Karanjia,Other,Fruits,0.05,11000,13000,12000,21-Mar-22,21-03-2022 00:00
West Bengal,Kolkata,Mechua,Apple,Fruits,169.6,5000,6600,5700,21-Mar-22,21-03-2022 00:00
Himachal Pradesh,Mandi,Dhanotu (Mandi),Royal Delicious,Fruits,31.0,10000,10000,10000,22-Mar-22,22-03-2022 00:00
Himachal Pradesh,Hamirpur,Hamirpur,Delicious,Fruits,0.35,10000,11000,10500,22-Mar-22,22-03-2022 00:00
Himachal Pradesh,Hamirpur,Hamirpur(Nadaun),Delicious,Fruits,0.23,9500,10000,9750,22-Mar-22,22-03-2022 00:00
Himachal Pradesh,Kangra,Kangra,Other,Fruits,0.45,10000,12000,11000,22-Mar-22,22-03-2022 00:00
Himachal Pradesh,Kangra,Kangra(Nagrota Bagwan),American,Fruits,0.1,10000,12000,11000,22-Mar-22,22-03-2022 00:00
Himachal Pradesh,Mandi,Mandi(Mandi),Apple,Fruits,0.5,8000,15000,10000,22-Mar-22,22-03-2022 00:00
Himachal Pradesh,Kangra,Palampur,Apple,Fruits,0.3,10000,13000,11500,22-Mar-22,22-03-2022 00:00
Himachal Pradesh,Una,Santoshgarh,Other,Fruits,0.12,8000,8000,8000,22-Mar-22,22-03-2022 00:00
Himachal Pradesh,Una,Una,Delicious,Fruits,1.3,8000,12000,10000,22-Mar-22,22-03-2022 00:00
Himachal Pradesh,Kangra,Kangra(Jassour),Other,Fruits,0.5,6000,10000,8000,22-Mar-22,22-03-2022 00:00
NCT of Delhi,Delhi,Azadpur,Delicious,Fruits,479.1,2000,6667,5417,22-Mar-22,22-03-2022 00:00
NCT of Delhi,Delhi,Azadpur,Royal Delicious,Fruits,479.1,5000,10000,7050,22-Mar-22,22-03-2022 00:00
Odisha,Mayurbhanja,Karanjia,Other,Fruits,0.05,12000,14000,13000,22-Mar-22,22-03-2022 00:00
Odisha,Mayurbhanja,Karanjia,Other,Fruits,0.05,11000,13000,12000,22-Mar-22,22-03-2022 00:00
NCT of Delhi,Delhi,Azadpur,Kullu Royal Delicious,Fruits,479.1,4000,7500,5750,22-Mar-22,22-03-2022 00:00
West Bengal,Kolkata,Mechua,Apple,Fruits,169.3,7200,9500,8600,23-Mar-22,23-03-2022 00:00
Himachal Pradesh,Mandi,Dhanotu (Mandi),Royal Delicious,Fruits,0.4,14000,16000,15000,23-Mar-22,23-03-2022 00:00
Himachal Pradesh,Hamirpur,Hamirpur,Delicious,Fruits,0.35,9700,10000,9850,23-Mar-22,23-03-2022 00:00
Himachal Pradesh,Hamirpur,Hamirpur(Nadaun),Delicious,Fruits,0.23,10000,12000,11000,23-Mar-22,23-03-2022 00:00
Himachal Pradesh,Kangra,Kangra,Other,Fruits,0.3,10000,15000,12500,23-Mar-22,23-03-2022 00:00
Himachal Pradesh,Kangra,Kangra(Baijnath),Apple,Fruits,0.1,7000,13000,12000,23-Mar-22,23-03-2022 00:00
Himachal Pradesh,Kangra,Kangra(Jassour),Other,Fruits,0.5,6000,10000,8000,23-Mar-22,23-03-2022 00:00
Himachal Pradesh,Sirmore,Nahan,Other,Fruits,0.12,10000,0,12000,23-Mar-22,23-03-2022 00:00
Himachal Pradesh,Sirmore,Paonta Sahib,Kasmir/Shimla - II,Fruits,0.2,10000,0,12000,23-Mar-22,23-03-2022 00:00
Himachal Pradesh,Una,Santoshgarh,Other,Fruits,0.12,8500,8500,8500,23-Mar-22,23-03-2022 00:00
Himachal Pradesh,Una,Una,Delicious,Fruits,0.8,8000,13000,10000,23-Mar-22,23-03-2022 00:00
Himachal Pradesh,Kangra,Palampur,Apple,Fruits,0.6,10000,13000,11500,23-Mar-22,23-03-2022 00:00
NCT of Delhi,Delhi,Azadpur,Delicious,Fruits,1064.3,2667,6667,5778,23-Mar-22,23-03-2022 00:00
NCT of Delhi,Delhi,Azadpur,Kullu Royal Delicious,Fruits,1064.3,4500,8000,6250,23-Mar-22,23-03-2022 00:00
NCT of Delhi,Delhi,Azadpur,Royal Delicious,Fruits,1064.3,5000,10000,7375,23-Mar-22,23-03-2022 00:00
Odisha,Mayurbhanja,Karanjia,Other,Fruits,0.07,12000,14000,13000,23-Mar-22,23-03-2022 00:00
Odisha,Mayurbhanja,Karanjia,Other,Fruits,0.07,11000,13000,12000,23-Mar-22,23-03-2022 00:00
West Bengal,Kolkata,Mechua,Apple,Fruits,169.3,6300,7600,7000,23-Mar-22,23-03-2022 00:00
West Bengal,Kolkata,Mechua,Apple,Fruits,169.3,4700,6300,5600,23-Mar-22,23-03-2022 00:00
West Bengal,Kolkata,Mechua,Apple,Fruits,123.9,7200,9200,8500,24-Mar-22,24-03-2022 00:00
West Bengal,Kolkata,Mechua,Apple,Fruits,123.9,6300,8200,7300,24-Mar-22,24-03-2022 00:00
Himachal Pradesh,Mandi,Dhanotu (Mandi),Royal Delicious,Fruits,0.4,11000,12000,11500,24-Mar-22,24-03-2022 00:00
Himachal Pradesh,Hamirpur,Hamirpur,Delicious,Fruits,0.23,10000,11000,10500,24-Mar-22,24-03-2022 00:00
Himachal Pradesh,Hamirpur,Hamirpur(Nadaun),Delicious,Fruits,0.26,9500,10000,9750,24-Mar-22,24-03-2022 00:00
Himachal Pradesh,Mandi,Mandi(Mandi),Apple,Fruits,0.8,12000,14000,13000,24-Mar-22,24-03-2022 00:00
Himachal Pradesh,Kangra,Palampur,Apple,Fruits,0.2,10000,13000,11500,24-Mar-22,24-03-2022 00:00
Himachal Pradesh,Una,Una,Delicious,Fruits,0.8,9000,15000,12500,24-Mar-22,24-03-2022 00:00
NCT of Delhi,Delhi,Azadpur,Delicious,Fruits,1027.9,2667,6667,6000,24-Mar-22,24-03-2022 00:00
NCT of Delhi,Delhi,Azadpur,Kullu Royal Delicious,Fruits,1027.9,4500,8000,6250,24-Mar-22,24-03-2022 00:00
NCT of Delhi,Delhi,Azadpur,Royal Delicious,Fruits,1027.9,5000,10000,7375,24-Mar-22,24-03-2022 00:00
Odisha,Mayurbhanja,Karanjia,Other,Fruits,0.05,12000,14000,13000,24-Mar-22,24-03-2022 00:00
Odisha,Mayurbhanja,Karanjia,Other,Fruits,0.05,11000,13000,12000,24-Mar-22,24-03-2022 00:00
West Bengal,Kolkata,Mechua,Apple,Fruits,123.9,4800,6200,5400,24-Mar-22,24-03-2022 00:00
West Bengal,Kolkata,Mechua,Apple,Fruits,174.3,7300,9400,8600,25-Mar-22,25-03-2022 00:00
West Bengal,Kolkata,Mechua,Apple,Fruits,174.3,6200,7600,7000,25-Mar-22,25-03-2022 00:00
Himachal Pradesh,Kangra,Kangra,Other,Fruits,0.5,9000,13000,11000,25-Mar-22,25-03-2022 00:00
Himachal Pradesh,Kangra,Kangra(Jassour),Other,Fruits,0.5,6000,10000,8000,25-Mar-22,25-03-2022 00:00
Himachal Pradesh,Kangra,Kangra(Nagrota Bagwan),American,Fruits,0.1,9000,12000,10500,25-Mar-22,25-03-2022 00:00
Himachal Pradesh,Mandi,Mandi(Mandi),Apple,Fruits,0.6,12500,14000,13000,25-Mar-22,25-03-2022 00:00
Himachal Pradesh,Sirmore,Nahan,Other,Fruits,0.1,8000,10000,9000,25-Mar-22,25-03-2022 00:00
Himachal Pradesh,Kangra,Palampur,Apple,Fruits,0.6,10000,15000,12500,25-Mar-22,25-03-2022 00:00
Himachal Pradesh,Sirmore,Paonta Sahib,Kasmir/Shimla - II,Fruits,0.45,10000,12000,12000,25-Mar-22,25-03-2022 00:00
Himachal Pradesh,Una,Una,Delicious,Fruits,1.1,9000,15000,12500,25-Mar-22,25-03-2022 00:00
NCT of Delhi,Delhi,Azadpur,Delicious,Fruits,651.1,2667,6000,4333,25-Mar-22,25-03-2022 00:00
NCT of Delhi,Delhi,Azadpur,Kullu Royal Delicious,Fruits,651.1,4500,8000,6250,25-Mar-22,25-03-2022 00:00
NCT of Delhi,Delhi,Azadpur,Royal Delicious,Fruits,651.1,5000,10000,7500,25-Mar-22,25-03-2022 00:00
Odisha,Mayurbhanja,Karanjia,Other,Fruits,0.04,12000,14000,13000,25-Mar-22,25-03-2022 00:00
Odisha,Mayurbhanja,Karanjia,Other,Fruits,0.04,11000,13000,12000,25-Mar-22,25-03-2022 00:00
West Bengal,Kolkata,Mechua,Apple,Fruits,174.3,4800,6300,5500,25-Mar-22,25-03-2022 00:00
Himachal Pradesh,Hamirpur,Hamirpur,Delicious,Fruits,0.23,10000,11000,10500,26-Mar-22,26-03-2022 00:00
Himachal Pradesh,Hamirpur,Hamirpur(Nadaun),Delicious,Fruits,0.24,10000,12000,11000,26-Mar-22,26-03-2022 00:00
Himachal Pradesh,Kangra,Kangra,Other,Fruits,0.5,9000,12000,10500,26-Mar-22,26-03-2022 00:00
Himachal Pradesh,Kangra,Kangra(Jassour),Other,Fruits,0.4,6000,10000,8000,26-Mar-22,26-03-2022 00:00
Himachal Pradesh,Kangra,Kangra(Nagrota Bagwan),American,Fruits,0.1,10000,12000,11000,26-Mar-22,26-03-2022 00:00
Himachal Pradesh,Mandi,Mandi(Mandi),Apple,Fruits,0.4,10000,14000,12000,26-Mar-22,26-03-2022 00:00
Himachal Pradesh,Sirmore,Nahan,Other,Fruits,0.1,8000,12000,9000,26-Mar-22,26-03-2022 00:00
Himachal Pradesh,Kangra,Palampur,Apple,Fruits,0.4,10000,15000,12500,26-Mar-22,26-03-2022 00:00
Himachal Pradesh,Sirmore,Paonta Sahib,Kasmir/Shimla - II,Fruits,0.85,8000,10000,9000,26-Mar-22,26-03-2022 00:00
Himachal Pradesh,Una,Una,Delicious,Fruits,0.8,9000,12000,11000,26-Mar-22,26-03-2022 00:00
NCT of Delhi,Delhi,Azadpur,Delicious,Fruits,835.2,2667,6167,4333,26-Mar-22,26-03-2022 00:00
NCT of Delhi,Delhi,Azadpur,Kullu Royal Delicious,Fruits,835.2,4500,8000,6250,26-Mar-22,26-03-2022 00:00
NCT of Delhi,Delhi,Azadpur,Royal Delicious,Fruits,835.2,5000,10000,7500,26-Mar-22,26-03-2022 00:00
Odisha,Mayurbhanja,Karanjia,Other,Fruits,0.06,12000,14000,13000,26-Mar-22,26-03-2022 00:00
Odisha,Mayurbhanja,Karanjia,Other,Fruits,0.06,11000,13000,12000,26-Mar-22,26-03-2022 00:00
West Bengal,Kolkata,Mechua,Apple,Fruits,174.9,7300,9200,8700,27-Mar-22,27-03-2022 00:00
West Bengal,Kolkata,Mechua,Apple,Fruits,174.9,6200,7800,7300,27-Mar-22,27-03-2022 00:00
Himachal Pradesh,Una,Santoshgarh,Other,Fruits,0.12,9500,10000,9750,27-Mar-22,27-03-2022 00:00
Odisha,Mayurbhanja,Karanjia,Other,Fruits,0.05,12000,14000,13000,27-Mar-22,27-03-2022 00:00
Odisha,Mayurbhanja,Karanjia,Other,Fruits,0.05,11000,13000,12000,27-Mar-22,27-03-2022 00:00
West Bengal,Kolkata,Mechua,Apple,Fruits,174.9,5000,6500,5600,27-Mar-22,27-03-2022 00:00
West Bengal,Kolkata,Mechua,Apple,Fruits,169.3,7000,9000,8000,28-Mar-22,28-03-2022 00:00
Himachal Pradesh,Mandi,Dhanotu (Mandi),Royal Delicious,Fruits,0.5,5000,12000,8500,28-Mar-22,28-03-2022 00:00
Himachal Pradesh,Hamirpur,Hamirpur,Royal Delicious,Fruits,0.11,8000,8600,8300,28-Mar-22,28-03-2022 00:00
Himachal Pradesh,Kangra,Kangra,Other,Fruits,0.6,9000,11000,10500,28-Mar-22,28-03-2022 00:00
Himachal Pradesh,Kangra,Kangra(Baijnath),Apple,Fruits,0.1,8000,12000,9000,28-Mar-22,28-03-2022 00:00
Himachal Pradesh,Kangra,Kangra(Jassour),Other,Fruits,0.5,6000,10000,8000,28-Mar-22,28-03-2022 00:00
Himachal Pradesh,Kangra,Kangra(Nagrota Bagwan),American,Fruits,0.2,10000,12000,11000,28-Mar-22,28-03-2022 00:00
Himachal Pradesh,Mandi,Mandi(Mandi),Apple,Fruits,0.7,7600,14000,10000,28-Mar-22,28-03-2022 00:00
Himachal Pradesh,Kangra,Palampur,Apple,Fruits,0.3,10000,13000,11500,28-Mar-22,28-03-2022 00:00
Himachal Pradesh,Una,Una,Delicious,Fruits,1.2,9000,12000,10000,28-Mar-22,28-03-2022 00:00
NCT of Delhi,Delhi,Azadpur,Delicious,Fruits,196.2,3333,6667,4333,28-Mar-22,28-03-2022 00:00
NCT of Delhi,Delhi,Azadpur,Kullu Royal Delicious,Fruits,196.2,4500,8000,6250,28-Mar-22,28-03-2022 00:00
NCT of Delhi,Delhi,Azadpur,Royal Delicious,Fruits,196.2,6000,11000,8250,28-Mar-22,28-03-2022 00:00
Odisha,Mayurbhanja,Karanjia,Other,Fruits,0.06,12000,14000,13000,28-Mar-22,28-03-2022 00:00
Odisha,Mayurbhanja,Karanjia,Other,Fruits,0.06,11000,13000,12000,28-Mar-22,28-03-2022 00:00
West Bengal,Kolkata,Mechua,Apple,Fruits,169.3,5800,7600,6700,28-Mar-22,28-03-2022 00:00
West Bengal,Kolkata,Mechua,Apple,Fruits,169.3,4500,6200,5400,28-Mar-22,28-03-2022 00:00
West Bengal,Kolkata,Mechua,Apple,Fruits,169.4,7200,9200,8500,29-Mar-22,29-03-2022 00:00
Himachal Pradesh,Mandi,Dhanotu (Mandi),Royal Delicious,Fruits,0.4,6000,12000,9000,29-Mar-22,29-03-2022 00:00
Himachal Pradesh,Kangra,Kangra,Other,Fruits,0.4,10000,12000,11000,29-Mar-22,29-03-2022 00:00
Himachal Pradesh,Kangra,Kangra(Baijnath),Apple,Fruits,0.06,8000,12000,9000,29-Mar-22,29-03-2022 00:00
Himachal Pradesh,Kangra,Kangra(Jassour),Other,Fruits,0.5,6000,10000,8000,29-Mar-22,29-03-2022 00:00
Himachal Pradesh,Kangra,Kangra(Nagrota Bagwan),American,Fruits,0.1,10000,12000,11000,29-Mar-22,29-03-2022 00:00
Himachal Pradesh,Mandi,Mandi(Mandi),Apple,Fruits,0.4,7600,14000,10000,29-Mar-22,29-03-2022 00:00
Himachal Pradesh,Kangra,Palampur,Apple,Fruits,0.2,10000,13000,11500,29-Mar-22,29-03-2022 00:00
Himachal Pradesh,Una,Santoshgarh,Other,Fruits,0.11,9000,9000,9000,29-Mar-22,29-03-2022 00:00
Himachal Pradesh,Una,Una,Kullu Royal Delicious,Fruits,0.7,9000,15000,11500,29-Mar-22,29-03-2022 00:00
Himachal Pradesh,Sirmore,Paonta Sahib,Kasmir/Shimla - II,Fruits,0.2,8000,10000,9000,29-Mar-22,29-03-2022 00:00
NCT of Delhi,Delhi,Azadpur,Delicious,Fruits,989.8,3333,6667,4333,29-Mar-22,29-03-2022 00:00
NCT of Delhi,Delhi,Azadpur,Kullu Royal Delicious,Fruits,989.8,4500,8000,6250,29-Mar-22,29-03-2022 00:00
NCT of Delhi,Delhi,Azadpur,Royal Delicious,Fruits,989.8,6000,11000,8250,29-Mar-22,29-03-2022 00:00
Odisha,Mayurbhanja,Karanjia,Other,Fruits,0.07,12000,14000,13000,29-Mar-22,29-03-2022 00:00
Odisha,Mayurbhanja,Karanjia,Other,Fruits,0.07,11000,13000,12000,29-Mar-22,29-03-2022 00:00
West Bengal,Kolkata,Mechua,Apple,Fruits,169.4,5800,7600,6800,29-Mar-22,29-03-2022 00:00
West Bengal,Kolkata,Mechua,Apple,Fruits,169.4,4700,6600,5600,29-Mar-22,29-03-2022 00:00
West Bengal,Kolkata,Mechua,Apple,Fruits,163.7,7300,9000,8500,30-Mar-22,30-03-2022 00:00
Himachal Pradesh,Mandi,Dhanotu (Mandi),Royal Delicious,Fruits,0.4,10000,12000,11000,30-Mar-22,30-03-2022 00:00
Himachal Pradesh,Kangra,Kangra,Other,Fruits,0.4,9000,20000,11500,30-Mar-22,30-03-2022 00:00
Himachal Pradesh,Kangra,Kangra(Jassour),Other,Fruits,0.5,8000,12000,10000,30-Mar-22,30-03-2022 00:00
Himachal Pradesh,Mandi,Mandi(Mandi),Apple,Fruits,0.3,13000,14000,14000,30-Mar-22,30-03-2022 00:00
Himachal Pradesh,Kangra,Palampur,Apple,Fruits,0.4,10000,13000,12000,30-Mar-22,30-03-2022 00:00
Himachal Pradesh,Una,Una,Delicious,Fruits,0.8,9000,14000,11500,30-Mar-22,30-03-2022 00:00
West Bengal,Kolkata,Mechua,Apple,Fruits,163.7,6000,7600,6800,30-Mar-22,30-03-2022 00:00
NCT of Delhi,Delhi,Azadpur,Delicious,Fruits,318.5,3333,6667,4333,30-Mar-22,30-03-2022 00:00
NCT of Delhi,Delhi,Azadpur,Kullu Royal Delicious,Fruits,318.5,4500,8000,6250,30-Mar-22,30-03-2022 00:00
NCT of Delhi,Delhi,Azadpur,Royal Delicious,Fruits,318.5,6500,11000,8750,30-Mar-22,30-03-2022 00:00
Odisha,Mayurbhanja,Karanjia,Other,Fruits,0.06,12000,14000,13000,30-Mar-22,30-03-2022 00:00
Odisha,Mayurbhanja,Karanjia,Other,Fruits,0.06,11000,13000,12000,30-Mar-22,30-03-2022 00:00
West Bengal,Kolkata,Mechua,Apple,Fruits,163.7,4800,6600,5600,30-Mar-22,30-03-2022 00:00
West Bengal,Kolkata,Mechua,Apple,Fruits,169.3,7200,9400,8500,31-Mar-22,31-03-2022 00:00
West Bengal,Kolkata,Mechua,Apple,Fruits,169.3,5700,7400,6600,31-Mar-22,31-03-2022 00:00
Himachal Pradesh,Hamirpur,Hamirpur,Delicious,Fruits,0.32,11000,12000,11500,31-Mar-22,31-03-2022 00:00
Himachal Pradesh,Hamirpur,Hamirpur(Nadaun),Delicious,Fruits,0.2,12000,13000,12500,31-Mar-22,31-03-2022 00:00
Himachal Pradesh,Kangra,Kangra(Jassour),Other,Fruits,0.5,8000,12000,10000,31-Mar-22,31-03-2022 00:00
Himachal Pradesh,Mandi,Mandi(Mandi),Apple,Fruits,0.2,10000,14000,13000,31-Mar-22,31-03-2022 00:00
Himachal Pradesh,Kangra,Palampur,Apple,Fruits,0.3,10000,13000,11500,31-Mar-22,31-03-2022 00:00
Himachal Pradesh,Una,Santoshgarh,Other,Fruits,0.11,9000,9200,9100,31-Mar-22,31-03-2022 00:00
Himachal Pradesh,Una,Una,Delicious,Fruits,0.9,9000,14000,11500,31-Mar-22,31-03-2022 00:00
NCT of Delhi,Delhi,Azadpur,Delicious,Fruits,596.2,3333,6667,4333,31-Mar-22,31-03-2022 00:00
NCT of Delhi,Delhi,Azadpur,Kullu Royal Delicious,Fruits,596.2,4000,7500,5750,31-Mar-22,31-03-2022 00:00
NCT of Delhi,Delhi,Azadpur,Royal Delicious,Fruits,596.2,6000,10000,8000,31-Mar-22,31-03-2022 00:00
Odisha,Mayurbhanja,Karanjia,Other,Fruits,0.07,12000,14000,13000,31-Mar-22,31-03-2022 00:00
Odisha,Mayurbhanja,Karanjia,Other,Fruits,0.07,11000,13000,12000,31-Mar-22,31-03-2022 00:00
West Bengal,Kolkata,Mechua,Apple,Fruits,169.3,4000,5700,4800,31-Mar-22,31-03-2022 00:00
West Bengal,Kolkata,Mechua,Apple,Fruits,173.2,7200,8900,8400,01-Apr-22,01-04-2022 00:00
West Bengal,Kolkata,Mechua,Apple,Fruits,173.2,6000,7600,6800,01-Apr-22,01-04-2022 00:00
Himachal Pradesh,Mandi,Dhanotu (Mandi),Royal Delicious,Fruits,0.3,5000,13000,9000,01-Apr-22,01-04-2022 00:00
Himachal Pradesh,Kangra,Kangra,Other,Fruits,0.4,9000,12000,10500,01-Apr-22,01-04-2022 00:00
Himachal Pradesh,Kangra,Kangra(Jassour),Other,Fruits,0.5,8000,12000,10000,01-Apr-22,01-04-2022 00:00
Himachal Pradesh,Kangra,Kangra(Nagrota Bagwan),American,Fruits,0.1,10000,12000,11000,01-Apr-22,01-04-2022 00:00
Himachal Pradesh,Mandi,Mandi(Mandi),Apple,Fruits,0.2,13000,15000,14000,01-Apr-22,01-04-2022 00:00
Himachal Pradesh,Kangra,Palampur,Apple,Fruits,0.3,10000,13000,11500,01-Apr-22,01-04-2022 00:00
Himachal Pradesh,Sirmore,Paonta Sahib,Kasmir/Shimla - II,Fruits,0.22,10000,12000,12000,01-Apr-22,01-04-2022 00:00
Himachal Pradesh,Una,Santoshgarh,Other,Fruits,0.11,9000,9200,9100,01-Apr-22,01-04-2022 00:00
Himachal Pradesh,Una,Una,Delicious,Fruits,0.6,8000,12000,9500,01-Apr-22,01-04-2022 00:00
NCT of Delhi,Delhi,Azadpur,Delicious,Fruits,690.9,3333,6667,4333,01-Apr-22,01-04-2022 00:00
NCT of Delhi,Delhi,Azadpur,Royal Delicious,Fruits,690.9,5000,11000,7524,01-Apr-22,01-04-2022 00:00
Odisha,Mayurbhanja,Karanjia,Other,Fruits,0.05,11000,13000,12000,01-Apr-22,01-04-2022 00:00
Odisha,Mayurbhanja,Karanjia,Other,Fruits,0.05,12000,14000,13000,01-Apr-22,01-04-2022 00:00
West Bengal,Kolkata,Mechua,Apple,Fruits,173.2,4700,6200,5600,01-Apr-22,01-04-2022 00:00
West Bengal,Kolkata,Mechua,Apple,Fruits,173.9,7100,8900,8300,02-Apr-22,02-04-2022 00:00
West Bengal,Kolkata,Mechua,Apple,Fruits,173.9,6000,8000,7000,02-Apr-22,02-04-2022 00:00
Himachal Pradesh,Mandi,Dhanotu (Mandi),Royal Delicious,Fruits,0.3,4500,12000,8250,02-Apr-22,02-04-2022 00:00
Himachal Pradesh,Hamirpur,Hamirpur,Royal Delicious,Fruits,0.11,12000,13000,12500,02-Apr-22,02-04-2022 00:00
Himachal Pradesh,Kangra,Kangra,Other,Fruits,0.6,9000,12000,10500,02-Apr-22,02-04-2022 00:00
Himachal Pradesh,Kangra,Kangra(Jaisinghpur),Apple,Fruits,0.2,10000,14000,12000,02-Apr-22,02-04-2022 00:00
Himachal Pradesh,Kangra,Kangra(Jassour),Other,Fruits,0.6,8000,12000,10000,02-Apr-22,02-04-2022 00:00
Himachal Pradesh,Kangra,Kangra(Nagrota Bagwan),American,Fruits,0.2,9000,12000,10500,02-Apr-22,02-04-2022 00:00
Himachal Pradesh,Mandi,Mandi(Mandi),Apple,Fruits,0.3,10000,14000,12000,02-Apr-22,02-04-2022 00:00
Himachal Pradesh,Una,Una,Delicious,Fruits,9.0,8000,12000,10000,02-Apr-22,02-04-2022 00:00
Himachal Pradesh,Kangra,Palampur,Apple,Fruits,1.1,10000,13000,11500,02-Apr-22,02-04-2022 00:00
NCT of Delhi,Delhi,Azadpur,Royal Delicious,Fruits,668.7,5000,13000,8625,02-Apr-22,02-04-2022 00:00
NCT of Delhi,Delhi,Azadpur,Delicious,Fruits,668.7,3333,8000,4333,02-Apr-22,02-04-2022 00:00
Odisha,Mayurbhanja,Karanjia,Other,Fruits,0.07,12000,14000,13000,02-Apr-22,02-04-2022 00:00
Odisha,Mayurbhanja,Karanjia,Other,Fruits,0.07,11000,13000,12000,02-Apr-22,02-04-2022 00:00
West Bengal,Kolkata,Mechua,Apple,Fruits,173.9,4700,6300,5500,02-Apr-22,02-04-2022 00:00
Himachal Pradesh,Una,Santoshgarh,Other,Fruits,0.09,9000,9000,9000,03-Apr-22,03-04-2022 00:00
Odisha,Mayurbhanja,Karanjia,Other,Fruits,0.06,11000,13000,12000,03-Apr-22,03-04-2022 00:00
Odisha,Mayurbhanja,Karanjia,Other,Fruits,0.06,12000,14000,13000,03-Apr-22,03-04-2022 00:00
West Bengal,Kolkata,Mechua,Apple,Fruits,173.9,7300,8900,8400,04-Apr-22,04-04-2022 00:00
West Bengal,Kolkata,Mechua,Apple,Fruits,173.9,6000,7800,7000,04-Apr-22,04-04-2022 00:00
Himachal Pradesh,Kangra,Kangra(Jaisinghpur),Apple,Fruits,0.1,10000,13500,11750,04-Apr-22,04-04-2022 00:00
Himachal Pradesh,Kangra,Kangra(Jassour),Other,Fruits,0.5,8000,12000,10000,04-Apr-22,04-04-2022 00:00
Himachal Pradesh,Kangra,Kangra(Nagrota Bagwan),American,Fruits,0.1,9000,12000,10500,04-Apr-22,04-04-2022 00:00
Himachal Pradesh,Mandi,Mandi(Mandi),Apple,Fruits,0.7,6000,16200,14000,04-Apr-22,04-04-2022 00:00
Himachal Pradesh,Kangra,Palampur,Apple,Fruits,1.0,10000,13000,11500,04-Apr-22,04-04-2022 00:00
Himachal Pradesh,Sirmore,Paonta Sahib,Kasmir/Shimla - II,Fruits,0.25,10000,12000,11000,04-Apr-22,04-04-2022 00:00
Himachal Pradesh,Una,Una,Delicious,Fruits,1.7,8000,14000,12000,04-Apr-22,04-04-2022 00:00
Himachal Pradesh,Kangra,Kangra(Baijnath),Apple,Fruits,0.1,11000,12000,12000,04-Apr-22,04-04-2022 00:00
Himachal Pradesh,Kangra,Kangra,Other,Fruits,0.5,9000,13000,11000,04-Apr-22,04-04-2022 00:00
Himachal Pradesh,Chamba,Chamba,Royal Delicious,Fruits,0.3,11000,12000,11500,04-Apr-22,04-04-2022 00:00
Himachal Pradesh,Mandi,Dhanotu (Mandi),Royal Delicious,Fruits,0.5,10000,15000,12500,04-Apr-22,04-04-2022 00:00
NCT of Delhi,Delhi,Azadpur,Delicious,Fruits,297.0,3333,8000,6833,04-Apr-22,04-04-2022 00:00
NCT of Delhi,Delhi,Azadpur,Royal Delicious,Fruits,297.0,5000,13000,8625,04-Apr-22,04-04-2022 00:00
Odisha,Mayurbhanja,Karanjia,Other,Fruits,0.05,12000,14000,13000,04-Apr-22,04-04-2022 00:00
Odisha,Mayurbhanja,Karanjia,Other,Fruits,0.05,11000,13000,12000,04-Apr-22,04-04-2022 00:00
West Bengal,Kolkata,Mechua,Apple,Fruits,173.9,4800,6300,5600,04-Apr-22,04-04-2022 00:00
West Bengal,Kolkata,Mechua,Apple,Fruits,173.9,7300,9000,8500,05-Apr-22,05-04-2022 00:00
West Bengal,Kolkata,Mechua,Apple,Fruits,173.9,6000,7800,7000,05-Apr-22,05-04-2022 00:00
Himachal Pradesh,Chamba,Chamba,Royal Delicious,Fruits,0.3,11000,12000,11500,05-Apr-22,05-04-2022 00:00
Himachal Pradesh,Mandi,Dhanotu (Mandi),Royal Delicious,Fruits,0.8,10000,12000,11000,05-Apr-22,05-04-2022 00:00
Himachal Pradesh,Hamirpur,Hamirpur,Delicious,Fruits,0.05,12000,13000,12500,05-Apr-22,05-04-2022 00:00
Himachal Pradesh,Hamirpur,Hamirpur(Nadaun),Delicious,Fruits,0.05,12000,13000,12500,05-Apr-22,05-04-2022 00:00
Himachal Pradesh,Kangra,Kangra,Other,Fruits,0.4,9000,13000,11500,05-Apr-22,05-04-2022 00:00
Himachal Pradesh,Kangra,Kangra(Jassour),Other,Fruits,0.5,8000,12000,10000,05-Apr-22,05-04-2022 00:00
Himachal Pradesh,Mandi,Mandi(Mandi),Apple,Fruits,0.4,10000,13000,12000,05-Apr-22,05-04-2022 00:00
Himachal Pradesh,Kangra,Palampur,Apple,Fruits,0.3,10000,13000,11500,05-Apr-22,05-04-2022 00:00
Himachal Pradesh,Una,Una,Delicious,Fruits,0.9,7000,15000,12000,05-Apr-22,05-04-2022 00:00
NCT of Delhi,Delhi,Azadpur,Delicious,Fruits,990.7,3333,8000,6833,05-Apr-22,05-04-2022 00:00
NCT of Delhi,Delhi,Azadpur,Kullu Royal Delicious,Fruits,990.7,4000,7500,5750,05-Apr-22,05-04-2022 00:00
NCT of Delhi,Delhi,Azadpur,Royal Delicious,Fruits,990.7,5000,13000,8625,05-Apr-22,05-04-2022 00:00
Odisha,Mayurbhanja,Karanjia,Other,Fruits,0.09,12000,14000,13000,05-Apr-22,05-04-2022 00:00
Odisha,Mayurbhanja,Karanjia,Other,Fruits,0.09,11000,13000,12000,05-Apr-22,05-04-2022 00:00
West Bengal,Kolkata,Mechua,Apple,Fruits,173.9,4800,6600,5600,05-Apr-22,05-04-2022 00:00
West Bengal,Kolkata,Mechua,Apple,Fruits,169.3,7300,8800,8400,06-Apr-22,06-04-2022 00:00
Himachal Pradesh,Mandi,Dhanotu (Mandi),Royal Delicious,Fruits,0.6,10000,14000,12000,06-Apr-22,06-04-2022 00:00
Himachal Pradesh,Kangra,Kangra,Other,Fruits,0.4,10000,12000,11000,06-Apr-22,06-04-2022 00:00
Himachal Pradesh,Kangra,Kangra(Baijnath),Apple,Fruits,0.08,12000,13000,13000,06-Apr-22,06-04-2022 00:00
Himachal Pradesh,Kangra,Kangra(Jassour),Other,Fruits,0.5,8000,12000,10000,06-Apr-22,06-04-2022 00:00
Himachal Pradesh,Mandi,Mandi(Mandi),Apple,Fruits,0.4,11000,15200,14000,06-Apr-22,06-04-2022 00:00
Himachal Pradesh,Kangra,Palampur,Apple,Fruits,0.2,10000,13000,11500,06-Apr-22,06-04-2022 00:00
Himachal Pradesh,Sirmore,Paonta Sahib,Kasmir/Shimla - II,Fruits,0.25,10000,12000,11000,06-Apr-22,06-04-2022 00:00
Himachal Pradesh,Solan,Solan,Apple,Fruits,0.01,5000,9000,8000,06-Apr-22,06-04-2022 00:00
Himachal Pradesh,Una,Una,Delicious,Fruits,0.9,7000,11000,8500,06-Apr-22,06-04-2022 00:00
West Bengal,Kolkata,Mechua,Apple,Fruits,169.3,6000,7900,6800,06-Apr-22,06-04-2022 00:00
NCT of Delhi,Delhi,Azadpur,Delicious,Fruits,765.7,3333,6833,5000,06-Apr-22,06-04-2022 00:00
NCT of Delhi,Delhi,Azadpur,Kullu Royal Delicious,Fruits,765.7,4000,7000,5750,06-Apr-22,06-04-2022 00:00
NCT of Delhi,Delhi,Azadpur,Royal Delicious,Fruits,765.7,5000,13000,8625,06-Apr-22,06-04-2022 00:00
Odisha,Mayurbhanja,Karanjia,Other,Fruits,0.05,12000,14000,13000,06-Apr-22,06-04-2022 00:00
Odisha,Mayurbhanja,Karanjia,Other,Fruits,0.05,11000,13000,12000,06-Apr-22,06-04-2022 00:00
West Bengal,Kolkata,Mechua,Apple,Fruits,169.3,4800,6600,5500,06-Apr-22,06-04-2022 00:00
West Bengal,Kolkata,Mechua,Apple,Fruits,173.9,7300,9200,8500,07-Apr-22,07-04-2022 00:00
West Bengal,Kolkata,Mechua,Apple,Fruits,173.9,6400,8200,7300,07-Apr-22,07-04-2022 00:00
Himachal Pradesh,Mandi,Dhanotu (Mandi),Royal Delicious,Fruits,0.5,11000,16000,13500,07-Apr-22,07-04-2022 00:00
Himachal Pradesh,Kangra,Kangra,Other,Fruits,0.5,10000,12000,11000,07-Apr-22,07-04-2022 00:00
Himachal Pradesh,Kangra,Kangra(Jassour),Other,Fruits,0.1,8000,12000,10000,07-Apr-22,07-04-2022 00:00
Himachal Pradesh,Kangra,Kangra(Nagrota Bagwan),American,Fruits,0.1,9000,12000,10500,07-Apr-22,07-04-2022 00:00
Himachal Pradesh,Mandi,Mandi(Mandi),Apple,Fruits,0.2,10000,14000,12000,07-Apr-22,07-04-2022 00:00
Himachal Pradesh,Kangra,Palampur,Apple,Fruits,0.3,10000,13000,11500,07-Apr-22,07-04-2022 00:00
Himachal Pradesh,Una,Una,Kullu Royal Delicious,Fruits,1.3,8000,14000,12000,07-Apr-22,07-04-2022 00:00
Himachal Pradesh,Bilaspur,Bilaspur,Apple,Fruits,0.2,9000,12000,11000,07-Apr-22,07-04-2022 00:00
NCT of Delhi,Delhi,Azadpur,Delicious,Fruits,791.6,3333,8000,6833,07-Apr-22,07-04-2022 00:00
NCT of Delhi,Delhi,Azadpur,Kullu Royal Delicious,Fruits,791.6,4000,9000,6500,07-Apr-22,07-04-2022 00:00
NCT of Delhi,Delhi,Azadpur,Royal Delicious,Fruits,791.6,5000,13000,8625,07-Apr-22,07-04-2022 00:00
Odisha,Mayurbhanja,Karanjia,Other,Fruits,0.06,12000,14000,13000,07-Apr-22,07-04-2022 00:00
Odisha,Mayurbhanja,Karanjia,Other,Fruits,0.06,11000,13000,12000,07-Apr-22,07-04-2022 00:00
West Bengal,Kolkata,Mechua,Apple,Fruits,173.9,4800,6200,5500,07-Apr-22,07-04-2022 00:00
Himachal Pradesh,Mandi,Dhanotu (Mandi),Royal Delicious,Fruits,0.6,10000,12000,11000,08-Apr-22,08-04-2022 00:00
Himachal Pradesh,Hamirpur,Hamirpur,Delicious,Fruits,0.06,12000,13000,12500,08-Apr-22,08-04-2022 00:00
Himachal Pradesh,Hamirpur,Hamirpur(Nadaun),Delicious,Fruits,0.04,12000,13000,12500,08-Apr-22,08-04-2022 00:00
Himachal Pradesh,Kangra,Kangra,Other,Fruits,0.4,9000,12000,10500,08-Apr-22,08-04-2022 00:00
Himachal Pradesh,Kangra,Kangra(Jassour),Other,Fruits,0.5,8000,12000,10000,08-Apr-22,08-04-2022 00:00
Himachal Pradesh,Mandi,Mandi(Mandi),Apple,Fruits,0.4,10000,13000,12000,08-Apr-22,08-04-2022 00:00
Himachal Pradesh,Sirmore,Nahan,Other,Fruits,0.15,8000,10000,9000,08-Apr-22,08-04-2022 00:00
Himachal Pradesh,Kangra,Palampur,Apple,Fruits,0.3,10000,13000,11500,08-Apr-22,08-04-2022 00:00
Himachal Pradesh,Sirmore,Paonta Sahib,Kasmir/Shimla - II,Fruits,0.2,10000,12000,11000,08-Apr-22,08-04-2022 00:00
Himachal Pradesh,Una,Una,Delicious,Fruits,1.2,8000,14000,12500,08-Apr-22,08-04-2022 00:00
NCT of Delhi,Delhi,Azadpur,Delicious,Fruits,753.3,3333,8000,6833,08-Apr-22,08-04-2022 00:00
NCT of Delhi,Delhi,Azadpur,Kullu Royal Delicious,Fruits,753.3,4000,9000,6500,08-Apr-22,08-04-2022 00:00
NCT of Delhi,Delhi,Azadpur,Royal Delicious,Fruits,753.3,5000,13000,8625,08-Apr-22,08-04-2022 00:00
Odisha,Mayurbhanja,Karanjia,Other,Fruits,0.06,12000,14000,13000,08-Apr-22,08-04-2022 00:00
Odisha,Mayurbhanja,Karanjia,Other,Fruits,0.06,11000,13000,12000,08-Apr-22,08-04-2022 00:00
Himachal Pradesh,Mandi,Dhanotu (Mandi),Royal Delicious,Fruits,0.4,11000,12000,11500,09-Apr-22,09-04-2022 00:00
NCT of Delhi,Delhi,Azadpur,Delicious,Fruits,841.0,3333,8000,6833,09-Apr-22,09-04-2022 00:00
NCT of Delhi,Delhi,Azadpur,Kullu Royal Delicious,Fruits,841.0,4000,9000,6500,09-Apr-22,09-04-2022 00:00
NCT of Delhi,Delhi,Azadpur,Royal Delicious,Fruits,841.0,5000,13000,8625,09-Apr-22,09-04-2022 00:00
Odisha,Mayurbhanja,Karanjia,Other,Fruits,0.07,12000,14000,13000,09-Apr-22,09-04-2022 00:00
Odisha,Mayurbhanja,Karanjia,Other,Fruits,0.07,11000,13000,12000,09-Apr-22,09-04-2022 00:00
Himachal Pradesh,Una,Santoshgarh,Other,Fruits,0.15,8000,8500,8250,10-Apr-22,10-04-2022 00:00
Odisha,Mayurbhanja,Karanjia,Other,Fruits,0.07,11000,13000,12000,10-Apr-22,10-04-2022 00:00
Odisha,Mayurbhanja,Karanjia,Other,Fruits,0.07,12000,14000,13000,10-Apr-22,10-04-2022 00:00
Himachal Pradesh,Kangra,Kangra(Nagrota Bagwan),American,Fruits,0.2,9000,12000,10500,11-Apr-22,11-04-2022 00:00
Himachal Pradesh,Mandi,Mandi(Mandi),Apple,Fruits,0.5,8000,16000,10000,11-Apr-22,11-04-2022 00:00
Himachal Pradesh,Sirmore,Paonta Sahib,Kasmir/Shimla - II,Fruits,0.2,10000,12000,11000,11-Apr-22,11-04-2022 00:00
Himachal Pradesh,Una,Una,Delicious,Fruits,1.1,8000,14000,12000,11-Apr-22,11-04-2022 00:00
Himachal Pradesh,Kangra,Kangra(Jassour),Other,Fruits,0.5,8000,11000,9500,11-Apr-22,11-04-2022 00:00
Himachal Pradesh,Hamirpur,Hamirpur(Nadaun),Delicious,Fruits,0.06,12000,13000,12500,11-Apr-22,11-04-2022 00:00
Himachal Pradesh,Mandi,Dhanotu (Mandi),Royal Delicious,Fruits,0.4,13000,15000,14000,11-Apr-22,11-04-2022 00:00
Himachal Pradesh,Hamirpur,Hamirpur,Delicious,Fruits,0.2,12000,13000,12500,11-Apr-22,11-04-2022 00:00
NCT of Delhi,Delhi,Azadpur,Delicious,Fruits,283.2,3333,8000,6833,11-Apr-22,11-04-2022 00:00
NCT of Delhi,Delhi,Azadpur,Kullu Royal Delicious,Fruits,283.2,4000,11000,8000,11-Apr-22,11-04-2022 00:00
NCT of Delhi,Delhi,Azadpur,Royal Delicious,Fruits,283.2,5000,13000,8625,11-Apr-22,11-04-2022 00:00
Odisha,Mayurbhanja,Karanjia,Other,Fruits,0.05,12000,14000,13000,11-Apr-22,11-04-2022 00:00
Odisha,Mayurbhanja,Karanjia,Other,Fruits,0.05,11000,13000,12000,11-Apr-22,11-04-2022 00:00
Himachal Pradesh,Mandi,Dhanotu (Mandi),Royal Delicious,Fruits,0.5,10000,14000,12000,12-Apr-22,12-04-2022 00:00
Himachal Pradesh,Kangra,Kangra,Other,Fruits,0.5,10000,12000,11000,12-Apr-22,12-04-2022 00:00
Himachal Pradesh,Kangra,Kangra(Jassour),Other,Fruits,0.5,8000,11000,9500,12-Apr-22,12-04-2022 00:00
Himachal Pradesh,Kangra,Kangra(Nagrota Bagwan),American,Fruits,0.1,9000,12000,10500,12-Apr-22,12-04-2022 00:00
Himachal Pradesh,Mandi,Mandi(Mandi),Apple,Fruits,0.5,5000,16000,10000,12-Apr-22,12-04-2022 00:00
Himachal Pradesh,Sirmore,Nahan,Other,Fruits,0.1,8000,10000,9000,12-Apr-22,12-04-2022 00:00
Himachal Pradesh,Kangra,Palampur,Apple,Fruits,0.3,11000,12500,11500,12-Apr-22,12-04-2022 00:00
Himachal Pradesh,Sirmore,Paonta Sahib,Kasmir/Shimla - II,Fruits,0.35,9000,12000,10000,12-Apr-22,12-04-2022 00:00
Himachal Pradesh,Una,Una,Delicious,Fruits,0.8,10000,15000,11200,12-Apr-22,12-04-2022 00:00
NCT of Delhi,Delhi,Azadpur,Delicious,Fruits,923.9,3333,8000,6833,12-Apr-22,12-04-2022 00:00
NCT of Delhi,Delhi,Azadpur,Kullu Royal Delicious,Fruits,923.9,4000,11000,8000,12-Apr-22,12-04-2022 00:00
NCT of Delhi,Delhi,Azadpur,Royal Delicious,Fruits,923.9,5000,13000,8625,12-Apr-22,12-04-2022 00:00
Odisha,Mayurbhanja,Karanjia,Other,Fruits,0.07,12000,14000,13000,12-Apr-22,12-04-2022 00:00
Odisha,Mayurbhanja,Karanjia,Other,Fruits,0.07,11000,13000,12000,12-Apr-22,12-04-2022 00:00
West Bengal,Kolkata,Mechua,Apple,Fruits,173.9,7400,9400,8800,13-Apr-22,13-04-2022 00:00
West Bengal,Kolkata,Mechua,Apple,Fruits,173.9,6200,8000,7500,13-Apr-22,13-04-2022 00:00
Himachal Pradesh,Mandi,Dhanotu (Mandi),Royal Delicious,Fruits,0.4,10000,14000,12000,13-Apr-22,13-04-2022 00:00
Himachal Pradesh,Kangra,Kangra,Other,Fruits,0.4,9000,12000,10500,13-Apr-22,13-04-2022 00:00
Himachal Pradesh,Kangra,Kangra(Baijnath),Kasmir/Shimla - II,Fruits,0.1,12000,16000,12000,13-Apr-22,13-04-2022 00:00
Himachal Pradesh,Mandi,Mandi(Mandi),Apple,Fruits,0.5,13000,15000,14000,13-Apr-22,13-04-2022 00:00
Himachal Pradesh,Kangra,Palampur,Apple,Fruits,0.2,11000,14000,12500,13-Apr-22,13-04-2022 00:00
Himachal Pradesh,Sirmore,Paonta Sahib,Kasmir/Shimla - II,Fruits,0.2,10000,12000,11000,13-Apr-22,13-04-2022 00:00
Himachal Pradesh,Una,Santoshgarh,Other,Fruits,0.1,9000,9400,9200,13-Apr-22,13-04-2022 00:00
Himachal Pradesh,Solan,Solan,Apple,Fruits,0.01,4500,11500,8000,13-Apr-22,13-04-2022 00:00
Himachal Pradesh,Una,Una,Delicious,Fruits,0.9,9000,13000,12000,13-Apr-22,13-04-2022 00:00
NCT of Delhi,Delhi,Azadpur,Delicious,Fruits,470.7,3333,8000,6833,13-Apr-22,13-04-2022 00:00
NCT of Delhi,Delhi,Azadpur,Kullu Royal Delicious,Fruits,470.7,4000,11000,8000,13-Apr-22,13-04-2022 00:00
NCT of Delhi,Delhi,Azadpur,Royal Delicious,Fruits,470.7,5000,13000,8625,13-Apr-22,13-04-2022 00:00
Odisha,Mayurbhanja,Karanjia,Other,Fruits,0.06,12000,14000,13000,13-Apr-22,13-04-2022 00:00
Odisha,Mayurbhanja,Karanjia,Other,Fruits,0.06,11000,13000,12000,13-Apr-22,13-04-2022 00:00
West Bengal,Kolkata,Mechua,Apple,Fruits,173.9,4700,6300,5500,13-Apr-22,13-04-2022 00:00
Himachal Pradesh,Mandi,Dhanotu (Mandi),Royal Delicious,Fruits,0.3,10000,14000,12000,14-Apr-22,14-04-2022 00:00
Himachal Pradesh,Kangra,Kangra(Baijnath),Apple,Fruits,0.1,12000,16000,12000,14-Apr-22,14-04-2022 00:00
Himachal Pradesh,Kangra,Kangra(Jaisinghpur),Apple,Fruits,0.05,8000,13000,10500,14-Apr-22,14-04-2022 00:00
Himachal Pradesh,Kangra,Palampur,Apple,Fruits,0.4,10000,14000,12000,14-Apr-22,14-04-2022 00:00
Himachal Pradesh,Sirmore,Paonta Sahib,Kasmir/Shimla - II,Fruits,0.5,8000,12000,10000,14-Apr-22,14-04-2022 00:00
NCT of Delhi,Delhi,Azadpur,Delicious,Fruits,760.3,3333,8000,6833,14-Apr-22,14-04-2022 00:00
NCT of Delhi,Delhi,Azadpur,Kullu Royal Delicious,Fruits,760.3,4000,11000,8000,14-Apr-22,14-04-2022 00:00
NCT of Delhi,Delhi,Azadpur,Royal Delicious,Fruits,760.3,5000,13000,8625,14-Apr-22,14-04-2022 00:00
Odisha,Mayurbhanja,Karanjia,Other,Fruits,0.05,15000,17000,16000,14-Apr-22,14-04-2022 00:00
Odisha,Mayurbhanja,Karanjia,Other,Fruits,0.05,13000,15000,14000,14-Apr-22,14-04-2022 00:00
West Bengal,Kolkata,Mechua,Apple,Fruits,194.2,7300,9200,8500,15-Apr-22,15-04-2022 00:00
West Bengal,Kolkata,Mechua,Apple,Fruits,194.2,6000,7800,7000,15-Apr-22,15-04-2022 00:00
Himachal Pradesh,Mandi,Dhanotu (Mandi),Royal Delicious,Fruits,0.4,10000,14000,12000,15-Apr-22,15-04-2022 00:00
Himachal Pradesh,Kangra,Kangra(Baijnath),Apple,Fruits,0.1,12000,13000,13000,15-Apr-22,15-04-2022 00:00
Himachal Pradesh,Una,Santoshgarh,Other,Fruits,0.11,9000,9500,9250,15-Apr-22,15-04-2022 00:00
NCT of Delhi,Delhi,Azadpur,Delicious,Fruits,610.9,3333,8000,6833,15-Apr-22,15-04-2022 00:00
NCT of Delhi,Delhi,Azadpur,Kullu Royal Delicious,Fruits,610.9,5333,11000,8000,15-Apr-22,15-04-2022 00:00
NCT of Delhi,Delhi,Azadpur,Royal Delicious,Fruits,610.9,5000,13000,8625,15-Apr-22,15-04-2022 00:00
Odisha,Mayurbhanja,Karanjia,Other,Fruits,0.06,13000,15000,14000,15-Apr-22,15-04-2022 00:00
Odisha,Mayurbhanja,Karanjia,Other,Fruits,0.06,15000,17000,16000,15-Apr-22,15-04-2022 00:00
West Bengal,Kolkata,Mechua,Apple,Fruits,194.2,4800,6300,5500,15-Apr-22,15-04-2022 00:00
West Bengal,Kolkata,Mechua,Apple,Fruits,173.9,7300,8800,8400,16-Apr-22,16-04-2022 00:00
West Bengal,Kolkata,Mechua,Apple,Fruits,173.9,6000,7800,7000,16-Apr-22,16-04-2022 00:00
Himachal Pradesh,Kangra,Kangra,Other,Fruits,0.5,9000,12000,10500,16-Apr-22,16-04-2022 00:00
Himachal Pradesh,Kangra,Kangra(Baijnath),Apple,Fruits,0.1,12000,12000,12000,16-Apr-22,16-04-2022 00:00
Himachal Pradesh,Kangra,Kangra(Jaisinghpur),Apple,Fruits,0.06,13000,18500,15000,16-Apr-22,16-04-2022 00:00
Himachal Pradesh,Mandi,Mandi(Mandi),Apple,Fruits,0.1,10000,14000,12000,16-Apr-22,16-04-2022 00:00
Himachal Pradesh,Kangra,Palampur,Apple,Fruits,0.8,12000,18000,14000,16-Apr-22,16-04-2022 00:00
Himachal Pradesh,Una,Santoshgarh,Other,Fruits,0.12,9000,9500,9250,16-Apr-22,16-04-2022 00:00
Himachal Pradesh,Solan,Solan,Apple,Fruits,0.01,5000,11000,8000,16-Apr-22,16-04-2022 00:00
Himachal Pradesh,Una,Una,Delicious,Fruits,0.8,8000,12000,10000,16-Apr-22,16-04-2022 00:00
NCT of Delhi,Delhi,Azadpur,Delicious,Fruits,641.5,3333,8000,6833,16-Apr-22,16-04-2022 00:00
NCT of Delhi,Delhi,Azadpur,Kullu Royal Delicious,Fruits,641.5,4000,11000,8000,16-Apr-22,16-04-2022 00:00
NCT of Delhi,Delhi,Azadpur,Royal Delicious,Fruits,641.5,5000,13000,8625,16-Apr-22,16-04-2022 00:00
Odisha,Mayurbhanja,Karanjia,Other,Fruits,0.07,15000,17000,16000,16-Apr-22,16-04-2022 00:00
Odisha,Mayurbhanja,Karanjia,Other,Fruits,0.07,14000,16000,15000,16-Apr-22,16-04-2022 00:00
West Bengal,Kolkata,Mechua,Apple,Fruits,173.9,4800,6200,5500,16-Apr-22,16-04-2022 00:00
West Bengal,Kolkata,Mechua,Apple,Fruits,173.9,7200,9300,8500,17-Apr-22,17-04-2022 00:00
West Bengal,Kolkata,Mechua,Apple,Fruits,173.9,6400,8200,7200,17-Apr-22,17-04-2022 00:00
Odisha,Mayurbhanja,Karanjia,Other,Fruits,0.07,15000,17000,16000,17-Apr-22,17-04-2022 00:00
Odisha,Mayurbhanja,Karanjia,Other,Fruits,0.07,13000,15000,14000,17-Apr-22,17-04-2022 00:00
West Bengal,Kolkata,Mechua,Apple,Fruits,173.9,4800,6000,5500,17-Apr-22,17-04-2022 00:00
West Bengal,Kolkata,Mechua,Apple,Fruits,194.3,7300,9400,8500,18-Apr-22,18-04-2022 00:00
West Bengal,Kolkata,Mechua,Apple,Fruits,194.3,6000,7400,6800,18-Apr-22,18-04-2022 00:00
Himachal Pradesh,Hamirpur,Hamirpur,Delicious,Fruits,0.17,12000,13000,12500,18-Apr-22,18-04-2022 00:00
Himachal Pradesh,Hamirpur,Hamirpur(Nadaun),Delicious,Fruits,0.15,12000,13000,12500,18-Apr-22,18-04-2022 00:00
Himachal Pradesh,Kangra,Kangra,Other,Fruits,0.5,9000,12000,10500,18-Apr-22,18-04-2022 00:00
Himachal Pradesh,Kangra,Kangra(Jaisinghpur),Apple,Fruits,0.02,12000,14000,13500,18-Apr-22,18-04-2022 00:00
Himachal Pradesh,Kangra,Kangra(Jassour),American,Fruits,1.0,8000,11000,9500,18-Apr-22,18-04-2022 00:00
Himachal Pradesh,Kangra,Kangra(Nagrota Bagwan),American,Fruits,0.2,9000,12000,10500,18-Apr-22,18-04-2022 00:00
Himachal Pradesh,Mandi,Mandi(Mandi),Apple,Fruits,0.6,10000,14500,13000,18-Apr-22,18-04-2022 00:00
Himachal Pradesh,Kangra,Palampur,Apple,Fruits,0.8,12000,14000,13000,18-Apr-22,18-04-2022 00:00
Himachal Pradesh,Una,Santoshgarh,Other,Fruits,0.1,9000,9500,9250,18-Apr-22,18-04-2022 00:00
Himachal Pradesh,Una,Una,Delicious,Fruits,1.0,8000,14000,12000,18-Apr-22,18-04-2022 00:00
Himachal Pradesh,Mandi,Dhanotu (Mandi),Royal Delicious,Fruits,0.3,14000,14000,14000,18-Apr-22,18-04-2022 00:00
Himachal Pradesh,Bilaspur,Bilaspur,Apple,Fruits,0.1,12000,18000,14000,18-Apr-22,18-04-2022 00:00
Odisha,Mayurbhanja,Karanjia,Other,Fruits,0.06,15000,17000,16000,18-Apr-22,18-04-2022 00:00
Odisha,Mayurbhanja,Karanjia,Other,Fruits,0.06,13000,15000,14000,18-Apr-22,18-04-2022 00:00
West Bengal,Kolkata,Mechua,Apple,Fruits,194.3,4800,6300,5500,18-Apr-22,18-04-2022 00:00
Himachal Pradesh,Mandi,Dhanotu (Mandi),Royal Delicious,Fruits,0.4,14000,14000,14000,19-Apr-22,19-04-2022 00:00
Himachal Pradesh,Hamirpur,Hamirpur(Nadaun),Delicious,Fruits,0.23,12000,13000,12500,19-Apr-22,19-04-2022 00:00
Himachal Pradesh,Kangra,Kangra,Other,Fruits,0.4,9000,12000,10500,19-Apr-22,19-04-2022 00:00
Himachal Pradesh,Kangra,Kangra(Jaisinghpur),Apple,Fruits,0.02,13000,15000,14000,19-Apr-22,19-04-2022 00:00
Himachal Pradesh,Kangra,Kangra(Nagrota Bagwan),American,Fruits,0.1,9000,12000,10500,19-Apr-22,19-04-2022 00:00
Himachal Pradesh,Mandi,Mandi(Mandi),Apple,Fruits,0.4,10000,14500,13000,19-Apr-22,19-04-2022 00:00
Himachal Pradesh,Kangra,Palampur,Apple,Fruits,1.0,12000,14000,13000,19-Apr-22,19-04-2022 00:00
Himachal Pradesh,Una,Santoshgarh,Other,Fruits,0.12,9000,9500,9250,19-Apr-22,19-04-2022 00:00
Himachal Pradesh,Una,Una,Delicious,Fruits,0.7,9000,15000,12000,19-Apr-22,19-04-2022 00:00
NCT of Delhi,Delhi,Azadpur,Delicious,Fruits,577.0,3333,8000,6833,19-Apr-22,19-04-2022 00:00
NCT of Delhi,Delhi,Azadpur,Kullu Royal Delicious,Fruits,577.0,4000,11000,8000,19-Apr-22,19-04-2022 00:00
NCT of Delhi,Delhi,Azadpur,Royal Delicious,Fruits,577.0,5000,13000,8625,19-Apr-22,19-04-2022 00:00
Odisha,Mayurbhanja,Karanjia,Other,Fruits,0.05,15000,17000,16000,19-Apr-22,19-04-2022 00:00
Odisha,Mayurbhanja,Karanjia,Other,Fruits,0.05,13000,15000,14000,19-Apr-22,19-04-2022 00:00
West Bengal,Kolkata,Mechua,Apple,Fruits,173.2,7200,9400,8500,20-Apr-22,20-04-2022 00:00
West Bengal,Kolkata,Mechua,Apple,Fruits,173.2,6000,8000,7000,20-Apr-22,20-04-2022 00:00
Himachal Pradesh,Bilaspur,Bilaspur,Apple,Fruits,0.1,14000,17000,15000,20-Apr-22,20-04-2022 00:00
Himachal Pradesh,Mandi,Dhanotu (Mandi),Royal Delicious,Fruits,0.4,14000,14000,14000,20-Apr-22,20-04-2022 00:00
Himachal Pradesh,Hamirpur,Hamirpur,Delicious,Fruits,0.15,12000,13000,12500,20-Apr-22,20-04-2022 00:00
Himachal Pradesh,Hamirpur,Hamirpur(Nadaun),Delicious,Fruits,0.12,12000,13000,12500,20-Apr-22,20-04-2022 00:00
Himachal Pradesh,Kangra,Kangra,Other,Fruits,0.5,12000,20000,16000,20-Apr-22,20-04-2022 00:00
Himachal Pradesh,Kangra,Kangra(Jaisinghpur),Apple,Fruits,0.02,12000,16000,14500,20-Apr-22,20-04-2022 00:00
Himachal Pradesh,Kangra,Kangra(Nagrota Bagwan),American,Fruits,0.1,10000,12000,11000,20-Apr-22,20-04-2022 00:00
Himachal Pradesh,Mandi,Mandi(Mandi),Apple,Fruits,0.1,9000,12500,10000,20-Apr-22,20-04-2022 00:00
Himachal Pradesh,Una,Santoshgarh,Other,Fruits,0.14,9200,9500,9350,20-Apr-22,20-04-2022 00:00
Himachal Pradesh,Una,Una,Delicious,Fruits,1.0,8000,13000,10000,20-Apr-22,20-04-2022 00:00
NCT of Delhi,Delhi,Azadpur,Delicious,Fruits,680.3,3333,8000,7000,20-Apr-22,20-04-2022 00:00
NCT of Delhi,Delhi,Azadpur,Kullu Royal Delicious,Fruits,680.3,4000,11000,8000,20-Apr-22,20-04-2022 00:00
NCT of Delhi,Delhi,Azadpur,Royal Delicious,Fruits,680.3,5000,13000,8625,20-Apr-22,20-04-2022 00:00
Odisha,Mayurbhanja,Karanjia,Other,Fruits,0.06,15000,17000,16000,20-Apr-22,20-04-2022 00:00
Odisha,Mayurbhanja,Karanjia,Other,Fruits,0.06,13000,15000,14000,20-Apr-22,20-04-2022 00:00
West Bengal,Kolkata,Mechua,Apple,Fruits,173.2,4800,6300,5500,20-Apr-22,20-04-2022 00:00
West Bengal,Kolkata,Mechua,Apple,Fruits,174.9,7400,8800,8300,21-Apr-22,21-04-2022 00:00
Himachal Pradesh,Chamba,Chamba,Royal Delicious,Fruits,0.05,10000,11000,10500,21-Apr-22,21-04-2022 00:00
Himachal Pradesh,Mandi,Dhanotu (Mandi),Royal Delicious,Fruits,0.3,12000,13000,12500,21-Apr-22,21-04-2022 00:00
Himachal Pradesh,Hamirpur,Hamirpur,Delicious,Fruits,0.19,12000,14000,13000,21-Apr-22,21-04-2022 00:00
Himachal Pradesh,Hamirpur,Hamirpur(Nadaun),Delicious,Fruits,0.2,12000,14000,13000,21-Apr-22,21-04-2022 00:00
Himachal Pradesh,Kangra,Kangra,Other,Fruits,0.5,9000,12000,10500,21-Apr-22,21-04-2022 00:00
Himachal Pradesh,Kangra,Kangra(Jaisinghpur),Apple,Fruits,0.03,12000,16000,14500,21-Apr-22,21-04-2022 00:00
Himachal Pradesh,Kangra,Kangra(Nagrota Bagwan),American,Fruits,0.1,9000,12000,10500,21-Apr-22,21-04-2022 00:00
Himachal Pradesh,Mandi,Mandi(Mandi),Apple,Fruits,0.3,4800,14000,10000,21-Apr-22,21-04-2022 00:00
Himachal Pradesh,Kangra,Palampur,Apple,Fruits,0.8,12000,15000,13500,21-Apr-22,21-04-2022 00:00
Himachal Pradesh,Una,Una,Other,Fruits,0.7,8000,15000,11000,21-Apr-22,21-04-2022 00:00
Himachal Pradesh,Una,Santoshgarh,Other,Fruits,0.12,9000,9500,9250,21-Apr-22,21-04-2022 00:00
NCT of Delhi,Delhi,Azadpur,Delicious,Fruits,521.0,3333,8000,7000,21-Apr-22,21-04-2022 00:00
NCT of Delhi,Delhi,Azadpur,Kullu Royal Delicious,Fruits,521.0,4000,11000,8000,21-Apr-22,21-04-2022 00:00
NCT of Delhi,Delhi,Azadpur,Royal Delicious,Fruits,521.0,5000,13000,8625,21-Apr-22,21-04-2022 00:00
West Bengal,Kolkata,Mechua,Apple,Fruits,174.9,6000,8000,7000,21-Apr-22,21-04-2022 00:00
West Bengal,Kolkata,Mechua,Apple,Fruits,174.9,4700,6500,5500,21-Apr-22,21-04-2022 00:00
West Bengal,Kolkata,Mechua,Apple,Fruits,178.3,7200,9000,8400,22-Apr-22,22-04-2022 00:00
West Bengal,Kolkata,Mechua,Apple,Fruits,178.3,6000,7600,7000,22-Apr-22,22-04-2022 00:00
Himachal Pradesh,Hamirpur,Hamirpur(Nadaun),Delicious,Fruits,0.23,12000,14000,13000,22-Apr-22,22-04-2022 00:00
Himachal Pradesh,Kangra,Kangra,Other,Fruits,0.4,9000,12000,11500,22-Apr-22,22-04-2022 00:00
Himachal Pradesh,Kangra,Kangra(Jaisinghpur),Apple,Fruits,0.02,12500,15500,13500,22-Apr-22,22-04-2022 00:00
Himachal Pradesh,Kangra,Kangra(Nagrota Bagwan),American,Fruits,0.1,9000,12000,10500,22-Apr-22,22-04-2022 00:00
Himachal Pradesh,Kangra,Palampur,Apple,Fruits,1.0,12000,15000,13500,22-Apr-22,22-04-2022 00:00
Himachal Pradesh,Una,Santoshgarh,Other,Fruits,0.13,9000,9500,9250,22-Apr-22,22-04-2022 00:00
Himachal Pradesh,Una,Una,Other,Fruits,0.9,5000,8500,6500,22-Apr-22,22-04-2022 00:00
Himachal Pradesh,Hamirpur,Hamirpur,Delicious,Fruits,0.16,12000,14000,13000,22-Apr-22,22-04-2022 00:00
Himachal Pradesh,Mandi,Dhanotu (Mandi),Royal Delicious,Fruits,0.4,10000,14000,12000,22-Apr-22,22-04-2022 00:00
NCT of Delhi,Delhi,Azadpur,Delicious,Fruits,370.8,3333,8000,7167,22-Apr-22,22-04-2022 00:00
NCT of Delhi,Delhi,Azadpur,Kullu Royal Delicious,Fruits,370.8,4000,11000,8000,22-Apr-22,22-04-2022 00:00
NCT of Delhi,Delhi,Azadpur,Royal Delicious,Fruits,370.8,5000,13000,8625,22-Apr-22,22-04-2022 00:00
Odisha,Mayurbhanja,Karanjia,Other,Fruits,0.06,15000,17000,16000,22-Apr-22,22-04-2022 00:00
Odisha,Mayurbhanja,Karanjia,Other,Fruits,0.06,13000,15000,14000,22-Apr-22,22-04-2022 00:00
West Bengal,Kolkata,Mechua,Apple,Fruits,178.3,4700,6400,5500,22-Apr-22,22-04-2022 00:00
Himachal Pradesh,Hamirpur,Hamirpur,Delicious,Fruits,0.2,12000,14000,13000,23-Apr-22,23-04-2022 00:00
Himachal Pradesh,Hamirpur,Hamirpur(Nadaun),Delicious,Fruits,0.13,12000,14000,13000,23-Apr-22,23-04-2022 00:00
Himachal Pradesh,Kangra,Kangra,Other,Fruits,0.6,9000,12000,10500,23-Apr-22,23-04-2022 00:00
Himachal Pradesh,Kangra,Kangra(Jaisinghpur),Apple,Fruits,0.03,12500,15500,13500,23-Apr-22,23-04-2022 00:00
Himachal Pradesh,Kangra,Kangra(Nagrota Bagwan),American,Fruits,0.2,9000,12000,10500,23-Apr-22,23-04-2022 00:00
Himachal Pradesh,Mandi,Mandi(Mandi),Apple,Fruits,0.2,10000,14000,13000,23-Apr-22,23-04-2022 00:00
Himachal Pradesh,Kangra,Palampur,Apple,Fruits,0.8,12000,14500,13200,23-Apr-22,23-04-2022 00:00
Himachal Pradesh,Una,Santoshgarh,Other,Fruits,0.12,9000,9500,9250,23-Apr-22,23-04-2022 00:00
Himachal Pradesh,Solan,Solan,Apple,Fruits,0.01,8000,12000,9000,23-Apr-22,23-04-2022 00:00
Himachal Pradesh,Una,Una,Other,Fruits,0.8,9000,15000,11000,23-Apr-22,23-04-2022 00:00
Himachal Pradesh,Mandi,Dhanotu (Mandi),Royal Delicious,Fruits,0.4,10000,14000,12000,23-Apr-22,23-04-2022 00:00
NCT of Delhi,Delhi,Azadpur,Delicious,Fruits,821.8,3333,8000,7167,23-Apr-22,23-04-2022 00:00
NCT of Delhi,Delhi,Azadpur,Kullu Royal Delicious,Fruits,821.8,4000,11000,8000,23-Apr-22,23-04-2022 00:00
NCT of Delhi,Delhi,Azadpur,Royal Delicious,Fruits,821.8,5000,13000,8625,23-Apr-22,23-04-2022 00:00
Odisha,Mayurbhanja,Karanjia,Other,Fruits,0.07,3100,3300,3200,23-Apr-22,23-04-2022 00:00
Odisha,Mayurbhanja,Karanjia,Other,Fruits,0.07,2850,3000,2900,23-Apr-22,23-04-2022 00:00
West Bengal,Kolkata,Mechua,Apple,Fruits,173.9,7200,9000,8400,24-Apr-22,24-04-2022 00:00
West Bengal,Kolkata,Mechua,Apple,Fruits,173.9,6000,7800,7000,24-Apr-22,24-04-2022 00:00
Odisha,Mayurbhanja,Karanjia,Other,Fruits,0.07,15000,17000,16000,24-Apr-22,24-04-2022 00:00
Odisha,Mayurbhanja,Karanjia,Other,Fruits,0.07,13000,15000,14000,24-Apr-22,24-04-2022 00:00
West Bengal,Kolkata,Mechua,Apple,Fruits,173.9,4800,6400,5500,24-Apr-22,24-04-2022 00:00
Himachal Pradesh,Mandi,Dhanotu (Mandi),Royal Delicious,Fruits,0.4,11000,14000,12000,25-Apr-22,25-04-2022 00:00
Himachal Pradesh,Hamirpur,Hamirpur,Delicious,Fruits,0.2,12000,13000,12500,25-Apr-22,25-04-2022 00:00
Himachal Pradesh,Hamirpur,Hamirpur(Nadaun),Delicious,Fruits,0.1,12000,14000,13000,25-Apr-22,25-04-2022 00:00
Himachal Pradesh,Kangra,Kangra,Other,Fruits,0.6,9000,12000,11000,25-Apr-22,25-04-2022 00:00
Himachal Pradesh,Kangra,Kangra(Jaisinghpur),Apple,Fruits,0.04,10000,12500,12000,25-Apr-22,25-04-2022 00:00
Himachal Pradesh,Kangra,Kangra(Nagrota Bagwan),American,Fruits,0.1,9000,12000,10500,25-Apr-22,25-04-2022 00:00
Himachal Pradesh,Mandi,Mandi(Mandi),Apple,Fruits,0.5,9000,14200,10000,25-Apr-22,25-04-2022 00:00
Himachal Pradesh,Kangra,Palampur,Apple,Fruits,0.8,10000,12000,11000,25-Apr-22,25-04-2022 00:00
Himachal Pradesh,Una,Santoshgarh,Other,Fruits,0.14,9000,9500,9250,25-Apr-22,25-04-2022 00:00
Himachal Pradesh,Solan,Solan,Apple,Fruits,0.01,10000,13000,12000,25-Apr-22,25-04-2022 00:00
Himachal Pradesh,Una,Una,Other,Fruits,1.0,8000,15000,11000,25-Apr-22,25-04-2022 00:00
West Bengal,Kolkata,Mechua,Apple,Fruits,173.9,7300,9000,8000,25-Apr-22,25-04-2022 00:00
NCT of Delhi,Delhi,Azadpur,Kullu Royal Delicious,Fruits,76.3,4000,11000,8000,25-Apr-22,25-04-2022 00:00
NCT of Delhi,Delhi,Azadpur,Royal Delicious,Fruits,76.3,5000,13000,8625,25-Apr-22,25-04-2022 00:00
Odisha,Mayurbhanja,Karanjia,Other,Fruits,0.09,15000,17000,16000,25-Apr-22,25-04-2022 00:00
Odisha,Mayurbhanja,Karanjia,Other,Fruits,0.09,13000,15000,14000,25-Apr-22,25-04-2022 00:00
West Bengal,Kolkata,Mechua,Apple,Fruits,173.9,6000,7600,7000,25-Apr-22,25-04-2022 00:00
West Bengal,Kolkata,Mechua,Apple,Fruits,175.3,7400,9200,8500,26-Apr-22,26-04-2022 00:00
Himachal Pradesh,Chamba,Chamba,Royal Delicious,Fruits,0.05,10000,11000,10500,26-Apr-22,26-04-2022 00:00
Himachal Pradesh,Hamirpur,Hamirpur,Delicious,Fruits,0.2,12000,14000,13000,26-Apr-22,26-04-2022 00:00
Himachal Pradesh,Hamirpur,Hamirpur(Nadaun),Delicious,Fruits,0.1,12000,14000,13000,26-Apr-22,26-04-2022 00:00
Himachal Pradesh,Kangra,Kangra(Jaisinghpur),Apple,Fruits,0.02,10000,12500,11800,26-Apr-22,26-04-2022 00:00
Himachal Pradesh,Mandi,Mandi(Mandi),Apple,Fruits,0.4,6200,14000,10000,26-Apr-22,26-04-2022 00:00
Himachal Pradesh,Kangra,Palampur,Apple,Fruits,0.3,10000,12000,11000,26-Apr-22,26-04-2022 00:00
Himachal Pradesh,Una,Santoshgarh,Other,Fruits,0.13,9000,9500,9250,26-Apr-22,26-04-2022 00:00
West Bengal,Kolkata,Mechua,Apple,Fruits,175.3,6000,7800,7000,26-Apr-22,26-04-2022 00:00
NCT of Delhi,Delhi,Azadpur,Delicious,Fruits,812.0,3333,8000,7167,26-Apr-22,26-04-2022 00:00
NCT of Delhi,Delhi,Azadpur,Kullu Royal Delicious,Fruits,812.0,4000,11000,8000,26-Apr-22,26-04-2022 00:00
NCT of Delhi,Delhi,Azadpur,Royal Delicious,Fruits,812.0,5000,13000,8625,26-Apr-22,26-04-2022 00:00
Odisha,Mayurbhanja,Karanjia,Other,Fruits,0.05,3100,3300,3200,26-Apr-22,26-04-2022 00:00
Odisha,Mayurbhanja,Karanjia,Other,Fruits,0.05,2850,3000,2900,26-Apr-22,26-04-2022 00:00
West Bengal,Kolkata,Mechua,Apple,Fruits,175.3,4700,6300,5500,26-Apr-22,26-04-2022 00:00
Himachal Pradesh,Mandi,Dhanotu (Mandi),Royal Delicious,Fruits,0.5,12000,13000,12500,27-Apr-22,27-04-2022 00:00
Himachal Pradesh,Kangra,Kangra,Other,Fruits,0.6,9000,12000,10500,27-Apr-22,27-04-2022 00:00
Himachal Pradesh,Kangra,Kangra(Jaisinghpur),Apple,Fruits,0.02,10000,12500,12000,27-Apr-22,27-04-2022 00:00
Himachal Pradesh,Kangra,Kangra(Nagrota Bagwan),American,Fruits,0.1,9000,12000,10500,27-Apr-22,27-04-2022 00:00
Himachal Pradesh,Mandi,Mandi(Mandi),Apple,Fruits,0.3,5000,20000,15000,27-Apr-22,27-04-2022 00:00
Himachal Pradesh,Kangra,Palampur,Apple,Fruits,0.6,10000,12000,11000,27-Apr-22,27-04-2022 00:00
Himachal Pradesh,Una,Santoshgarh,Other,Fruits,0.15,9000,9500,9250,27-Apr-22,27-04-2022 00:00
Himachal Pradesh,Solan,Solan,Apple,Fruits,0.01,7000,10000,9000,27-Apr-22,27-04-2022 00:00
Himachal Pradesh,Una,Una,Other,Fruits,0.7,8000,15000,11000,27-Apr-22,27-04-2022 00:00
Odisha,Mayurbhanja,Karanjia,Other,Fruits,0.06,15000,17000,16000,27-Apr-22,27-04-2022 00:00
Odisha,Mayurbhanja,Karanjia,Other,Fruits,0.06,13000,15000,14000,27-Apr-22,27-04-2022 00:00
Himachal Pradesh,Kangra,Kangra,Other,Fruits,0.5,9000,12000,10500,28-Apr-22,28-04-2022 00:00
Himachal Pradesh,Kangra,Kangra(Jaisinghpur),Apple,Fruits,0.02,10000,12000,11000,28-Apr-22,28-04-2022 00:00
Himachal Pradesh,Kangra,Kangra(Nagrota Bagwan),American,Fruits,0.1,9000,12000,10500,28-Apr-22,28-04-2022 00:00
Himachal Pradesh,Mandi,Mandi(Mandi),Apple,Fruits,0.25,4000,14000,10000,28-Apr-22,28-04-2022 00:00
Himachal Pradesh,Kangra,Palampur,Apple,Fruits,0.7,10000,11800,11200,28-Apr-22,28-04-2022 00:00
Himachal Pradesh,Una,Santoshgarh,Other,Fruits,0.13,9000,9500,9250,28-Apr-22,28-04-2022 00:00
Himachal Pradesh,Una,Una,Delicious,Fruits,0.8,10000,15000,13000,28-Apr-22,28-04-2022 00:00
Himachal Pradesh,Hamirpur,Hamirpur(Nadaun),Delicious,Fruits,0.12,12000,13000,12500,28-Apr-22,28-04-2022 00:00
Himachal Pradesh,Hamirpur,Hamirpur,Delicious,Fruits,0.23,12000,14000,13000,28-Apr-22,28-04-2022 00:00
Himachal Pradesh,Mandi,Dhanotu (Mandi),Royal Delicious,Fruits,0.3,10000,13000,11500,28-Apr-22,28-04-2022 00:00
NCT of Delhi,Delhi,Azadpur,Delicious,Fruits,627.8,3333,6667,5000,28-Apr-22,28-04-2022 00:00
NCT of Delhi,Delhi,Azadpur,Kullu Royal Delicious,Fruits,627.8,4000,11000,8000,28-Apr-22,28-04-2022 00:00
NCT of Delhi,Delhi,Azadpur,Royal Delicious,Fruits,627.8,5000,14000,8875,28-Apr-22,28-04-2022 00:00
Odisha,Mayurbhanja,Karanjia,Other,Fruits,0.05,15000,17000,16000,28-Apr-22,28-04-2022 00:00
Odisha,Mayurbhanja,Karanjia,Other,Fruits,0.05,13000,15000,14000,28-Apr-22,28-04-2022 00:00
West Bengal,Kolkata,Mechua,Apple,Fruits,173.6,7400,9500,8400,29-Apr-22,29-04-2022 00:00
West Bengal,Kolkata,Mechua,Apple,Fruits,173.6,6000,8000,7000,29-Apr-22,29-04-2022 00:00
Himachal Pradesh,Kangra,Kangra(Jaisinghpur),Apple,Fruits,0.02,10000,12500,11250,29-Apr-22,29-04-2022 00:00
Himachal Pradesh,Kangra,Kangra(Nagrota Bagwan),American,Fruits,0.1,9000,12000,10500,29-Apr-22,29-04-2022 00:00
Himachal Pradesh,Mandi,Mandi(Mandi),Apple,Fruits,0.4,10000,20000,15000,29-Apr-22,29-04-2022 00:00
Himachal Pradesh,Kangra,Palampur,Apple,Fruits,0.6,11500,12000,11750,29-Apr-22,29-04-2022 00:00
Himachal Pradesh,Una,Santoshgarh,Other,Fruits,0.14,9000,9500,9250,29-Apr-22,29-04-2022 00:00
Himachal Pradesh,Solan,Solan,Apple,Fruits,0.01,4000,10000,8000,29-Apr-22,29-04-2022 00:00
Himachal Pradesh,Una,Una,Delicious,Fruits,0.6,8000,15000,12000,29-Apr-22,29-04-2022 00:00
Himachal Pradesh,Kangra,Kangra,Other,Fruits,0.5,9000,12000,10500,29-Apr-22,29-04-2022 00:00
Himachal Pradesh,Mandi,Dhanotu (Mandi),Royal Delicious,Fruits,0.5,11000,13000,12000,29-Apr-22,29-04-2022 00:00
NCT of Delhi,Delhi,Azadpur,Delicious,Fruits,654.2,3333,6667,5000,29-Apr-22,29-04-2022 00:00
NCT of Delhi,Delhi,Azadpur,Kullu Royal Delicious,Fruits,654.2,4000,11000,8000,29-Apr-22,29-04-2022 00:00
NCT of Delhi,Delhi,Azadpur,Royal Delicious,Fruits,654.2,5000,14000,8875,29-Apr-22,29-04-2022 00:00
West Bengal,Kolkata,Mechua,Apple,Fruits,173.6,4700,6400,5500,29-Apr-22,29-04-2022 00:00
West Bengal,Kolkata,Mechua,Apple,Fruits,174.9,7400,9700,8600,30-Apr-22,30-04-2022 00:00
West Bengal,Kolkata,Mechua,Apple,Fruits,174.9,6000,7600,7000,30-Apr-22,30-04-2022 00:00
Himachal Pradesh,Hamirpur,Hamirpur(Nadaun),Delicious,Fruits,0.23,12000,14000,13000,30-Apr-22,30-04-2022 00:00
Himachal Pradesh,Kangra,Kangra(Jaisinghpur),Apple,Fruits,0.04,10000,12500,11800,30-Apr-22,30-04-2022 00:00
Himachal Pradesh,Kangra,Palampur,Apple,Fruits,0.8,11500,12000,11750,30-Apr-22,30-04-2022 00:00
Himachal Pradesh,Una,Santoshgarh,Other,Fruits,0.13,9000,9500,9250,30-Apr-22,30-04-2022 00:00
Himachal Pradesh,Solan,Solan,Apple,Fruits,0.01,4000,11000,8000,30-Apr-22,30-04-2022 00:00
Himachal Pradesh,Mandi,Dhanotu (Mandi),Royal Delicious,Fruits,0.5,11000,13000,12000,30-Apr-22,30-04-2022 00:00
NCT of Delhi,Delhi,Azadpur,Delicious,Fruits,383.0,3333,6667,5000,30-Apr-22,30-04-2022 00:00
NCT of Delhi,Delhi,Azadpur,Kullu Royal Delicious,Fruits,383.0,4000,10000,7500,30-Apr-22,30-04-2022 00:00
NCT of Delhi,Delhi,Azadpur,Royal Delicious,Fruits,383.0,5000,12000,8500,30-Apr-22,30-04-2022 00:00
Odisha,Mayurbhanja,Karanjia,Other,Fruits,0.07,15000,17000,16000,30-Apr-22,30-04-2022 00:00
Odisha,Mayurbhanja,Karanjia,Other,Fruits,0.07,13000,15000,14000,30-Apr-22,30-04-2022 00:00
West Bengal,Kolkata,Mechua,Apple,Fruits,174.9,4600,6000,5300,30-Apr-22,30-04-2022 00:00
Odisha,Mayurbhanja,Karanjia,Other,Fruits,0.04,13000,15000,14000,01-May-22,01-05-2022 00:00
Odisha,Mayurbhanja,Karanjia,Other,Fruits,0.04,15000,17000,16000,01-May-22,01-05-2022 00:00
Himachal Pradesh,Kangra,Kangra(Jaisinghpur),Apple,Fruits,0.04,14000,14200,14100,02-May-22,02-05-2022 00:00
Himachal Pradesh,Kangra,Kangra(Nagrota Bagwan),American,Fruits,0.1,9000,12000,10500,02-May-22,02-05-2022 00:00
Himachal Pradesh,Mandi,Mandi(Mandi),Apple,Fruits,0.6,9000,14000,10000,02-May-22,02-05-2022 00:00
Himachal Pradesh,Kangra,Palampur,Apple,Fruits,0.6,13000,14000,13500,02-May-22,02-05-2022 00:00
Himachal Pradesh,Una,Santoshgarh,Other,Fruits,0.14,9000,9300,9250,02-May-22,02-05-2022 00:00
Himachal Pradesh,Una,Una,Delicious,Fruits,0.8,9000,15000,12500,02-May-22,02-05-2022 00:00
Himachal Pradesh,Kangra,Kangra(Baijnath),Apple,Fruits,0.1,12000,14000,14000,02-May-22,02-05-2022 00:00
Himachal Pradesh,Kangra,Kangra,Other,Fruits,0.6,10000,13000,11500,02-May-22,02-05-2022 00:00
NCT of Delhi,Delhi,Azadpur,Delicious,Fruits,216.8,3333,7000,5000,02-May-22,02-05-2022 00:00
NCT of Delhi,Delhi,Azadpur,Royal Delicious,Fruits,216.8,4000,12000,8500,02-May-22,02-05-2022 00:00
Odisha,Mayurbhanja,Karanjia,Other,Fruits,0.07,15000,17000,16000,02-May-22,02-05-2022 00:00
Odisha,Mayurbhanja,Karanjia,Other,Fruits,0.07,13000,15000,14000,02-May-22,02-05-2022 00:00
West Bengal,Kolkata,Mechua,Apple,Fruits,173.9,7800,10000,9200,03-May-22,03-05-2022 00:00
West Bengal,Kolkata,Mechua,Apple,Fruits,173.9,6200,8300,7000,03-May-22,03-05-2022 00:00
Himachal Pradesh,Mandi,Dhanotu (Mandi),Royal Delicious,Fruits,0.3,11000,15000,13000,03-May-22,03-05-2022 00:00
Himachal Pradesh,Kangra,Kangra(Jaisinghpur),Apple,Fruits,0.02,14000,14200,14100,03-May-22,03-05-2022 00:00
Himachal Pradesh,Mandi,Mandi(Mandi),Apple,Fruits,0.1,11000,14000,11000,03-May-22,03-05-2022 00:00
Himachal Pradesh,Kangra,Palampur,Apple,Fruits,0.6,13000,14000,13500,03-May-22,03-05-2022 00:00
Himachal Pradesh,Una,Santoshgarh,Other,Fruits,0.13,9000,9400,9200,03-May-22,03-05-2022 00:00
NCT of Delhi,Delhi,Azadpur,Delicious,Fruits,301.7,3333,6667,5000,03-May-22,03-05-2022 00:00
NCT of Delhi,Delhi,Azadpur,Royal Delicious,Fruits,301.7,4000,12000,8500,03-May-22,03-05-2022 00:00
Odisha,Mayurbhanja,Karanjia,Other,Fruits,0.06,15000,17000,16000,03-May-22,03-05-2022 00:00
Odisha,Mayurbhanja,Karanjia,Other,Fruits,0.06,13000,15000,14000,03-May-22,03-05-2022 00:00
West Bengal,Kolkata,Mechua,Apple,Fruits,173.9,4700,6200,5500,03-May-22,03-05-2022 00:00
West Bengal,Kolkata,Mechua,Apple,Fruits,183.9,7600,9700,8800,04-May-22,04-05-2022 00:00
West Bengal,Kolkata,Mechua,Apple,Fruits,183.9,6500,8000,7200,04-May-22,04-05-2022 00:00
Himachal Pradesh,Kangra,Kangra(Jaisinghpur),Apple,Fruits,0.01,14000,14200,14100,04-May-22,04-05-2022 00:00
Himachal Pradesh,Kangra,Kangra(Nagrota Bagwan),American,Fruits,0.2,9000,12000,10500,04-May-22,04-05-2022 00:00
Himachal Pradesh,Mandi,Mandi(Mandi),Apple,Fruits,0.15,11000,14000,12000,04-May-22,04-05-2022 00:00
Himachal Pradesh,Kangra,Palampur,Apple,Fruits,0.6,13000,14000,13500,04-May-22,04-05-2022 00:00
Himachal Pradesh,Una,Santoshgarh,Other,Fruits,0.13,9000,9500,9250,04-May-22,04-05-2022 00:00
Himachal Pradesh,Kangra,Kangra,Other,Fruits,0.5,9000,12000,10500,04-May-22,04-05-2022 00:00
Himachal Pradesh,Hamirpur,Hamirpur(Nadaun),Delicious,Fruits,0.16,12000,14000,13000,04-May-22,04-05-2022 00:00
Himachal Pradesh,Hamirpur,Hamirpur,Delicious,Fruits,0.18,12000,14000,13000,04-May-22,04-05-2022 00:00
Himachal Pradesh,Mandi,Dhanotu (Mandi),Royal Delicious,Fruits,0.5,10000,12000,11000,04-May-22,04-05-2022 00:00
NCT of Delhi,Delhi,Azadpur,Delicious,Fruits,243.8,3333,6667,5000,04-May-22,04-05-2022 00:00
NCT of Delhi,Delhi,Azadpur,Royal Delicious,Fruits,243.8,4000,12000,8500,04-May-22,04-05-2022 00:00
Odisha,Mayurbhanja,Karanjia,Other,Fruits,0.05,15000,17000,16000,04-May-22,04-05-2022 00:00
Odisha,Mayurbhanja,Karanjia,Other,Fruits,0.05,13000,15000,14000,04-May-22,04-05-2022 00:00
West Bengal,Kolkata,Mechua,Apple,Fruits,183.9,4800,6500,5500,04-May-22,04-05-2022 00:00
West Bengal,Kolkata,Mechua,Apple,Fruits,175.3,7300,9000,8000,05-May-22,05-05-2022 00:00
Himachal Pradesh,Hamirpur,Hamirpur(Nadaun),Delicious,Fruits,0.12,12000,14000,13000,05-May-22,05-05-2022 00:00
Himachal Pradesh,Kangra,Kangra,Other,Fruits,0.6,9000,12000,10500,05-May-22,05-05-2022 00:00
Himachal Pradesh,Kangra,Kangra(Jaisinghpur),Apple,Fruits,0.04,12500,13000,12750,05-May-22,05-05-2022 00:00
Himachal Pradesh,Mandi,Mandi(Mandi),Apple,Fruits,0.1,10000,14000,14000,05-May-22,05-05-2022 00:00
Himachal Pradesh,Kangra,Palampur,Apple,Fruits,0.7,12000,13000,12500,05-May-22,05-05-2022 00:00
Himachal Pradesh,Una,Santoshgarh,Other,Fruits,0.12,9000,9500,9250,05-May-22,05-05-2022 00:00
Himachal Pradesh,Una,Una,Other,Fruits,0.6,9000,15000,12000,05-May-22,05-05-2022 00:00
Himachal Pradesh,Hamirpur,Hamirpur,Delicious,Fruits,0.15,12000,14000,13000,05-May-22,05-05-2022 00:00
Himachal Pradesh,Mandi,Dhanotu (Mandi),Royal Delicious,Fruits,0.4,10000,12000,11250,05-May-22,05-05-2022 00:00
West Bengal,Kolkata,Mechua,Apple,Fruits,175.3,6000,7800,6800,05-May-22,05-05-2022 00:00
NCT of Delhi,Delhi,Azadpur,Delicious,Fruits,322.3,3333,6667,5000,05-May-22,05-05-2022 00:00
NCT of Delhi,Delhi,Azadpur,Royal Delicious,Fruits,322.3,4000,12000,8500,05-May-22,05-05-2022 00:00
Odisha,Mayurbhanja,Karanjia,Other,Fruits,0.07,15000,17000,16000,05-May-22,05-05-2022 00:00
Odisha,Mayurbhanja,Karanjia,Other,Fruits,0.07,13000,15000,14000,05-May-22,05-05-2022 00:00
West Bengal,Kolkata,Mechua,Apple,Fruits,175.3,4800,6400,5500,05-May-22,05-05-2022 00:00
Himachal Pradesh,Una,Una,Other,Fruits,0.5,8000,15000,11000,06-May-22,06-05-2022 00:00
Himachal Pradesh,Una,Santoshgarh,Other,Fruits,0.13,9000,9500,9250,06-May-22,06-05-2022 00:00
NCT of Delhi,Delhi,Azadpur,Delicious,Fruits,483.7,3333,6667,5000,06-May-22,06-05-2022 00:00
NCT of Delhi,Delhi,Azadpur,Royal Delicious,Fruits,483.7,4000,12000,8500,06-May-22,06-05-2022 00:00
Himachal Pradesh,Kangra,Palampur,Apple,Fruits,0.7,12000,13000,12500,06-May-22,06-05-2022 00:00
Himachal Pradesh,Kangra,Kangra,Other,Fruits,0.3,9000,12000,10500,06-May-22,06-05-2022 00:00
Himachal Pradesh,Kangra,Kangra(Jaisinghpur),Apple,Fruits,0.04,12500,13000,12750,06-May-22,06-05-2022 00:00
NCT of Delhi,Delhi,Azadpur,Royal Delicious,Fruits,452.6,4000,12000,8500,07-May-22,07-05-2022 00:00
NCT of Delhi,Delhi,Azadpur,Delicious,Fruits,452.6,3333,6667,5000,07-May-22,07-05-2022 00:00
Himachal Pradesh,Mandi,Dhanotu (Mandi),Royal Delicious,Fruits,0.5,10000,12000,11000,07-May-22,07-05-2022 00:00
Himachal Pradesh,Kangra,Kangra(Baijnath),Apple,Fruits,0.3,13000,14000,13000,07-May-22,07-05-2022 00:00
Odisha,Mayurbhanja,Karanjia,Other,Fruits,0.07,15000,17000,16000,08-May-22,08-05-2022 00:00
Odisha,Mayurbhanja,Karanjia,Other,Fruits,0.07,13000,15000,14000,08-May-22,08-05-2022 00:00
West Bengal,Kolkata,Mechua,Apple,Fruits,172.6,7200,9500,8600,09-May-22,09-05-2022 00:00
Himachal Pradesh,Hamirpur,Hamirpur,Other,Fruits,0.3,12500,13000,12700,09-May-22,09-05-2022 00:00
Himachal Pradesh,Kangra,Kangra,Other,Fruits,0.4,10000,12000,11000,09-May-22,09-05-2022 00:00
Himachal Pradesh,Kangra,Kangra(Baijnath),Apple,Fruits,0.1,13000,14000,14000,09-May-22,09-05-2022 00:00
Himachal Pradesh,Kangra,Kangra(Jaisinghpur),Apple,Fruits,0.05,13000,14000,13500,09-May-22,09-05-2022 00:00
Himachal Pradesh,Kangra,Kangra(Nagrota Bagwan),American,Fruits,0.2,9000,12000,10500,09-May-22,09-05-2022 00:00
Himachal Pradesh,Mandi,Mandi(Mandi),Apple,Fruits,0.5,13000,19500,15000,09-May-22,09-05-2022 00:00
Himachal Pradesh,Kangra,Palampur,Apple,Fruits,1.0,13000,14000,13500,09-May-22,09-05-2022 00:00
Himachal Pradesh,Una,Santoshgarh,Other,Fruits,0.14,8500,9000,8750,09-May-22,09-05-2022 00:00
Himachal Pradesh,Una,Una,Delicious,Fruits,0.8,8000,15000,12000,09-May-22,09-05-2022 00:00
West Bengal,Kolkata,Mechua,Apple,Fruits,172.6,6200,8500,7300,09-May-22,09-05-2022 00:00
NCT of Delhi,Delhi,Azadpur,Delicious,Fruits,217.0,3333,6667,5000,09-May-22,09-05-2022 00:00
NCT of Delhi,Delhi,Azadpur,Royal Delicious,Fruits,217.0,2500,11000,7750,09-May-22,09-05-2022 00:00
Odisha,Mayurbhanja,Karanjia,Other,Fruits,0.06,15000,17000,16000,09-May-22,09-05-2022 00:00
Odisha,Mayurbhanja,Karanjia,Other,Fruits,0.06,13000,15000,14000,09-May-22,09-05-2022 00:00
West Bengal,Kolkata,Mechua,Apple,Fruits,172.6,4800,6400,5600,09-May-22,09-05-2022 00:00
West Bengal,Kolkata,Mechua,Apple,Fruits,183.9,7300,9300,8600,10-May-22,10-05-2022 00:00
Himachal Pradesh,Chamba,Chamba,Royal Delicious,Fruits,0.05,12000,13000,12500,10-May-22,10-05-2022 00:00
Himachal Pradesh,Mandi,Dhanotu (Mandi),Royal Delicious,Fruits,0.3,10000,12000,11000,10-May-22,10-05-2022 00:00
Himachal Pradesh,Kangra,Kangra,Other,Fruits,0.4,9000,12000,10500,10-May-22,10-05-2022 00:00
Himachal Pradesh,Kangra,Kangra(Baijnath),Apple,Fruits,1.0,13000,14000,14000,10-May-22,10-05-2022 00:00
Himachal Pradesh,Kangra,Kangra(Jaisinghpur),Apple,Fruits,0.06,13000,14000,13500,10-May-22,10-05-2022 00:00
Himachal Pradesh,Mandi,Mandi(Mandi),Apple,Fruits,0.1,7000,7200,7100,10-May-22,10-05-2022 00:00
Himachal Pradesh,Kangra,Palampur,Apple,Fruits,0.8,13000,14000,13500,10-May-22,10-05-2022 00:00
Himachal Pradesh,Una,Santoshgarh,Other,Fruits,0.15,9000,9500,9250,10-May-22,10-05-2022 00:00
Himachal Pradesh,Una,Una,Delicious,Fruits,0.9,10000,15000,12500,10-May-22,10-05-2022 00:00
West Bengal,Kolkata,Mechua,Apple,Fruits,183.9,6000,7800,7000,10-May-22,10-05-2022 00:00
NCT of Delhi,Delhi,Azadpur,Delicious,Fruits,588.2,3333,6667,5000,10-May-22,10-05-2022 00:00
NCT of Delhi,Delhi,Azadpur,Royal Delicious,Fruits,588.2,2500,10000,7750,10-May-22,10-05-2022 00:00
Odisha,Mayurbhanja,Karanjia,Other,Fruits,0.06,15000,17000,16000,10-May-22,10-05-2022 00:00
Odisha,Mayurbhanja,Karanjia,Other,Fruits,0.06,13000,15000,14000,10-May-22,10-05-2022 00:00
West Bengal,Kolkata,Mechua,Apple,Fruits,183.9,4800,6500,5600,10-May-22,10-05-2022 00:00
West Bengal,Kolkata,Mechua,Apple,Fruits,182.9,7600,9700,8700,11-May-22,11-05-2022 00:00
West Bengal,Kolkata,Mechua,Apple,Fruits,182.9,6000,8000,7000,11-May-22,11-05-2022 00:00
Himachal Pradesh,Mandi,Dhanotu (Mandi),Royal Delicious,Fruits,0.3,10000,11000,10500,11-May-22,11-05-2022 00:00
Himachal Pradesh,Kangra,Kangra,Other,Fruits,0.2,9000,12000,10500,11-May-22,11-05-2022 00:00
Himachal Pradesh,Kangra,Kangra(Baijnath),Apple,Fruits,0.06,13000,14000,14000,11-May-22,11-05-2022 00:00
Himachal Pradesh,Kangra,Kangra(Jaisinghpur),Apple,Fruits,0.06,13000,13500,13250,11-May-22,11-05-2022 00:00
Himachal Pradesh,Mandi,Mandi(Mandi),Apple,Fruits,0.2,11000,14000,13000,11-May-22,11-05-2022 00:00
Himachal Pradesh,Kangra,Palampur,Apple,Fruits,0.8,13000,14000,13500,11-May-22,11-05-2022 00:00
Himachal Pradesh,Una,Santoshgarh,Other,Fruits,0.14,9000,9500,9250,11-May-22,11-05-2022 00:00
Himachal Pradesh,Una,Una,Other,Fruits,0.7,8000,13000,10000,11-May-22,11-05-2022 00:00
NCT of Delhi,Delhi,Azadpur,Delicious,Fruits,635.9,3333,6667,5000,11-May-22,11-05-2022 00:00
NCT of Delhi,Delhi,Azadpur,Royal Delicious,Fruits,635.9,2500,11000,7250,11-May-22,11-05-2022 00:00
Odisha,Mayurbhanja,Karanjia,Other,Fruits,0.05,15000,17000,16000,11-May-22,11-05-2022 00:00
Odisha,Mayurbhanja,Karanjia,Other,Fruits,0.05,13000,15000,14000,11-May-22,11-05-2022 00:00
West Bengal,Kolkata,Mechua,Apple,Fruits,182.9,5000,6600,5700,11-May-22,11-05-2022 00:00
West Bengal,Kolkata,Mechua,Apple,Fruits,173.9,8000,9800,9000,12-May-22,12-05-2022 00:00
Himachal Pradesh,Hamirpur,Hamirpur,Delicious,Fruits,0.12,13000,14000,13500,12-May-22,12-05-2022 00:00
Himachal Pradesh,Hamirpur,Hamirpur(Nadaun),Delicious,Fruits,0.1,12000,14000,13000,12-May-22,12-05-2022 00:00
Himachal Pradesh,Kangra,Kangra,Other,Fruits,0.4,9000,12000,10500,12-May-22,12-05-2022 00:00
Himachal Pradesh,Kangra,Kangra(Jaisinghpur),Apple,Fruits,0.07,14000,15000,14500,12-May-22,12-05-2022 00:00
Himachal Pradesh,Kangra,Kangra(Nagrota Bagwan),American,Fruits,0.1,9000,12000,10500,12-May-22,12-05-2022 00:00
Himachal Pradesh,Kangra,Palampur,Apple,Fruits,0.8,14000,15000,14500,12-May-22,12-05-2022 00:00
Himachal Pradesh,Una,Una,Delicious,Fruits,0.7,10000,15000,12500,12-May-22,12-05-2022 00:00
Himachal Pradesh,Mandi,Dhanotu (Mandi),Royal Delicious,Fruits,0.4,8000,12000,10000,12-May-22,12-05-2022 00:00
West Bengal,Kolkata,Mechua,Apple,Fruits,173.9,6800,8800,7500,12-May-22,12-05-2022 00:00
NCT of Delhi,Delhi,Azadpur,Delicious,Fruits,326.0,3333,6667,5000,12-May-22,12-05-2022 00:00
NCT of Delhi,Delhi,Azadpur,Royal Delicious,Fruits,326.0,2500,11000,7250,12-May-22,12-05-2022 00:00
Odisha,Mayurbhanja,Karanjia,Other,Fruits,0.06,15000,17000,16000,12-May-22,12-05-2022 00:00
Odisha,Mayurbhanja,Karanjia,Other,Fruits,0.06,13000,15000,14000,12-May-22,12-05-2022 00:00
West Bengal,Kolkata,Mechua,Apple,Fruits,173.9,5000,6800,5700,12-May-22,12-05-2022 00:00
Himachal Pradesh,Kangra,Kangra(Jaisinghpur),Apple,Fruits,0.08,12500,13000,12750,13-May-22,13-05-2022 00:00
Himachal Pradesh,Mandi,Mandi(Mandi),Apple,Fruits,0.3,5000,14000,10000,13-May-22,13-05-2022 00:00
Himachal Pradesh,Kangra,Palampur,Apple,Fruits,0.8,12000,12500,12250,13-May-22,13-05-2022 00:00
Himachal Pradesh,Una,Una,Other,Fruits,0.8,10000,15000,12000,13-May-22,13-05-2022 00:00
NCT of Delhi,Delhi,Azadpur,Delicious,Fruits,637.7,3333,6667,5000,13-May-22,13-05-2022 00:00
NCT of Delhi,Delhi,Azadpur,Royal Delicious,Fruits,637.7,2500,11000,7250,13-May-22,13-05-2022 00:00
Odisha,Mayurbhanja,Karanjia,Other,Fruits,0.05,15000,17000,16000,13-May-22,13-05-2022 00:00
Himachal Pradesh,Kangra,Kangra,Other,Fruits,0.4,9000,12000,10500,13-May-22,13-05-2022 00:00
Odisha,Mayurbhanja,Karanjia,Other,Fruits,0.05,13000,15000,14000,13-May-22,13-05-2022 00:00
West Bengal,Kolkata,Mechua,Apple,Fruits,192.6,7400,9700,8700,14-May-22,14-05-2022 00:00
West Bengal,Kolkata,Mechua,Apple,Fruits,192.6,6500,8200,7300,14-May-22,14-05-2022 00:00
Himachal Pradesh,Hamirpur,Hamirpur,Other,Fruits,0.18,12500,13000,12700,14-May-22,14-05-2022 00:00
Himachal Pradesh,Kangra,Kangra(Baijnath),Apple,Fruits,0.1,14000,14000,14000,14-May-22,14-05-2022 00:00
Himachal Pradesh,Kangra,Kangra(Jaisinghpur),Apple,Fruits,0.08,12500,13000,12750,14-May-22,14-05-2022 00:00
Himachal Pradesh,Mandi,Mandi(Mandi),Apple,Fruits,0.1,10000,14000,12000,14-May-22,14-05-2022 00:00
Himachal Pradesh,Kangra,Palampur,Apple,Fruits,0.8,12000,12500,12250,14-May-22,14-05-2022 00:00
NCT of Delhi,Delhi,Azadpur,Delicious,Fruits,388.8,3333,7333,5333,14-May-22,14-05-2022 00:00
NCT of Delhi,Delhi,Azadpur,Royal Delicious,Fruits,388.8,2500,11000,7250,14-May-22,14-05-2022 00:00
Odisha,Mayurbhanja,Karanjia,Other,Fruits,0.06,15000,17000,16000,14-May-22,14-05-2022 00:00
Odisha,Mayurbhanja,Karanjia,Other,Fruits,0.06,13000,15000,14000,14-May-22,14-05-2022 00:00
West Bengal,Kolkata,Mechua,Apple,Fruits,192.6,5000,6800,5700,14-May-22,14-05-2022 00:00
West Bengal,Kolkata,Mechua,Apple,Fruits,183.9,7500,9700,8600,15-May-22,15-05-2022 00:00
Himachal Pradesh,Una,Santoshgarh,Other,Fruits,0.13,9000,9500,9250,15-May-22,15-05-2022 00:00
Odisha,Mayurbhanja,Karanjia,Other,Fruits,0.06,15000,17000,16000,15-May-22,15-05-2022 00:00
West Bengal,Kolkata,Mechua,Apple,Fruits,183.9,6400,8500,7400,15-May-22,15-05-2022 00:00
Odisha,Mayurbhanja,Karanjia,Other,Fruits,0.06,13000,15000,14000,15-May-22,15-05-2022 00:00
West Bengal,Kolkata,Mechua,Apple,Fruits,183.9,4800,6300,5700,15-May-22,15-05-2022 00:00
West Bengal,Kolkata,Mechua,Apple,Fruits,113.4,9000,11800,11000,16-May-22,16-05-2022 00:00
West Bengal,Kolkata,Mechua,Apple,Fruits,113.4,8000,10400,9700,16-May-22,16-05-2022 00:00
Himachal Pradesh,Una,Santoshgarh,Other,Fruits,0.14,9000,9500,9250,16-May-22,16-05-2022 00:00
Himachal Pradesh,Mandi,Mandi(Mandi),Apple,Fruits,0.3,10000,14000,12000,16-May-22,16-05-2022 00:00
Himachal Pradesh,Kangra,Kangra(Nagrota Bagwan),American,Fruits,0.2,9000,12000,10500,16-May-22,16-05-2022 00:00
Himachal Pradesh,Hamirpur,Hamirpur(Nadaun),Delicious,Fruits,0.12,12000,14000,13000,16-May-22,16-05-2022 00:00
Himachal Pradesh,Kangra,Kangra(Baijnath),Apple,Fruits,0.07,13000,13000,13000,16-May-22,16-05-2022 00:00
Himachal Pradesh,Mandi,Dhanotu (Mandi),Royal Delicious,Fruits,0.3,10000,12000,11000,16-May-22,16-05-2022 00:00
Himachal Pradesh,Hamirpur,Hamirpur,Royal Delicious,Fruits,0.28,12500,13000,12700,16-May-22,16-05-2022 00:00
NCT of Delhi,Delhi,Azadpur,Delicious,Fruits,249.0,3333,7333,5334,16-May-22,16-05-2022 00:00
Odisha,Mayurbhanja,Karanjia,Other,Fruits,0.07,15000,17000,16000,16-May-22,16-05-2022 00:00
NCT of Delhi,Delhi,Azadpur,Royal Delicious,Fruits,249.0,2500,11000,7500,16-May-22,16-05-2022 00:00
Odisha,Mayurbhanja,Karanjia,Other,Fruits,0.07,13000,15000,14000,16-May-22,16-05-2022 00:00
West Bengal,Kolkata,Mechua,Apple,Fruits,113.4,7000,9500,8500,16-May-22,16-05-2022 00:00
West Bengal,Kolkata,Mechua,Apple,Fruits,173.8,9000,11200,10500,17-May-22,17-05-2022 00:00
West Bengal,Kolkata,Mechua,Apple,Fruits,173.8,7200,9500,8700,17-May-22,17-05-2022 00:00
Himachal Pradesh,Mandi,Dhanotu (Mandi),Royal Delicious,Fruits,0.4,11000,15000,13000,17-May-22,17-05-2022 00:00
Himachal Pradesh,Hamirpur,Hamirpur,Delicious,Fruits,0.12,12000,14000,13000,17-May-22,17-05-2022 00:00
Himachal Pradesh,Hamirpur,Hamirpur(Nadaun),Delicious,Fruits,0.12,12000,14000,13000,17-May-22,17-05-2022 00:00
Himachal Pradesh,Kangra,Kangra,Other,Fruits,0.3,10000,12000,11000,17-May-22,17-05-2022 00:00
Himachal Pradesh,Kangra,Kangra(Baijnath),Apple,Fruits,0.07,13000,13000,13000,17-May-22,17-05-2022 00:00
Himachal Pradesh,Kangra,Kangra(Jaisinghpur),Apple,Fruits,0.04,12500,13000,12750,17-May-22,17-05-2022 00:00
Himachal Pradesh,Kangra,Kangra(Nagrota Bagwan),American,Fruits,0.1,9000,12000,10500,17-May-22,17-05-2022 00:00
Himachal Pradesh,Mandi,Mandi(Mandi),Apple,Fruits,0.15,6000,14000,12000,17-May-22,17-05-2022 00:00
Himachal Pradesh,Kangra,Palampur,Apple,Fruits,0.5,12000,13000,12500,17-May-22,17-05-2022 00:00
Himachal Pradesh,Una,Una,Other,Fruits,0.7,9000,15000,12000,17-May-22,17-05-2022 00:00
NCT of Delhi,Delhi,Azadpur,Delicious,Fruits,619.7,3333,7333,5333,17-May-22,17-05-2022 00:00
NCT of Delhi,Delhi,Azadpur,Royal Delicious,Fruits,619.7,2500,11000,7500,17-May-22,17-05-2022 00:00
Odisha,Mayurbhanja,Karanjia,Other,Fruits,0.09,15000,17000,16000,17-May-22,17-05-2022 00:00
Odisha,Mayurbhanja,Karanjia,Other,Fruits,0.09,13000,15000,14000,17-May-22,17-05-2022 00:00
West Bengal,Kolkata,Mechua,Apple,Fruits,173.8,5000,7000,6000,17-May-22,17-05-2022 00:00
West Bengal,Kolkata,Mechua,Apple,Fruits,123.4,8800,11000,10000,18-May-22,18-05-2022 00:00
Himachal Pradesh,Mandi,Dhanotu (Mandi),Royal Delicious,Fruits,0.3,10000,12000,11000,18-May-22,18-05-2022 00:00
Himachal Pradesh,Kangra,Kangra,Other,Fruits,0.3,10000,12000,11000,18-May-22,18-05-2022 00:00
Himachal Pradesh,Kangra,Kangra(Baijnath),Apple,Fruits,0.1,12000,13000,13000,18-May-22,18-05-2022 00:00
Himachal Pradesh,Kangra,Kangra(Jaisinghpur),Apple,Fruits,0.02,12500,13000,12750,18-May-22,18-05-2022 00:00
Himachal Pradesh,Mandi,Mandi(Mandi),Apple,Fruits,0.3,10000,19100,15000,18-May-22,18-05-2022 00:00
Himachal Pradesh,Kangra,Palampur,Apple,Fruits,0.5,12000,12500,12250,18-May-22,18-05-2022 00:00
Himachal Pradesh,Una,Santoshgarh,Other,Fruits,0.12,9000,9000,9000,18-May-22,18-05-2022 00:00
Himachal Pradesh,Solan,Solan,Apple,Fruits,0.01,7000,12000,10000,18-May-22,18-05-2022 00:00
Himachal Pradesh,Una,Una,Other,Fruits,0.7,10000,15000,12000,18-May-22,18-05-2022 00:00
West Bengal,Kolkata,Mechua,Apple,Fruits,123.4,6600,9000,7500,18-May-22,18-05-2022 00:00
NCT of Delhi,Delhi,Azadpur,Delicious,Fruits,379.5,3333,7333,5333,18-May-22,18-05-2022 00:00
NCT of Delhi,Delhi,Azadpur,Royal Delicious,Fruits,379.5,2500,11000,7500,18-May-22,18-05-2022 00:00
West Bengal,Kolkata,Mechua,Apple,Fruits,123.4,5000,7000,6000,18-May-22,18-05-2022 00:00
West Bengal,Kolkata,Mechua,Apple,Fruits,123.6,9000,12000,11000,19-May-22,19-05-2022 00:00
West Bengal,Kolkata,Mechua,Apple,Fruits,123.6,7500,10000,9000,19-May-22,19-05-2022 00:00
Himachal Pradesh,Kangra,Kangra,Other,Fruits,0.4,9000,12000,10500,19-May-22,19-05-2022 00:00
Himachal Pradesh,Kangra,Kangra(Baijnath),Apple,Fruits,0.1,13000,13000,13000,19-May-22,19-05-2022 00:00
Himachal Pradesh,Kangra,Kangra(Jaisinghpur),Apple,Fruits,0.04,12500,13000,12750,19-May-22,19-05-2022 00:00
Himachal Pradesh,Mandi,Mandi(Mandi),Apple,Fruits,0.3,12000,18300,17000,19-May-22,19-05-2022 00:00
Himachal Pradesh,Kangra,Palampur,Apple,Fruits,0.5,12000,12500,12250,19-May-22,19-05-2022 00:00
Himachal Pradesh,Una,Una,Delicious,Fruits,0.8,10000,13000,11500,19-May-22,19-05-2022 00:00
Himachal Pradesh,Mandi,Dhanotu (Mandi),Royal Delicious,Fruits,0.2,12000,12000,12000,19-May-22,19-05-2022 00:00
NCT of Delhi,Delhi,Azadpur,Royal Delicious,Fruits,579.9,2500,11000,7500,19-May-22,19-05-2022 00:00
Odisha,Mayurbhanja,Karanjia,Other,Fruits,0.07,15000,17000,16000,19-May-22,19-05-2022 00:00
Odisha,Mayurbhanja,Karanjia,Other,Fruits,0.07,13000,15000,14000,19-May-22,19-05-2022 00:00
NCT of Delhi,Delhi,Azadpur,Delicious,Fruits,579.9,3333,7333,5333,19-May-22,19-05-2022 00:00
West Bengal,Kolkata,Mechua,Apple,Fruits,123.6,5000,7000,6300,19-May-22,19-05-2022 00:00
West Bengal,Kolkata,Mechua,Apple,Fruits,123.6,9000,12000,11000,20-May-22,20-05-2022 00:00
West Bengal,Kolkata,Mechua,Apple,Fruits,123.6,7200,10500,8800,20-May-22,20-05-2022 00:00
Himachal Pradesh,Kangra,Kangra(Baijnath),Apple,Fruits,0.1,13000,15000,13000,20-May-22,20-05-2022 00:00
Himachal Pradesh,Kangra,Kangra(Jaisinghpur),Apple,Fruits,0.04,11500,12000,11750,20-May-22,20-05-2022 00:00
Himachal Pradesh,Kangra,Kangra(Nagrota Bagwan),American,Fruits,0.1,9000,12000,10500,20-May-22,20-05-2022 00:00
Himachal Pradesh,Kangra,Palampur,Apple,Fruits,0.5,11000,12000,11500,20-May-22,20-05-2022 00:00
Himachal Pradesh,Una,Santoshgarh,Other,Fruits,0.12,9000,9000,9000,20-May-22,20-05-2022 00:00
Himachal Pradesh,Una,Una,Other,Fruits,0.7,8000,14000,11000,20-May-22,20-05-2022 00:00
Himachal Pradesh,Kangra,Kangra,Other,Fruits,0.4,9000,12000,10500,20-May-22,20-05-2022 00:00
Himachal Pradesh,Hamirpur,Hamirpur,Delicious,Fruits,0.23,13000,14000,13500,20-May-22,20-05-2022 00:00
Himachal Pradesh,Chamba,Chamba,Royal Delicious,Fruits,0.06,12000,13000,12500,20-May-22,20-05-2022 00:00
Himachal Pradesh,Mandi,Dhanotu (Mandi),Royal Delicious,Fruits,0.4,12000,15000,13500,20-May-22,20-05-2022 00:00
NCT of Delhi,Delhi,Azadpur,Delicious,Fruits,279.3,3333,7333,5333,20-May-22,20-05-2022 00:00
NCT of Delhi,Delhi,Azadpur,Royal Delicious,Fruits,279.3,2500,11000,7500,20-May-22,20-05-2022 00:00
Odisha,Mayurbhanja,Karanjia,Other,Fruits,0.09,15000,17000,16000,20-May-22,20-05-2022 00:00
Odisha,Mayurbhanja,Karanjia,Other,Fruits,0.09,13000,15000,14000,20-May-22,20-05-2022 00:00
West Bengal,Kolkata,Mechua,Apple,Fruits,123.6,5000,7000,6000,20-May-22,20-05-2022 00:00
West Bengal,Kolkata,Mechua,Apple,Fruits,123.7,8600,11000,10500,21-May-22,21-05-2022 00:00
Himachal Pradesh,Kangra,Kangra,Other,Fruits,0.4,9000,12000,10500,21-May-22,21-05-2022 00:00
Himachal Pradesh,Kangra,Kangra(Baijnath),Apple,Fruits,0.1,12000,14000,13000,21-May-22,21-05-2022 00:00
Himachal Pradesh,Kangra,Kangra(Jaisinghpur),Apple,Fruits,0.04,11500,12000,11750,21-May-22,21-05-2022 00:00
Himachal Pradesh,Kangra,Palampur,Apple,Fruits,0.6,11000,11500,11250,21-May-22,21-05-2022 00:00
NCT of Delhi,Delhi,Azadpur,Delicious,Fruits,442.7,3333,7333,5333,21-May-22,21-05-2022 00:00
Himachal Pradesh,Hamirpur,Hamirpur(Nadaun),Delicious,Fruits,0.2,13000,14000,13500,21-May-22,21-05-2022 00:00
NCT of Delhi,Delhi,Azadpur,Royal Delicious,Fruits,442.7,2500,11000,7500,21-May-22,21-05-2022 00:00
Himachal Pradesh,Hamirpur,Hamirpur,Delicious,Fruits,0.16,13000,14000,13500,21-May-22,21-05-2022 00:00
Himachal Pradesh,Mandi,Dhanotu (Mandi),Royal Delicious,Fruits,0.2,10000,12000,11000,21-May-22,21-05-2022 00:00
Odisha,Mayurbhanja,Karanjia,Other,Fruits,0.05,15000,17000,16000,21-May-22,21-05-2022 00:00
Odisha,Mayurbhanja,Karanjia,Other,Fruits,0.05,13000,15000,14000,21-May-22,21-05-2022 00:00
West Bengal,Kolkata,Mechua,Apple,Fruits,123.7,7000,9400,8300,21-May-22,21-05-2022 00:00
West Bengal,Kolkata,Mechua,Apple,Fruits,123.7,5000,6600,6000,21-May-22,21-05-2022 00:00
West Bengal,Kolkata,Mechua,Apple,Fruits,123.7,8200,10700,9700,22-May-22,22-05-2022 00:00
West Bengal,Kolkata,Mechua,Apple,Fruits,123.7,7000,9400,8500,22-May-22,22-05-2022 00:00
Himachal Pradesh,Una,Santoshgarh,Other,Fruits,0.12,9000,9000,9000,22-May-22,22-05-2022 00:00
Odisha,Mayurbhanja,Karanjia,Other,Fruits,0.06,13000,15000,14000,22-May-22,22-05-2022 00:00
Odisha,Mayurbhanja,Karanjia,Other,Fruits,0.06,15000,17000,16000,22-May-22,22-05-2022 00:00
West Bengal,Kolkata,Mechua,Apple,Fruits,123.7,5000,6600,5800,22-May-22,22-05-2022 00:00
West Bengal,Kolkata,Mechua,Apple,Fruits,124.7,8500,11500,10500,23-May-22,23-05-2022 00:00
West Bengal,Kolkata,Mechua,Apple,Fruits,124.7,7000,9400,8000,23-May-22,23-05-2022 00:00
Himachal Pradesh,Kangra,Palampur,Apple,Fruits,0.8,12000,12500,12250,23-May-22,23-05-2022 00:00
Himachal Pradesh,Una,Santoshgarh,Other,Fruits,0.1,10000,10000,10000,23-May-22,23-05-2022 00:00
Himachal Pradesh,Mandi,Mandi(Mandi),Apple,Fruits,0.6,10000,19700,15000,23-May-22,23-05-2022 00:00
Himachal Pradesh,Kangra,Kangra(Nagrota Bagwan),American,Fruits,0.1,9000,12000,10500,23-May-22,23-05-2022 00:00
Himachal Pradesh,Kangra,Kangra(Jaisinghpur),Apple,Fruits,0.06,12500,13000,12750,23-May-22,23-05-2022 00:00
Himachal Pradesh,Kangra,Kangra(Baijnath),Apple,Fruits,0.07,5500,7200,7000,23-May-22,23-05-2022 00:00
Himachal Pradesh,Bilaspur,Bilaspur,Apple,Fruits,0.3,12000,14000,13000,23-May-22,23-05-2022 00:00
Himachal Pradesh,Mandi,Dhanotu (Mandi),Royal Delicious,Fruits,0.4,10000,12000,11000,23-May-22,23-05-2022 00:00
Himachal Pradesh,Hamirpur,Hamirpur,Other,Fruits,0.2,12500,14000,13200,23-May-22,23-05-2022 00:00
Himachal Pradesh,Kangra,Kangra,Other,Fruits,0.4,9000,12000,10500,23-May-22,23-05-2022 00:00
NCT of Delhi,Delhi,Azadpur,Delicious,Fruits,160.7,2000,6667,4667,23-May-22,23-05-2022 00:00
NCT of Delhi,Delhi,Azadpur,Royal Delicious,Fruits,160.7,2500,11000,7500,23-May-22,23-05-2022 00:00
Odisha,Mayurbhanja,Karanjia,Other,Fruits,0.07,15000,17000,16000,23-May-22,23-05-2022 00:00
Odisha,Mayurbhanja,Karanjia,Other,Fruits,0.07,13000,15000,14000,23-May-22,23-05-2022 00:00
West Bengal,Kolkata,Mechua,Apple,Fruits,124.7,5000,6600,5800,23-May-22,23-05-2022 00:00
West Bengal,Kolkata,Mechua,Apple,Fruits,113.9,8500,11000,10000,24-May-22,24-05-2022 00:00
Himachal Pradesh,Hamirpur,Hamirpur,Delicious,Fruits,0.16,13000,14000,13500,24-May-22,24-05-2022 00:00
Himachal Pradesh,Hamirpur,Hamirpur(Nadaun),Delicious,Fruits,0.23,13000,14000,13500,24-May-22,24-05-2022 00:00
Himachal Pradesh,Kangra,Kangra,Other,Fruits,0.3,9000,12000,10500,24-May-22,24-05-2022 00:00
Himachal Pradesh,Kangra,Kangra(Baijnath),Apple,Fruits,0.1,12000,14000,13000,24-May-22,24-05-2022 00:00
Himachal Pradesh,Kangra,Kangra(Jaisinghpur),Apple,Fruits,0.05,12500,13000,12750,24-May-22,24-05-2022 00:00
Himachal Pradesh,Mandi,Mandi(Mandi),Apple,Fruits,0.1,8000,14000,10000,24-May-22,24-05-2022 00:00
Himachal Pradesh,Kangra,Palampur,Apple,Fruits,0.6,12000,12500,12250,24-May-22,24-05-2022 00:00
Himachal Pradesh,Una,Una,Other,Fruits,0.4,9000,15000,11000,24-May-22,24-05-2022 00:00
Himachal Pradesh,Mandi,Dhanotu (Mandi),Royal Delicious,Fruits,0.3,10000,12000,11000,24-May-22,24-05-2022 00:00
West Bengal,Kolkata,Mechua,Apple,Fruits,113.9,7000,9000,8000,24-May-22,24-05-2022 00:00
NCT of Delhi,Delhi,Azadpur,Delicious,Fruits,507.5,2000,6667,4667,24-May-22,24-05-2022 00:00
NCT of Delhi,Delhi,Azadpur,Kullu Royal Delicious,Fruits,507.5,3500,9000,6500,24-May-22,24-05-2022 00:00
NCT of Delhi,Delhi,Azadpur,Royal Delicious,Fruits,507.5,2500,11000,7500,24-May-22,24-05-2022 00:00
Odisha,Mayurbhanja,Karanjia,Other,Fruits,0.06,15000,17000,16000,24-May-22,24-05-2022 00:00
Odisha,Mayurbhanja,Karanjia,Other,Fruits,0.06,13000,15000,14000,24-May-22,24-05-2022 00:00
West Bengal,Kolkata,Mechua,Apple,Fruits,113.9,5000,6600,6000,24-May-22,24-05-2022 00:00
West Bengal,Kolkata,Mechua,Apple,Fruits,129.4,8500,10800,10000,25-May-22,25-05-2022 00:00
West Bengal,Kolkata,Mechua,Apple,Fruits,129.4,7200,9400,8500,25-May-22,25-05-2022 00:00
Himachal Pradesh,Kangra,Kangra(Baijnath),Apple,Fruits,0.08,13000,14000,14000,25-May-22,25-05-2022 00:00
Himachal Pradesh,Kangra,Kangra(Jaisinghpur),Apple,Fruits,0.05,15000,16000,15500,25-May-22,25-05-2022 00:00
Himachal Pradesh,Mandi,Mandi(Mandi),Apple,Fruits,0.3,5000,14000,10000,25-May-22,25-05-2022 00:00
Himachal Pradesh,Kangra,Palampur,Apple,Fruits,0.5,14000,16000,15000,25-May-22,25-05-2022 00:00
Himachal Pradesh,Kangra,Kangra,Other,Fruits,0.4,9000,12000,10500,25-May-22,25-05-2022 00:00
Himachal Pradesh,Mandi,Dhanotu (Mandi),Royal Delicious,Fruits,0.2,11000,13000,12000,25-May-22,25-05-2022 00:00
NCT of Delhi,Delhi,Azadpur,Delicious,Fruits,404.7,2000,6667,4666,25-May-22,25-05-2022 00:00
NCT of Delhi,Delhi,Azadpur,Kullu Royal Delicious,Fruits,404.7,3500,9000,6500,25-May-22,25-05-2022 00:00
NCT of Delhi,Delhi,Azadpur,Royal Delicious,Fruits,404.7,2500,11000,7500,25-May-22,25-05-2022 00:00
Odisha,Mayurbhanja,Karanjia,Other,Fruits,0.08,15000,17000,16000,25-May-22,25-05-2022 00:00
Odisha,Mayurbhanja,Karanjia,Other,Fruits,0.08,13000,15000,14000,25-May-22,25-05-2022 00:00
West Bengal,Kolkata,Mechua,Apple,Fruits,129.4,4800,6600,5800,25-May-22,25-05-2022 00:00
West Bengal,Kolkata,Mechua,Apple,Fruits,121.9,8200,10600,9800,26-May-22,26-05-2022 00:00
West Bengal,Kolkata,Mechua,Apple,Fruits,121.9,7000,9000,8000,26-May-22,26-05-2022 00:00
Himachal Pradesh,Mandi,Dhanotu (Mandi),Royal Delicious,Fruits,0.3,6000,12000,9000,26-May-22,26-05-2022 00:00
Himachal Pradesh,Kangra,Kangra,Other,Fruits,0.4,10000,12000,11000,26-May-22,26-05-2022 00:00
Himachal Pradesh,Kangra,Kangra(Baijnath),Apple,Fruits,0.1,12000,14000,13000,26-May-22,26-05-2022 00:00
Himachal Pradesh,Kangra,Kangra(Jaisinghpur),Apple,Fruits,0.05,15000,16000,15500,26-May-22,26-05-2022 00:00
Himachal Pradesh,Kangra,Kangra(Nagrota Bagwan),American,Fruits,0.1,9000,12000,10500,26-May-22,26-05-2022 00:00
Himachal Pradesh,Mandi,Mandi(Mandi),Apple,Fruits,0.3,9000,14000,10000,26-May-22,26-05-2022 00:00
Himachal Pradesh,Kangra,Palampur,Apple,Fruits,0.5,14000,16000,15000,26-May-22,26-05-2022 00:00
Himachal Pradesh,Sirmore,Paonta Sahib,Kasmir/Shimla - II,Fruits,0.2,12000,16000,14000,26-May-22,26-05-2022 00:00
Himachal Pradesh,Una,Santoshgarh,Other,Fruits,0.1,11000,11000,11000,26-May-22,26-05-2022 00:00
NCT of Delhi,Delhi,Azadpur,Delicious,Fruits,239.6,2000,6667,4666,26-May-22,26-05-2022 00:00
NCT of Delhi,Delhi,Azadpur,Royal Delicious,Fruits,239.6,2500,11000,7500,26-May-22,26-05-2022 00:00
Odisha,Mayurbhanja,Karanjia,Other,Fruits,0.06,15000,17000,16000,26-May-22,26-05-2022 00:00
Odisha,Mayurbhanja,Karanjia,Other,Fruits,0.06,13000,15000,14000,26-May-22,26-05-2022 00:00
West Bengal,Kolkata,Mechua,Apple,Fruits,121.9,5200,6800,6000,26-May-22,26-05-2022 00:00
West Bengal,Kolkata,Mechua,Apple,Fruits,123.7,8400,10800,10000,27-May-22,27-05-2022 00:00
Himachal Pradesh,Kangra,Kangra,Other,Fruits,0.3,10000,11000,10500,27-May-22,27-05-2022 00:00
Himachal Pradesh,Kangra,Kangra(Baijnath),Apple,Fruits,0.2,12000,14000,14000,27-May-22,27-05-2022 00:00
Himachal Pradesh,Kangra,Kangra(Jaisinghpur),Apple,Fruits,0.05,13000,14000,13500,27-May-22,27-05-2022 00:00
Himachal Pradesh,Kangra,Kangra(Nagrota Bagwan),American,Fruits,0.1,9000,11000,10000,27-May-22,27-05-2022 00:00
Himachal Pradesh,Mandi,Mandi(Mandi),Apple,Fruits,0.25,9000,21000,14000,27-May-22,27-05-2022 00:00
Himachal Pradesh,Kangra,Palampur,Apple,Fruits,0.5,12000,12500,12250,27-May-22,27-05-2022 00:00
Himachal Pradesh,Sirmore,Paonta Sahib,Kasmir/Shimla - II,Fruits,0.15,15000,0,16000,27-May-22,27-05-2022 00:00
NCT of Delhi,Delhi,Azadpur,Delicious,Fruits,439.7,2000,6667,4666,27-May-22,27-05-2022 00:00
Himachal Pradesh,Mandi,Dhanotu (Mandi),Royal Delicious,Fruits,0.3,9000,10000,9750,27-May-22,27-05-2022 00:00
NCT of Delhi,Delhi,Azadpur,Kullu Royal Delicious,Fruits,439.7,3500,9000,6500,27-May-22,27-05-2022 00:00
West Bengal,Kolkata,Mechua,Apple,Fruits,123.7,7400,9000,8600,27-May-22,27-05-2022 00:00
NCT of Delhi,Delhi,Azadpur,Royal Delicious,Fruits,439.7,2500,11000,7500,27-May-22,27-05-2022 00:00
Odisha,Mayurbhanja,Karanjia,Other,Fruits,0.06,13000,15000,14000,27-May-22,27-05-2022 00:00
Odisha,Mayurbhanja,Karanjia,Other,Fruits,0.06,15000,17000,16000,27-May-22,27-05-2022 00:00
West Bengal,Kolkata,Mechua,Apple,Fruits,123.7,5000,6600,6000,27-May-22,27-05-2022 00:00
West Bengal,Kolkata,Mechua,Apple,Fruits,89.3,8500,12500,11500,28-May-22,28-05-2022 00:00
Himachal Pradesh,Bilaspur,Bilaspur,Apple,Fruits,0.2,12000,18000,14000,28-May-22,28-05-2022 00:00
Himachal Pradesh,Mandi,Dhanotu (Mandi),Royal Delicious,Fruits,0.2,12000,12000,12000,28-May-22,28-05-2022 00:00
Himachal Pradesh,Hamirpur,Hamirpur,Delicious,Fruits,0.16,12500,14000,13500,28-May-22,28-05-2022 00:00
Himachal Pradesh,Hamirpur,Hamirpur(Nadaun),Delicious,Fruits,0.1,12500,14000,13500,28-May-22,28-05-2022 00:00
Himachal Pradesh,Kangra,Kangra,Other,Fruits,0.4,10000,11000,10500,28-May-22,28-05-2022 00:00
Himachal Pradesh,Kangra,Kangra(Baijnath),Apple,Fruits,0.1,12000,14000,13000,28-May-22,28-05-2022 00:00
Himachal Pradesh,Kangra,Kangra(Jaisinghpur),Apple,Fruits,0.04,14500,16000,15250,28-May-22,28-05-2022 00:00
Himachal Pradesh,Kangra,Kangra(Nagrota Bagwan),American,Fruits,0.1,9000,11000,10000,28-May-22,28-05-2022 00:00
Himachal Pradesh,Mandi,Mandi(Mandi),Apple,Fruits,0.3,10000,20000,14000,28-May-22,28-05-2022 00:00
Himachal Pradesh,Kangra,Palampur,Apple,Fruits,0.8,14000,16000,15000,28-May-22,28-05-2022 00:00
Himachal Pradesh,Sirmore,Paonta Sahib,Kasmir/Shimla - II,Fruits,0.1,16000,0,18000,28-May-22,28-05-2022 00:00
Himachal Pradesh,Una,Una,Other,Fruits,0.8,9000,15000,11000,28-May-22,28-05-2022 00:00
Himachal Pradesh,Una,Santoshgarh,Other,Fruits,0.1,12000,12000,12000,28-May-22,28-05-2022 00:00
West Bengal,Kolkata,Mechua,Apple,Fruits,89.3,7500,10000,9000,28-May-22,28-05-2022 00:00
NCT of Delhi,Delhi,Azadpur,Delicious,Fruits,506.8,1500,5000,3250,28-May-22,28-05-2022 00:00
NCT of Delhi,Delhi,Azadpur,Royal Delicious,Fruits,506.8,2500,11000,7500,28-May-22,28-05-2022 00:00
Odisha,Mayurbhanja,Karanjia,Other,Fruits,0.06,15000,17000,16000,28-May-22,28-05-2022 00:00
Odisha,Mayurbhanja,Karanjia,Other,Fruits,0.06,13000,15000,14000,28-May-22,28-05-2022 00:00
West Bengal,Kolkata,Mechua,Apple,Fruits,89.3,5500,7000,6500,28-May-22,28-05-2022 00:00
Himachal Pradesh,Una,Santoshgarh,Other,Fruits,0.1,12000,12000,12000,29-May-22,29-05-2022 00:00
Odisha,Mayurbhanja,Karanjia,Other,Fruits,0.13,16000,18000,17000,29-May-22,29-05-2022 00:00
Odisha,Mayurbhanja,Karanjia,Other,Fruits,0.13,15000,17000,16000,29-May-22,29-05-2022 00:00
West Bengal,Kolkata,Mechua,Apple,Fruits,123.9,8500,11500,10000,30-May-22,30-05-2022 00:00
Himachal Pradesh,Kangra,Kangra(Nagrota Bagwan),American,Fruits,0.1,9000,11000,10000,30-May-22,30-05-2022 00:00
Himachal Pradesh,Mandi,Mandi(Mandi),Apple,Fruits,0.4,8000,20000,14000,30-May-22,30-05-2022 00:00
Himachal Pradesh,Kangra,Palampur,Apple,Fruits,0.8,14000,16000,15000,30-May-22,30-05-2022 00:00
Himachal Pradesh,Una,Santoshgarh,Other,Fruits,0.1,11000,12000,11500,30-May-22,30-05-2022 00:00
Himachal Pradesh,Kangra,Kangra(Jaisinghpur),Apple,Fruits,0.05,14500,16000,15250,30-May-22,30-05-2022 00:00
NCT of Delhi,Delhi,Azadpur,Delicious,Fruits,128.8,2000,6667,4666,30-May-22,30-05-2022 00:00
Himachal Pradesh,Kangra,Kangra(Baijnath),Apple,Fruits,0.1,12000,13000,13000,30-May-22,30-05-2022 00:00
Himachal Pradesh,Hamirpur,Hamirpur,Delicious,Fruits,0.2,14000,15000,14500,30-May-22,30-05-2022 00:00
Himachal Pradesh,Mandi,Dhanotu (Mandi),Royal Delicious,Fruits,0.3,14000,15000,14500,30-May-22,30-05-2022 00:00
Himachal Pradesh,Kangra,Kangra,Other,Fruits,0.4,12000,18000,15000,30-May-22,30-05-2022 00:00
NCT of Delhi,Delhi,Azadpur,Royal Delicious,Fruits,128.8,2500,11000,7500,30-May-22,30-05-2022 00:00
Odisha,Mayurbhanja,Karanjia,Other,Fruits,0.07,16000,18000,17000,30-May-22,30-05-2022 00:00
Odisha,Mayurbhanja,Karanjia,Other,Fruits,0.07,15000,17000,16000,30-May-22,30-05-2022 00:00
West Bengal,Kolkata,Mechua,Apple,Fruits,123.9,7000,9400,8300,30-May-22,30-05-2022 00:00
West Bengal,Kolkata,Mechua,Apple,Fruits,123.9,5000,7000,6000,30-May-22,30-05-2022 00:00
West Bengal,Kolkata,Mechua,Apple,Fruits,112.6,8400,11000,10000,31-May-22,31-05-2022 00:00
West Bengal,Kolkata,Mechua,Apple,Fruits,112.6,7200,9400,8300,31-May-22,31-05-2022 00:00
Himachal Pradesh,Kangra,Kangra,Other,Fruits,0.4,12500,15000,13750,31-May-22,31-05-2022 00:00
Himachal Pradesh,Kangra,Kangra(Baijnath),Apple,Fruits,0.1,12500,13000,13000,31-May-22,31-05-2022 00:00
Himachal Pradesh,Kangra,Kangra(Jaisinghpur),Apple,Fruits,0.05,12500,13000,12750,31-May-22,31-05-2022 00:00
Himachal Pradesh,Mandi,Mandi(Mandi),Apple,Fruits,0.2,10000,14000,12000,31-May-22,31-05-2022 00:00
Himachal Pradesh,Kangra,Palampur,Apple,Fruits,0.7,12000,13000,12500,31-May-22,31-05-2022 00:00
Himachal Pradesh,Una,Santoshgarh,Other,Fruits,0.1,11000,11000,11000,31-May-22,31-05-2022 00:00
NCT of Delhi,Delhi,Azadpur,Delicious,Fruits,423.1,2000,6667,4667,31-May-22,31-05-2022 00:00
NCT of Delhi,Delhi,Azadpur,Royal Delicious,Fruits,423.1,2500,11000,7750,31-May-22,31-05-2022 00:00
Odisha,Mayurbhanja,Karanjia,Other,Fruits,0.06,15000,17000,16000,31-May-22,31-05-2022 00:00
Odisha,Mayurbhanja,Karanjia,Other,Fruits,0.06,13000,15000,14000,31-May-22,31-05-2022 00:00
West Bengal,Kolkata,Mechua,Apple,Fruits,112.6,5000,6600,6000,31-May-22,31-05-2022 00:00
West Bengal,Kolkata,Mechua,Apple,Fruits,113.4,8400,11000,9800,01-Jun-22,01-06-2022 00:00
Himachal Pradesh,Kangra,Kangra(Jaisinghpur),Apple,Fruits,0.05,11500,12500,12000,01-Jun-22,01-06-2022 00:00
Himachal Pradesh,Kangra,Kangra(Nagrota Bagwan),American,Fruits,0.1,9000,12000,10500,01-Jun-22,01-06-2022 00:00
Himachal Pradesh,Mandi,Mandi(Mandi),Apple,Fruits,0.15,11000,20200,14000,01-Jun-22,01-06-2022 00:00
Himachal Pradesh,Kangra,Palampur,Apple,Fruits,0.6,11000,12000,11500,01-Jun-22,01-06-2022 00:00
Himachal Pradesh,Una,Una,Other,Fruits,0.7,11000,18000,15000,01-Jun-22,01-06-2022 00:00
Himachal Pradesh,Kangra,Kangra(Baijnath),Apple,Fruits,0.2,12500,18500,12500,01-Jun-22,01-06-2022 00:00
Himachal Pradesh,Kangra,Kangra,Other,Fruits,0.4,10000,12000,11000,01-Jun-22,01-06-2022 00:00
Himachal Pradesh,Hamirpur,Hamirpur(Nadaun),Delicious,Fruits,0.16,14000,15000,14500,01-Jun-22,01-06-2022 00:00
Himachal Pradesh,Bilaspur,Bilaspur,Apple,Fruits,0.1,12000,18000,14000,01-Jun-22,01-06-2022 00:00
West Bengal,Kolkata,Mechua,Apple,Fruits,113.4,7000,9000,8000,01-Jun-22,01-06-2022 00:00
NCT of Delhi,Delhi,Azadpur,Delicious,Fruits,384.1,2667,7000,4666,01-Jun-22,01-06-2022 00:00
NCT of Delhi,Delhi,Azadpur,Royal Delicious,Fruits,384.1,2500,11000,7750,01-Jun-22,01-06-2022 00:00
Odisha,Mayurbhanja,Karanjia,Other,Fruits,0.05,15000,17000,16000,01-Jun-22,01-06-2022 00:00
Odisha,Mayurbhanja,Karanjia,Other,Fruits,0.05,13000,15000,14000,01-Jun-22,01-06-2022 00:00
West Bengal,Kolkata,Mechua,Apple,Fruits,113.4,5000,6600,5800,01-Jun-22,01-06-2022 00:00
NCT of Delhi,Delhi,Azadpur,Delicious,Fruits,310.1,2667,7333,4666,02-Jun-22,02-06-2022 00:00
NCT of Delhi,Delhi,Azadpur,Royal Delicious,Fruits,310.1,2500,11000,7750,02-Jun-22,02-06-2022 00:00
Himachal Pradesh,Kangra,Palampur,Apple,Fruits,0.6,11000,12000,11500,02-Jun-22,02-06-2022 00:00
Odisha,Mayurbhanja,Karanjia,Other,Fruits,0.05,15000,17000,16000,02-Jun-22,02-06-2022 00:00
Himachal Pradesh,Kangra,Kangra(Baijnath),Apple,Fruits,0.1,12000,13000,13000,02-Jun-22,02-06-2022 00:00
Odisha,Mayurbhanja,Karanjia,Other,Fruits,0.05,13000,15000,14000,02-Jun-22,02-06-2022 00:00
West Bengal,Kolkata,Mechua,Apple,Fruits,113.5,8600,10800,10000,03-Jun-22,03-06-2022 00:00
Himachal Pradesh,Kangra,Kangra(Baijnath),Apple,Fruits,0.1,13000,13000,13000,03-Jun-22,03-06-2022 00:00
Himachal Pradesh,Kangra,Kangra(Jaisinghpur),Apple,Fruits,0.05,14200,15200,14700,03-Jun-22,03-06-2022 00:00
Himachal Pradesh,Kangra,Palampur,Apple,Fruits,0.6,14000,15000,14500,03-Jun-22,03-06-2022 00:00
Himachal Pradesh,Una,Una,Other,Fruits,0.5,10000,18000,14000,03-Jun-22,03-06-2022 00:00
NCT of Delhi,Delhi,Azadpur,Delicious,Fruits,422.4,2667,7333,4666,03-Jun-22,03-06-2022 00:00
NCT of Delhi,Delhi,Azadpur,Royal Delicious,Fruits,422.4,2500,11000,7500,03-Jun-22,03-06-2022 00:00
Himachal Pradesh,Kangra,Kangra,Other,Fruits,0.2,10000,12000,11000,03-Jun-22,03-06-2022 00:00
Himachal Pradesh,Hamirpur,Hamirpur(Nadaun),Delicious,Fruits,0.16,13000,14000,13500,03-Jun-22,03-06-2022 00:00
Himachal Pradesh,Hamirpur,Hamirpur,Delicious,Fruits,0.12,13000,14000,13500,03-Jun-22,03-06-2022 00:00
West Bengal,Kolkata,Mechua,Apple,Fruits,113.5,7200,9400,8500,03-Jun-22,03-06-2022 00:00
West Bengal,Kolkata,Mechua,Apple,Fruits,113.5,5000,6600,6000,03-Jun-22,03-06-2022 00:00
Himachal Pradesh,Kangra,Kangra(Baijnath),Apple,Fruits,0.1,12000,13000,13000,04-Jun-22,04-06-2022 00:00
Himachal Pradesh,Kangra,Kangra(Jaisinghpur),Apple,Fruits,0.06,14500,15000,14750,04-Jun-22,04-06-2022 00:00
Himachal Pradesh,Mandi,Mandi(Mandi),Apple,Fruits,0.3,12000,14000,13000,04-Jun-22,04-06-2022 00:00
Himachal Pradesh,Kangra,Palampur,Apple,Fruits,0.6,14000,15000,14500,04-Jun-22,04-06-2022 00:00
Himachal Pradesh,Kangra,Kangra,Other,Fruits,0.4,10000,12000,11000,04-Jun-22,04-06-2022 00:00
Himachal Pradesh,Mandi,Dhanotu (Mandi),Royal Delicious,Fruits,0.2,11000,11000,11000,04-Jun-22,04-06-2022 00:00
NCT of Delhi,Delhi,Azadpur,Delicious,Fruits,176.6,3000,9000,6500,04-Jun-22,04-06-2022 00:00
NCT of Delhi,Delhi,Azadpur,Royal Delicious,Fruits,176.6,2500,11000,7500,04-Jun-22,04-06-2022 00:00
Odisha,Mayurbhanja,Karanjia,Other,Fruits,0.06,17000,19000,18000,04-Jun-22,04-06-2022 00:00
Odisha,Mayurbhanja,Karanjia,Other,Fruits,0.06,15000,17000,16000,04-Jun-22,04-06-2022 00:00
Odisha,Mayurbhanja,Karanjia,Other,Fruits,0.06,13000,15000,14000,05-Jun-22,05-06-2022 00:00
Odisha,Mayurbhanja,Karanjia,Other,Fruits,0.06,15000,17000,16000,05-Jun-22,05-06-2022 00:00
Himachal Pradesh,Mandi,Dhanotu (Mandi),Royal Delicious,Fruits,0.2,11000,11000,11000,05-Jun-22,05-06-2022 00:00
NCT of Delhi,Delhi,Azadpur,Delicious,Fruits,158.5,2667,7333,4666,06-Jun-22,06-06-2022 00:00
NCT of Delhi,Delhi,Azadpur,Royal Delicious,Fruits,158.5,2500,11000,7500,06-Jun-22,06-06-2022 00:00
Odisha,Mayurbhanja,Karanjia,Other,Fruits,0.05,15000,17000,16000,06-Jun-22,06-06-2022 00:00
Odisha,Mayurbhanja,Karanjia,Other,Fruits,0.05,13000,15000,14000,06-Jun-22,06-06-2022 00:00
Himachal Pradesh,Una,Una,Other,Fruits,1.1,10000,16000,13000,06-Jun-22,06-06-2022 00:00
Himachal Pradesh,Mandi,Mandi(Mandi),Apple,Fruits,0.6,8000,20000,14000,06-Jun-22,06-06-2022 00:00
Himachal Pradesh,Kangra,Kangra(Nagrota Bagwan),American,Fruits,0.1,9000,12000,10500,06-Jun-22,06-06-2022 00:00
Himachal Pradesh,Kangra,Kangra(Baijnath),Apple,Fruits,0.1,12000,14000,14000,06-Jun-22,06-06-2022 00:00
Himachal Pradesh,Bilaspur,Bilaspur,Apple,Fruits,0.1,12000,18000,14000,06-Jun-22,06-06-2022 00:00
Himachal Pradesh,Kangra,Kangra,Other,Fruits,0.3,10000,12000,11000,06-Jun-22,06-06-2022 00:00
West Bengal,Kolkata,Mechua,Apple,Fruits,123.6,8500,11000,10000,07-Jun-22,07-06-2022 00:00
Himachal Pradesh,Hamirpur,Hamirpur,Delicious,Fruits,0.23,13000,14000,13500,07-Jun-22,07-06-2022 00:00
Himachal Pradesh,Kangra,Kangra,Other,Fruits,0.4,10000,12000,11000,07-Jun-22,07-06-2022 00:00
Himachal Pradesh,Kangra,Kangra(Baijnath),Apple,Fruits,0.1,12000,13000,13000,07-Jun-22,07-06-2022 00:00
Himachal Pradesh,Kangra,Kangra(Jaisinghpur),Apple,Fruits,0.05,13500,15000,14250,07-Jun-22,07-06-2022 00:00
Himachal Pradesh,Mandi,Mandi(Mandi),Apple,Fruits,0.35,10000,20000,15000,07-Jun-22,07-06-2022 00:00
Himachal Pradesh,Kangra,Palampur,Apple,Fruits,0.6,13000,15000,14000,07-Jun-22,07-06-2022 00:00
Himachal Pradesh,Una,Santoshgarh,Other,Fruits,0.1,11000,11000,11000,07-Jun-22,07-06-2022 00:00
Himachal Pradesh,Una,Una,Other,Fruits,0.8,10000,16000,13000,07-Jun-22,07-06-2022 00:00
Himachal Pradesh,Mandi,Dhanotu (Mandi),Royal Delicious,Fruits,0.2,11000,11000,11000,07-Jun-22,07-06-2022 00:00
West Bengal,Kolkata,Mechua,Apple,Fruits,123.6,7200,8800,8400,07-Jun-22,07-06-2022 00:00
NCT of Delhi,Delhi,Azadpur,Delicious,Fruits,500.2,2667,7333,4666,07-Jun-22,07-06-2022 00:00
NCT of Delhi,Delhi,Azadpur,Royal Delicious,Fruits,500.2,3000,11000,7625,07-Jun-22,07-06-2022 00:00
Odisha,Mayurbhanja,Karanjia,Other,Fruits,0.05,15000,17000,16000,07-Jun-22,07-06-2022 00:00
Odisha,Mayurbhanja,Karanjia,Other,Fruits,0.05,13000,15000,14000,07-Jun-22,07-06-2022 00:00
West Bengal,Kolkata,Mechua,Apple,Fruits,123.6,5000,6600,5800,07-Jun-22,07-06-2022 00:00
West Bengal,Kolkata,Mechua,Apple,Fruits,132.7,8000,11000,9800,08-Jun-22,08-06-2022 00:00
West Bengal,Kolkata,Mechua,Apple,Fruits,132.7,7000,8800,8000,08-Jun-22,08-06-2022 00:00
Himachal Pradesh,Kangra,Kangra(Jaisinghpur),Apple,Fruits,0.05,13500,15000,14250,08-Jun-22,08-06-2022 00:00
Himachal Pradesh,Kangra,Kangra(Nagrota Bagwan),American,Fruits,0.1,10000,12000,11000,08-Jun-22,08-06-2022 00:00
Himachal Pradesh,Mandi,Mandi(Mandi),Apple,Fruits,0.3,10000,20000,15000,08-Jun-22,08-06-2022 00:00
Himachal Pradesh,Kangra,Palampur,Apple,Fruits,0.5,13000,15000,14000,08-Jun-22,08-06-2022 00:00
Himachal Pradesh,Una,Santoshgarh,Other,Fruits,0.1,12000,12000,12000,08-Jun-22,08-06-2022 00:00
Himachal Pradesh,Una,Una,Other,Fruits,0.8,10000,18000,14000,08-Jun-22,08-06-2022 00:00
Himachal Pradesh,Kangra,Kangra(Baijnath),Apple,Fruits,0.2,12000,14000,13000,08-Jun-22,08-06-2022 00:00
Himachal Pradesh,Kangra,Kangra,Other,Fruits,0.4,10000,13000,11500,08-Jun-22,08-06-2022 00:00
Himachal Pradesh,Hamirpur,Hamirpur,Delicious,Fruits,0.65,12000,14000,13000,08-Jun-22,08-06-2022 00:00
Himachal Pradesh,Mandi,Dhanotu (Mandi),Royal Delicious,Fruits,0.3,11000,11000,11000,08-Jun-22,08-06-2022 00:00
NCT of Delhi,Delhi,Azadpur,Delicious,Fruits,277.1,2667,7333,4666,08-Jun-22,08-06-2022 00:00
NCT of Delhi,Delhi,Azadpur,Royal Delicious,Fruits,277.1,3000,11000,7625,08-Jun-22,08-06-2022 00:00
Odisha,Mayurbhanja,Karanjia,Other,Fruits,0.07,15000,17000,16000,08-Jun-22,08-06-2022 00:00
Odisha,Mayurbhanja,Karanjia,Other,Fruits,0.07,13000,15000,14000,08-Jun-22,08-06-2022 00:00
West Bengal,Kolkata,Mechua,Apple,Fruits,132.7,5000,6600,5700,08-Jun-22,08-06-2022 00:00
West Bengal,Kolkata,Mechua,Apple,Fruits,123.6,7600,9800,9000,09-Jun-22,09-06-2022 00:00
West Bengal,Kolkata,Mechua,Apple,Fruits,123.6,6200,8500,7000,09-Jun-22,09-06-2022 00:00
Himachal Pradesh,Mandi,Mandi(Mandi),Apple,Fruits,0.15,10000,13500,12500,09-Jun-22,09-06-2022 00:00
Himachal Pradesh,Kangra,Palampur,Apple,Fruits,0.5,13000,15000,14000,09-Jun-22,09-06-2022 00:00
Himachal Pradesh,Sirmore,Paonta Sahib,Kasmir/Shimla - II,Fruits,0.2,7000,0,8000,09-Jun-22,09-06-2022 00:00
Himachal Pradesh,Una,Santoshgarh,Other,Fruits,0.1,11500,12000,11750,09-Jun-22,09-06-2022 00:00
Himachal Pradesh,Una,Una,Other,Fruits,0.6,10000,18000,14000,09-Jun-22,09-06-2022 00:00
Himachal Pradesh,Kangra,Kangra(Nagrota Bagwan),American,Fruits,0.1,10000,12000,11000,09-Jun-22,09-06-2022 00:00
Himachal Pradesh,Kangra,Kangra(Jaisinghpur),Apple,Fruits,0.05,13500,15000,14250,09-Jun-22,09-06-2022 00:00
Himachal Pradesh,Kangra,Kangra,Other,Fruits,0.5,10000,13000,11500,09-Jun-22,09-06-2022 00:00
Himachal Pradesh,Kangra,Kangra(Baijnath),Apple,Fruits,0.1,12000,14000,13000,09-Jun-22,09-06-2022 00:00
Himachal Pradesh,Hamirpur,Hamirpur,Delicious,Fruits,0.16,12000,14000,13000,09-Jun-22,09-06-2022 00:00
NCT of Delhi,Delhi,Azadpur,Delicious,Fruits,328.4,2667,7333,4666,09-Jun-22,09-06-2022 00:00
NCT of Delhi,Delhi,Azadpur,Royal Delicious,Fruits,328.4,3000,11500,7750,09-Jun-22,09-06-2022 00:00
Odisha,Mayurbhanja,Karanjia,Other,Fruits,0.06,15000,17000,16000,09-Jun-22,09-06-2022 00:00
Odisha,Mayurbhanja,Karanjia,Other,Fruits,0.06,13000,15000,14000,09-Jun-22,09-06-2022 00:00
West Bengal,Kolkata,Mechua,Apple,Fruits,123.6,5000,6600,5800,09-Jun-22,09-06-2022 00:00
West Bengal,Kolkata,Mechua,Apple,Fruits,132.5,7600,9800,9000,10-Jun-22,10-06-2022 00:00
Himachal Pradesh,Kangra,Palampur,Apple,Fruits,0.5,12000,13000,12500,10-Jun-22,10-06-2022 00:00
Himachal Pradesh,Mandi,Mandi(Mandi),Apple,Fruits,0.25,8000,18800,13000,10-Jun-22,10-06-2022 00:00
Himachal Pradesh,Kangra,Kangra(Jaisinghpur),Apple,Fruits,0.05,13000,14000,13500,10-Jun-22,10-06-2022 00:00
Himachal Pradesh,Kangra,Kangra(Baijnath),Apple,Fruits,0.1,12000,14000,13000,10-Jun-22,10-06-2022 00:00
Himachal Pradesh,Kangra,Kangra,Other,Fruits,0.3,10000,13000,11500,10-Jun-22,10-06-2022 00:00
NCT of Delhi,Delhi,Azadpur,Delicious,Fruits,228.0,2667,7333,5000,10-Jun-22,10-06-2022 00:00
Himachal Pradesh,Hamirpur,Hamirpur,Delicious,Fruits,0.12,12000,14000,13000,10-Jun-22,10-06-2022 00:00
NCT of Delhi,Delhi,Azadpur,Royal Delicious,Fruits,228.0,3000,12000,7875,10-Jun-22,10-06-2022 00:00
Odisha,Mayurbhanja,Karanjia,Other,Fruits,0.07,15000,17000,16000,10-Jun-22,10-06-2022 00:00
Odisha,Mayurbhanja,Karanjia,Other,Fruits,0.07,13000,15000,14000,10-Jun-22,10-06-2022 00:00
West Bengal,Kolkata,Mechua,Apple,Fruits,132.5,6500,8600,7800,10-Jun-22,10-06-2022 00:00
West Bengal,Kolkata,Mechua,Apple,Fruits,132.5,4800,6600,5700,10-Jun-22,10-06-2022 00:00
West Bengal,Kolkata,Mechua,Apple,Fruits,123.4,7800,9800,8800,11-Jun-22,11-06-2022 00:00
Himachal Pradesh,Mandi,Dhanotu (Mandi),Royal Delicious,Fruits,0.2,15000,16000,15500,11-Jun-22,11-06-2022 00:00
NCT of Delhi,Delhi,Azadpur,Delicious,Fruits,294.5,2667,7333,5000,11-Jun-22,11-06-2022 00:00
NCT of Delhi,Delhi,Azadpur,Royal Delicious,Fruits,294.5,3000,12000,7875,11-Jun-22,11-06-2022 00:00
Odisha,Mayurbhanja,Karanjia,Other,Fruits,0.05,15000,17000,16000,11-Jun-22,11-06-2022 00:00
West Bengal,Kolkata,Mechua,Apple,Fruits,123.4,6400,8200,7000,11-Jun-22,11-06-2022 00:00
Odisha,Mayurbhanja,Karanjia,Other,Fruits,0.05,13000,15000,14000,11-Jun-22,11-06-2022 00:00
West Bengal,Kolkata,Mechua,Apple,Fruits,123.4,4800,6600,5700,11-Jun-22,11-06-2022 00:00
Odisha,Mayurbhanja,Karanjia,Other,Fruits,0.05,15000,17000,16000,12-Jun-22,12-06-2022 00:00
Himachal Pradesh,Una,Santoshgarh,Other,Fruits,0.1,12000,12000,12000,12-Jun-22,12-06-2022 00:00
Odisha,Mayurbhanja,Karanjia,Other,Fruits,0.05,13000,15000,14000,12-Jun-22,12-06-2022 00:00
Himachal Pradesh,Kangra,Kangra(Baijnath),Apple,Fruits,0.1,12000,13000,13000,13-Jun-22,13-06-2022 00:00
Himachal Pradesh,Kangra,Kangra(Jaisinghpur),Apple,Fruits,0.04,13500,15500,14500,13-Jun-22,13-06-2022 00:00
Himachal Pradesh,Kangra,Kangra(Nagrota Bagwan),American,Fruits,0.2,10000,12000,11000,13-Jun-22,13-06-2022 00:00
Himachal Pradesh,Mandi,Mandi(Mandi),Apple,Fruits,0.25,10000,19700,15000,13-Jun-22,13-06-2022 00:00
Himachal Pradesh,Kangra,Palampur,Apple,Fruits,0.6,13000,15000,14000,13-Jun-22,13-06-2022 00:00
Himachal Pradesh,Una,Santoshgarh,Other,Fruits,0.09,12000,13000,12500,13-Jun-22,13-06-2022 00:00
Himachal Pradesh,Una,Una,Other,Fruits,0.9,10000,16000,13000,13-Jun-22,13-06-2022 00:00
Himachal Pradesh,Kangra,Kangra,Other,Fruits,0.5,10000,12000,11000,13-Jun-22,13-06-2022 00:00
Himachal Pradesh,Mandi,Dhanotu (Mandi),Royal Delicious,Fruits,0.3,11000,16000,13500,13-Jun-22,13-06-2022 00:00
NCT of Delhi,Delhi,Azadpur,Delicious,Fruits,217.3,2667,7333,5000,13-Jun-22,13-06-2022 00:00
NCT of Delhi,Delhi,Azadpur,Royal Delicious,Fruits,217.3,3000,11000,7750,13-Jun-22,13-06-2022 00:00
Odisha,Mayurbhanja,Karanjia,Other,Fruits,0.07,15000,17000,16000,13-Jun-22,13-06-2022 00:00
Odisha,Mayurbhanja,Karanjia,Other,Fruits,0.07,13000,15000,14000,13-Jun-22,13-06-2022 00:00
West Bengal,Kolkata,Mechua,Apple,Fruits,143.3,7600,9800,8800,14-Jun-22,14-06-2022 00:00
West Bengal,Kolkata,Mechua,Apple,Fruits,143.3,6500,8600,7300,14-Jun-22,14-06-2022 00:00
Himachal Pradesh,Bilaspur,Bilaspur,Apple,Fruits,0.2,12000,18000,15000,14-Jun-22,14-06-2022 00:00
Himachal Pradesh,Chamba,Chamba,Royal Delicious,Fruits,0.06,12000,13000,12500,14-Jun-22,14-06-2022 00:00
Himachal Pradesh,Kangra,Kangra,Other,Fruits,0.2,10000,12000,11000,14-Jun-22,14-06-2022 00:00
NCT of Delhi,Delhi,Azadpur,Delicious,Fruits,245.7,2667,7333,5000,14-Jun-22,14-06-2022 00:00
NCT of Delhi,Delhi,Azadpur,Royal Delicious,Fruits,245.7,3000,11000,7750,14-Jun-22,14-06-2022 00:00
Odisha,Mayurbhanja,Karanjia,Other,Fruits,0.05,15000,17000,16000,14-Jun-22,14-06-2022 00:00
Odisha,Mayurbhanja,Karanjia,Other,Fruits,0.05,13000,15000,14000,14-Jun-22,14-06-2022 00:00
West Bengal,Kolkata,Mechua,Apple,Fruits,143.3,4800,6600,5800,14-Jun-22,14-06-2022 00:00
Himachal Pradesh,Hamirpur,Hamirpur,Delicious,Fruits,0.23,13000,15000,14000,15-Jun-22,15-06-2022 00:00
Himachal Pradesh,Hamirpur,Hamirpur(Nadaun),Delicious,Fruits,0.19,13000,15000,14000,15-Jun-22,15-06-2022 00:00
Himachal Pradesh,Kangra,Kangra,Other,Fruits,0.4,10000,13000,11500,15-Jun-22,15-06-2022 00:00
Himachal Pradesh,Kangra,Kangra(Baijnath),Apple,Fruits,0.1,13000,14000,13000,15-Jun-22,15-06-2022 00:00
Himachal Pradesh,Kangra,Kangra(Jaisinghpur),Apple,Fruits,0.06,15000,18000,16500,15-Jun-22,15-06-2022 00:00
Himachal Pradesh,Kangra,Kangra(Jassour),Other,Fruits,0.4,8000,12000,10000,15-Jun-22,15-06-2022 00:00
Himachal Pradesh,Kangra,Palampur,Apple,Fruits,0.5,16000,18000,17000,15-Jun-22,15-06-2022 00:00
Himachal Pradesh,Una,Santoshgarh,Other,Fruits,0.1,11500,12000,11750,15-Jun-22,15-06-2022 00:00
Himachal Pradesh,Mandi,Mandi(Mandi),Apple,Fruits,0.25,10000,14000,12000,15-Jun-22,15-06-2022 00:00
NCT of Delhi,Delhi,Azadpur,Delicious,Fruits,250.9,2667,7333,5000,15-Jun-22,15-06-2022 00:00
NCT of Delhi,Delhi,Azadpur,Royal Delicious,Fruits,250.9,3000,11000,7750,15-Jun-22,15-06-2022 00:00
Odisha,Mayurbhanja,Karanjia,Other,Fruits,0.07,15000,17000,16000,15-Jun-22,15-06-2022 00:00
Odisha,Mayurbhanja,Karanjia,Other,Fruits,0.07,13000,15000,14000,15-Jun-22,15-06-2022 00:00
West Bengal,Kolkata,Mechua,Apple,Fruits,132.9,7600,9800,8700,16-Jun-22,16-06-2022 00:00
West Bengal,Kolkata,Mechua,Apple,Fruits,132.9,6500,8500,7500,16-Jun-22,16-06-2022 00:00
Himachal Pradesh,Hamirpur,Hamirpur,Delicious,Fruits,0.2,12000,13000,12500,16-Jun-22,16-06-2022 00:00
Himachal Pradesh,Hamirpur,Hamirpur(Nadaun),Delicious,Fruits,0.2,13000,14000,13500,16-Jun-22,16-06-2022 00:00
Himachal Pradesh,Kangra,Kangra,Other,Fruits,0.4,10000,13000,11500,16-Jun-22,16-06-2022 00:00
Himachal Pradesh,Kangra,Kangra(Baijnath),Apple,Fruits,0.1,12000,14000,13000,16-Jun-22,16-06-2022 00:00
Himachal Pradesh,Kangra,Kangra(Jaisinghpur),Apple,Fruits,0.06,15000,18000,16500,16-Jun-22,16-06-2022 00:00
Himachal Pradesh,Mandi,Mandi(Mandi),Apple,Fruits,0.15,9000,14000,10000,16-Jun-22,16-06-2022 00:00
Himachal Pradesh,Kangra,Palampur,Apple,Fruits,0.4,16000,18000,17000,16-Jun-22,16-06-2022 00:00
Himachal Pradesh,Sirmore,Paonta Sahib,Kasmir/Shimla - II,Fruits,0.1,10000,12000,11000,16-Jun-22,16-06-2022 00:00
Himachal Pradesh,Una,Una,Other,Fruits,0.7,10000,18000,15000,16-Jun-22,16-06-2022 00:00
Himachal Pradesh,Chamba,Chamba,Royal Delicious,Fruits,0.17,12000,13000,12500,16-Jun-22,16-06-2022 00:00
NCT of Delhi,Delhi,Azadpur,Delicious,Fruits,242.9,2667,7333,5000,16-Jun-22,16-06-2022 00:00
NCT of Delhi,Delhi,Azadpur,Royal Delicious,Fruits,242.9,3000,11000,7750,16-Jun-22,16-06-2022 00:00
Odisha,Mayurbhanja,Karanjia,Other,Fruits,0.07,15000,17000,16000,16-Jun-22,16-06-2022 00:00
Odisha,Mayurbhanja,Karanjia,Other,Fruits,0.07,13000,15000,14000,16-Jun-22,16-06-2022 00:00
West Bengal,Kolkata,Mechua,Apple,Fruits,132.9,4800,6600,5700,16-Jun-22,16-06-2022 00:00
Himachal Pradesh,Kangra,Kangra,Other,Fruits,0.5,10000,13000,11500,17-Jun-22,17-06-2022 00:00
Himachal Pradesh,Kangra,Kangra(Jaisinghpur),Apple,Fruits,0.06,11000,17500,14250,17-Jun-22,17-06-2022 00:00
Himachal Pradesh,Kangra,Kangra(Jassour),Other,Fruits,0.4,8000,12000,10000,17-Jun-22,17-06-2022 00:00
Himachal Pradesh,Mandi,Mandi(Mandi),Apple,Fruits,0.2,4000,14000,12000,17-Jun-22,17-06-2022 00:00
Himachal Pradesh,Kangra,Palampur,Apple,Fruits,0.3,10000,17000,13500,17-Jun-22,17-06-2022 00:00
Himachal Pradesh,Una,Santoshgarh,Other,Fruits,0.12,11000,11000,11000,17-Jun-22,17-06-2022 00:00
Himachal Pradesh,Mandi,Dhanotu (Mandi),Royal Delicious,Fruits,0.2,12000,12000,12000,17-Jun-22,17-06-2022 00:00
Himachal Pradesh,Chamba,Chamba,Royal Delicious,Fruits,0.07,12000,13000,12500,17-Jun-22,17-06-2022 00:00
NCT of Delhi,Delhi,Azadpur,Delicious,Fruits,164.3,2000,7333,7000,17-Jun-22,17-06-2022 00:00
NCT of Delhi,Delhi,Azadpur,Royal Delicious,Fruits,164.3,5000,11000,8375,17-Jun-22,17-06-2022 00:00
Odisha,Mayurbhanja,Karanjia,Other,Fruits,0.06,15000,17000,16000,17-Jun-22,17-06-2022 00:00
Odisha,Mayurbhanja,Karanjia,Other,Fruits,0.06,13000,15000,14000,17-Jun-22,17-06-2022 00:00
Himachal Pradesh,Hamirpur,Hamirpur(Nadaun),Delicious,Fruits,0.23,12000,14000,13000,18-Jun-22,18-06-2022 00:00
Himachal Pradesh,Kangra,Kangra,Other,Fruits,0.3,10000,13000,11500,18-Jun-22,18-06-2022 00:00
Himachal Pradesh,Kangra,Kangra(Jaisinghpur),Apple,Fruits,0.04,11000,17500,14250,18-Jun-22,18-06-2022 00:00
Himachal Pradesh,Kangra,Kangra(Jassour),Other,Fruits,0.4,8000,12000,10000,18-Jun-22,18-06-2022 00:00
Himachal Pradesh,Mandi,Mandi(Mandi),Apple,Fruits,0.15,11000,21000,15000,18-Jun-22,18-06-2022 00:00
Himachal Pradesh,Kangra,Palampur,Apple,Fruits,0.6,10000,17000,13500,18-Jun-22,18-06-2022 00:00
Himachal Pradesh,Sirmore,Paonta Sahib,Kasmir/Shimla - II,Fruits,0.12,10000,0,12000,18-Jun-22,18-06-2022 00:00
Himachal Pradesh,Una,Santoshgarh,Other,Fruits,0.1,12000,12000,12000,18-Jun-22,18-06-2022 00:00
Himachal Pradesh,Hamirpur,Hamirpur,Delicious,Fruits,0.35,12000,14000,13000,18-Jun-22,18-06-2022 00:00
NCT of Delhi,Delhi,Azadpur,Royal Delicious,Fruits,114.2,5000,11000,8375,18-Jun-22,18-06-2022 00:00
Odisha,Mayurbhanja,Karanjia,Other,Fruits,0.05,15000,17000,16000,18-Jun-22,18-06-2022 00:00
Odisha,Mayurbhanja,Karanjia,Other,Fruits,0.05,13000,15000,14000,18-Jun-22,18-06-2022 00:00
Odisha,Mayurbhanja,Karanjia,Other,Fruits,0.05,15000,17000,16000,19-Jun-22,19-06-2022 00:00
Odisha,Mayurbhanja,Karanjia,Other,Fruits,0.05,13000,15000,14000,19-Jun-22,19-06-2022 00:00
Himachal Pradesh,Una,Una,Other,Fruits,0.7,12000,18000,14000,20-Jun-22,20-06-2022 00:00
Himachal Pradesh,Una,Santoshgarh,Other,Fruits,0.1,12000,12000,12000,20-Jun-22,20-06-2022 00:00
Himachal Pradesh,Kangra,Palampur,Apple,Fruits,0.5,10000,17000,13500,20-Jun-22,20-06-2022 00:00
Himachal Pradesh,Mandi,Mandi(Mandi),Apple,Fruits,0.4,4000,14000,12000,20-Jun-22,20-06-2022 00:00
Himachal Pradesh,Mandi,Dhanotu (Mandi),Royal Delicious,Fruits,0.2,16000,16000,16000,20-Jun-22,20-06-2022 00:00
Himachal Pradesh,Kangra,Kangra,Other,Fruits,0.4,10000,13000,11500,20-Jun-22,20-06-2022 00:00
Himachal Pradesh,Kangra,Kangra(Jaisinghpur),Apple,Fruits,0.06,11000,17500,14250,20-Jun-22,20-06-2022 00:00
Himachal Pradesh,Kangra,Kangra(Jassour),Other,Fruits,0.4,8000,12000,10000,20-Jun-22,20-06-2022 00:00
Himachal Pradesh,Kangra,Kangra(Nagrota Bagwan),American,Fruits,0.1,10000,12000,11000,20-Jun-22,20-06-2022 00:00
Himachal Pradesh,Mandi,Mandi(Takoli),Other,Fruits,0.5,2500,4500,3000,20-Jun-22,20-06-2022 00:00
NCT of Delhi,Delhi,Azadpur,Delicious,Fruits,111.5,2000,7333,4889,20-Jun-22,20-06-2022 00:00
NCT of Delhi,Delhi,Azadpur,Royal Delicious,Fruits,111.5,5000,11000,8813,20-Jun-22,20-06-2022 00:00
Odisha,Mayurbhanja,Karanjia,Other,Fruits,0.06,15000,17000,16000,20-Jun-22,20-06-2022 00:00
Odisha,Mayurbhanja,Karanjia,Other,Fruits,0.06,13000,15000,14000,20-Jun-22,20-06-2022 00:00
Himachal Pradesh,Chamba,Chamba,Royal Delicious,Fruits,0.2,11000,12000,11500,21-Jun-22,21-06-2022 00:00
Himachal Pradesh,Kangra,Kangra,Other,Fruits,0.4,12000,15000,13500,21-Jun-22,21-06-2022 00:00
Himachal Pradesh,Kangra,Kangra(Jaisinghpur),Apple,Fruits,0.05,10000,17000,13500,21-Jun-22,21-06-2022 00:00
Himachal Pradesh,Kangra,Kangra(Jassour),Other,Fruits,0.4,8000,12000,10000,21-Jun-22,21-06-2022 00:00
Himachal Pradesh,Kangra,Kangra(Nagrota Bagwan),American,Fruits,0.1,10000,12000,11000,21-Jun-22,21-06-2022 00:00
Himachal Pradesh,Mandi,Mandi(Mandi),Apple,Fruits,0.2,10000,14000,12000,21-Jun-22,21-06-2022 00:00
Himachal Pradesh,Sirmore,Nahan,Other,Fruits,0.1,10000,13000,12000,21-Jun-22,21-06-2022 00:00
Himachal Pradesh,Kangra,Palampur,Apple,Fruits,0.4,10000,17000,13500,21-Jun-22,21-06-2022 00:00
Himachal Pradesh,Una,Una,Other,Fruits,0.3,8000,14000,12000,21-Jun-22,21-06-2022 00:00
NCT of Delhi,Delhi,Azadpur,Delicious,Fruits,99.1,2000,8000,6250,21-Jun-22,21-06-2022 00:00
NCT of Delhi,Delhi,Azadpur,Royal Delicious,Fruits,99.1,5000,11000,8813,21-Jun-22,21-06-2022 00:00
Odisha,Mayurbhanja,Karanjia,Other,Fruits,0.06,15000,17000,16000,21-Jun-22,21-06-2022 00:00
Odisha,Mayurbhanja,Karanjia,Other,Fruits,0.06,13000,15000,14000,21-Jun-22,21-06-2022 00:00
Himachal Pradesh,Hamirpur,Hamirpur,Delicious,Fruits,0.23,12000,14000,13000,22-Jun-22,22-06-2022 00:00
Himachal Pradesh,Hamirpur,Hamirpur(Nadaun),Delicious,Fruits,0.16,12000,14000,13000,22-Jun-22,22-06-2022 00:00
Himachal Pradesh,Kangra,Kangra,Other,Fruits,0.4,16000,20000,18000,22-Jun-22,22-06-2022 00:00
Himachal Pradesh,Kangra,Kangra(Jaisinghpur),Apple,Fruits,0.06,7000,17500,7250,22-Jun-22,22-06-2022 00:00
Himachal Pradesh,Kangra,Kangra(Jassour),Other,Fruits,0.3,8000,12000,10000,22-Jun-22,22-06-2022 00:00
Himachal Pradesh,Mandi,Mandi(Mandi),Apple,Fruits,0.1,11000,14000,12000,22-Jun-22,22-06-2022 00:00
Himachal Pradesh,Mandi,Mandi(Takoli),Other,Fruits,0.2,2000,4000,3000,22-Jun-22,22-06-2022 00:00
Himachal Pradesh,Sirmore,Nahan,Other,Fruits,0.1,6000,10000,8000,22-Jun-22,22-06-2022 00:00
Himachal Pradesh,Kangra,Palampur,Apple,Fruits,0.5,6000,17000,10000,22-Jun-22,22-06-2022 00:00
Himachal Pradesh,Sirmore,Paonta Sahib,Kasmir/Shimla - II,Fruits,0.1,12000,14000,13000,22-Jun-22,22-06-2022 00:00
Himachal Pradesh,Mandi,Dhanotu (Mandi),Royal Delicious,Fruits,0.2,5000,8000,6500,22-Jun-22,22-06-2022 00:00
Himachal Pradesh,Bilaspur,Bilaspur,Apple,Fruits,0.1,13000,20000,15000,22-Jun-22,22-06-2022 00:00
NCT of Delhi,Delhi,Azadpur,Delicious,Fruits,232.5,2000,8000,6250,22-Jun-22,22-06-2022 00:00
NCT of Delhi,Delhi,Azadpur,Royal Delicious,Fruits,232.5,5000,11000,8813,22-Jun-22,22-06-2022 00:00
Odisha,Mayurbhanja,Karanjia,Other,Fruits,0.06,15000,17000,16000,22-Jun-22,22-06-2022 00:00
Odisha,Mayurbhanja,Karanjia,Other,Fruits,0.06,13000,15000,14000,22-Jun-22,22-06-2022 00:00
West Bengal,Kolkata,Mechua,Apple,Fruits,126.3,8000,10000,9000,23-Jun-22,23-06-2022 00:00
West Bengal,Kolkata,Mechua,Apple,Fruits,126.3,6800,8600,7500,23-Jun-22,23-06-2022 00:00
Himachal Pradesh,Mandi,Dhanotu (Mandi),Royal Delicious,Fruits,0.2,5000,7000,6000,23-Jun-22,23-06-2022 00:00
Himachal Pradesh,Hamirpur,Hamirpur,Delicious,Fruits,0.13,14000,18000,16000,23-Jun-22,23-06-2022 00:00
Himachal Pradesh,Kangra,Kangra(Jaisinghpur),Apple,Fruits,0.05,7000,17500,12250,23-Jun-22,23-06-2022 00:00
Himachal Pradesh,Kangra,Kangra(Jassour),Other,Fruits,0.4,8000,12000,10000,23-Jun-22,23-06-2022 00:00
Himachal Pradesh,Mandi,Mandi(Mandi),Apple,Fruits,0.1,8000,20000,15000,23-Jun-22,23-06-2022 00:00
Himachal Pradesh,Kangra,Palampur,Apple,Fruits,0.5,6000,17000,11500,23-Jun-22,23-06-2022 00:00
Himachal Pradesh,Una,Una,Other,Fruits,0.5,9000,17000,14000,23-Jun-22,23-06-2022 00:00
NCT of Delhi,Delhi,Azadpur,Delicious,Fruits,147.7,1800,2400,2200,23-Jun-22,23-06-2022 00:00
NCT of Delhi,Delhi,Azadpur,Royal Delicious,Fruits,147.7,5000,11000,8813,23-Jun-22,23-06-2022 00:00
West Bengal,Kolkata,Mechua,Apple,Fruits,126.3,5000,6600,5800,23-Jun-22,23-06-2022 00:00
Himachal Pradesh,Mandi,Dhanotu (Mandi),Royal Delicious,Fruits,0.2,16000,17000,16500,24-Jun-22,24-06-2022 00:00
Himachal Pradesh,Hamirpur,Hamirpur,Delicious,Fruits,0.23,14000,16000,15000,24-Jun-22,24-06-2022 00:00
Himachal Pradesh,Kangra,Kangra,Other,Fruits,0.5,16000,20000,17500,24-Jun-22,24-06-2022 00:00
Himachal Pradesh,Kangra,Kangra(Baijnath),Apple,Fruits,0.3,8000,8000,8000,24-Jun-22,24-06-2022 00:00
Himachal Pradesh,Kangra,Kangra(Jaisinghpur),Apple,Fruits,0.05,7000,17000,12000,24-Jun-22,24-06-2022 00:00
Himachal Pradesh,Kangra,Kangra(Jassour),Other,Fruits,0.4,8000,12000,10000,24-Jun-22,24-06-2022 00:00
Himachal Pradesh,Kangra,Kangra(Nagrota Bagwan),American,Fruits,0.1,10000,12000,11000,24-Jun-22,24-06-2022 00:00
Himachal Pradesh,Mandi,Mandi(Mandi),Apple,Fruits,0.25,11000,15000,14000,24-Jun-22,24-06-2022 00:00
Himachal Pradesh,Una,Una,Other,Fruits,0.4,10000,18000,14000,24-Jun-22,24-06-2022 00:00
Himachal Pradesh,Mandi,Mandi(Takoli),Other,Fruits,1.9,1500,4000,3000,24-Jun-22,24-06-2022 00:00
NCT of Delhi,Delhi,Azadpur,Delicious,Fruits,117.0,2000,8000,6250,24-Jun-22,24-06-2022 00:00
NCT of Delhi,Delhi,Azadpur,Royal Delicious,Fruits,117.0,5000,11000,7708,24-Jun-22,24-06-2022 00:00
Himachal Pradesh,Kangra,Kangra,Other,Fruits,0.5,16000,20000,18000,25-Jun-22,25-06-2022 00:00
Himachal Pradesh,Kangra,Kangra(Baijnath),Apple,Fruits,0.2,7000,15000,8000,25-Jun-22,25-06-2022 00:00
Himachal Pradesh,Kangra,Kangra(Jaisinghpur),Apple,Fruits,0.04,7000,17000,12000,25-Jun-22,25-06-2022 00:00
Himachal Pradesh,Kangra,Kangra(Jassour),Other,Fruits,0.4,8000,12000,10000,25-Jun-22,25-06-2022 00:00
Himachal Pradesh,Kangra,Kangra(Nagrota Bagwan),American,Fruits,0.1,10000,12000,11000,25-Jun-22,25-06-2022 00:00
Himachal Pradesh,Mandi,Mandi(Mandi),Apple,Fruits,0.1,5000,14000,10000,25-Jun-22,25-06-2022 00:00
Himachal Pradesh,Kangra,Palampur,Apple,Fruits,0.5,6000,16500,14500,25-Jun-22,25-06-2022 00:00
Himachal Pradesh,Una,Una,Other,Fruits,0.6,10000,18000,14000,25-Jun-22,25-06-2022 00:00
Himachal Pradesh,Hamirpur,Hamirpur(Nadaun),Delicious,Fruits,0.13,14000,16000,15000,25-Jun-22,25-06-2022 00:00
Himachal Pradesh,Hamirpur,Hamirpur,Delicious,Fruits,0.23,16000,18000,17000,25-Jun-22,25-06-2022 00:00
NCT of Delhi,Delhi,Azadpur,Delicious,Fruits,103.0,2000,8000,6250,25-Jun-22,25-06-2022 00:00
NCT of Delhi,Delhi,Azadpur,Royal Delicious,Fruits,103.0,5000,11000,7708,25-Jun-22,25-06-2022 00:00
Odisha,Mayurbhanja,Karanjia,Other,Fruits,0.05,15000,17000,16000,26-Jun-22,26-06-2022 00:00
Odisha,Mayurbhanja,Karanjia,Other,Fruits,0.05,13000,15000,14000,26-Jun-22,26-06-2022 00:00
Himachal Pradesh,Kangra,Kangra(Baijnath),Apple,Fruits,0.3,6500,15500,7000,27-Jun-22,27-06-2022 00:00
Himachal Pradesh,Kangra,Kangra(Jaisinghpur),Apple,Fruits,0.06,8500,18000,13250,27-Jun-22,27-06-2022 00:00
Himachal Pradesh,Kangra,Kangra(Jassour),Other,Fruits,0.4,8000,12000,10000,27-Jun-22,27-06-2022 00:00
Himachal Pradesh,Kangra,Kangra(Nagrota Bagwan),American,Fruits,0.1,10000,12000,11000,27-Jun-22,27-06-2022 00:00
Himachal Pradesh,Mandi,Mandi(Mandi),Apple,Fruits,0.2,14000,20000,15000,27-Jun-22,27-06-2022 00:00
Himachal Pradesh,Mandi,Mandi(Takoli),Other,Fruits,1.2,2000,4500,3000,27-Jun-22,27-06-2022 00:00
Himachal Pradesh,Kangra,Palampur,Apple,Fruits,0.6,7500,18000,12750,27-Jun-22,27-06-2022 00:00
Himachal Pradesh,Una,Santoshgarh,Other,Fruits,0.1,12000,13000,12500,27-Jun-22,27-06-2022 00:00
Himachal Pradesh,Una,Una,Other,Fruits,0.6,7000,14000,12000,27-Jun-22,27-06-2022 00:00
Himachal Pradesh,Kangra,Kangra,Other,Fruits,0.8,15000,20000,17500,27-Jun-22,27-06-2022 00:00
Himachal Pradesh,Hamirpur,Hamirpur,Delicious,Fruits,0.23,13000,15000,14000,27-Jun-22,27-06-2022 00:00
Himachal Pradesh,Mandi,Dhanotu (Mandi),Royal Delicious,Fruits,0.2,4000,10000,7000,27-Jun-22,27-06-2022 00:00
Himachal Pradesh,Mandi,Chail Chowk,Other,Fruits,0.2,2500,2500,2500,27-Jun-22,27-06-2022 00:00
Himachal Pradesh,Kullu,Bhuntar,Apple,Fruits,2.5,4000,9000,6500,27-Jun-22,27-06-2022 00:00
Himachal Pradesh,Bilaspur,Bilaspur,Apple,Fruits,0.2,15000,20000,20000,27-Jun-22,27-06-2022 00:00
NCT of Delhi,Delhi,Azadpur,Delicious,Fruits,120.4,2000,8000,6250,27-Jun-22,27-06-2022 00:00
NCT of Delhi,Delhi,Azadpur,Royal Delicious,Fruits,120.4,5000,11000,7875,27-Jun-22,27-06-2022 00:00
Odisha,Mayurbhanja,Karanjia,Other,Fruits,0.05,15000,17000,16000,27-Jun-22,27-06-2022 00:00
Odisha,Mayurbhanja,Karanjia,Other,Fruits,0.05,13000,15000,14000,27-Jun-22,27-06-2022 00:00
Himachal Pradesh,Kullu,Bhuntar,Apple,Fruits,1.8,3000,6500,4700,28-Jun-22,28-06-2022 00:00
Himachal Pradesh,Mandi,Dhanotu (Mandi),Royal Delicious,Fruits,0.3,4000,15000,9500,28-Jun-22,28-06-2022 00:00
Himachal Pradesh,Hamirpur,Hamirpur,Royal Delicious,Fruits,0.25,17000,18000,17500,28-Jun-22,28-06-2022 00:00
Himachal Pradesh,Hamirpur,Hamirpur(Nadaun),Other,Fruits,0.15,17000,18000,17500,28-Jun-22,28-06-2022 00:00
Himachal Pradesh,Kangra,Kangra,Other,Fruits,0.7,15000,20000,17500,28-Jun-22,28-06-2022 00:00
Himachal Pradesh,Kangra,Kangra(Baijnath),Apple,Fruits,0.2,8000,14000,9000,28-Jun-22,28-06-2022 00:00
Himachal Pradesh,Kangra,Kangra(Jaisinghpur),Apple,Fruits,0.05,8000,16000,13000,28-Jun-22,28-06-2022 00:00
Himachal Pradesh,Kangra,Kangra(Jassour),Other,Fruits,0.3,8000,12000,10000,28-Jun-22,28-06-2022 00:00
Himachal Pradesh,Mandi,Mandi(Mandi),Apple,Fruits,0.3,4500,15000,10000,28-Jun-22,28-06-2022 00:00
Himachal Pradesh,Mandi,Mandi(Takoli),Other,Fruits,1.2,2000,5500,3500,28-Jun-22,28-06-2022 00:00
Himachal Pradesh,Kangra,Palampur,Apple,Fruits,0.4,7500,18000,12750,28-Jun-22,28-06-2022 00:00
Himachal Pradesh,Una,Santoshgarh,Other,Fruits,0.12,12000,13000,12500,28-Jun-22,28-06-2022 00:00
Himachal Pradesh,Solan,Solan,Apple,Fruits,0.19,4500,5800,5000,28-Jun-22,28-06-2022 00:00
Himachal Pradesh,Una,Una,Other,Fruits,0.5,7000,17000,11000,28-Jun-22,28-06-2022 00:00
NCT of Delhi,Delhi,Azadpur,Delicious,Fruits,301.7,2000,8500,6250,28-Jun-22,28-06-2022 00:00
NCT of Delhi,Delhi,Azadpur,Royal Delicious,Fruits,301.7,5000,11000,7875,28-Jun-22,28-06-2022 00:00
Odisha,Mayurbhanja,Karanjia,Other,Fruits,0.06,13000,15000,14000,28-Jun-22,28-06-2022 00:00
Odisha,Mayurbhanja,Karanjia,Other,Fruits,0.06,15000,17000,16000,28-Jun-22,28-06-2022 00:00
Himachal Pradesh,Mandi,Chail Chowk,Other,Fruits,0.36,2500,3000,2500,29-Jun-22,29-06-2022 00:00
Himachal Pradesh,Mandi,Dhanotu (Mandi),Royal Delicious,Fruits,0.2,4000,6000,5000,29-Jun-22,29-06-2022 00:00
Himachal Pradesh,Hamirpur,Hamirpur,Other,Fruits,0.25,17000,18000,17500,29-Jun-22,29-06-2022 00:00
Himachal Pradesh,Kangra,Kangra,Other,Fruits,0.7,10000,15000,12500,29-Jun-22,29-06-2022 00:00
Himachal Pradesh,Kangra,Kangra(Baijnath),Apple,Fruits,0.4,6000,12000,7000,29-Jun-22,29-06-2022 00:00
Himachal Pradesh,Kangra,Kangra(Jaisinghpur),Apple,Fruits,0.05,8000,18000,13000,29-Jun-22,29-06-2022 00:00
Himachal Pradesh,Kangra,Kangra(Jassour),Other,Fruits,0.3,8000,12000,10000,29-Jun-22,29-06-2022 00:00
Himachal Pradesh,Kangra,Kangra(Nagrota Bagwan),American,Fruits,0.1,10000,13000,11500,29-Jun-22,29-06-2022 00:00
Himachal Pradesh,Mandi,Mandi(Mandi),Apple,Fruits,0.2,12000,16000,15000,29-Jun-22,29-06-2022 00:00
Himachal Pradesh,Mandi,Mandi(Takoli),Other,Fruits,1.5,2000,6000,4500,29-Jun-22,29-06-2022 00:00
Himachal Pradesh,Bilaspur,Bilaspur,Apple,Fruits,0.1,15000,20000,17000,29-Jun-22,29-06-2022 00:00
Himachal Pradesh,Sirmore,Nahan,Other,Fruits,0.3,12000,16000,14000,29-Jun-22,29-06-2022 00:00
Himachal Pradesh,Solan,Solan,Apple,Fruits,0.12,2500,5300,4000,29-Jun-22,29-06-2022 00:00
Himachal Pradesh,Una,Una,Other,Fruits,0.4,6500,18000,12000,29-Jun-22,29-06-2022 00:00
Himachal Pradesh,Kangra,Palampur,Apple,Fruits,0.5,7500,18000,12750,29-Jun-22,29-06-2022 00:00
Himachal Pradesh,Kullu,Bhuntar,Apple,Fruits,1.5,2000,7000,4000,29-Jun-22,29-06-2022 00:00
NCT of Delhi,Delhi,Azadpur,Delicious,Fruits,268.2,2000,8000,6250,29-Jun-22,29-06-2022 00:00
NCT of Delhi,Delhi,Azadpur,Royal Delicious,Fruits,268.2,5000,11000,7958,29-Jun-22,29-06-2022 00:00
Odisha,Mayurbhanja,Karanjia,Other,Fruits,0.06,15000,17000,16000,29-Jun-22,29-06-2022 00:00
Odisha,Mayurbhanja,Karanjia,Other,Fruits,0.06,13000,15000,14000,29-Jun-22,29-06-2022 00:00
Himachal Pradesh,Mandi,Mandi(Mandi),Apple,Fruits,0.1,4500,20000,15000,30-Jun-22,30-06-2022 00:00
Himachal Pradesh,Mandi,Mandi(Takoli),Other,Fruits,1.9,2000,5000,4000,30-Jun-22,30-06-2022 00:00
Himachal Pradesh,Kangra,Palampur,Apple,Fruits,0.5,7500,18000,12750,30-Jun-22,30-06-2022 00:00
Himachal Pradesh,Kangra,Kangra(Jaisinghpur),Apple,Fruits,0.05,8000,18000,13000,30-Jun-22,30-06-2022 00:00
Himachal Pradesh,Kangra,Kangra(Baijnath),Apple,Fruits,0.2,6400,16500,8000,30-Jun-22,30-06-2022 00:00
Himachal Pradesh,Hamirpur,Hamirpur,Other,Fruits,0.3,17000,18000,17500,30-Jun-22,30-06-2022 00:00
Himachal Pradesh,Kangra,Kangra,Other,Fruits,0.5,10000,15000,12500,30-Jun-22,30-06-2022 00:00
Himachal Pradesh,Kullu,Bhuntar,Apple,Fruits,1.2,3000,9000,5000,30-Jun-22,30-06-2022 00:00
Himachal Pradesh,Bilaspur,Bilaspur,Apple,Fruits,0.2,15000,25000,20000,30-Jun-22,30-06-2022 00:00
NCT of Delhi,Delhi,Azadpur,Delicious,Fruits,156.6,2000,8000,6341,30-Jun-22,30-06-2022 00:00
NCT of Delhi,Delhi,Azadpur,Royal Delicious,Fruits,156.6,5000,12000,7792,30-Jun-22,30-06-2022 00:00
Odisha,Mayurbhanja,Karanjia,Other,Fruits,0.05,15000,17000,16000,30-Jun-22,30-06-2022 00:00
Odisha,Mayurbhanja,Karanjia,Other,Fruits,0.05,13000,15000,14000,30-Jun-22,30-06-2022 00:00
Himachal Pradesh,Kangra,Palampur,Apple,Fruits,0.5,7500,18000,12750,01-Jul-22,01-07-2022 00:00
Himachal Pradesh,Sirmore,Paonta Sahib,Kasmir/Shimla - II,Fruits,0.25,12000,0,14000,01-Jul-22,01-07-2022 00:00
Himachal Pradesh,Sirmore,Paonta Sahib,Other,Fruits,0.25,5000,0,6000,01-Jul-22,01-07-2022 00:00
Himachal Pradesh,Una,Santoshgarh,Other,Fruits,0.1,11000,12000,11500,01-Jul-22,01-07-2022 00:00
Himachal Pradesh,Solan,Solan,Apple,Fruits,9.88,4000,6000,5000,01-Jul-22,01-07-2022 00:00
Himachal Pradesh,Una,Una,Kullu Royal Delicious,Fruits,0.5,7000,17000,12000,01-Jul-22,01-07-2022 00:00
Himachal Pradesh,Mandi,Mandi(Takoli),Other,Fruits,2.3,1500,5000,3500,01-Jul-22,01-07-2022 00:00
Himachal Pradesh,Kangra,Kangra(Jassour),Other,Fruits,0.4,8000,12000,10000,01-Jul-22,01-07-2022 00:00
Himachal Pradesh,Kangra,Kangra(Baijnath),Apple,Fruits,0.3,5000,8000,7000,01-Jul-22,01-07-2022 00:00
Himachal Pradesh,Kullu,Bhuntar,Apple,Fruits,1.1,5000,6000,5500,01-Jul-22,01-07-2022 00:00
Himachal Pradesh,Kangra,Kangra,Other,Fruits,0.8,15000,17000,16000,01-Jul-22,01-07-2022 00:00
Himachal Pradesh,Kangra,Kangra(Jaisinghpur),Apple,Fruits,0.05,8000,18000,13000,01-Jul-22,01-07-2022 00:00
NCT of Delhi,Delhi,Azadpur,Delicious,Fruits,181.9,2000,8000,6341,01-Jul-22,01-07-2022 00:00
NCT of Delhi,Delhi,Azadpur,Royal Delicious,Fruits,181.9,5000,12000,7792,01-Jul-22,01-07-2022 00:00
Odisha,Mayurbhanja,Karanjia,Other,Fruits,0.07,15000,17000,16000,01-Jul-22,01-07-2022 00:00
Odisha,Mayurbhanja,Karanjia,Other,Fruits,0.07,13000,15000,14000,01-Jul-22,01-07-2022 00:00
Himachal Pradesh,Kangra,Kangra,Other,Fruits,0.5,7000,9000,8000,02-Jul-22,02-07-2022 00:00
Himachal Pradesh,Kangra,Kangra(Jassour),Other,Fruits,0.4,8000,12000,10000,02-Jul-22,02-07-2022 00:00
Himachal Pradesh,Kangra,Kangra(Nagrota Bagwan),American,Fruits,0.2,6000,13000,9500,02-Jul-22,02-07-2022 00:00
Himachal Pradesh,Kullu,Khegsu,Other,Fruits,21.6,1500,3500,2500,02-Jul-22,02-07-2022 00:00
Himachal Pradesh,Una,Santoshgarh,Other,Fruits,0.12,12500,12500,12500,03-Jul-22,03-07-2022 00:00
Himachal Pradesh,Mandi,Mandi(Takoli),Other,Fruits,1.5,2000,5000,3000,03-Jul-22,03-07-2022 00:00
Himachal Pradesh,Kangra,Kangra(Nagrota Bagwan),American,Fruits,0.2,6000,13000,9500,03-Jul-22,03-07-2022 00:00
Himachal Pradesh,Kullu,Bhuntar,Apple,Fruits,1.4,2500,5500,4000,03-Jul-22,03-07-2022 00:00
Odisha,Mayurbhanja,Karanjia,Other,Fruits,0.05,13000,15000,14000,03-Jul-22,03-07-2022 00:00
Odisha,Mayurbhanja,Karanjia,Other,Fruits,0.05,15000,17000,16000,03-Jul-22,03-07-2022 00:00
Himachal Pradesh,Kullu,Khegsu,Other,Fruits,0.3,3000,5000,4000,04-Jul-22,04-07-2022 00:00
Himachal Pradesh,Mandi,Mandi(Mandi),Apple,Fruits,0.3,2000,9000,6000,04-Jul-22,04-07-2022 00:00
Himachal Pradesh,Mandi,Mandi(Takoli),Other,Fruits,2.2,1500,5000,3000,04-Jul-22,04-07-2022 00:00
Himachal Pradesh,Kangra,Palampur,Apple,Fruits,1.0,15000,18000,16500,04-Jul-22,04-07-2022 00:00
Himachal Pradesh,Una,Santoshgarh,Other,Fruits,0.12,12000,12000,12000,04-Jul-22,04-07-2022 00:00
Himachal Pradesh,Solan,Solan,Apple,Fruits,6.94,2000,5000,4000,04-Jul-22,04-07-2022 00:00
Himachal Pradesh,Kangra,Kangra(Nagrota Bagwan),American,Fruits,0.2,6000,13000,9500,04-Jul-22,04-07-2022 00:00
Himachal Pradesh,Kangra,Kangra(Jassour),Other,Fruits,0.5,8000,12000,10000,04-Jul-22,04-07-2022 00:00
Himachal Pradesh,Kangra,Kangra(Jaisinghpur),Apple,Fruits,0.15,16000,18000,17000,04-Jul-22,04-07-2022 00:00
Himachal Pradesh,Kangra,Kangra(Baijnath),Apple,Fruits,0.2,4000,8000,6000,04-Jul-22,04-07-2022 00:00
Himachal Pradesh,Kullu,Bhuntar,Apple,Fruits,1.2,3000,7000,5000,04-Jul-22,04-07-2022 00:00
Himachal Pradesh,Mandi,Dhanotu (Mandi),Royal Delicious,Fruits,0.4,7000,8000,7500,04-Jul-22,04-07-2022 00:00
Himachal Pradesh,Hamirpur,Hamirpur,Other,Fruits,0.2,1700,1800,1750,04-Jul-22,04-07-2022 00:00
Himachal Pradesh,Kangra,Kangra,Other,Fruits,0.8,7000,8000,7500,04-Jul-22,04-07-2022 00:00
NCT of Delhi,Delhi,Azadpur,Delicious,Fruits,78.0,2000,8000,6341,04-Jul-22,04-07-2022 00:00
NCT of Delhi,Delhi,Azadpur,Hajratbali,Fruits,78.0,1250,3750,3000,04-Jul-22,04-07-2022 00:00
NCT of Delhi,Delhi,Azadpur,Royal Delicious,Fruits,78.0,5000,12000,7792,04-Jul-22,04-07-2022 00:00
Odisha,Mayurbhanja,Karanjia,Other,Fruits,0.06,15000,17000,16000,04-Jul-22,04-07-2022 00:00
Odisha,Mayurbhanja,Karanjia,Other,Fruits,0.06,13000,15000,14000,04-Jul-22,04-07-2022 00:00
Himachal Pradesh,Kullu,Bandrol,Delicious,Fruits,0.6,2400,8600,5200,05-Jul-22,05-07-2022 00:00
Himachal Pradesh,Kullu,Bhuntar,Apple,Fruits,1.0,3500,8500,6000,05-Jul-22,05-07-2022 00:00
Himachal Pradesh,Bilaspur,Bilaspur,Apple,Fruits,0.2,4000,20000,7500,05-Jul-22,05-07-2022 00:00
Himachal Pradesh,Mandi,Chail Chowk,Other,Fruits,0.2,4000,4000,4000,05-Jul-22,05-07-2022 00:00
Himachal Pradesh,Mandi,Dhanotu (Mandi),Royal Delicious,Fruits,0.2,5000,6500,5750,05-Jul-22,05-07-2022 00:00
Himachal Pradesh,Hamirpur,Hamirpur,Other,Fruits,0.2,17000,18000,17500,05-Jul-22,05-07-2022 00:00
Himachal Pradesh,Kangra,Kangra,Other,Fruits,0.45,4000,8000,6000,05-Jul-22,05-07-2022 00:00
Himachal Pradesh,Kangra,Kangra(Baijnath),Apple,Fruits,0.3,6000,8000,8000,05-Jul-22,05-07-2022 00:00
Himachal Pradesh,Kangra,Kangra(Jaisinghpur),Apple,Fruits,0.07,16000,18000,17000,05-Jul-22,05-07-2022 00:00
Himachal Pradesh,Kangra,Kangra(Jassour),Other,Fruits,0.5,8000,12000,10000,05-Jul-22,05-07-2022 00:00
Himachal Pradesh,Kangra,Kangra(Nagrota Bagwan),American,Fruits,0.2,4000,8000,6000,05-Jul-22,05-07-2022 00:00
Himachal Pradesh,Kullu,Khegsu,Other,Fruits,2.1,4500,13900,7500,05-Jul-22,05-07-2022 00:00
Himachal Pradesh,Mandi,Mandi(Takoli),Other,Fruits,2.4,2000,6000,4000,05-Jul-22,05-07-2022 00:00
Himachal Pradesh,Kangra,Palampur,Kullu Royal Delicious,Fruits,1.0,6000,8000,7000,05-Jul-22,05-07-2022 00:00
Himachal Pradesh,Kangra,Palampur,Apple,Fruits,1.0,15000,18000,16500,05-Jul-22,05-07-2022 00:00
Himachal Pradesh,Solan,Solan,Apple,Fruits,8.34,5000,6000,5500,05-Jul-22,05-07-2022 00:00
Himachal Pradesh,Mandi,Mandi(Mandi),Apple,Fruits,0.2,4000,18000,7500,05-Jul-22,05-07-2022 00:00
Odisha,Mayurbhanja,Karanjia,Other,Fruits,0.04,15000,17000,16000,05-Jul-22,05-07-2022 00:00
Odisha,Mayurbhanja,Karanjia,Other,Fruits,0.04,13000,15000,14000,05-Jul-22,05-07-2022 00:00
Himachal Pradesh,Mandi,Dhanotu (Mandi),Royal Delicious,Fruits,0.3,3000,3500,3250,06-Jul-22,06-07-2022 00:00
Himachal Pradesh,Hamirpur,Hamirpur,Golden,Fruits,0.2,5000,7000,6000,06-Jul-22,06-07-2022 00:00
Himachal Pradesh,Hamirpur,Hamirpur,Royal Delicious,Fruits,0.2,16000,18000,17000,06-Jul-22,06-07-2022 00:00
Himachal Pradesh,Kangra,Kangra,Other,Fruits,0.4,5000,8000,6500,06-Jul-22,06-07-2022 00:00
Himachal Pradesh,Kangra,Kangra(Baijnath),Apple,Fruits,0.3,4000,6000,5000,06-Jul-22,06-07-2022 00:00
Himachal Pradesh,Kangra,Kangra(Jaisinghpur),Apple,Fruits,0.1,4500,18000,11250,06-Jul-22,06-07-2022 00:00
Himachal Pradesh,Kangra,Kangra(Jassour),Other,Fruits,0.5,8000,12000,10000,06-Jul-22,06-07-2022 00:00
Himachal Pradesh,Kangra,Kangra(Nagrota Bagwan),American,Fruits,0.2,5000,13000,9000,06-Jul-22,06-07-2022 00:00
Himachal Pradesh,Kullu,Khegsu,Other,Fruits,10.0,2500,6400,4000,06-Jul-22,06-07-2022 00:00
Himachal Pradesh,Kullu,Kullu(Patli Kuhal),Other,Fruits,1.0,500,4100,2500,06-Jul-22,06-07-2022 00:00
Himachal Pradesh,Mandi,Mandi(Mandi),Apple,Fruits,0.4,2000,8000,6000,06-Jul-22,06-07-2022 00:00
Himachal Pradesh,Mandi,Mandi(Takoli),Other,Fruits,1.9,1500,6000,4500,06-Jul-22,06-07-2022 00:00
Himachal Pradesh,Sirmore,Nahan,Other,Fruits,0.1,5000,8000,7000,06-Jul-22,06-07-2022 00:00
Himachal Pradesh,Kangra,Palampur,Kullu Royal Delicious,Fruits,0.8,4500,7000,5750,06-Jul-22,06-07-2022 00:00
Himachal Pradesh,Kangra,Palampur,Apple,Fruits,0.8,15000,18000,16500,06-Jul-22,06-07-2022 00:00
Himachal Pradesh,Una,Santoshgarh,Other,Fruits,0.12,12000,12000,12000,06-Jul-22,06-07-2022 00:00
Himachal Pradesh,Una,Una,Kullu Royal Delicious,Fruits,0.6,7000,19000,12000,06-Jul-22,06-07-2022 00:00
Himachal Pradesh,Bilaspur,Bilaspur,Apple,Fruits,0.3,4000,20000,15000,06-Jul-22,06-07-2022 00:00
Himachal Pradesh,Kullu,Bhuntar,Apple,Fruits,1.1,3000,8000,5000,06-Jul-22,06-07-2022 00:00
Himachal Pradesh,Kullu,Bandrol,Delicious,Fruits,1.0,2500,9000,5500,06-Jul-22,06-07-2022 00:00
NCT of Delhi,Delhi,Azadpur,Delicious,Fruits,288.7,2000,8000,5222,06-Jul-22,06-07-2022 00:00
NCT of Delhi,Delhi,Azadpur,Hajratbali,Fruits,288.7,1250,3750,3000,06-Jul-22,06-07-2022 00:00
NCT of Delhi,Delhi,Azadpur,Royal Delicious,Fruits,288.7,5000,12000,7792,06-Jul-22,06-07-2022 00:00
Odisha,Mayurbhanja,Karanjia,Other,Fruits,0.05,15000,17000,16000,06-Jul-22,06-07-2022 00:00
Odisha,Mayurbhanja,Karanjia,Other,Fruits,0.05,13000,15000,14000,06-Jul-22,06-07-2022 00:00
Himachal Pradesh,Kangra,Kangra(Jaisinghpur),Apple,Fruits,0.11,4500,18000,11250,07-Jul-22,07-07-2022 00:00
Himachal Pradesh,Kangra,Kangra(Nagrota Bagwan),American,Fruits,0.2,5000,13000,9000,07-Jul-22,07-07-2022 00:00
Himachal Pradesh,Kullu,Khegsu,Other,Fruits,2.2,2500,5000,4000,07-Jul-22,07-07-2022 00:00
Himachal Pradesh,Kullu,Kullu(Patli Kuhal),Other,Fruits,0.5,1500,7000,5500,07-Jul-22,07-07-2022 00:00
Himachal Pradesh,Mandi,Mandi(Mandi),Apple,Fruits,0.4,4000,16000,6000,07-Jul-22,07-07-2022 00:00
Himachal Pradesh,Mandi,Mandi(Takoli),Other,Fruits,1.8,1500,6000,4000,07-Jul-22,07-07-2022 00:00
Himachal Pradesh,Kangra,Palampur,Kullu Royal Delicious,Fruits,1.0,4500,7000,5750,07-Jul-22,07-07-2022 00:00
Himachal Pradesh,Kangra,Palampur,Apple,Fruits,1.0,15000,18000,16500,07-Jul-22,07-07-2022 00:00
Himachal Pradesh,Una,Santoshgarh,Other,Fruits,0.14,11500,12000,11750,07-Jul-22,07-07-2022 00:00
Himachal Pradesh,Shimla,Shimla,Apple,Fruits,0.84,1500,3000,2500,07-Jul-22,07-07-2022 00:00
Himachal Pradesh,Una,Una,Other,Fruits,0.5,8000,19000,13000,07-Jul-22,07-07-2022 00:00
Himachal Pradesh,Kangra,Kangra(Baijnath),Apple,Fruits,0.3,4000,6000,6000,07-Jul-22,07-07-2022 00:00
Himachal Pradesh,Kangra,Kangra,Other,Fruits,0.35,5000,8000,6500,07-Jul-22,07-07-2022 00:00
Himachal Pradesh,Hamirpur,Hamirpur,Royal Delicious,Fruits,0.5,16000,18000,17000,07-Jul-22,07-07-2022 00:00
Himachal Pradesh,Mandi,Dhanotu (Mandi),Royal Delicious,Fruits,0.3,3000,15000,9000,07-Jul-22,07-07-2022 00:00
Himachal Pradesh,Kullu,Bandrol,Delicious,Fruits,1.3,3000,9200,5600,07-Jul-22,07-07-2022 00:00
Himachal Pradesh,Kullu,Bhuntar,Apple,Fruits,0.9,4000,7600,5200,07-Jul-22,07-07-2022 00:00
NCT of Delhi,Delhi,Azadpur,Delicious,Fruits,425.2,2000,8000,5222,07-Jul-22,07-07-2022 00:00
NCT of Delhi,Delhi,Azadpur,Hajratbali,Fruits,425.2,250,3125,1750,07-Jul-22,07-07-2022 00:00
NCT of Delhi,Delhi,Azadpur,Royal Delicious,Fruits,425.2,5000,12000,7792,07-Jul-22,07-07-2022 00:00
Odisha,Angul,Angaura,Apple,Fruits,0.5,12000,15000,13000,07-Jul-22,07-07-2022 00:00
Odisha,Mayurbhanja,Karanjia,Other,Fruits,0.06,15000,17000,16000,07-Jul-22,07-07-2022 00:00
Odisha,Mayurbhanja,Karanjia,Other,Fruits,0.06,13000,15000,14000,07-Jul-22,07-07-2022 00:00
Himachal Pradesh,Kangra,Kangra(Baijnath),Apple,Fruits,0.3,6000,6000,6000,08-Jul-22,08-07-2022 00:00
Himachal Pradesh,Kangra,Kangra(Baijnath),Apple,Fruits,0.3,4000,4000,4000,08-Jul-22,08-07-2022 00:00
Himachal Pradesh,Kangra,Kangra(Jaisinghpur),Apple,Fruits,0.09,4500,18000,11250,08-Jul-22,08-07-2022 00:00
Himachal Pradesh,Kangra,Kangra(Jassour),Other,Fruits,0.5,8000,12000,10000,08-Jul-22,08-07-2022 00:00
Himachal Pradesh,Kangra,Kangra(Nagrota Bagwan),American,Fruits,0.2,4000,13000,9500,08-Jul-22,08-07-2022 00:00
Himachal Pradesh,Mandi,Mandi(Mandi),Apple,Fruits,0.1,3000,10000,7000,08-Jul-22,08-07-2022 00:00
Himachal Pradesh,Kangra,Palampur,Kullu Royal Delicious,Fruits,1.07,4500,7500,6000,08-Jul-22,08-07-2022 00:00
Himachal Pradesh,Kangra,Palampur,Apple,Fruits,1.07,15000,18000,16500,08-Jul-22,08-07-2022 00:00
Himachal Pradesh,Una,Santoshgarh,Other,Fruits,0.13,11500,12000,11700,08-Jul-22,08-07-2022 00:00
Himachal Pradesh,Shimla,Shimla,Apple,Fruits,0.6,1500,4500,3000,08-Jul-22,08-07-2022 00:00
Himachal Pradesh,Shimla,Shimla and Kinnaur(Nerwa),Apple,Fruits,8.0,3000,6000,5000,08-Jul-22,08-07-2022 00:00
Himachal Pradesh,Kangra,Kangra,Other,Fruits,0.47,6000,8000,7000,08-Jul-22,08-07-2022 00:00
Himachal Pradesh,Solan,Solan,Apple,Fruits,13.38,3500,11000,6000,08-Jul-22,08-07-2022 00:00
Himachal Pradesh,Hamirpur,Hamirpur,Other,Fruits,0.2,4000,6000,5000,08-Jul-22,08-07-2022 00:00
Himachal Pradesh,Mandi,Dhanotu (Mandi),Royal Delicious,Fruits,0.2,4000,4000,4000,08-Jul-22,08-07-2022 00:00
Himachal Pradesh,Hamirpur,Hamirpur,Royal Delicious,Fruits,0.2,16000,18000,17000,08-Jul-22,08-07-2022 00:00
Himachal Pradesh,Kullu,Bandrol,Delicious,Fruits,1.7,2000,10000,5200,08-Jul-22,08-07-2022 00:00
Himachal Pradesh,Kullu,Bhuntar,Apple,Fruits,0.8,2500,8000,5200,08-Jul-22,08-07-2022 00:00
NCT of Delhi,Delhi,Azadpur,Delicious,Fruits,348.0,2000,8000,6341,08-Jul-22,08-07-2022 00:00
NCT of Delhi,Delhi,Azadpur,Royal Delicious,Fruits,348.0,5000,12000,7792,08-Jul-22,08-07-2022 00:00
Odisha,Mayurbhanja,Karanjia,Other,Fruits,0.06,15000,17000,16000,08-Jul-22,08-07-2022 00:00
Odisha,Mayurbhanja,Karanjia,Other,Fruits,0.06,13000,15000,14000,08-Jul-22,08-07-2022 00:00
NCT of Delhi,Delhi,Azadpur,Hajratbali,Fruits,348.0,250,3125,1750,08-Jul-22,08-07-2022 00:00
Himachal Pradesh,Kangra,Kangra(Jassour),Other,Fruits,0.5,8000,12000,10000,09-Jul-22,09-07-2022 00:00
Himachal Pradesh,Kullu,Khegsu,Other,Fruits,4.0,2000,7500,5000,09-Jul-22,09-07-2022 00:00
Himachal Pradesh,Mandi,Mandi(Mandi),Apple,Fruits,0.1,4000,19000,10000,09-Jul-22,09-07-2022 00:00
Himachal Pradesh,Shimla,Shimla and Kinnaur(Nerwa),Apple,Fruits,4.0,3000,5000,4000,09-Jul-22,09-07-2022 00:00
Himachal Pradesh,Mandi,Dhanotu (Mandi),Royal Delicious,Fruits,0.1,3500,4000,3750,09-Jul-22,09-07-2022 00:00
NCT of Delhi,Delhi,Azadpur,Delicious,Fruits,432.7,2000,8000,6341,09-Jul-22,09-07-2022 00:00
NCT of Delhi,Delhi,Azadpur,Hajratbali,Fruits,432.7,250,3125,1750,09-Jul-22,09-07-2022 00:00
NCT of Delhi,Delhi,Azadpur,Royal Delicious,Fruits,432.7,5000,12000,7792,09-Jul-22,09-07-2022 00:00
Odisha,Mayurbhanja,Karanjia,Other,Fruits,0.05,15000,17000,16000,09-Jul-22,09-07-2022 00:00
Odisha,Mayurbhanja,Karanjia,Other,Fruits,0.05,13000,15000,14000,09-Jul-22,09-07-2022 00:00
Himachal Pradesh,Una,Santoshgarh,Other,Fruits,0.14,12000,12000,12000,10-Jul-22,10-07-2022 00:00
Himachal Pradesh,Mandi,Mandi(Takoli),Other,Fruits,1.5,3000,7000,5000,10-Jul-22,10-07-2022 00:00
Himachal Pradesh,Kullu,Kullu(Patli Kuhal),Other,Fruits,0.4,1500,6000,4000,10-Jul-22,10-07-2022 00:00
Himachal Pradesh,Kullu,Khegsu,Other,Fruits,9.1,3000,10000,6500,10-Jul-22,10-07-2022 00:00
Himachal Pradesh,Kullu,Bhuntar,Apple,Fruits,1.0,4000,7600,5800,10-Jul-22,10-07-2022 00:00
Himachal Pradesh,Kullu,Bandrol,Delicious,Fruits,5.2,2200,10600,5500,10-Jul-22,10-07-2022 00:00
Himachal Pradesh,Shimla,Shimla and Kinnaur(Nerwa),Apple,Fruits,2.0,2500,4000,3500,10-Jul-22,10-07-2022 00:00
Odisha,Mayurbhanja,Karanjia,Other,Fruits,0.06,13000,15000,14000,10-Jul-22,10-07-2022 00:00
Odisha,Mayurbhanja,Karanjia,Other,Fruits,0.06,15000,17000,16000,10-Jul-22,10-07-2022 00:00
Himachal Pradesh,Kangra,Kangra(Jaisinghpur),Apple,Fruits,0.1,4000,18000,11000,11-Jul-22,11-07-2022 00:00
Himachal Pradesh,Kangra,Kangra(Jassour),Other,Fruits,0.5,8000,12000,10000,11-Jul-22,11-07-2022 00:00
Himachal Pradesh,Kangra,Kangra(Nagrota Bagwan),American,Fruits,0.2,5000,8000,6500,11-Jul-22,11-07-2022 00:00
Himachal Pradesh,Kullu,Khegsu,Other,Fruits,47.3,3500,11000,7000,11-Jul-22,11-07-2022 00:00
Himachal Pradesh,Kullu,Kullu(Patli Kuhal),Other,Fruits,2.8,3000,12900,8000,11-Jul-22,11-07-2022 00:00
Himachal Pradesh,Mandi,Mandi(Takoli),Other,Fruits,4.5,2500,7500,6500,11-Jul-22,11-07-2022 00:00
Himachal Pradesh,Kangra,Palampur,Kullu Royal Delicious,Fruits,2.1,4500,7500,6000,11-Jul-22,11-07-2022 00:00
Himachal Pradesh,Kangra,Palampur,Apple,Fruits,2.1,14000,18000,16000,11-Jul-22,11-07-2022 00:00
Himachal Pradesh,Sirmore,Paonta Sahib,Kasmir/Shimla - II,Fruits,0.12,12000,16000,14000,11-Jul-22,11-07-2022 00:00
Himachal Pradesh,Una,Santoshgarh,Other,Fruits,0.13,11500,12000,11750,11-Jul-22,11-07-2022 00:00
Himachal Pradesh,Kangra,Kangra(Baijnath),Apple,Fruits,0.3,5000,7000,6000,11-Jul-22,11-07-2022 00:00
Himachal Pradesh,Shimla,Shimla,Apple,Fruits,3.0,2500,8500,6000,11-Jul-22,11-07-2022 00:00
Himachal Pradesh,Solan,Solan,Apple,Fruits,0.34,4800,11500,6000,11-Jul-22,11-07-2022 00:00
Himachal Pradesh,Una,Una,Delicious,Fruits,0.9,8000,17500,12000,11-Jul-22,11-07-2022 00:00
Himachal Pradesh,Shimla,Shimla and Kinnaur(Nerwa),Apple,Fruits,6.0,3000,5500,4500,11-Jul-22,11-07-2022 00:00
Himachal Pradesh,Kangra,Kangra,Other,Fruits,0.5,7000,15000,11000,11-Jul-22,11-07-2022 00:00
Himachal Pradesh,Hamirpur,Hamirpur,Royal Delicious,Fruits,0.2,16000,19000,17500,11-Jul-22,11-07-2022 00:00
Himachal Pradesh,Hamirpur,Hamirpur,Golden,Fruits,0.2,5000,6000,5500,11-Jul-22,11-07-2022 00:00
Himachal Pradesh,Kullu,Bandrol,Delicious,Fruits,5.3,2300,10000,5600,11-Jul-22,11-07-2022 00:00
Himachal Pradesh,Kullu,Bhuntar,Apple,Fruits,3.2,4000,9000,6000,11-Jul-22,11-07-2022 00:00
Himachal Pradesh,Bilaspur,Bilaspur,Apple,Fruits,0.2,4000,20000,8500,11-Jul-22,11-07-2022 00:00
Himachal Pradesh,Mandi,Dhanotu (Mandi),Royal Delicious,Fruits,0.3,2000,9000,5500,11-Jul-22,11-07-2022 00:00
NCT of Delhi,Delhi,Azadpur,Delicious,Fruits,105.9,2000,8000,6341,11-Jul-22,11-07-2022 00:00
NCT of Delhi,Delhi,Azadpur,Hajratbali,Fruits,105.9,250,3125,1750,11-Jul-22,11-07-2022 00:00
NCT of Delhi,Delhi,Azadpur,Royal Delicious,Fruits,105.9,5000,12000,7792,11-Jul-22,11-07-2022 00:00
Odisha,Mayurbhanja,Karanjia,Other,Fruits,0.06,15000,17000,16000,11-Jul-22,11-07-2022 00:00
Odisha,Mayurbhanja,Karanjia,Other,Fruits,0.06,13000,15000,14000,11-Jul-22,11-07-2022 00:00
Himachal Pradesh,Kangra,Kangra(Baijnath),Apple,Fruits,0.2,4000,7000,6000,12-Jul-22,12-07-2022 00:00
Himachal Pradesh,Kangra,Kangra(Jaisinghpur),Apple,Fruits,0.1,4000,18000,11000,12-Jul-22,12-07-2022 00:00
Himachal Pradesh,Kangra,Kangra(Jassour),Other,Fruits,0.5,8000,12000,10000,12-Jul-22,12-07-2022 00:00
Himachal Pradesh,Kangra,Kangra(Nagrota Bagwan),American,Fruits,0.2,5000,8000,6500,12-Jul-22,12-07-2022 00:00
Himachal Pradesh,Kullu,Khegsu,Other,Fruits,105.0,2000,10000,4500,12-Jul-22,12-07-2022 00:00
Himachal Pradesh,Kullu,Kullu(Patli Kuhal),Other,Fruits,2.7,2500,10400,8000,12-Jul-22,12-07-2022 00:00
Himachal Pradesh,Mandi,Mandi(Mandi),Apple,Fruits,0.35,3000,10000,6000,12-Jul-22,12-07-2022 00:00
Himachal Pradesh,Mandi,Mandi(Takoli),Other,Fruits,7.5,2000,6500,4000,12-Jul-22,12-07-2022 00:00
Himachal Pradesh,Kangra,Palampur,Kullu Royal Delicious,Fruits,1.62,6500,8000,7250,12-Jul-22,12-07-2022 00:00
Himachal Pradesh,Kangra,Palampur,Apple,Fruits,1.62,14000,18000,16000,12-Jul-22,12-07-2022 00:00
Himachal Pradesh,Kangra,Kangra,Other,Fruits,0.6,7000,15000,11000,12-Jul-22,12-07-2022 00:00
Himachal Pradesh,Una,Santoshgarh,Other,Fruits,0.15,12000,12000,12000,12-Jul-22,12-07-2022 00:00
Himachal Pradesh,Shimla,Shimla and Kinnaur(Nerwa),Apple,Fruits,10.0,3000,5000,3750,12-Jul-22,12-07-2022 00:00
Himachal Pradesh,Una,Una,Kullu Royal Delicious,Fruits,0.5,8000,17000,12500,12-Jul-22,12-07-2022 00:00
Himachal Pradesh,Shimla,Shimla,Apple,Fruits,0.52,3000,5500,4250,12-Jul-22,12-07-2022 00:00
Himachal Pradesh,Hamirpur,Hamirpur,Royal Delicious,Fruits,0.2,16000,19000,17500,12-Jul-22,12-07-2022 00:00
Himachal Pradesh,Hamirpur,Hamirpur,Golden,Fruits,0.2,5000,6000,5500,12-Jul-22,12-07-2022 00:00
Himachal Pradesh,Mandi,Dhanotu (Mandi),Royal Delicious,Fruits,0.4,4000,8000,6000,12-Jul-22,12-07-2022 00:00
Himachal Pradesh,Kullu,Bhuntar,Apple,Fruits,2.6,3500,3800,3600,12-Jul-22,12-07-2022 00:00
NCT of Delhi,Delhi,Azadpur,Delicious,Fruits,729.1,2000,8000,6341,12-Jul-22,12-07-2022 00:00
NCT of Delhi,Delhi,Azadpur,Hajratbali,Fruits,729.1,250,3125,1750,12-Jul-22,12-07-2022 00:00
NCT of Delhi,Delhi,Azadpur,Royal Delicious,Fruits,729.1,5000,12000,7958,12-Jul-22,12-07-2022 00:00
Odisha,Mayurbhanja,Karanjia,Other,Fruits,0.07,15000,17000,16000,12-Jul-22,12-07-2022 00:00
Odisha,Mayurbhanja,Karanjia,Other,Fruits,0.07,13000,15000,14000,12-Jul-22,12-07-2022 00:00
Himachal Pradesh,Kangra,Kangra,Other,Fruits,0.5,5000,15000,10000,13-Jul-22,13-07-2022 00:00
Himachal Pradesh,Kangra,Kangra(Baijnath),Apple,Fruits,0.2,6600,8000,7000,13-Jul-22,13-07-2022 00:00
Himachal Pradesh,Kangra,Kangra(Jaisinghpur),Apple,Fruits,0.1,5500,23000,14250,13-Jul-22,13-07-2022 00:00
Himachal Pradesh,Kangra,Kangra(Jassour),Other,Fruits,0.4,8000,12000,10000,13-Jul-22,13-07-2022 00:00
Himachal Pradesh,Kullu,Khegsu,Other,Fruits,69.8,4500,11000,6500,13-Jul-22,13-07-2022 00:00
Himachal Pradesh,Kullu,Kullu(Patli Kuhal),Other,Fruits,3.2,3000,13000,8000,13-Jul-22,13-07-2022 00:00
Himachal Pradesh,Mandi,Mandi(Mandi),Apple,Fruits,0.4,3000,11000,6000,13-Jul-22,13-07-2022 00:00
Himachal Pradesh,Mandi,Mandi(Takoli),Other,Fruits,12.9,2000,7000,5000,13-Jul-22,13-07-2022 00:00
Himachal Pradesh,Kangra,Palampur,Kullu Royal Delicious,Fruits,1.12,5000,9500,7250,13-Jul-22,13-07-2022 00:00
Himachal Pradesh,Kangra,Palampur,Apple,Fruits,1.12,20000,22500,21250,13-Jul-22,13-07-2022 00:00
Himachal Pradesh,Una,Santoshgarh,Other,Fruits,0.15,12000,12000,12000,13-Jul-22,13-07-2022 00:00
Himachal Pradesh,Shimla,Shimla,Apple,Fruits,0.8,5500,6000,5500,13-Jul-22,13-07-2022 00:00
Himachal Pradesh,Hamirpur,Hamirpur,Royal Delicious,Fruits,0.2,16000,19000,17500,13-Jul-22,13-07-2022 00:00
Himachal Pradesh,Shimla,Shimla and Kinnaur(Nerwa),Apple,Fruits,10.0,3500,12000,9000,13-Jul-22,13-07-2022 00:00
Himachal Pradesh,Una,Una,Other,Fruits,0.7,12000,18000,15000,13-Jul-22,13-07-2022 00:00
Himachal Pradesh,Solan,Solan,Apple,Fruits,27.04,3000,12000,8000,13-Jul-22,13-07-2022 00:00
Himachal Pradesh,Hamirpur,Hamirpur,Golden,Fruits,0.2,5000,7000,6000,13-Jul-22,13-07-2022 00:00
Himachal Pradesh,Bilaspur,Bilaspur,Apple,Fruits,0.2,4000,15000,6500,13-Jul-22,13-07-2022 00:00
Himachal Pradesh,Mandi,Dhanotu (Mandi),Royal Delicious,Fruits,0.3,5000,6000,5500,13-Jul-22,13-07-2022 00:00
Himachal Pradesh,Kullu,Bandrol,Delicious,Fruits,3.8,3400,16100,9200,13-Jul-22,13-07-2022 00:00
Himachal Pradesh,Kullu,Bhuntar,Apple,Fruits,5.9,1500,6500,4000,13-Jul-22,13-07-2022 00:00
NCT of Delhi,Delhi,Azadpur,Delicious,Fruits,474.1,2000,8000,6341,13-Jul-22,13-07-2022 00:00
NCT of Delhi,Delhi,Azadpur,Hajratbali,Fruits,474.1,250,3125,1750,13-Jul-22,13-07-2022 00:00
NCT of Delhi,Delhi,Azadpur,Royal Delicious,Fruits,474.1,6000,14000,9000,13-Jul-22,13-07-2022 00:00
Odisha,Mayurbhanja,Karanjia,Other,Fruits,0.05,15000,17000,16000,13-Jul-22,13-07-2022 00:00
Odisha,Mayurbhanja,Karanjia,Other,Fruits,0.05,13000,15000,14000,13-Jul-22,13-07-2022 00:00
Himachal Pradesh,Kangra,Kangra(Jaisinghpur),Apple,Fruits,0.1,5500,18500,12000,14-Jul-22,14-07-2022 00:00
Himachal Pradesh,Kullu,Khegsu,Other,Fruits,124.2,3000,12000,8000,14-Jul-22,14-07-2022 00:00
Himachal Pradesh,Kullu,Kullu(Patli Kuhal),Other,Fruits,3.2,3000,10800,6000,14-Jul-22,14-07-2022 00:00
Himachal Pradesh,Mandi,Mandi(Mandi),Apple,Fruits,0.15,3500,6500,5000,14-Jul-22,14-07-2022 00:00
Himachal Pradesh,Mandi,Mandi(Takoli),Other,Fruits,10.6,2000,7000,6000,14-Jul-22,14-07-2022 00:00
Himachal Pradesh,Kangra,Palampur,Apple,Fruits,1.54,17000,18000,17500,14-Jul-22,14-07-2022 00:00
Himachal Pradesh,Una,Santoshgarh,Other,Fruits,0.14,11500,12000,11750,14-Jul-22,14-07-2022 00:00
Himachal Pradesh,Shimla,Shimla,Apple,Fruits,0.44,5500,8250,7250,14-Jul-22,14-07-2022 00:00
Himachal Pradesh,Shimla,Shimla and Kinnaur(Nerwa),Apple,Fruits,10.0,4000,9000,7000,14-Jul-22,14-07-2022 00:00
Himachal Pradesh,Una,Una,Delicious,Fruits,0.9,7500,17000,11000,14-Jul-22,14-07-2022 00:00
Himachal Pradesh,Kangra,Kangra(Baijnath),Apple,Fruits,0.24,4000,7000,6000,14-Jul-22,14-07-2022 00:00
Himachal Pradesh,Kangra,Kangra,Other,Fruits,0.6,5000,15000,10000,14-Jul-22,14-07-2022 00:00
Himachal Pradesh,Hamirpur,Hamirpur(Nadaun),Other,Fruits,0.6,19000,21000,20000,14-Jul-22,14-07-2022 00:00
Himachal Pradesh,Hamirpur,Hamirpur(Nadaun),Golden,Fruits,0.6,6000,7000,6500,14-Jul-22,14-07-2022 00:00
Himachal Pradesh,Kullu,Bhuntar,Apple,Fruits,13.9,2000,9000,5000,14-Jul-22,14-07-2022 00:00
Himachal Pradesh,Mandi,Dhanotu (Mandi),Royal Delicious,Fruits,0.3,4000,20000,12000,14-Jul-22,14-07-2022 00:00
Himachal Pradesh,Hamirpur,Hamirpur,Golden,Fruits,1.0,6000,7000,6500,14-Jul-22,14-07-2022 00:00
Himachal Pradesh,Hamirpur,Hamirpur,Royal Delicious,Fruits,1.0,19000,21000,20000,14-Jul-22,14-07-2022 00:00
NCT of Delhi,Delhi,Azadpur,Condition,Fruits,816.1,1250,3750,2875,14-Jul-22,14-07-2022 00:00
NCT of Delhi,Delhi,Azadpur,Delicious,Fruits,816.1,2000,8000,6341,14-Jul-22,14-07-2022 00:00
NCT of Delhi,Delhi,Azadpur,Hajratbali,Fruits,816.1,625,3125,1875,14-Jul-22,14-07-2022 00:00
NCT of Delhi,Delhi,Azadpur,Royal Delicious,Fruits,816.1,5000,15500,9333,14-Jul-22,14-07-2022 00:00
Odisha,Mayurbhanja,Karanjia,Other,Fruits,0.07,15000,17000,16000,14-Jul-22,14-07-2022 00:00
Odisha,Mayurbhanja,Karanjia,Other,Fruits,0.07,13000,15000,14000,14-Jul-22,14-07-2022 00:00
Himachal Pradesh,Mandi,Dhanotu (Mandi),Royal Delicious,Fruits,0.4,5000,17000,11000,15-Jul-22,15-07-2022 00:00
Himachal Pradesh,Hamirpur,Hamirpur,Golden,Fruits,0.4,6000,7000,6500,15-Jul-22,15-07-2022 00:00
Himachal Pradesh,Hamirpur,Hamirpur,Royal Delicious,Fruits,0.4,19000,21000,20000,15-Jul-22,15-07-2022 00:00
Himachal Pradesh,Kangra,Kangra,Other,Fruits,0.9,3000,15000,9000,15-Jul-22,15-07-2022 00:00
Himachal Pradesh,Kangra,Kangra(Baijnath),Apple,Fruits,0.15,4000,7000,5000,15-Jul-22,15-07-2022 00:00
Himachal Pradesh,Kangra,Kangra(Jaisinghpur),Apple,Fruits,0.09,5500,18500,12000,15-Jul-22,15-07-2022 00:00
Himachal Pradesh,Kullu,Kullu(Patli Kuhal),Other,Fruits,6.7,3000,11600,6000,15-Jul-22,15-07-2022 00:00
Himachal Pradesh,Mandi,Mandi(Mandi),Apple,Fruits,0.3,4000,19400,10000,15-Jul-22,15-07-2022 00:00
Himachal Pradesh,Mandi,Mandi(Takoli),Other,Fruits,13.5,2000,9000,5000,15-Jul-22,15-07-2022 00:00
Himachal Pradesh,Sirmore,Nahan,Other,Fruits,0.12,12000,14000,13000,15-Jul-22,15-07-2022 00:00
Himachal Pradesh,Kangra,Palampur,Kullu Royal Delicious,Fruits,1.08,5000,8000,6500,15-Jul-22,15-07-2022 00:00
Himachal Pradesh,Kullu,Bhuntar,Apple,Fruits,21.0,2500,10100,6000,15-Jul-22,15-07-2022 00:00
Himachal Pradesh,Kangra,Palampur,Apple,Fruits,1.08,17000,18000,17500,15-Jul-22,15-07-2022 00:00
Himachal Pradesh,Shimla,Shimla,Apple,Fruits,0.64,3000,7000,5000,15-Jul-22,15-07-2022 00:00
Himachal Pradesh,Shimla,Shimla and Kinnaur(Nerwa),Apple,Fruits,10.0,3500,11000,7000,15-Jul-22,15-07-2022 00:00
Himachal Pradesh,Solan,Solan,Royal Delicious,Fruits,70.2,4000,13000,8000,15-Jul-22,15-07-2022 00:00
Himachal Pradesh,Una,Una,Delicious,Fruits,1.0,8000,14000,12000,15-Jul-22,15-07-2022 00:00
Himachal Pradesh,Una,Santoshgarh,Other,Fruits,0.14,11000,12000,11500,15-Jul-22,15-07-2022 00:00
Himachal Pradesh,Kullu,Bandrol,Delicious,Fruits,6.5,2800,13500,6200,15-Jul-22,15-07-2022 00:00
NCT of Delhi,Delhi,Azadpur,Condition,Fruits,902.9,1250,3750,2875,15-Jul-22,15-07-2022 00:00
NCT of Delhi,Delhi,Azadpur,Delicious,Fruits,902.9,2000,8000,6341,15-Jul-22,15-07-2022 00:00
NCT of Delhi,Delhi,Azadpur,Hajratbali,Fruits,902.9,625,3125,1875,15-Jul-22,15-07-2022 00:00
NCT of Delhi,Delhi,Azadpur,Royal Delicious,Fruits,902.9,3200,15000,6950,15-Jul-22,15-07-2022 00:00
West Bengal,Kolkata,Mechua,Apple,Fruits,131.2,8500,10000,9400,16-Jul-22,16-07-2022 00:00
West Bengal,Kolkata,Mechua,Apple,Fruits,131.2,7600,8000,7800,16-Jul-22,16-07-2022 00:00
Himachal Pradesh,Hamirpur,Hamirpur,Golden,Fruits,0.6,6000,8000,7000,16-Jul-22,16-07-2022 00:00
Himachal Pradesh,Hamirpur,Hamirpur,Royal Delicious,Fruits,0.6,19000,20000,19500,16-Jul-22,16-07-2022 00:00
Himachal Pradesh,Kangra,Kangra,Other,Fruits,0.85,3000,15000,9000,16-Jul-22,16-07-2022 00:00
Himachal Pradesh,Kangra,Kangra(Baijnath),Apple,Fruits,0.3,4000,15000,7000,16-Jul-22,16-07-2022 00:00
Himachal Pradesh,Kangra,Kangra(Jaisinghpur),Apple,Fruits,0.12,5000,17500,11250,16-Jul-22,16-07-2022 00:00
Himachal Pradesh,Kangra,Kangra(Jassour),Other,Fruits,0.5,8000,12000,10000,16-Jul-22,16-07-2022 00:00
Himachal Pradesh,Kullu,Khegsu,Other,Fruits,150.0,5000,11000,7000,16-Jul-22,16-07-2022 00:00
Himachal Pradesh,Mandi,Mandi(Mandi),Apple,Fruits,0.25,4000,20000,8000,16-Jul-22,16-07-2022 00:00
Himachal Pradesh,Kangra,Palampur,Kullu Royal Delicious,Fruits,1.87,5000,9000,7000,16-Jul-22,16-07-2022 00:00
Himachal Pradesh,Kangra,Palampur,Apple,Fruits,1.87,16500,17000,16750,16-Jul-22,16-07-2022 00:00
Himachal Pradesh,Shimla,Shimla,Apple,Fruits,0.8,4000,7000,5000,16-Jul-22,16-07-2022 00:00
Himachal Pradesh,Shimla,Shimla and Kinnaur(Nerwa),Apple,Fruits,14.0,4000,11500,7500,16-Jul-22,16-07-2022 00:00
Himachal Pradesh,Una,Una,Other,Fruits,0.9,7000,19000,13000,16-Jul-22,16-07-2022 00:00
Himachal Pradesh,Mandi,Dhanotu (Mandi),Royal Delicious,Fruits,0.4,3000,8000,5500,16-Jul-22,16-07-2022 00:00
Himachal Pradesh,Bilaspur,Bilaspur,Apple,Fruits,0.2,5500,19000,12500,16-Jul-22,16-07-2022 00:00
NCT of Delhi,Delhi,Azadpur,Delicious,Fruits,1084.6,2000,8000,6341,16-Jul-22,16-07-2022 00:00
NCT of Delhi,Delhi,Azadpur,Hajratbali,Fruits,1084.6,625,3125,1875,16-Jul-22,16-07-2022 00:00
NCT of Delhi,Delhi,Azadpur,Royal Delicious,Fruits,1084.6,3200,15000,7000,16-Jul-22,16-07-2022 00:00
Odisha,Mayurbhanja,Karanjia,Other,Fruits,0.07,15000,17000,16000,16-Jul-22,16-07-2022 00:00
Odisha,Mayurbhanja,Karanjia,Other,Fruits,0.07,13000,15000,14000,16-Jul-22,16-07-2022 00:00
NCT of Delhi,Delhi,Azadpur,Condition,Fruits,1084.6,1250,3750,2875,16-Jul-22,16-07-2022 00:00
West Bengal,Kolkata,Mechua,Apple,Fruits,131.2,6400,7200,6800,16-Jul-22,16-07-2022 00:00
West Bengal,Kolkata,Mechua,Apple,Fruits,125.4,8400,10000,9400,17-Jul-22,17-07-2022 00:00
Himachal Pradesh,Shimla,Shimla and Kinnaur(Nerwa),Apple,Fruits,16.0,4000,11500,8500,17-Jul-22,17-07-2022 00:00
Himachal Pradesh,Una,Santoshgarh,Other,Fruits,0.15,11500,12000,11750,17-Jul-22,17-07-2022 00:00
Himachal Pradesh,Mandi,Mandi(Takoli),Other,Fruits,45.9,2000,9000,5000,17-Jul-22,17-07-2022 00:00
Himachal Pradesh,Kullu,Kullu(Patli Kuhal),Other,Fruits,13.6,3000,11800,6000,17-Jul-22,17-07-2022 00:00
Himachal Pradesh,Kullu,Khegsu,Other,Fruits,291.2,3000,5500,4500,17-Jul-22,17-07-2022 00:00
Himachal Pradesh,Kangra,Kangra(Nagrota Bagwan),American,Fruits,0.1,4000,13000,9500,17-Jul-22,17-07-2022 00:00
Himachal Pradesh,Kullu,Bhuntar,Apple,Fruits,28.0,3000,9000,5500,17-Jul-22,17-07-2022 00:00
Himachal Pradesh,Kullu,Bandrol,Delicious,Fruits,8.2,3500,17000,6200,17-Jul-22,17-07-2022 00:00
Odisha,Mayurbhanja,Karanjia,Other,Fruits,0.05,13000,15000,14000,17-Jul-22,17-07-2022 00:00
Odisha,Mayurbhanja,Karanjia,Other,Fruits,0.05,15000,17000,16000,17-Jul-22,17-07-2022 00:00
West Bengal,Kolkata,Mechua,Apple,Fruits,125.4,7500,8000,7600,17-Jul-22,17-07-2022 00:00
West Bengal,Kolkata,Mechua,Apple,Fruits,125.4,6300,7200,6800,17-Jul-22,17-07-2022 00:00
West Bengal,Kolkata,Mechua,Apple,Fruits,131.4,8500,10000,9400,18-Jul-22,18-07-2022 00:00
Himachal Pradesh,Kangra,Kangra(Nagrota Bagwan),American,Fruits,0.2,4000,13000,9500,18-Jul-22,18-07-2022 00:00
Himachal Pradesh,Kullu,Khegsu,Other,Fruits,232.5,4000,14000,9500,18-Jul-22,18-07-2022 00:00
Himachal Pradesh,Kullu,Kullu(Patli Kuhal),Other,Fruits,17.3,3000,12400,7000,18-Jul-22,18-07-2022 00:00
Himachal Pradesh,Mandi,Mandi(Mandi),Apple,Fruits,0.9,4000,16000,8000,18-Jul-22,18-07-2022 00:00
Himachal Pradesh,Mandi,Mandi(Takoli),Other,Fruits,50.4,2000,7000,4500,18-Jul-22,18-07-2022 00:00
Himachal Pradesh,Kangra,Palampur,Kullu Royal Delicious,Fruits,1.85,4000,9000,6500,18-Jul-22,18-07-2022 00:00
Himachal Pradesh,Kangra,Palampur,Apple,Fruits,1.85,16500,17000,16750,18-Jul-22,18-07-2022 00:00
Himachal Pradesh,Sirmore,Paonta Sahib,Kasmir/Shimla - II,Fruits,0.2,12000,16000,14000,18-Jul-22,18-07-2022 00:00
Himachal Pradesh,Sirmore,Paonta Sahib,Other,Fruits,0.2,4000,6000,5000,18-Jul-22,18-07-2022 00:00
Himachal Pradesh,Shimla,Shimla,Apple,Fruits,0.7,2250,6500,4500,18-Jul-22,18-07-2022 00:00
Himachal Pradesh,Shimla,Shimla and Kinnaur(Nerwa),Apple,Fruits,20.0,4000,12500,9500,18-Jul-22,18-07-2022 00:00
Himachal Pradesh,Una,Una,Other,Fruits,1.2,8000,18000,13000,18-Jul-22,18-07-2022 00:00
Himachal Pradesh,Kangra,Kangra(Jassour),Other,Fruits,0.5,8000,12000,10000,18-Jul-22,18-07-2022 00:00
Himachal Pradesh,Kangra,Kangra(Jaisinghpur),Apple,Fruits,0.13,4500,17500,11000,18-Jul-22,18-07-2022 00:00
Himachal Pradesh,Hamirpur,Hamirpur,Royal Delicious,Fruits,0.8,19000,20000,19500,18-Jul-22,18-07-2022 00:00
Himachal Pradesh,Kangra,Kangra,Other,Fruits,0.85,5000,20000,12500,18-Jul-22,18-07-2022 00:00
Himachal Pradesh,Kullu,Bhuntar,Apple,Fruits,23.0,3000,12000,7500,18-Jul-22,18-07-2022 00:00
Himachal Pradesh,Bilaspur,Bilaspur,Apple,Fruits,0.1,6500,20000,7500,18-Jul-22,18-07-2022 00:00
Himachal Pradesh,Mandi,Chail Chowk,Other,Fruits,0.48,1000,2500,1000,18-Jul-22,18-07-2022 00:00
Himachal Pradesh,Mandi,Dhanotu (Mandi),Royal Delicious,Fruits,0.3,3000,7500,5250,18-Jul-22,18-07-2022 00:00
Himachal Pradesh,Hamirpur,Hamirpur,Golden,Fruits,0.8,7000,8000,7500,18-Jul-22,18-07-2022 00:00
NCT of Delhi,Delhi,Azadpur,Delicious,Fruits,286.7,1200,6000,3492,18-Jul-22,18-07-2022 00:00
NCT of Delhi,Delhi,Azadpur,Hajratbali,Fruits,286.7,1500,3500,2600,18-Jul-22,18-07-2022 00:00
NCT of Delhi,Delhi,Azadpur,Royal Delicious,Fruits,286.7,3200,15000,7000,18-Jul-22,18-07-2022 00:00
Odisha,Mayurbhanja,Karanjia,Other,Fruits,0.07,15000,17000,16000,18-Jul-22,18-07-2022 00:00
Odisha,Mayurbhanja,Karanjia,Other,Fruits,0.07,13000,15000,14000,18-Jul-22,18-07-2022 00:00
West Bengal,Kolkata,Mechua,Apple,Fruits,131.4,7600,8000,7800,18-Jul-22,18-07-2022 00:00
West Bengal,Kolkata,Mechua,Apple,Fruits,131.4,6400,7200,6800,18-Jul-22,18-07-2022 00:00
West Bengal,Kolkata,Mechua,Apple,Fruits,131.4,8400,10000,9500,19-Jul-22,19-07-2022 00:00
Himachal Pradesh,Hamirpur,Hamirpur(Nadaun),Delicious,Fruits,0.23,7000,20000,14500,19-Jul-22,19-07-2022 00:00
Himachal Pradesh,Kangra,Kangra,Other,Fruits,0.8,5000,20000,12500,19-Jul-22,19-07-2022 00:00
Himachal Pradesh,Kangra,Kangra(Baijnath),Apple,Fruits,0.2,6000,15000,7000,19-Jul-22,19-07-2022 00:00
Himachal Pradesh,Kangra,Kangra(Jaisinghpur),Apple,Fruits,0.1,4500,17500,11000,19-Jul-22,19-07-2022 00:00
Himachal Pradesh,Kangra,Kangra(Jassour),Other,Fruits,0.5,8000,12000,10000,19-Jul-22,19-07-2022 00:00
Himachal Pradesh,Kangra,Kangra(Nagrota Bagwan),American,Fruits,0.2,4000,13000,9500,19-Jul-22,19-07-2022 00:00
Himachal Pradesh,Kullu,Khegsu,Other,Fruits,406.0,3500,11000,6500,19-Jul-22,19-07-2022 00:00
Himachal Pradesh,Kullu,Kullu(Patli Kuhal),Other,Fruits,26.9,3000,13400,7000,19-Jul-22,19-07-2022 00:00
Himachal Pradesh,Mandi,Mandi(Mandi),Apple,Fruits,0.5,3500,8000,6000,19-Jul-22,19-07-2022 00:00
Himachal Pradesh,Mandi,Mandi(Takoli),Other,Fruits,42.9,2000,6500,4000,19-Jul-22,19-07-2022 00:00
Himachal Pradesh,Sirmore,Nahan,Other,Fruits,0.12,5000,8000,6000,19-Jul-22,19-07-2022 00:00
Himachal Pradesh,Kangra,Palampur,Kullu Royal Delicious,Fruits,1.54,4000,9000,6500,19-Jul-22,19-07-2022 00:00
Himachal Pradesh,Kangra,Palampur,Apple,Fruits,1.54,16500,17000,16750,19-Jul-22,19-07-2022 00:00
Himachal Pradesh,Sirmore,Paonta Sahib,Kasmir/Shimla - II,Fruits,0.12,10000,14000,12000,19-Jul-22,19-07-2022 00:00
Himachal Pradesh,Una,Santoshgarh,Other,Fruits,0.15,10000,10000,10000,19-Jul-22,19-07-2022 00:00
Himachal Pradesh,Shimla,Shimla,Apple,Fruits,0.2,1500,15000,9000,19-Jul-22,19-07-2022 00:00
Himachal Pradesh,Shimla,Shimla and Kinnaur(Nerwa),Apple,Fruits,24.0,4000,9000,6500,19-Jul-22,19-07-2022 00:00
Himachal Pradesh,Una,Una,Delicious,Fruits,0.8,6000,18000,12000,19-Jul-22,19-07-2022 00:00
Himachal Pradesh,Hamirpur,Hamirpur,Other,Fruits,0.5,7000,8000,7500,19-Jul-22,19-07-2022 00:00
Himachal Pradesh,Hamirpur,Hamirpur,Royal Delicious,Fruits,0.5,20000,20000,20000,19-Jul-22,19-07-2022 00:00
Himachal Pradesh,Mandi,Dhanotu (Mandi),Royal Delicious,Fruits,0.2,1500,5000,3250,19-Jul-22,19-07-2022 00:00
Himachal Pradesh,Kullu,Bhuntar,Apple,Fruits,24.5,2500,11000,6000,19-Jul-22,19-07-2022 00:00
Himachal Pradesh,Kullu,Bandrol,Delicious,Fruits,14.8,3000,15000,6800,19-Jul-22,19-07-2022 00:00
Odisha,Mayurbhanja,Karanjia,Other,Fruits,0.06,15000,17000,16000,19-Jul-22,19-07-2022 00:00
Odisha,Mayurbhanja,Karanjia,Other,Fruits,0.06,13000,15000,14000,19-Jul-22,19-07-2022 00:00
NCT of Delhi,Delhi,Azadpur,Royal Delicious,Fruits,1736.1,3200,15000,7000,19-Jul-22,19-07-2022 00:00
West Bengal,Kolkata,Mechua,Apple,Fruits,131.4,7500,8000,7800,19-Jul-22,19-07-2022 00:00
NCT of Delhi,Delhi,Azadpur,Hajratbali,Fruits,1736.1,625,3125,1875,19-Jul-22,19-07-2022 00:00
NCT of Delhi,Delhi,Azadpur,Condition,Fruits,1736.1,1250,3750,2875,19-Jul-22,19-07-2022 00:00
NCT of Delhi,Delhi,Azadpur,Delicious,Fruits,1736.1,2200,2800,2600,19-Jul-22,19-07-2022 00:00
West Bengal,Kolkata,Mechua,Apple,Fruits,131.4,6500,7000,6800,19-Jul-22,19-07-2022 00:00
West Bengal,Kolkata,Mechua,Apple,Fruits,130.6,8600,10000,9500,20-Jul-22,20-07-2022 00:00
Himachal Pradesh,Kangra,Kangra,Other,Fruits,1.0,6000,9000,7500,20-Jul-22,20-07-2022 00:00
Himachal Pradesh,Kangra,Kangra(Baijnath),Apple,Fruits,0.2,7000,15000,7000,20-Jul-22,20-07-2022 00:00
Himachal Pradesh,Kangra,Kangra(Jaisinghpur),Apple,Fruits,0.09,4500,17500,11000,20-Jul-22,20-07-2022 00:00
Himachal Pradesh,Kangra,Kangra(Jassour),Other,Fruits,0.5,8000,12000,10000,20-Jul-22,20-07-2022 00:00
Himachal Pradesh,Kangra,Kangra(Nagrota Bagwan),American,Fruits,0.2,4000,13000,9500,20-Jul-22,20-07-2022 00:00
Himachal Pradesh,Kullu,Khegsu,Other,Fruits,281.4,3500,11000,7500,20-Jul-22,20-07-2022 00:00
Himachal Pradesh,Kullu,Kullu,Other,Fruits,0.5,3500,5000,4000,20-Jul-22,20-07-2022 00:00
Himachal Pradesh,Kullu,Kullu(Patli Kuhal),Other,Fruits,30.9,3000,12000,6000,20-Jul-22,20-07-2022 00:00
Himachal Pradesh,Mandi,Mandi(Mandi),Apple,Fruits,0.97,3000,8000,6000,20-Jul-22,20-07-2022 00:00
Himachal Pradesh,Mandi,Mandi(Takoli),Other,Fruits,39.8,2000,9000,5000,20-Jul-22,20-07-2022 00:00
Himachal Pradesh,Kangra,Palampur,Kullu Royal Delicious,Fruits,1.23,4000,9000,6500,20-Jul-22,20-07-2022 00:00
Himachal Pradesh,Kangra,Palampur,Apple,Fruits,1.23,16500,17000,16750,20-Jul-22,20-07-2022 00:00
Himachal Pradesh,Una,Santoshgarh,Other,Fruits,0.16,9500,10000,9750,20-Jul-22,20-07-2022 00:00
Himachal Pradesh,Hamirpur,Hamirpur,Royal Delicious,Fruits,0.8,19000,20000,19500,20-Jul-22,20-07-2022 00:00
Himachal Pradesh,Shimla,Shimla,Apple,Fruits,0.4,2500,12500,8000,20-Jul-22,20-07-2022 00:00
Himachal Pradesh,Una,Una,Delicious,Fruits,0.6,6000,19000,12000,20-Jul-22,20-07-2022 00:00
Himachal Pradesh,Shimla,Shimla and Kinnaur(Nerwa),Apple,Fruits,16.0,4000,10000,7000,20-Jul-22,20-07-2022 00:00
Himachal Pradesh,Hamirpur,Hamirpur,Golden,Fruits,0.8,7000,8000,7500,20-Jul-22,20-07-2022 00:00
Himachal Pradesh,Kullu,Bhuntar,Apple,Fruits,39.0,2500,11000,6500,20-Jul-22,20-07-2022 00:00
Himachal Pradesh,Mandi,Dhanotu (Mandi),Royal Delicious,Fruits,0.1,2000,6000,4000,20-Jul-22,20-07-2022 00:00
Himachal Pradesh,Kullu,Bandrol,Delicious,Fruits,20.5,2800,13500,6500,20-Jul-22,20-07-2022 00:00
West Bengal,Kolkata,Mechua,Apple,Fruits,130.6,7600,8000,7800,20-Jul-22,20-07-2022 00:00
Odisha,Mayurbhanja,Karanjia,Other,Fruits,0.04,15000,17000,16000,20-Jul-22,20-07-2022 00:00
Odisha,Mayurbhanja,Karanjia,Other,Fruits,0.04,13000,15000,14000,20-Jul-22,20-07-2022 00:00
NCT of Delhi,Delhi,Azadpur,Condition,Fruits,1747.4,1250,3750,2875,20-Jul-22,20-07-2022 00:00
NCT of Delhi,Delhi,Azadpur,Delicious,Fruits,1747.4,3200,15000,7756,20-Jul-22,20-07-2022 00:00
NCT of Delhi,Delhi,Azadpur,Hajratbali,Fruits,1747.4,625,3125,1875,20-Jul-22,20-07-2022 00:00
NCT of Delhi,Delhi,Azadpur,Royal Delicious,Fruits,1747.4,3200,15000,7000,20-Jul-22,20-07-2022 00:00
West Bengal,Kolkata,Mechua,Apple,Fruits,130.6,6500,7300,6900,20-Jul-22,20-07-2022 00:00
West Bengal,Kolkata,Mechua,Apple,Fruits,131.4,8400,10000,9300,21-Jul-22,21-07-2022 00:00
Himachal Pradesh,Mandi,Dhanotu (Mandi),Royal Delicious,Fruits,0.4,2500,10000,3750,21-Jul-22,21-07-2022 00:00
Himachal Pradesh,Hamirpur,Hamirpur,Golden,Fruits,0.75,7000,8000,7500,21-Jul-22,21-07-2022 00:00
Himachal Pradesh,Hamirpur,Hamirpur,Royal Delicious,Fruits,0.75,20000,20000,20000,21-Jul-22,21-07-2022 00:00
Himachal Pradesh,Hamirpur,Hamirpur(Nadaun),Other,Fruits,0.5,7000,20000,13000,21-Jul-22,21-07-2022 00:00
Himachal Pradesh,Kangra,Kangra,Other,Fruits,1.1,6000,9000,7500,21-Jul-22,21-07-2022 00:00
Himachal Pradesh,Kangra,Kangra(Baijnath),Apple,Fruits,0.25,4000,15000,6000,21-Jul-22,21-07-2022 00:00
Himachal Pradesh,Kangra,Kangra(Jaisinghpur),Apple,Fruits,0.09,5000,17500,11250,21-Jul-22,21-07-2022 00:00
Himachal Pradesh,Kangra,Kangra(Jassour),Other,Fruits,0.5,8000,12000,10000,21-Jul-22,21-07-2022 00:00
Himachal Pradesh,Kangra,Kangra(Nagrota Bagwan),American,Fruits,0.1,4000,10000,7000,21-Jul-22,21-07-2022 00:00
Himachal Pradesh,Kullu,Khegsu,Other,Fruits,375.0,4000,10500,8500,21-Jul-22,21-07-2022 00:00
Himachal Pradesh,Kullu,Kullu,Other,Fruits,0.3,3000,5000,4000,21-Jul-22,21-07-2022 00:00
Himachal Pradesh,Kullu,Kullu(Patli Kuhal),Other,Fruits,32.7,2000,10000,6000,21-Jul-22,21-07-2022 00:00
Himachal Pradesh,Mandi,Mandi(Mandi),Apple,Fruits,0.35,6000,9000,7000,21-Jul-22,21-07-2022 00:00
Himachal Pradesh,Mandi,Mandi(Takoli),Other,Fruits,26.0,2000,8000,4500,21-Jul-22,21-07-2022 00:00
Himachal Pradesh,Sirmore,Nahan,Simla,Fruits,0.12,4000,8000,5000,21-Jul-22,21-07-2022 00:00
Himachal Pradesh,Kangra,Palampur,Kullu Royal Delicious,Fruits,1.52,4500,8000,6250,21-Jul-22,21-07-2022 00:00
Himachal Pradesh,Kangra,Palampur,Apple,Fruits,1.52,16500,17000,16750,21-Jul-22,21-07-2022 00:00
Himachal Pradesh,Sirmore,Paonta Sahib,Other,Fruits,0.4,5000,12000,8000,21-Jul-22,21-07-2022 00:00
Himachal Pradesh,Una,Santoshgarh,Other,Fruits,0.16,10000,10000,10000,21-Jul-22,21-07-2022 00:00
Himachal Pradesh,Shimla,Shimla,Apple,Fruits,0.76,4500,8000,6000,21-Jul-22,21-07-2022 00:00
Himachal Pradesh,Mandi,Chail Chowk,Other,Fruits,1.14,1500,2500,1500,21-Jul-22,21-07-2022 00:00
Himachal Pradesh,Bilaspur,Bilaspur,Apple,Fruits,0.1,5500,20000,15000,21-Jul-22,21-07-2022 00:00
Himachal Pradesh,Kullu,Bandrol,Delicious,Fruits,18.6,2700,13000,6500,21-Jul-22,21-07-2022 00:00
Himachal Pradesh,Kullu,Bhuntar,Apple,Fruits,28.0,2500,11300,6400,21-Jul-22,21-07-2022 00:00
West Bengal,Kolkata,Mechua,Apple,Fruits,131.4,7500,8000,7700,21-Jul-22,21-07-2022 00:00
NCT of Delhi,Delhi,Azadpur,Hajratbali,Fruits,1626.2,624,3125,1875,21-Jul-22,21-07-2022 00:00
NCT of Delhi,Delhi,Azadpur,Royal Delicious,Fruits,1626.2,3200,15000,7000,21-Jul-22,21-07-2022 00:00
Odisha,Mayurbhanja,Karanjia,Other,Fruits,0.06,15000,17000,16000,21-Jul-22,21-07-2022 00:00
Odisha,Mayurbhanja,Karanjia,Other,Fruits,0.06,13000,15000,14000,21-Jul-22,21-07-2022 00:00
NCT of Delhi,Delhi,Azadpur,Delicious,Fruits,1626.2,2000,8000,6341,21-Jul-22,21-07-2022 00:00
NCT of Delhi,Delhi,Azadpur,Condition,Fruits,1626.2,1250,3750,2875,21-Jul-22,21-07-2022 00:00
West Bengal,Kolkata,Mechua,Apple,Fruits,131.4,6500,7100,6800,21-Jul-22,21-07-2022 00:00
West Bengal,Kolkata,Mechua,Apple,Fruits,130.0,8500,10000,9400,22-Jul-22,22-07-2022 00:00
West Bengal,Kolkata,Mechua,Apple,Fruits,130.0,7600,9000,7800,22-Jul-22,22-07-2022 00:00
Himachal Pradesh,Kangra,Kangra(Jassour),Other,Fruits,0.5,8000,12000,10000,22-Jul-22,22-07-2022 00:00
Himachal Pradesh,Kangra,Kangra(Nagrota Bagwan),American,Fruits,0.25,4000,12000,8000,22-Jul-22,22-07-2022 00:00
Himachal Pradesh,Kullu,Khegsu,Other,Fruits,264.5,4000,10000,8000,22-Jul-22,22-07-2022 00:00
Himachal Pradesh,Kullu,Kullu,Other,Fruits,0.4,3500,5200,4000,22-Jul-22,22-07-2022 00:00
Himachal Pradesh,Kullu,Kullu(Patli Kuhal),Other,Fruits,70.2,2000,9500,6000,22-Jul-22,22-07-2022 00:00
Himachal Pradesh,Mandi,Mandi(Mandi),Apple,Fruits,0.67,3000,6000,5000,22-Jul-22,22-07-2022 00:00
Himachal Pradesh,Mandi,Mandi(Takoli),Other,Fruits,57.3,2000,6500,4000,22-Jul-22,22-07-2022 00:00
Himachal Pradesh,Sirmore,Nahan,Other,Fruits,0.12,5000,8000,6000,22-Jul-22,22-07-2022 00:00
Himachal Pradesh,Kangra,Palampur,Kullu Royal Delicious,Fruits,1.37,4500,8000,6250,22-Jul-22,22-07-2022 00:00
Himachal Pradesh,Kangra,Palampur,Apple,Fruits,1.37,16500,17000,16750,22-Jul-22,22-07-2022 00:00
Himachal Pradesh,Sirmore,Paonta Sahib,Other,Fruits,0.14,5000,10000,8000,22-Jul-22,22-07-2022 00:00
Himachal Pradesh,Una,Santoshgarh,Other,Fruits,0.15,9500,10000,9750,22-Jul-22,22-07-2022 00:00
Himachal Pradesh,Shimla,Shimla,Apple,Fruits,1.0,2500,12500,9500,22-Jul-22,22-07-2022 00:00
Himachal Pradesh,Kangra,Kangra(Jaisinghpur),Apple,Fruits,0.09,5000,17500,11250,22-Jul-22,22-07-2022 00:00
Himachal Pradesh,Shimla,Shimla and Kinnaur(Nerwa),Apple,Fruits,12.0,4000,11000,8250,22-Jul-22,22-07-2022 00:00
Himachal Pradesh,Una,Una,Delicious,Fruits,1.7,8000,19000,12000,22-Jul-22,22-07-2022 00:00
Himachal Pradesh,Kangra,Kangra,Other,Fruits,1.2,5000,9000,7000,22-Jul-22,22-07-2022 00:00
Himachal Pradesh,Hamirpur,Hamirpur(Nadaun),Other,Fruits,1.0,8000,9000,8500,22-Jul-22,22-07-2022 00:00
Himachal Pradesh,Hamirpur,Hamirpur,Delicious,Fruits,0.85,7000,20000,14500,22-Jul-22,22-07-2022 00:00
Himachal Pradesh,Kullu,Bandrol,Delicious,Fruits,48.0,2300,11200,5300,22-Jul-22,22-07-2022 00:00
Himachal Pradesh,Kullu,Bhuntar,Apple,Fruits,31.0,2500,11000,6000,22-Jul-22,22-07-2022 00:00
Himachal Pradesh,Mandi,Chail Chowk,Other,Fruits,0.36,2500,2500,2500,22-Jul-22,22-07-2022 00:00
Himachal Pradesh,Mandi,Dhanotu (Mandi),Royal Delicious,Fruits,0.3,2500,10000,7500,22-Jul-22,22-07-2022 00:00
NCT of Delhi,Delhi,Azadpur,Condition,Fruits,1887.0,1250,3750,2875,22-Jul-22,22-07-2022 00:00
NCT of Delhi,Delhi,Azadpur,Delicious,Fruits,1887.0,1200,6000,3167,22-Jul-22,22-07-2022 00:00
NCT of Delhi,Delhi,Azadpur,Hajratbali,Fruits,1887.0,1500,4500,3250,22-Jul-22,22-07-2022 00:00
NCT of Delhi,Delhi,Azadpur,Royal Delicious,Fruits,1887.0,3200,15000,6900,22-Jul-22,22-07-2022 00:00
Odisha,Mayurbhanja,Karanjia,Other,Fruits,0.07,15000,17000,16000,22-Jul-22,22-07-2022 00:00
Odisha,Mayurbhanja,Karanjia,Other,Fruits,0.07,13000,15000,14000,22-Jul-22,22-07-2022 00:00
West Bengal,Kolkata,Mechua,Apple,Fruits,130.0,6500,7400,7000,22-Jul-22,22-07-2022 00:00
West Bengal,Kolkata,Mechua,Apple,Fruits,130.2,8500,10000,9500,23-Jul-22,23-07-2022 00:00
West Bengal,Kolkata,Mechua,Apple,Fruits,130.2,7500,9000,7800,23-Jul-22,23-07-2022 00:00
Himachal Pradesh,Hamirpur,Hamirpur(Nadaun),Golden,Fruits,0.5,7000,8000,7500,23-Jul-22,23-07-2022 00:00
Himachal Pradesh,Kangra,Kangra,Other,Fruits,1.0,5000,9000,7000,23-Jul-22,23-07-2022 00:00
Himachal Pradesh,Kangra,Kangra(Baijnath),Apple,Fruits,0.2,5000,7000,6000,23-Jul-22,23-07-2022 00:00
Himachal Pradesh,Kangra,Kangra(Jaisinghpur),Apple,Fruits,0.12,4500,20000,12250,23-Jul-22,23-07-2022 00:00
Himachal Pradesh,Kangra,Kangra(Jassour),Other,Fruits,0.5,8000,12000,10000,23-Jul-22,23-07-2022 00:00
Himachal Pradesh,Kangra,Kangra(Nagrota Bagwan),American,Fruits,0.24,4000,12000,8000,23-Jul-22,23-07-2022 00:00
Himachal Pradesh,Kullu,Khegsu,Other,Fruits,361.0,3500,7600,5500,23-Jul-22,23-07-2022 00:00
Himachal Pradesh,Kullu,Kullu,Other,Fruits,0.3,2500,5000,3500,23-Jul-22,23-07-2022 00:00
Himachal Pradesh,Mandi,Mandi(Mandi),Apple,Fruits,0.84,3500,7500,6000,23-Jul-22,23-07-2022 00:00
Himachal Pradesh,Sirmore,Nahan,Simla,Fruits,0.2,6000,12000,8000,23-Jul-22,23-07-2022 00:00
Himachal Pradesh,Kangra,Palampur,Kullu Royal Delicious,Fruits,1.96,4000,9500,6750,23-Jul-22,23-07-2022 00:00
Himachal Pradesh,Kangra,Palampur,Apple,Fruits,1.96,18000,20000,19000,23-Jul-22,23-07-2022 00:00
Himachal Pradesh,Hamirpur,Hamirpur,Royal Delicious,Fruits,0.8,20000,21000,20500,23-Jul-22,23-07-2022 00:00
Himachal Pradesh,Sirmore,Paonta Sahib,Other,Fruits,0.35,5000,12000,8000,23-Jul-22,23-07-2022 00:00
Himachal Pradesh,Shimla,Shimla,Apple,Fruits,0.6,2000,12000,8000,23-Jul-22,23-07-2022 00:00
Himachal Pradesh,Shimla,Shimla and Kinnaur(Nerwa),Apple,Fruits,8.0,4000,9000,6000,23-Jul-22,23-07-2022 00:00
Himachal Pradesh,Una,Una,Delicious,Fruits,1.4,10000,15000,12500,23-Jul-22,23-07-2022 00:00
Himachal Pradesh,Una,Una,Kullu Royal Delicious,Fruits,1.4,6000,10000,8000,23-Jul-22,23-07-2022 00:00
Himachal Pradesh,Una,Santoshgarh,Other,Fruits,0.14,10000,11000,10500,23-Jul-22,23-07-2022 00:00
Himachal Pradesh,Hamirpur,Hamirpur,Golden,Fruits,0.8,7000,8000,7500,23-Jul-22,23-07-2022 00:00
Himachal Pradesh,Bilaspur,Bilaspur,Apple,Fruits,0.2,5500,21000,20000,23-Jul-22,23-07-2022 00:00
Himachal Pradesh,Mandi,Dhanotu (Mandi),Royal Delicious,Fruits,0.3,1500,6000,3750,23-Jul-22,23-07-2022 00:00
Odisha,Mayurbhanja,Karanjia,Other,Fruits,0.06,13000,15000,14000,23-Jul-22,23-07-2022 00:00
Odisha,Mayurbhanja,Karanjia,Other,Fruits,0.06,15000,17000,16000,23-Jul-22,23-07-2022 00:00
NCT of Delhi,Delhi,Azadpur,Condition,Fruits,1639.3,1250,3750,2875,23-Jul-22,23-07-2022 00:00
NCT of Delhi,Delhi,Azadpur,Delicious,Fruits,1639.3,2000,8000,6341,23-Jul-22,23-07-2022 00:00
NCT of Delhi,Delhi,Azadpur,Hajratbali,Fruits,1639.3,625,3125,1875,23-Jul-22,23-07-2022 00:00
NCT of Delhi,Delhi,Azadpur,Royal Delicious,Fruits,1639.3,3200,15000,6900,23-Jul-22,23-07-2022 00:00
West Bengal,Kolkata,Mechua,Apple,Fruits,130.2,6500,7500,7000,23-Jul-22,23-07-2022 00:00
West Bengal,Kolkata,Mechua,Apple,Fruits,130.4,8400,10000,9300,24-Jul-22,24-07-2022 00:00
Himachal Pradesh,Shimla,Shimla and Kinnaur(Nerwa),Apple,Fruits,12.0,3000,9000,6000,24-Jul-22,24-07-2022 00:00
Himachal Pradesh,Mandi,Mandi(Takoli),Other,Fruits,56.5,2000,7000,4500,24-Jul-22,24-07-2022 00:00
Himachal Pradesh,Kullu,Kullu(Patli Kuhal),Other,Fruits,125.7,2000,9000,6000,24-Jul-22,24-07-2022 00:00
Himachal Pradesh,Kullu,Kullu(Chauri Bihal),Apple,Fruits,1.4,1500,7000,5000,24-Jul-22,24-07-2022 00:00
Himachal Pradesh,Kullu,Kullu,Other,Fruits,0.3,2500,5000,4000,24-Jul-22,24-07-2022 00:00
Himachal Pradesh,Kullu,Khegsu,Other,Fruits,353.8,3000,10500,7500,24-Jul-22,24-07-2022 00:00
Himachal Pradesh,Kullu,Bhuntar,Apple,Fruits,41.0,2000,8500,4700,24-Jul-22,24-07-2022 00:00
Himachal Pradesh,Kullu,Bandrol,Delicious,Fruits,78.0,2500,11800,5800,24-Jul-22,24-07-2022 00:00
Odisha,Mayurbhanja,Karanjia,Other,Fruits,0.08,13000,15000,14000,24-Jul-22,24-07-2022 00:00
Odisha,Mayurbhanja,Karanjia,Other,Fruits,0.08,15000,17000,16000,24-Jul-22,24-07-2022 00:00
West Bengal,Kolkata,Mechua,Apple,Fruits,130.4,7500,9000,7800,24-Jul-22,24-07-2022 00:00
West Bengal,Kolkata,Mechua,Apple,Fruits,130.4,6400,7300,7000,24-Jul-22,24-07-2022 00:00
West Bengal,Kolkata,Mechua,Apple,Fruits,127.4,8500,10000,9500,25-Jul-22,25-07-2022 00:00
West Bengal,Kolkata,Mechua,Apple,Fruits,127.4,7600,9000,7800,25-Jul-22,25-07-2022 00:00
Himachal Pradesh,Kangra,Kangra(Baijnath),Apple,Fruits,0.2,6000,10000,7000,25-Jul-22,25-07-2022 00:00
Himachal Pradesh,Kangra,Kangra(Jaisinghpur),Apple,Fruits,0.13,4500,20000,12250,25-Jul-22,25-07-2022 00:00
Himachal Pradesh,Kangra,Kangra(Jassour),Other,Fruits,0.7,5000,8000,6500,25-Jul-22,25-07-2022 00:00
Himachal Pradesh,Kangra,Kangra(Nagrota Bagwan),American,Fruits,0.4,4000,8000,6000,25-Jul-22,25-07-2022 00:00
Himachal Pradesh,Kullu,Khegsu,Other,Fruits,510.0,3000,9500,6500,25-Jul-22,25-07-2022 00:00
Himachal Pradesh,Kullu,Kullu,Other,Fruits,0.5,2500,5500,4000,25-Jul-22,25-07-2022 00:00
Himachal Pradesh,Kullu,Kullu(Chauri Bihal),Apple,Fruits,1.2,1500,7000,5000,25-Jul-22,25-07-2022 00:00
Himachal Pradesh,Kullu,Kullu(Patli Kuhal),Other,Fruits,117.2,2000,8400,6000,25-Jul-22,25-07-2022 00:00
Himachal Pradesh,Mandi,Mandi(Mandi),Apple,Fruits,1.9,3000,15000,6000,25-Jul-22,25-07-2022 00:00
Himachal Pradesh,Mandi,Mandi(Takoli),Other,Fruits,67.9,1500,5000,4000,25-Jul-22,25-07-2022 00:00
Himachal Pradesh,Kangra,Palampur,Kullu Royal Delicious,Fruits,1.97,4500,9800,7150,25-Jul-22,25-07-2022 00:00
Himachal Pradesh,Kangra,Palampur,Apple,Fruits,1.97,18000,20000,19000,25-Jul-22,25-07-2022 00:00
Himachal Pradesh,Sirmore,Paonta Sahib,Other,Fruits,0.25,6000,10000,8000,25-Jul-22,25-07-2022 00:00
Himachal Pradesh,Shimla,Shimla and Kinnaur(Nerwa),Apple,Fruits,12.0,3500,8000,6000,25-Jul-22,25-07-2022 00:00
Himachal Pradesh,Una,Una,Delicious,Fruits,1.7,10000,14000,12000,25-Jul-22,25-07-2022 00:00
Himachal Pradesh,Una,Una,Kullu Royal Delicious,Fruits,1.7,6000,10000,8000,25-Jul-22,25-07-2022 00:00
Himachal Pradesh,Kangra,Kangra,Other,Fruits,1.4,4000,10000,7000,25-Jul-22,25-07-2022 00:00
Himachal Pradesh,Hamirpur,Hamirpur(Nadaun),Other,Fruits,0.5,7000,8000,7500,25-Jul-22,25-07-2022 00:00
Himachal Pradesh,Mandi,Dhanotu (Mandi),Royal Delicious,Fruits,0.4,4000,12000,8000,25-Jul-22,25-07-2022 00:00
Himachal Pradesh,Kullu,Bandrol,Delicious,Fruits,124.5,2200,11000,5600,25-Jul-22,25-07-2022 00:00
Himachal Pradesh,Kullu,Bhuntar,Apple,Fruits,51.5,2000,7500,4500,25-Jul-22,25-07-2022 00:00
Himachal Pradesh,Mandi,Chail Chowk,Other,Fruits,0.34,1000,1000,1000,25-Jul-22,25-07-2022 00:00
Himachal Pradesh,Hamirpur,Hamirpur,Golden,Fruits,0.8,7000,8000,7500,25-Jul-22,25-07-2022 00:00
NCT of Delhi,Delhi,Azadpur,Condition,Fruits,529.1,1250,3750,2875,25-Jul-22,25-07-2022 00:00
NCT of Delhi,Delhi,Azadpur,Delicious,Fruits,529.1,2000,8000,6341,25-Jul-22,25-07-2022 00:00
NCT of Delhi,Delhi,Azadpur,Hajratbali,Fruits,529.1,625,3125,1875,25-Jul-22,25-07-2022 00:00
NCT of Delhi,Delhi,Azadpur,Royal Delicious,Fruits,529.1,3200,15000,6900,25-Jul-22,25-07-2022 00:00
Odisha,Mayurbhanja,Karanjia,Other,Fruits,0.05,15000,17000,16000,25-Jul-22,25-07-2022 00:00
Odisha,Mayurbhanja,Karanjia,Other,Fruits,0.05,13000,15000,14000,25-Jul-22,25-07-2022 00:00
West Bengal,Kolkata,Mechua,Apple,Fruits,127.4,6500,7400,7000,25-Jul-22,25-07-2022 00:00
West Bengal,Kolkata,Mechua,Apple,Fruits,125.4,8400,10000,9600,26-Jul-22,26-07-2022 00:00
West Bengal,Kolkata,Mechua,Apple,Fruits,125.4,7400,9000,7700,26-Jul-22,26-07-2022 00:00
Himachal Pradesh,Kullu,Bandrol,Delicious,Fruits,165.8,2200,10800,5800,26-Jul-22,26-07-2022 00:00
Himachal Pradesh,Kullu,Bhuntar,Apple,Fruits,45.0,2500,12000,6500,26-Jul-22,26-07-2022 00:00
Himachal Pradesh,Mandi,Dhanotu (Mandi),Royal Delicious,Fruits,0.7,2000,10000,6000,26-Jul-22,26-07-2022 00:00
Himachal Pradesh,Hamirpur,Hamirpur,Golden,Fruits,0.54,7000,8000,7500,26-Jul-22,26-07-2022 00:00
Himachal Pradesh,Hamirpur,Hamirpur(Nadaun),Golden,Fruits,0.3,7000,8000,7500,26-Jul-22,26-07-2022 00:00
Himachal Pradesh,Kangra,Kangra,Other,Fruits,1.05,4000,8000,6000,26-Jul-22,26-07-2022 00:00
Himachal Pradesh,Kangra,Kangra(Baijnath),Apple,Fruits,0.26,6000,10000,7000,26-Jul-22,26-07-2022 00:00
Himachal Pradesh,Kangra,Kangra(Jaisinghpur),Apple,Fruits,0.09,4500,20000,12250,26-Jul-22,26-07-2022 00:00
Himachal Pradesh,Kangra,Kangra(Jassour),Other,Fruits,0.5,5000,8000,6500,26-Jul-22,26-07-2022 00:00
Himachal Pradesh,Kangra,Kangra(Nagrota Bagwan),American,Fruits,0.3,4000,8000,6000,26-Jul-22,26-07-2022 00:00
Himachal Pradesh,Kullu,Khegsu,Other,Fruits,326.0,3500,10000,6500,26-Jul-22,26-07-2022 00:00
Himachal Pradesh,Kullu,Kullu,Other,Fruits,0.7,2500,5200,3500,26-Jul-22,26-07-2022 00:00
Himachal Pradesh,Kullu,Kullu(Chauri Bihal),Apple,Fruits,0.8,2000,7000,5000,26-Jul-22,26-07-2022 00:00
Himachal Pradesh,Mandi,Mandi(Mandi),Apple,Fruits,0.9,3000,11000,6000,26-Jul-22,26-07-2022 00:00
Himachal Pradesh,Mandi,Mandi(Takoli),Other,Fruits,60.5,1000,4500,3500,26-Jul-22,26-07-2022 00:00
Himachal Pradesh,Kangra,Palampur,Kullu Royal Delicious,Fruits,1.54,5000,9500,7250,26-Jul-22,26-07-2022 00:00
Himachal Pradesh,Kangra,Palampur,Apple,Fruits,1.54,18000,20000,19000,26-Jul-22,26-07-2022 00:00
Himachal Pradesh,Sirmore,Paonta Sahib,Other,Fruits,0.35,6000,12000,8000,26-Jul-22,26-07-2022 00:00
Himachal Pradesh,Una,Santoshgarh,Other,Fruits,0.15,11000,11000,11000,26-Jul-22,26-07-2022 00:00
Himachal Pradesh,Shimla,Shimla,Apple,Fruits,2.6,3500,9000,6000,26-Jul-22,26-07-2022 00:00
Himachal Pradesh,Shimla,Shimla and Kinnaur(Nerwa),Apple,Fruits,8.0,3000,6500,4000,26-Jul-22,26-07-2022 00:00
Himachal Pradesh,Una,Una,Delicious,Fruits,1.7,10000,16000,13000,26-Jul-22,26-07-2022 00:00
Himachal Pradesh,Una,Una,Kullu Royal Delicious,Fruits,1.7,6000,10000,8000,26-Jul-22,26-07-2022 00:00
Himachal Pradesh,Kullu,Kullu(Patli Kuhal),Other,Fruits,109.0,2000,8000,6000,26-Jul-22,26-07-2022 00:00
NCT of Delhi,Delhi,Azadpur,Delicious,Fruits,2206.2,2000,8000,6341,26-Jul-22,26-07-2022 00:00
NCT of Delhi,Delhi,Azadpur,Hajratbali,Fruits,2206.2,625,3125,1875,26-Jul-22,26-07-2022 00:00
NCT of Delhi,Delhi,Azadpur,Royal Delicious,Fruits,2206.2,3200,15000,6900,26-Jul-22,26-07-2022 00:00
Odisha,Mayurbhanja,Karanjia,Other,Fruits,0.05,15000,17000,16000,26-Jul-22,26-07-2022 00:00
Odisha,Mayurbhanja,Karanjia,Other,Fruits,0.05,13000,15000,14000,26-Jul-22,26-07-2022 00:00
NCT of Delhi,Delhi,Azadpur,Condition,Fruits,2206.2,1250,3750,2875,26-Jul-22,26-07-2022 00:00
West Bengal,Kolkata,Mechua,Apple,Fruits,125.4,6400,7200,6800,26-Jul-22,26-07-2022 00:00
West Bengal,Kolkata,Mechua,Apple,Fruits,125.4,8400,10000,9400,27-Jul-22,27-07-2022 00:00
West Bengal,Kolkata,Mechua,Apple,Fruits,125.4,7500,9000,7800,27-Jul-22,27-07-2022 00:00
Himachal Pradesh,Kullu,Bandrol,Delicious,Fruits,189.0,2200,10600,5600,27-Jul-22,27-07-2022 00:00
Himachal Pradesh,Kullu,Bhuntar,Apple,Fruits,46.5,1500,6000,4000,27-Jul-22,27-07-2022 00:00
Himachal Pradesh,Bilaspur,Bilaspur,Apple,Fruits,0.2,3000,6500,5500,27-Jul-22,27-07-2022 00:00
Himachal Pradesh,Mandi,Chail Chowk,Other,Fruits,1.0,1200,2500,1750,27-Jul-22,27-07-2022 00:00
Himachal Pradesh,Mandi,Dhanotu (Mandi),Royal Delicious,Fruits,0.6,2500,9000,5750,27-Jul-22,27-07-2022 00:00
Himachal Pradesh,Hamirpur,Hamirpur,Other,Fruits,0.98,6000,7500,6750,27-Jul-22,27-07-2022 00:00
Himachal Pradesh,Hamirpur,Hamirpur(Nadaun),Other,Fruits,0.4,6000,7500,6700,27-Jul-22,27-07-2022 00:00
Himachal Pradesh,Kangra,Kangra,Other,Fruits,1.1,5000,9000,7000,27-Jul-22,27-07-2022 00:00
Himachal Pradesh,Kangra,Kangra(Baijnath),Apple,Fruits,0.25,6000,9000,7000,27-Jul-22,27-07-2022 00:00
Himachal Pradesh,Kangra,Kangra(Jaisinghpur),Apple,Fruits,0.1,6000,20000,13000,27-Jul-22,27-07-2022 00:00
Himachal Pradesh,Kangra,Kangra(Jassour),Other,Fruits,0.6,5000,8000,6500,27-Jul-22,27-07-2022 00:00
Himachal Pradesh,Kangra,Kangra(Nagrota Bagwan),American,Fruits,0.2,4000,8000,6000,27-Jul-22,27-07-2022 00:00
Himachal Pradesh,Kullu,Khegsu,Other,Fruits,577.2,3000,8500,5000,27-Jul-22,27-07-2022 00:00
Himachal Pradesh,Kullu,Kullu,Other,Fruits,1.0,2500,5000,3800,27-Jul-22,27-07-2022 00:00
Himachal Pradesh,Kullu,Kullu(Chauri Bihal),Apple,Fruits,1.4,1500,6500,4500,27-Jul-22,27-07-2022 00:00
Himachal Pradesh,Kullu,Kullu(Patli Kuhal),Other,Fruits,103.0,2000,8000,6000,27-Jul-22,27-07-2022 00:00
Himachal Pradesh,Mandi,Mandi(Mandi),Apple,Fruits,1.08,2000,10000,6000,27-Jul-22,27-07-2022 00:00
Himachal Pradesh,Mandi,Mandi(Takoli),Other,Fruits,54.2,1500,5500,4500,27-Jul-22,27-07-2022 00:00
Himachal Pradesh,Kangra,Palampur,Apple,Fruits,1.48,18000,20000,19000,27-Jul-22,27-07-2022 00:00
Himachal Pradesh,Shimla,Shimla,Apple,Fruits,3.0,2250,6000,4500,27-Jul-22,27-07-2022 00:00
Himachal Pradesh,Shimla,Shimla and Kinnaur(Nerwa),Apple,Fruits,6.0,3500,7000,4500,27-Jul-22,27-07-2022 00:00
Himachal Pradesh,Una,Una,Delicious,Fruits,2.4,10000,15000,12500,27-Jul-22,27-07-2022 00:00
Himachal Pradesh,Una,Una,Kullu Royal Delicious,Fruits,2.4,5500,10000,7500,27-Jul-22,27-07-2022 00:00
Odisha,Mayurbhanja,Karanjia,Other,Fruits,0.07,15000,17000,16000,27-Jul-22,27-07-2022 00:00
Odisha,Mayurbhanja,Karanjia,Other,Fruits,0.07,13000,15000,14000,27-Jul-22,27-07-2022 00:00
NCT of Delhi,Delhi,Azadpur,Royal Delicious,Fruits,2146.6,2800,14000,6725,27-Jul-22,27-07-2022 00:00
NCT of Delhi,Delhi,Azadpur,Hajratbali,Fruits,2146.6,625,3125,1875,27-Jul-22,27-07-2022 00:00
NCT of Delhi,Delhi,Azadpur,Delicious,Fruits,2146.6,2000,8000,6341,27-Jul-22,27-07-2022 00:00
West Bengal,Kolkata,Mechua,Apple,Fruits,125.4,6400,7300,7000,27-Jul-22,27-07-2022 00:00
West Bengal,Kolkata,Mechua,Apple,Fruits,125.1,8400,10000,9400,28-Jul-22,28-07-2022 00:00
West Bengal,Kolkata,Mechua,Apple,Fruits,125.1,8000,9000,8400,28-Jul-22,28-07-2022 00:00
Himachal Pradesh,Hamirpur,Hamirpur,Golden,Fruits,1.15,3500,7000,5200,28-Jul-22,28-07-2022 00:00
Himachal Pradesh,Hamirpur,Hamirpur(Nadaun),Other,Fruits,0.4,4000,7000,5500,28-Jul-22,28-07-2022 00:00
Himachal Pradesh,Kangra,Kangra,Other,Fruits,1.35,5000,9000,7000,28-Jul-22,28-07-2022 00:00
Himachal Pradesh,Kangra,Kangra(Jaisinghpur),Apple,Fruits,0.09,6000,20000,13000,28-Jul-22,28-07-2022 00:00
Himachal Pradesh,Kangra,Kangra(Nagrota Bagwan),American,Fruits,0.4,4000,8000,6000,28-Jul-22,28-07-2022 00:00
Himachal Pradesh,Kullu,Khegsu,Other,Fruits,480.5,2500,9500,6000,28-Jul-22,28-07-2022 00:00
Himachal Pradesh,Kullu,Kullu,Other,Fruits,0.5,2500,4500,3000,28-Jul-22,28-07-2022 00:00
Himachal Pradesh,Kullu,Kullu(Chauri Bihal),Apple,Fruits,1.1,1500,6000,4500,28-Jul-22,28-07-2022 00:00
Himachal Pradesh,Kullu,Kullu(Patli Kuhal),Other,Fruits,134.6,2000,8000,6000,28-Jul-22,28-07-2022 00:00
Himachal Pradesh,Mandi,Mandi(Mandi),Apple,Fruits,1.49,2000,9000,4000,28-Jul-22,28-07-2022 00:00
Himachal Pradesh,Mandi,Mandi(Takoli),Other,Fruits,43.0,1500,6000,3500,28-Jul-22,28-07-2022 00:00
Himachal Pradesh,Sirmore,Nahan,Other,Fruits,0.12,6000,10000,8000,28-Jul-22,28-07-2022 00:00
Himachal Pradesh,Kangra,Palampur,Kullu Royal Delicious,Fruits,1.12,5000,9000,7000,28-Jul-22,28-07-2022 00:00
Himachal Pradesh,Mandi,Dhanotu (Mandi),Royal Delicious,Fruits,0.3,3000,10000,6500,28-Jul-22,28-07-2022 00:00
Himachal Pradesh,Kangra,Palampur,Apple,Fruits,1.12,18000,20000,19000,28-Jul-22,28-07-2022 00:00
Himachal Pradesh,Una,Santoshgarh,Other,Fruits,0.13,10000,10000,10000,28-Jul-22,28-07-2022 00:00
Himachal Pradesh,Shimla,Shimla,Apple,Fruits,2.4,2000,6500,4500,28-Jul-22,28-07-2022 00:00
Himachal Pradesh,Shimla,Shimla and Kinnaur(Nerwa),Apple,Fruits,8.0,3500,8000,5000,28-Jul-22,28-07-2022 00:00
Himachal Pradesh,Una,Una,Delicious,Fruits,2.3,10000,15000,12500,28-Jul-22,28-07-2022 00:00
Himachal Pradesh,Una,Una,Kullu Royal Delicious,Fruits,2.3,5000,7000,6000,28-Jul-22,28-07-2022 00:00
Himachal Pradesh,Sirmore,Paonta Sahib,Other,Fruits,0.35,10000,0,12000,28-Jul-22,28-07-2022 00:00
Himachal Pradesh,Mandi,Chail Chowk,Other,Fruits,0.6,2500,2500,2500,28-Jul-22,28-07-2022 00:00
Himachal Pradesh,Kullu,Bandrol,Delicious,Fruits,286.0,2000,10000,5800,28-Jul-22,28-07-2022 00:00
Himachal Pradesh,Kullu,Bhuntar,Apple,Fruits,48.0,1500,7000,4000,28-Jul-22,28-07-2022 00:00
NCT of Delhi,Delhi,Azadpur,Condition,Fruits,1623.4,1250,3750,2875,28-Jul-22,28-07-2022 00:00
NCT of Delhi,Delhi,Azadpur,Delicious,Fruits,1623.4,2000,8000,6341,28-Jul-22,28-07-2022 00:00
NCT of Delhi,Delhi,Azadpur,Hajratbali,Fruits,1623.4,625,3125,1875,28-Jul-22,28-07-2022 00:00
NCT of Delhi,Delhi,Azadpur,Royal Delicious,Fruits,1623.4,2600,13000,6225,28-Jul-22,28-07-2022 00:00
Odisha,Mayurbhanja,Karanjia,Other,Fruits,0.09,15000,17000,16000,28-Jul-22,28-07-2022 00:00
Odisha,Mayurbhanja,Karanjia,Other,Fruits,0.09,13000,15000,14000,28-Jul-22,28-07-2022 00:00
West Bengal,Kolkata,Mechua,Apple,Fruits,125.1,6000,7000,6600,28-Jul-22,28-07-2022 00:00
West Bengal,Kolkata,Mechua,Apple,Fruits,115.2,8600,10000,9400,29-Jul-22,29-07-2022 00:00
West Bengal,Kolkata,Mechua,Apple,Fruits,115.2,7500,9000,7800,29-Jul-22,29-07-2022 00:00
Himachal Pradesh,Mandi,Dhanotu (Mandi),Royal Delicious,Fruits,0.4,3000,10000,6500,29-Jul-22,29-07-2022 00:00
Himachal Pradesh,Hamirpur,Hamirpur,Golden,Fruits,1.19,3500,7000,5500,29-Jul-22,29-07-2022 00:00
Himachal Pradesh,Hamirpur,Hamirpur(Nadaun),Other,Fruits,0.5,4000,7000,5500,29-Jul-22,29-07-2022 00:00
Himachal Pradesh,Kangra,Kangra,Other,Fruits,1.2,4000,8000,6000,29-Jul-22,29-07-2022 00:00
Himachal Pradesh,Kangra,Kangra(Baijnath),Apple,Fruits,0.3,5000,9000,7000,29-Jul-22,29-07-2022 00:00
Himachal Pradesh,Kangra,Kangra(Jaisinghpur),Apple,Fruits,0.09,6000,20000,13000,29-Jul-22,29-07-2022 00:00
Himachal Pradesh,Kangra,Kangra(Jassour),Other,Fruits,0.6,5000,8000,6500,29-Jul-22,29-07-2022 00:00
Himachal Pradesh,Kullu,Khegsu,Other,Fruits,359.4,2300,9000,7500,29-Jul-22,29-07-2022 00:00
Himachal Pradesh,Kullu,Kullu,Other,Fruits,0.6,2500,5000,3500,29-Jul-22,29-07-2022 00:00
Himachal Pradesh,Kullu,Kullu(Chauri Bihal),Apple,Fruits,1.3,1500,7000,5000,29-Jul-22,29-07-2022 00:00
Himachal Pradesh,Kullu,Kullu(Patli Kuhal),Other,Fruits,43.5,2000,7500,5500,29-Jul-22,29-07-2022 00:00
Himachal Pradesh,Mandi,Mandi(Mandi),Apple,Fruits,1.82,2000,10000,4000,29-Jul-22,29-07-2022 00:00
Himachal Pradesh,Mandi,Mandi(Takoli),Other,Fruits,42.4,1500,6000,3500,29-Jul-22,29-07-2022 00:00
Himachal Pradesh,Kangra,Palampur,Kullu Royal Delicious,Fruits,1.54,5000,9000,7000,29-Jul-22,29-07-2022 00:00
Himachal Pradesh,Kangra,Palampur,Apple,Fruits,1.54,18000,20000,19000,29-Jul-22,29-07-2022 00:00
Himachal Pradesh,Shimla,Shimla,Apple,Fruits,1.6,3000,7500,4750,29-Jul-22,29-07-2022 00:00
Himachal Pradesh,Shimla,Shimla and Kinnaur(Nerwa),Apple,Fruits,10.0,2500,8500,5000,29-Jul-22,29-07-2022 00:00
Himachal Pradesh,Una,Una,Delicious,Fruits,2.2,10000,15000,12500,29-Jul-22,29-07-2022 00:00
Himachal Pradesh,Una,Una,Kullu Royal Delicious,Fruits,2.2,5000,8000,6500,29-Jul-22,29-07-2022 00:00
Himachal Pradesh,Mandi,Chail Chowk,Other,Fruits,0.5,1200,1200,1200,29-Jul-22,29-07-2022 00:00
Himachal Pradesh,Kullu,Bhuntar,Apple,Fruits,41.0,1500,6000,3700,29-Jul-22,29-07-2022 00:00
Himachal Pradesh,Kullu,Bandrol,Delicious,Fruits,258.0,2000,9800,4000,29-Jul-22,29-07-2022 00:00
NCT of Delhi,Delhi,Azadpur,Condition,Fruits,1704.2,1250,3750,2500,29-Jul-22,29-07-2022 00:00
NCT of Delhi,Delhi,Azadpur,Delicious,Fruits,1704.2,2000,8000,6341,29-Jul-22,29-07-2022 00:00
NCT of Delhi,Delhi,Azadpur,Hajratbali,Fruits,1704.2,625,3125,1875,29-Jul-22,29-07-2022 00:00
Odisha,Mayurbhanja,Karanjia,Other,Fruits,0.08,15000,17000,16000,29-Jul-22,29-07-2022 00:00
Odisha,Mayurbhanja,Karanjia,Other,Fruits,0.08,13000,15000,14000,29-Jul-22,29-07-2022 00:00
West Bengal,Kolkata,Mechua,Apple,Fruits,115.2,6400,7400,7000,29-Jul-22,29-07-2022 00:00
West Bengal,Kolkata,Mechua,Apple,Fruits,114.8,8600,10000,9400,30-Jul-22,30-07-2022 00:00
West Bengal,Kolkata,Mechua,Apple,Fruits,114.8,7600,8800,8000,30-Jul-22,30-07-2022 00:00
Himachal Pradesh,Kangra,Kangra(Baijnath),Apple,Fruits,0.3,6000,9000,7000,30-Jul-22,30-07-2022 00:00
Himachal Pradesh,Kangra,Kangra(Jaisinghpur),Apple,Fruits,0.12,6000,20000,13000,30-Jul-22,30-07-2022 00:00
Himachal Pradesh,Kangra,Kangra(Jassour),Other,Fruits,2.0,5000,8000,6500,30-Jul-22,30-07-2022 00:00
Himachal Pradesh,Kullu,Khegsu,Other,Fruits,358.0,2500,10000,5000,30-Jul-22,30-07-2022 00:00
Himachal Pradesh,Kullu,Kullu,Other,Fruits,0.4,2500,5000,4000,30-Jul-22,30-07-2022 00:00
Himachal Pradesh,Mandi,Mandi(Mandi),Apple,Fruits,1.92,2300,8000,4000,30-Jul-22,30-07-2022 00:00
Himachal Pradesh,Mandi,Mandi(Takoli),Other,Fruits,61.7,1500,6000,3500,30-Jul-22,30-07-2022 00:00
Himachal Pradesh,Kangra,Palampur,Apple,Fruits,1.55,18000,20000,19000,30-Jul-22,30-07-2022 00:00
Himachal Pradesh,Sirmore,Paonta Sahib,Other,Fruits,0.12,10000,16000,12000,30-Jul-22,30-07-2022 00:00
Himachal Pradesh,Una,Santoshgarh,Other,Fruits,0.15,10000,11000,10500,30-Jul-22,30-07-2022 00:00
Himachal Pradesh,Una,Una,Delicious,Fruits,2.2,10000,15000,12500,30-Jul-22,30-07-2022 00:00
Himachal Pradesh,Una,Una,Kullu Royal Delicious,Fruits,2.2,5000,7000,6000,30-Jul-22,30-07-2022 00:00
Himachal Pradesh,Kangra,Kangra,Other,Fruits,1.95,4000,8000,6000,30-Jul-22,30-07-2022 00:00
Himachal Pradesh,Hamirpur,Hamirpur(Nadaun),Other,Fruits,0.45,5000,9000,7000,30-Jul-22,30-07-2022 00:00
Himachal Pradesh,Hamirpur,Hamirpur,Other,Fruits,1.24,5000,9000,7000,30-Jul-22,30-07-2022 00:00
Himachal Pradesh,Mandi,Dhanotu (Mandi),Royal Delicious,Fruits,0.6,3000,9000,6000,30-Jul-22,30-07-2022 00:00
NCT of Delhi,Delhi,Azadpur,Hajratbali,Fruits,1660.7,1500,4500,3250,30-Jul-22,30-07-2022 00:00
NCT of Delhi,Delhi,Azadpur,Delicious,Fruits,1660.7,1200,6000,3167,30-Jul-22,30-07-2022 00:00
West Bengal,Kolkata,Mechua,Apple,Fruits,114.8,6500,7200,7000,30-Jul-22,30-07-2022 00:00
West Bengal,Kolkata,Mechua,Apple,Fruits,113.2,8500,10000,9400,31-Jul-22,31-07-2022 00:00
Himachal Pradesh,Shimla,Shimla and Kinnaur(Nerwa),Apple,Fruits,12.0,1500,9500,5000,31-Jul-22,31-07-2022 00:00
Himachal Pradesh,Una,Santoshgarh,Other,Fruits,0.15,11000,11000,11000,31-Jul-22,31-07-2022 00:00
Himachal Pradesh,Kullu,Kullu(Patli Kuhal),Other,Fruits,141.0,2000,7500,6000,31-Jul-22,31-07-2022 00:00
Himachal Pradesh,Kullu,Kullu(Chauri Bihal),Apple,Fruits,2.6,1200,6000,4000,31-Jul-22,31-07-2022 00:00
Himachal Pradesh,Kullu,Kullu,Other,Fruits,0.8,2500,6000,4000,31-Jul-22,31-07-2022 00:00
Himachal Pradesh,Kullu,Khegsu,Other,Fruits,406.0,2500,8000,6500,31-Jul-22,31-07-2022 00:00
Himachal Pradesh,Kullu,Bhuntar,Apple,Fruits,52.0,1500,7000,4000,31-Jul-22,31-07-2022 00:00
Himachal Pradesh,Kullu,Bandrol,Delicious,Fruits,280.0,1500,7500,4000,31-Jul-22,31-07-2022 00:00
West Bengal,Kolkata,Mechua,Apple,Fruits,113.2,7500,9000,7800,31-Jul-22,31-07-2022 00:00
West Bengal,Kolkata,Mechua,Apple,Fruits,113.2,6400,7400,7000,31-Jul-22,31-07-2022 00:00
West Bengal,Kolkata,Mechua,Apple,Fruits,122.0,8400,10000,9400,01-Aug-22,01-08-2022 00:00
Himachal Pradesh,Hamirpur,Hamirpur(Nadaun),Other,Fruits,0.5,7000,10000,8500,01-Aug-22,01-08-2022 00:00
Himachal Pradesh,Kangra,Kangra,Other,Fruits,1.7,5000,7000,6000,01-Aug-22,01-08-2022 00:00
Himachal Pradesh,Kangra,Kangra(Baijnath),Apple,Fruits,0.4,4000,9000,6000,01-Aug-22,01-08-2022 00:00
Himachal Pradesh,Kangra,Kangra(Jaisinghpur),Apple,Fruits,0.13,6000,20000,13000,01-Aug-22,01-08-2022 00:00
Himachal Pradesh,Kangra,Kangra(Jassour),Other,Fruits,2.0,5000,8000,6500,01-Aug-22,01-08-2022 00:00
Himachal Pradesh,Kangra,Kangra(Nagrota Bagwan),American,Fruits,0.34,3000,8000,5500,01-Aug-22,01-08-2022 00:00
Himachal Pradesh,Kullu,Khegsu,Other,Fruits,323.0,2500,10000,7500,01-Aug-22,01-08-2022 00:00
Himachal Pradesh,Kullu,Kullu,Other,Fruits,0.6,2500,5000,4500,01-Aug-22,01-08-2022 00:00
Himachal Pradesh,Kullu,Kullu(Chauri Bihal),Apple,Fruits,0.7,1200,6000,4000,01-Aug-22,01-08-2022 00:00
Himachal Pradesh,Kullu,Kullu(Patli Kuhal),Other,Fruits,65.9,1500,7200,5000,01-Aug-22,01-08-2022 00:00
Himachal Pradesh,Mandi,Mandi(Mandi),Apple,Fruits,1.35,2500,10000,4000,01-Aug-22,01-08-2022 00:00
Himachal Pradesh,Mandi,Mandi(Takoli),Other,Fruits,47.9,1500,6000,3500,01-Aug-22,01-08-2022 00:00
Himachal Pradesh,Hamirpur,Hamirpur,Other,Fruits,0.8,6000,10000,8000,01-Aug-22,01-08-2022 00:00
Himachal Pradesh,Kangra,Palampur,Kullu Royal Delicious,Fruits,1.6,6500,9000,7750,01-Aug-22,01-08-2022 00:00
Himachal Pradesh,Sirmore,Paonta Sahib,Other,Fruits,0.5,12000,14000,14000,01-Aug-22,01-08-2022 00:00
Himachal Pradesh,Sirmore,Paonta Sahib,Other,Fruits,0.5,5000,10000,8000,01-Aug-22,01-08-2022 00:00
Himachal Pradesh,Shimla,Rohroo,Royal Delicious,Fruits,347.08,1500,10000,5000,01-Aug-22,01-08-2022 00:00
Himachal Pradesh,Shimla,Shimla and Kinnaur(Nerwa),Royal Delicious,Fruits,14.0,1500,7500,4000,01-Aug-22,01-08-2022 00:00
Himachal Pradesh,Kangra,Palampur,Apple,Fruits,1.6,18000,20000,19000,01-Aug-22,01-08-2022 00:00
Himachal Pradesh,Mandi,Dhanotu (Mandi),Royal Delicious,Fruits,0.8,2000,10000,6000,01-Aug-22,01-08-2022 00:00
Himachal Pradesh,Mandi,Chail Chowk,Other,Fruits,0.16,1500,2500,2000,01-Aug-22,01-08-2022 00:00
Himachal Pradesh,Kullu,Bhuntar,Apple,Fruits,49.8,1500,7500,4500,01-Aug-22,01-08-2022 00:00
West Bengal,Kolkata,Mechua,Apple,Fruits,122.0,7500,8800,8000,01-Aug-22,01-08-2022 00:00
Odisha,Mayurbhanja,Karanjia,Other,Fruits,0.04,13000,15000,14000,01-Aug-22,01-08-2022 00:00
Odisha,Mayurbhanja,Karanjia,Other,Fruits,0.04,15000,17000,16000,01-Aug-22,01-08-2022 00:00
NCT of Delhi,Delhi,Azadpur,Royal Delicious,Fruits,745.2,2600,13000,6125,01-Aug-22,01-08-2022 00:00
NCT of Delhi,Delhi,Azadpur,Hajratbali,Fruits,745.2,625,3125,1875,01-Aug-22,01-08-2022 00:00
NCT of Delhi,Delhi,Azadpur,Delicious,Fruits,745.2,2000,8000,6341,01-Aug-22,01-08-2022 00:00
NCT of Delhi,Delhi,Azadpur,Condition,Fruits,745.2,1250,3750,2500,01-Aug-22,01-08-2022 00:00
West Bengal,Kolkata,Mechua,Apple,Fruits,122.0,6500,7400,7000,01-Aug-22,01-08-2022 00:00
West Bengal,Kolkata,Mechua,Apple,Fruits,114.6,8400,10000,9000,02-Aug-22,02-08-2022 00:00
West Bengal,Kolkata,Mechua,Apple,Fruits,114.6,8000,9000,8500,02-Aug-22,02-08-2022 00:00
Himachal Pradesh,Kullu,Kullu(Chauri Bihal),Apple,Fruits,1.8,1200,6000,4000,02-Aug-22,02-08-2022 00:00
Himachal Pradesh,Kullu,Kullu,Other,Fruits,1.5,2200,5500,3000,02-Aug-22,02-08-2022 00:00
Himachal Pradesh,Kullu,Khegsu,Other,Fruits,353.0,2000,9000,6500,02-Aug-22,02-08-2022 00:00
Himachal Pradesh,Kangra,Kangra(Nagrota Bagwan),American,Fruits,0.68,3000,7000,5000,02-Aug-22,02-08-2022 00:00
Himachal Pradesh,Kangra,Kangra(Jassour),Other,Fruits,0.6,5000,8000,6500,02-Aug-22,02-08-2022 00:00
Himachal Pradesh,Kangra,Kangra(Jaisinghpur),Apple,Fruits,0.09,6000,20000,13000,02-Aug-22,02-08-2022 00:00
Himachal Pradesh,Kullu,Kullu(Patli Kuhal),Other,Fruits,153.3,1500,7000,5000,02-Aug-22,02-08-2022 00:00
Himachal Pradesh,Kangra,Kangra(Baijnath),Apple,Fruits,0.4,4000,9000,6000,02-Aug-22,02-08-2022 00:00
Himachal Pradesh,Hamirpur,Hamirpur(Nadaun),Other,Fruits,0.3,6000,10000,8500,02-Aug-22,02-08-2022 00:00
Himachal Pradesh,Hamirpur,Hamirpur,Other,Fruits,0.55,6000,10000,8000,02-Aug-22,02-08-2022 00:00
Himachal Pradesh,Mandi,Chail Chowk,Other,Fruits,0.68,1700,1700,1700,02-Aug-22,02-08-2022 00:00
Himachal Pradesh,Kullu,Bhuntar,Apple,Fruits,135.6,2000,9000,4500,02-Aug-22,02-08-2022 00:00
Himachal Pradesh,Kullu,Bandrol,Delicious,Fruits,473.0,1800,8600,3500,02-Aug-22,02-08-2022 00:00
Himachal Pradesh,Kangra,Kangra,Other,Fruits,1.9,5000,8000,6500,02-Aug-22,02-08-2022 00:00
Himachal Pradesh,Mandi,Mandi(Mandi),Apple,Fruits,2.62,2000,10000,4000,02-Aug-22,02-08-2022 00:00
Himachal Pradesh,Kangra,Palampur,Kullu Royal Delicious,Fruits,1.6,5000,9000,7000,02-Aug-22,02-08-2022 00:00
Himachal Pradesh,Mandi,Mandi(Takoli),Other,Fruits,77.2,2000,6000,4500,02-Aug-22,02-08-2022 00:00
Himachal Pradesh,Una,Una,Delicious,Fruits,2.5,10000,14000,12000,02-Aug-22,02-08-2022 00:00
Himachal Pradesh,Shimla,Shimla and Kinnaur(Nerwa),Royal Delicious,Fruits,12.0,1500,7500,3500,02-Aug-22,02-08-2022 00:00
Himachal Pradesh,Shimla,Shimla,Apple,Fruits,5.0,2500,10000,6000,02-Aug-22,02-08-2022 00:00
Himachal Pradesh,Una,Santoshgarh,Other,Fruits,0.1,9000,10000,9500,02-Aug-22,02-08-2022 00:00
Himachal Pradesh,Shimla,Rohroo,Royal Delicious,Fruits,434.36,1750,9000,5000,02-Aug-22,02-08-2022 00:00
Himachal Pradesh,Kangra,Palampur,Apple,Fruits,1.6,18000,20000,19000,02-Aug-22,02-08-2022 00:00
Himachal Pradesh,Una,Una,Kullu Royal Delicious,Fruits,2.5,5000,9000,7000,02-Aug-22,02-08-2022 00:00
Odisha,Mayurbhanja,Karanjia,Other,Fruits,0.06,13000,15000,14000,02-Aug-22,02-08-2022 00:00
Odisha,Mayurbhanja,Karanjia,Other,Fruits,0.06,15000,17000,16000,02-Aug-22,02-08-2022 00:00
NCT of Delhi,Delhi,Azadpur,Hajratbali,Fruits,1869.7,625,3125,1875,02-Aug-22,02-08-2022 00:00
NCT of Delhi,Delhi,Azadpur,Delicious,Fruits,1869.7,2000,8000,6341,02-Aug-22,02-08-2022 00:00
NCT of Delhi,Delhi,Azadpur,Condition,Fruits,1869.7,1250,3750,2500,02-Aug-22,02-08-2022 00:00
NCT of Delhi,Delhi,Azadpur,Royal Delicious,Fruits,1869.7,2600,13000,6125,02-Aug-22,02-08-2022 00:00
West Bengal,Kolkata,Mechua,Apple,Fruits,114.6,6500,7500,7000,02-Aug-22,02-08-2022 00:00
West Bengal,Kolkata,Mechua,Apple,Fruits,105.4,8500,10000,9500,03-Aug-22,03-08-2022 00:00
West Bengal,Kolkata,Mechua,Apple,Fruits,105.4,7600,9000,7800,03-Aug-22,03-08-2022 00:00
Himachal Pradesh,Kullu,Bandrol,Delicious,Fruits,535.0,1600,8000,5500,03-Aug-22,03-08-2022 00:00
Himachal Pradesh,Kullu,Bhuntar,Golden,Fruits,55.4,2000,9000,4500,03-Aug-22,03-08-2022 00:00
Himachal Pradesh,Bilaspur,Bilaspur,Apple,Fruits,0.2,2500,6500,5500,03-Aug-22,03-08-2022 00:00
Himachal Pradesh,Mandi,Chail Chowk,Other,Fruits,0.1,1600,1600,1600,03-Aug-22,03-08-2022 00:00
Himachal Pradesh,Chamba,Chamba,Royal Delicious,Fruits,0.1,5500,6000,5750,03-Aug-22,03-08-2022 00:00
Himachal Pradesh,Mandi,Dhanotu (Mandi),Royal Delicious,Fruits,0.7,2000,8500,4750,03-Aug-22,03-08-2022 00:00
Himachal Pradesh,Hamirpur,Hamirpur,Other,Fruits,0.55,5000,10000,7500,03-Aug-22,03-08-2022 00:00
Himachal Pradesh,Hamirpur,Hamirpur(Nadaun),Other,Fruits,0.35,5000,10000,7500,03-Aug-22,03-08-2022 00:00
Himachal Pradesh,Kangra,Kangra,Other,Fruits,1.64,3000,8000,5500,03-Aug-22,03-08-2022 00:00
Himachal Pradesh,Kangra,Kangra(Baijnath),Apple,Fruits,0.3,4000,9000,6000,03-Aug-22,03-08-2022 00:00
Himachal Pradesh,Kangra,Kangra(Jaisinghpur),Apple,Fruits,0.09,6000,20000,13000,03-Aug-22,03-08-2022 00:00
Himachal Pradesh,Kangra,Kangra(Jassour),Other,Fruits,0.7,5000,8000,6500,03-Aug-22,03-08-2022 00:00
Himachal Pradesh,Kangra,Kangra(Nagrota Bagwan),American,Fruits,0.48,4000,8000,6000,03-Aug-22,03-08-2022 00:00
Himachal Pradesh,Kullu,Khegsu,Other,Fruits,280.8,2500,10000,6500,03-Aug-22,03-08-2022 00:00
Himachal Pradesh,Kullu,Kullu,Other,Fruits,1.2,2200,5000,4000,03-Aug-22,03-08-2022 00:00
Himachal Pradesh,Kullu,Kullu(Patli Kuhal),Other,Fruits,241.8,1500,7000,5000,03-Aug-22,03-08-2022 00:00
Himachal Pradesh,Mandi,Mandi(Mandi),Apple,Fruits,1.12,2000,10000,6000,03-Aug-22,03-08-2022 00:00
Himachal Pradesh,Mandi,Mandi(Takoli),Other,Fruits,81.5,2000,5500,4000,03-Aug-22,03-08-2022 00:00
Himachal Pradesh,Sirmore,Nahan,Simla,Fruits,0.12,5000,6000,5500,03-Aug-22,03-08-2022 00:00
Himachal Pradesh,Kangra,Palampur,Kullu Royal Delicious,Fruits,1.04,5000,9000,7000,03-Aug-22,03-08-2022 00:00
Himachal Pradesh,Kangra,Palampur,Apple,Fruits,1.04,18000,20000,19000,03-Aug-22,03-08-2022 00:00
Himachal Pradesh,Sirmore,Paonta Sahib,Other,Fruits,0.35,5000,10000,7000,03-Aug-22,03-08-2022 00:00
Himachal Pradesh,Una,Santoshgarh,Other,Fruits,0.13,9000,10000,9500,03-Aug-22,03-08-2022 00:00
Himachal Pradesh,Shimla,Shimla,Golden,Fruits,7.0,1500,4000,2500,03-Aug-22,03-08-2022 00:00
Himachal Pradesh,Shimla,Shimla and Kinnaur(Nerwa),Apple,Fruits,14.0,1500,7500,3750,03-Aug-22,03-08-2022 00:00
Himachal Pradesh,Una,Una,Delicious,Fruits,2.7,10000,12000,11000,03-Aug-22,03-08-2022 00:00
Himachal Pradesh,Una,Una,Kullu Royal Delicious,Fruits,2.7,5000,7000,6000,03-Aug-22,03-08-2022 00:00
Himachal Pradesh,Kullu,Kullu(Chauri Bihal),Apple,Fruits,2.0,1500,7000,5000,03-Aug-22,03-08-2022 00:00
NCT of Delhi,Delhi,Azadpur,Condition,Fruits,1375.0,1250,3750,2500,03-Aug-22,03-08-2022 00:00
NCT of Delhi,Delhi,Azadpur,Delicious,Fruits,1375.0,2000,8000,6341,03-Aug-22,03-08-2022 00:00
NCT of Delhi,Delhi,Azadpur,Hajratbali,Fruits,1375.0,625,3125,1875,03-Aug-22,03-08-2022 00:00
NCT of Delhi,Delhi,Azadpur,Royal Delicious,Fruits,1375.0,2600,13000,6125,03-Aug-22,03-08-2022 00:00
Odisha,Mayurbhanja,Karanjia,Other,Fruits,0.06,15000,17000,16000,03-Aug-22,03-08-2022 00:00
Odisha,Mayurbhanja,Karanjia,Other,Fruits,0.06,13000,15000,14000,03-Aug-22,03-08-2022 00:00
West Bengal,Kolkata,Mechua,Apple,Fruits,105.4,6500,7500,7000,03-Aug-22,03-08-2022 00:00
West Bengal,Kolkata,Mechua,Apple,Fruits,128.5,8000,9000,8400,04-Aug-22,04-08-2022 00:00
Himachal Pradesh,Mandi,Mandi(Mandi),Apple,Fruits,0.93,2000,10000,5000,04-Aug-22,04-08-2022 00:00
Himachal Pradesh,Kullu,Kullu(Patli Kuhal),Other,Fruits,323.4,1500,7000,5000,04-Aug-22,04-08-2022 00:00
Himachal Pradesh,Kullu,Kullu(Chauri Bihal),Apple,Fruits,1.9,1500,6000,3000,04-Aug-22,04-08-2022 00:00
Himachal Pradesh,Kullu,Kullu,Other,Fruits,1.6,2200,5000,4000,04-Aug-22,04-08-2022 00:00
Himachal Pradesh,Kullu,Khegsu,Other,Fruits,314.0,2500,9500,6000,04-Aug-22,04-08-2022 00:00
Himachal Pradesh,Kangra,Kangra(Jassour),Other,Fruits,0.3,5000,8000,6500,04-Aug-22,04-08-2022 00:00
Himachal Pradesh,Mandi,Mandi(Takoli),Other,Fruits,86.1,1500,5000,3500,04-Aug-22,04-08-2022 00:00
Himachal Pradesh,Kangra,Kangra(Jaisinghpur),Apple,Fruits,0.09,6000,20000,13000,04-Aug-22,04-08-2022 00:00
Himachal Pradesh,Kangra,Kangra,Other,Fruits,1.8,3000,8000,5500,04-Aug-22,04-08-2022 00:00
Himachal Pradesh,Hamirpur,Hamirpur(Nadaun),Other,Fruits,0.5,4000,9000,6500,04-Aug-22,04-08-2022 00:00
Himachal Pradesh,Hamirpur,Hamirpur,Other,Fruits,0.95,7000,9000,8000,04-Aug-22,04-08-2022 00:00
Himachal Pradesh,Hamirpur,Hamirpur,Golden,Fruits,0.95,3500,5000,4200,04-Aug-22,04-08-2022 00:00
Himachal Pradesh,Mandi,Dhanotu (Mandi),Royal Delicious,Fruits,1.2,1500,7000,5250,04-Aug-22,04-08-2022 00:00
Himachal Pradesh,Chamba,Chamba,Royal Delicious,Fruits,0.15,6000,7000,6500,04-Aug-22,04-08-2022 00:00
Himachal Pradesh,Kangra,Kangra(Baijnath),Apple,Fruits,0.4,4000,9000,7000,04-Aug-22,04-08-2022 00:00
Himachal Pradesh,Mandi,Chail Chowk,Other,Fruits,0.1,1600,1600,1600,04-Aug-22,04-08-2022 00:00
Himachal Pradesh,Sirmore,Nahan,Other,Fruits,0.12,5000,8000,6000,04-Aug-22,04-08-2022 00:00
Himachal Pradesh,Kangra,Palampur,Apple,Fruits,1.62,18000,20000,19000,04-Aug-22,04-08-2022 00:00
Himachal Pradesh,Kangra,Palampur,Kullu Royal Delicious,Fruits,1.62,6000,9000,7500,04-Aug-22,04-08-2022 00:00
Himachal Pradesh,Una,Una,Kullu Royal Delicious,Fruits,2.7,4000,8000,6000,04-Aug-22,04-08-2022 00:00
Himachal Pradesh,Una,Una,Delicious,Fruits,2.7,10000,15000,12500,04-Aug-22,04-08-2022 00:00
Himachal Pradesh,Shimla,Shimla and Kinnaur(Nerwa),Royal Delicious,Fruits,10.0,1500,7500,4000,04-Aug-22,04-08-2022 00:00
Himachal Pradesh,Shimla,Shimla,Royal Delicious,Fruits,4.0,3000,7000,4500,04-Aug-22,04-08-2022 00:00
Himachal Pradesh,Sirmore,Paonta Sahib,Other,Fruits,0.35,5000,8000,6000,04-Aug-22,04-08-2022 00:00
Himachal Pradesh,Sirmore,Paonta Sahib,Other,Fruits,0.35,10000,14000,12000,04-Aug-22,04-08-2022 00:00
Himachal Pradesh,Kullu,Bhuntar,Apple,Fruits,76.8,2000,8000,4500,04-Aug-22,04-08-2022 00:00
Himachal Pradesh,Kullu,Bandrol,Delicious,Fruits,586.0,1500,7500,4200,04-Aug-22,04-08-2022 00:00
West Bengal,Kolkata,Mechua,Apple,Fruits,128.5,7000,7800,7500,04-Aug-22,04-08-2022 00:00
Odisha,Mayurbhanja,Karanjia,Other,Fruits,0.06,13000,15000,14000,04-Aug-22,04-08-2022 00:00
Odisha,Mayurbhanja,Karanjia,Other,Fruits,0.06,15000,17000,16000,04-Aug-22,04-08-2022 00:00
NCT of Delhi,Delhi,Azadpur,Hajratbali,Fruits,1522.7,625,3125,1875,04-Aug-22,04-08-2022 00:00
NCT of Delhi,Delhi,Azadpur,Condition,Fruits,1522.7,1250,3750,2500,04-Aug-22,04-08-2022 00:00
West Bengal,Kolkata,Mechua,Apple,Fruits,128.5,6000,6700,6400,04-Aug-22,04-08-2022 00:00
West Bengal,Kolkata,Mechua,Apple,Fruits,129.0,8000,9000,8400,05-Aug-22,05-08-2022 00:00
West Bengal,Kolkata,Mechua,Apple,Fruits,129.0,7000,7800,7500,05-Aug-22,05-08-2022 00:00
Himachal Pradesh,Kangra,Palampur,Kullu Royal Delicious,Fruits,1.5,5000,9000,7000,05-Aug-22,05-08-2022 00:00
Himachal Pradesh,Sirmore,Nahan,Simla,Fruits,0.12,5000,8000,7000,05-Aug-22,05-08-2022 00:00
Himachal Pradesh,Mandi,Mandi(Takoli),Other,Fruits,47.1,1500,5000,3500,05-Aug-22,05-08-2022 00:00
Himachal Pradesh,Mandi,Mandi(Mandi),Apple,Fruits,0.82,1500,7000,5000,05-Aug-22,05-08-2022 00:00
Himachal Pradesh,Kullu,Kullu(Patli Kuhal),Other,Fruits,209.0,1500,6800,4500,05-Aug-22,05-08-2022 00:00
Himachal Pradesh,Kullu,Kullu(Chauri Bihal),Apple,Fruits,2.3,1500,6000,3000,05-Aug-22,05-08-2022 00:00
Himachal Pradesh,Kangra,Palampur,Apple,Fruits,1.5,18000,20000,19000,05-Aug-22,05-08-2022 00:00
Himachal Pradesh,Kullu,Kullu,Other,Fruits,1.3,2500,6000,4500,05-Aug-22,05-08-2022 00:00
Himachal Pradesh,Kangra,Kangra(Nagrota Bagwan),American,Fruits,0.4,4000,8000,6000,05-Aug-22,05-08-2022 00:00
Himachal Pradesh,Kangra,Kangra(Jassour),Other,Fruits,0.7,5000,8000,6500,05-Aug-22,05-08-2022 00:00
Himachal Pradesh,Kangra,Kangra(Jaisinghpur),Apple,Fruits,0.09,5500,20000,12750,05-Aug-22,05-08-2022 00:00
Himachal Pradesh,Kangra,Kangra,Other,Fruits,1.5,3000,8000,5500,05-Aug-22,05-08-2022 00:00
Himachal Pradesh,Hamirpur,Hamirpur(Nadaun),Other,Fruits,0.5,3500,6500,4500,05-Aug-22,05-08-2022 00:00
Himachal Pradesh,Hamirpur,Hamirpur,Other,Fruits,0.5,3200,8000,5000,05-Aug-22,05-08-2022 00:00
Himachal Pradesh,Kullu,Khegsu,Other,Fruits,289.0,2500,10000,6000,05-Aug-22,05-08-2022 00:00
Himachal Pradesh,Mandi,Dhanotu (Mandi),Royal Delicious,Fruits,0.9,2000,8000,5000,05-Aug-22,05-08-2022 00:00
Himachal Pradesh,Sirmore,Paonta Sahib,Other,Fruits,0.32,10000,12000,12000,05-Aug-22,05-08-2022 00:00
Himachal Pradesh,Shimla,Rohroo,Royal Delicious,Fruits,563.28,1500,10000,4750,05-Aug-22,05-08-2022 00:00
Himachal Pradesh,Sirmore,Paonta Sahib,Other,Fruits,0.32,5000,7000,6000,05-Aug-22,05-08-2022 00:00
Himachal Pradesh,Una,Una,Kullu Royal Delicious,Fruits,3.2,4000,8000,6000,05-Aug-22,05-08-2022 00:00
Himachal Pradesh,Una,Una,Delicious,Fruits,3.2,10000,15000,12500,05-Aug-22,05-08-2022 00:00
Himachal Pradesh,Shimla,Shimla and Kinnaur(Nerwa),Royal Delicious,Fruits,12.0,1500,8500,5000,05-Aug-22,05-08-2022 00:00
Himachal Pradesh,Shimla,Shimla,Royal Delicious,Fruits,4.4,4000,10000,6000,05-Aug-22,05-08-2022 00:00
Himachal Pradesh,Una,Santoshgarh,Other,Fruits,0.14,9000,9500,9250,05-Aug-22,05-08-2022 00:00
Himachal Pradesh,Mandi,Chail Chowk,Other,Fruits,0.16,2000,2000,2000,05-Aug-22,05-08-2022 00:00
Himachal Pradesh,Kullu,Bhuntar,Apple,Fruits,69.5,1500,6500,4000,05-Aug-22,05-08-2022 00:00
Himachal Pradesh,Kullu,Bandrol,Delicious,Fruits,608.5,1500,7400,3800,05-Aug-22,05-08-2022 00:00
Odisha,Mayurbhanja,Karanjia,Other,Fruits,0.07,13000,15000,14000,05-Aug-22,05-08-2022 00:00
Odisha,Mayurbhanja,Karanjia,Other,Fruits,0.07,15000,17000,16000,05-Aug-22,05-08-2022 00:00
NCT of Delhi,Delhi,Azadpur,Royal Delicious,Fruits,1608.9,3600,13000,6560,05-Aug-22,05-08-2022 00:00
NCT of Delhi,Delhi,Azadpur,Hajratbali,Fruits,1608.9,714,3571,2143,05-Aug-22,05-08-2022 00:00
NCT of Delhi,Delhi,Azadpur,Condition,Fruits,1608.9,1429,4286,2857,05-Aug-22,05-08-2022 00:00
West Bengal,Kolkata,Mechua,Apple,Fruits,129.0,6000,6800,6500,05-Aug-22,05-08-2022 00:00
West Bengal,Kolkata,Mechua,Apple,Fruits,129.5,8000,9000,8500,06-Aug-22,06-08-2022 00:00
West Bengal,Kolkata,Mechua,Apple,Fruits,129.5,7000,8000,7500,06-Aug-22,06-08-2022 00:00
Himachal Pradesh,Hamirpur,Hamirpur,Other,Fruits,1.21,3200,8000,5000,06-Aug-22,06-08-2022 00:00
Himachal Pradesh,Hamirpur,Hamirpur(Nadaun),Other,Fruits,0.5,4000,8000,6000,06-Aug-22,06-08-2022 00:00
Himachal Pradesh,Kangra,Kangra,Other,Fruits,1.9,3000,8000,5500,06-Aug-22,06-08-2022 00:00
Himachal Pradesh,Kangra,Kangra(Jaisinghpur),Apple,Fruits,0.13,4000,20000,12000,06-Aug-22,06-08-2022 00:00
Himachal Pradesh,Kangra,Kangra(Jassour),Other,Fruits,0.8,5000,8000,6500,06-Aug-22,06-08-2022 00:00
Himachal Pradesh,Kullu,Kullu,Other,Fruits,0.8,2500,6000,4000,06-Aug-22,06-08-2022 00:00
Himachal Pradesh,Mandi,Mandi(Mandi),Apple,Fruits,1.54,1500,7000,5000,06-Aug-22,06-08-2022 00:00
Himachal Pradesh,Sirmore,Nahan,Other,Fruits,0.4,5000,6000,5500,06-Aug-22,06-08-2022 00:00
Himachal Pradesh,Kangra,Palampur,Kullu Royal Delicious,Fruits,1.9,3000,10000,6500,06-Aug-22,06-08-2022 00:00
Himachal Pradesh,Kangra,Palampur,Apple,Fruits,1.9,18000,20000,19000,06-Aug-22,06-08-2022 00:00
Himachal Pradesh,Sirmore,Paonta Sahib,Other,Fruits,0.35,8000,10000,9000,06-Aug-22,06-08-2022 00:00
Himachal Pradesh,Shimla,Rohroo,Royal Delicious,Fruits,606.46,1750,9500,4500,06-Aug-22,06-08-2022 00:00
Himachal Pradesh,Shimla,Shimla,Royal Delicious,Fruits,5.4,1500,10000,4500,06-Aug-22,06-08-2022 00:00
Himachal Pradesh,Shimla,Shimla and Kinnaur(Nerwa),Royal Delicious,Fruits,12.0,1500,8500,5000,06-Aug-22,06-08-2022 00:00
Himachal Pradesh,Mandi,Dhanotu (Mandi),Royal Delicious,Fruits,0.8,2000,9000,5500,06-Aug-22,06-08-2022 00:00
Himachal Pradesh,Mandi,Chail Chowk,Other,Fruits,0.2,2000,2000,2000,06-Aug-22,06-08-2022 00:00
Himachal Pradesh,Bilaspur,Bilaspur,Apple,Fruits,0.2,4000,7500,5500,06-Aug-22,06-08-2022 00:00
NCT of Delhi,Delhi,Azadpur,Condition,Fruits,1658.2,1429,4286,2857,06-Aug-22,06-08-2022 00:00
NCT of Delhi,Delhi,Azadpur,Hajratbali,Fruits,1658.2,714,3571,2143,06-Aug-22,06-08-2022 00:00
NCT of Delhi,Delhi,Azadpur,Royal Delicious,Fruits,1658.2,3600,13000,6560,06-Aug-22,06-08-2022 00:00
Odisha,Mayurbhanja,Karanjia,Other,Fruits,0.05,15000,17000,16000,06-Aug-22,06-08-2022 00:00
Odisha,Mayurbhanja,Karanjia,Other,Fruits,0.05,13000,15000,14000,06-Aug-22,06-08-2022 00:00
West Bengal,Kolkata,Mechua,Apple,Fruits,129.5,6000,6800,6400,06-Aug-22,06-08-2022 00:00
West Bengal,Kolkata,Mechua,Apple,Fruits,129.5,8000,9000,8400,07-Aug-22,07-08-2022 00:00
West Bengal,Kolkata,Mechua,Apple,Fruits,129.5,7000,7800,7500,07-Aug-22,07-08-2022 00:00
Himachal Pradesh,Shimla,Shimla and Kinnaur(Nerwa),Royal Delicious,Fruits,4.0,1500,8000,4250,07-Aug-22,07-08-2022 00:00
Himachal Pradesh,Mandi,Mandi(Takoli),Other,Fruits,78.2,1500,5500,4000,07-Aug-22,07-08-2022 00:00
Himachal Pradesh,Kullu,Kullu(Patli Kuhal),Other,Fruits,221.5,1500,6700,4700,07-Aug-22,07-08-2022 00:00
Himachal Pradesh,Kullu,Kullu(Chauri Bihal),Apple,Fruits,2.0,1500,6500,3500,07-Aug-22,07-08-2022 00:00
Himachal Pradesh,Kullu,Kullu,Other,Fruits,1.5,2500,6000,4000,07-Aug-22,07-08-2022 00:00
Himachal Pradesh,Kullu,Bhuntar,Apple,Fruits,62.0,1500,6500,4500,07-Aug-22,07-08-2022 00:00
Himachal Pradesh,Kullu,Bandrol,Delicious,Fruits,578.0,1400,7000,3800,07-Aug-22,07-08-2022 00:00
Odisha,Mayurbhanja,Karanjia,Other,Fruits,0.04,13000,15000,14000,07-Aug-22,07-08-2022 00:00
Odisha,Mayurbhanja,Karanjia,Other,Fruits,0.04,15000,17000,16000,07-Aug-22,07-08-2022 00:00
West Bengal,Kolkata,Mechua,Apple,Fruits,129.5,6000,6800,6500,07-Aug-22,07-08-2022 00:00
West Bengal,Kolkata,Mechua,Apple,Fruits,129.8,9000,10000,9500,08-Aug-22,08-08-2022 00:00
Himachal Pradesh,Kangra,Palampur,Kullu Royal Delicious,Fruits,2.5,7000,9000,8000,08-Aug-22,08-08-2022 00:00
Himachal Pradesh,Mandi,Mandi(Takoli),Other,Fruits,63.6,1500,6000,4000,08-Aug-22,08-08-2022 00:00
Himachal Pradesh,Mandi,Mandi(Mandi),Apple,Fruits,1.7,2000,9000,5000,08-Aug-22,08-08-2022 00:00
Himachal Pradesh,Kullu,Kullu(Patli Kuhal),Other,Fruits,275.5,1500,6500,4500,08-Aug-22,08-08-2022 00:00
Himachal Pradesh,Kullu,Kullu(Chauri Bihal),Apple,Fruits,2.4,1500,6000,3500,08-Aug-22,08-08-2022 00:00
Himachal Pradesh,Kullu,Kullu,Other,Fruits,1.7,2500,3500,3000,08-Aug-22,08-08-2022 00:00
Himachal Pradesh,Kangra,Palampur,Apple,Fruits,2.5,18000,20000,19000,08-Aug-22,08-08-2022 00:00
Himachal Pradesh,Kullu,Kullu,Other,Fruits,1.7,4000,6500,6000,08-Aug-22,08-08-2022 00:00
Himachal Pradesh,Kullu,Khegsu,Other,Fruits,197.0,4000,5500,4500,08-Aug-22,08-08-2022 00:00
Himachal Pradesh,Kullu,Khegsu,Other,Fruits,197.0,6500,10000,7500,08-Aug-22,08-08-2022 00:00
Himachal Pradesh,Kangra,Kangra(Jassour),Other,Fruits,0.8,5000,8000,6500,08-Aug-22,08-08-2022 00:00
Himachal Pradesh,Kangra,Kangra(Jaisinghpur),Apple,Fruits,0.15,7500,20000,13750,08-Aug-22,08-08-2022 00:00
Himachal Pradesh,Kangra,Kangra(Baijnath),Apple,Fruits,0.4,4000,10000,6000,08-Aug-22,08-08-2022 00:00
Himachal Pradesh,Kangra,Kangra,Other,Fruits,2.0,4000,7000,5500,08-Aug-22,08-08-2022 00:00
Himachal Pradesh,Kullu,Khegsu,Other,Fruits,197.0,2500,3500,3000,08-Aug-22,08-08-2022 00:00
Himachal Pradesh,Hamirpur,Hamirpur(Nadaun),Delicious,Fruits,0.65,3500,9000,6500,08-Aug-22,08-08-2022 00:00
Himachal Pradesh,Sirmore,Paonta Sahib,Other,Fruits,0.25,5000,10000,8000,08-Aug-22,08-08-2022 00:00
Himachal Pradesh,Una,Santoshgarh,Other,Fruits,0.26,8000,9000,8500,08-Aug-22,08-08-2022 00:00
Himachal Pradesh,Shimla,Rohroo,Royal Delicious,Fruits,734.68,1500,10000,4750,08-Aug-22,08-08-2022 00:00
Himachal Pradesh,Una,Una,Kullu Royal Delicious,Fruits,3.2,4000,8000,6000,08-Aug-22,08-08-2022 00:00
Himachal Pradesh,Una,Una,Delicious,Fruits,3.2,10000,15000,12500,08-Aug-22,08-08-2022 00:00
Himachal Pradesh,Shimla,Shimla,Royal Delicious,Fruits,5.7,2000,12000,7000,08-Aug-22,08-08-2022 00:00
Himachal Pradesh,Hamirpur,Hamirpur,Delicious,Fruits,1.24,3200,8000,6500,08-Aug-22,08-08-2022 00:00
Himachal Pradesh,Mandi,Dhanotu (Mandi),Royal Delicious,Fruits,0.9,2500,9000,5750,08-Aug-22,08-08-2022 00:00
Himachal Pradesh,Mandi,Chail Chowk,Other,Fruits,1.22,1500,2000,1500,08-Aug-22,08-08-2022 00:00
Himachal Pradesh,Bilaspur,Bilaspur,Apple,Fruits,0.3,3000,9000,7000,08-Aug-22,08-08-2022 00:00
Himachal Pradesh,Kullu,Bhuntar,Apple,Fruits,115.0,2000,8000,4500,08-Aug-22,08-08-2022 00:00
Himachal Pradesh,Kullu,Bandrol,Delicious,Fruits,486.5,1400,6800,4000,08-Aug-22,08-08-2022 00:00
West Bengal,Kolkata,Mechua,Apple,Fruits,129.8,8000,8900,8600,08-Aug-22,08-08-2022 00:00
Odisha,Mayurbhanja,Karanjia,Other,Fruits,0.06,13000,15000,14000,08-Aug-22,08-08-2022 00:00
Odisha,Mayurbhanja,Karanjia,Other,Fruits,0.06,15000,17000,16000,08-Aug-22,08-08-2022 00:00
NCT of Delhi,Delhi,Azadpur,Royal Delicious,Fruits,500.2,4000,15000,7140,08-Aug-22,08-08-2022 00:00
NCT of Delhi,Delhi,Azadpur,Hajratbali,Fruits,500.2,714,3571,1857,08-Aug-22,08-08-2022 00:00
NCT of Delhi,Delhi,Azadpur,Condition,Fruits,500.2,1429,3714,2678,08-Aug-22,08-08-2022 00:00
West Bengal,Kolkata,Mechua,Apple,Fruits,129.8,7000,7800,7500,08-Aug-22,08-08-2022 00:00
West Bengal,Kolkata,Mechua,Apple,Fruits,128.7,8000,9000,8400,09-Aug-22,09-08-2022 00:00
Himachal Pradesh,Kullu,Bhuntar,Apple,Fruits,92.0,1500,6000,3500,09-Aug-22,09-08-2022 00:00
Himachal Pradesh,Bilaspur,Bilaspur,Apple,Fruits,0.3,3000,9000,6000,09-Aug-22,09-08-2022 00:00
Himachal Pradesh,Mandi,Dhanotu (Mandi),Royal Delicious,Fruits,1.1,2500,9000,5750,09-Aug-22,09-08-2022 00:00
Himachal Pradesh,Kangra,Kangra,Other,Fruits,1.6,5000,8000,6500,09-Aug-22,09-08-2022 00:00
Himachal Pradesh,Kullu,Khegsu,Other,Fruits,292.0,7000,9000,8000,09-Aug-22,09-08-2022 00:00
Himachal Pradesh,Kullu,Khegsu,Other,Fruits,292.0,5000,6500,6000,09-Aug-22,09-08-2022 00:00
Himachal Pradesh,Kullu,Khegsu,Other,Fruits,292.0,2000,3000,2500,09-Aug-22,09-08-2022 00:00
Himachal Pradesh,Kullu,Kullu,Other,Fruits,0.6,2500,6500,3000,09-Aug-22,09-08-2022 00:00
Himachal Pradesh,Kullu,Kullu(Chauri Bihal),Apple,Fruits,3.3,1500,6500,4500,09-Aug-22,09-08-2022 00:00
Himachal Pradesh,Kullu,Kullu(Patli Kuhal),Other,Fruits,329.6,1500,6500,4500,09-Aug-22,09-08-2022 00:00
Himachal Pradesh,Mandi,Mandi(Mandi),Apple,Fruits,1.67,2000,8000,5000,09-Aug-22,09-08-2022 00:00
Himachal Pradesh,Kullu,Bandrol,Delicious,Fruits,656.0,1400,7000,3700,09-Aug-22,09-08-2022 00:00
Himachal Pradesh,Mandi,Mandi(Takoli),Other,Fruits,90.2,1500,5000,4000,09-Aug-22,09-08-2022 00:00
Himachal Pradesh,Una,Una,Other,Fruits,2.4,5000,15000,10000,09-Aug-22,09-08-2022 00:00
Himachal Pradesh,Shimla,Shimla and Kinnaur(Nerwa),Royal Delicious,Fruits,14.0,1500,7500,4000,09-Aug-22,09-08-2022 00:00
West Bengal,Kolkata,Mechua,Apple,Fruits,128.7,7000,7800,7400,09-Aug-22,09-08-2022 00:00
NCT of Delhi,Delhi,Azadpur,Condition,Fruits,2150.1,1429,3714,2678,09-Aug-22,09-08-2022 00:00
NCT of Delhi,Delhi,Azadpur,Hajratbali,Fruits,2150.1,714,3571,1875,09-Aug-22,09-08-2022 00:00
NCT of Delhi,Delhi,Azadpur,Royal Delicious,Fruits,2150.1,4000,15000,7140,09-Aug-22,09-08-2022 00:00
Odisha,Mayurbhanja,Karanjia,Other,Fruits,0.05,15000,17000,16000,09-Aug-22,09-08-2022 00:00
Odisha,Mayurbhanja,Karanjia,Other,Fruits,0.05,13000,15000,14000,09-Aug-22,09-08-2022 00:00
West Bengal,Kolkata,Mechua,Apple,Fruits,128.7,6000,6800,6500,09-Aug-22,09-08-2022 00:00
West Bengal,Kolkata,Mechua,Apple,Fruits,126.5,9000,10000,9400,10-Aug-22,10-08-2022 00:00
West Bengal,Kolkata,Mechua,Apple,Fruits,126.5,8000,8800,8500,10-Aug-22,10-08-2022 00:00
Himachal Pradesh,Mandi,Mandi(Takoli),Other,Fruits,104.5,1500,5500,4000,10-Aug-22,10-08-2022 00:00
Himachal Pradesh,Mandi,Mandi(Mandi),Apple,Fruits,1.86,2000,8500,5000,10-Aug-22,10-08-2022 00:00
Himachal Pradesh,Kullu,Kullu(Patli Kuhal),Other,Fruits,428.4,800,5800,3800,10-Aug-22,10-08-2022 00:00
Himachal Pradesh,Kullu,Kullu(Chauri Bihal),Apple,Fruits,5.0,1500,6000,3000,10-Aug-22,10-08-2022 00:00
Himachal Pradesh,Kullu,Kullu,Other,Fruits,1.2,2000,3000,2500,10-Aug-22,10-08-2022 00:00
Himachal Pradesh,Kullu,Kullu,Other,Fruits,1.2,4000,5500,4500,10-Aug-22,10-08-2022 00:00
Himachal Pradesh,Sirmore,Nahan,Other,Fruits,0.2,5000,7000,6000,10-Aug-22,10-08-2022 00:00
Himachal Pradesh,Kullu,Khegsu,Other,Fruits,348.0,2500,3500,3000,10-Aug-22,10-08-2022 00:00
Himachal Pradesh,Kullu,Khegsu,Other,Fruits,348.0,6500,10000,7500,10-Aug-22,10-08-2022 00:00
Himachal Pradesh,Kangra,Kangra(Jassour),Other,Fruits,0.8,5000,8000,6500,10-Aug-22,10-08-2022 00:00
Himachal Pradesh,Kangra,Kangra(Jaisinghpur),Apple,Fruits,0.08,6500,10000,8250,10-Aug-22,10-08-2022 00:00
Himachal Pradesh,Kangra,Kangra(Baijnath),Apple,Fruits,0.4,5000,9000,7000,10-Aug-22,10-08-2022 00:00
Himachal Pradesh,Kangra,Kangra,Other,Fruits,2.0,5000,7000,6000,10-Aug-22,10-08-2022 00:00
Himachal Pradesh,Hamirpur,Hamirpur(Nadaun),Delicious,Fruits,0.65,3500,9000,6500,10-Aug-22,10-08-2022 00:00
Himachal Pradesh,Kullu,Khegsu,Other,Fruits,348.0,4500,5500,5000,10-Aug-22,10-08-2022 00:00
Himachal Pradesh,Kangra,Palampur,Kullu Royal Delicious,Fruits,1.54,6000,9500,7750,10-Aug-22,10-08-2022 00:00
Himachal Pradesh,Kangra,Palampur,Apple,Fruits,1.54,18000,20000,19000,10-Aug-22,10-08-2022 00:00
Himachal Pradesh,Sirmore,Paonta Sahib,Other,Fruits,0.52,10000,0,12000,10-Aug-22,10-08-2022 00:00
Himachal Pradesh,Una,Una,Other,Fruits,3.0,4000,15000,10000,10-Aug-22,10-08-2022 00:00
Himachal Pradesh,Shimla,Shimla and Kinnaur(Nerwa),Royal Delicious,Fruits,10.0,1500,7500,4000,10-Aug-22,10-08-2022 00:00
Himachal Pradesh,Shimla,Shimla,Royal Delicious,Fruits,4.4,2500,5500,3500,10-Aug-22,10-08-2022 00:00
Himachal Pradesh,Una,Santoshgarh,Other,Fruits,0.3,7000,8000,7500,10-Aug-22,10-08-2022 00:00
Himachal Pradesh,Sirmore,Paonta Sahib,Other,Fruits,0.52,5000,7000,6000,10-Aug-22,10-08-2022 00:00
Himachal Pradesh,Hamirpur,Hamirpur,Delicious,Fruits,1.4,3500,9000,6500,10-Aug-22,10-08-2022 00:00
Himachal Pradesh,Mandi,Dhanotu (Mandi),Royal Delicious,Fruits,1.0,2500,9000,5750,10-Aug-22,10-08-2022 00:00
Himachal Pradesh,Bilaspur,Bilaspur,Apple,Fruits,0.3,3000,9000,5500,10-Aug-22,10-08-2022 00:00
Himachal Pradesh,Kullu,Bhuntar,Apple,Fruits,172.4,1500,5500,3000,10-Aug-22,10-08-2022 00:00
Himachal Pradesh,Kullu,Bandrol,Delicious,Fruits,634.5,1300,6200,4000,10-Aug-22,10-08-2022 00:00
Himachal Pradesh,Mandi,Chail Chowk,Other,Fruits,1.12,1200,1600,1200,10-Aug-22,10-08-2022 00:00
Odisha,Mayurbhanja,Karanjia,Other,Fruits,0.06,13000,15000,14000,10-Aug-22,10-08-2022 00:00
Odisha,Mayurbhanja,Karanjia,Other,Fruits,0.06,15000,17000,16000,10-Aug-22,10-08-2022 00:00
NCT of Delhi,Delhi,Azadpur,Royal Delicious,Fruits,1819.0,4000,15000,7140,10-Aug-22,10-08-2022 00:00
NCT of Delhi,Delhi,Azadpur,Hajratbali,Fruits,1819.0,714,3571,1857,10-Aug-22,10-08-2022 00:00
NCT of Delhi,Delhi,Azadpur,Condition,Fruits,1819.0,1429,3714,2678,10-Aug-22,10-08-2022 00:00
West Bengal,Kolkata,Mechua,Apple,Fruits,126.5,7000,7800,7400,10-Aug-22,10-08-2022 00:00
West Bengal,Kolkata,Mechua,Apple,Fruits,126.0,9000,10000,9600,11-Aug-22,11-08-2022 00:00
West Bengal,Kolkata,Mechua,Apple,Fruits,126.0,8000,8800,8400,11-Aug-22,11-08-2022 00:00
Himachal Pradesh,Hamirpur,Hamirpur(Nadaun),Golden,Fruits,1.0,4000,5000,4500,11-Aug-22,11-08-2022 00:00
Himachal Pradesh,Kangra,Kangra,Other,Fruits,1.7,4000,7000,5500,11-Aug-22,11-08-2022 00:00
Himachal Pradesh,Kangra,Kangra(Baijnath),Apple,Fruits,0.4,4000,9000,6000,11-Aug-22,11-08-2022 00:00
Himachal Pradesh,Kangra,Kangra(Jaisinghpur),Apple,Fruits,0.1,4000,8000,6250,11-Aug-22,11-08-2022 00:00
Himachal Pradesh,Kullu,Khegsu,Other,Fruits,217.5,7000,10000,8500,11-Aug-22,11-08-2022 00:00
Himachal Pradesh,Kullu,Khegsu,Other,Fruits,217.5,2500,5000,3500,11-Aug-22,11-08-2022 00:00
Himachal Pradesh,Kullu,Kullu,Other,Fruits,1.6,3000,5000,4000,11-Aug-22,11-08-2022 00:00
Himachal Pradesh,Kullu,Kullu,Other,Fruits,1.6,2000,2700,2500,11-Aug-22,11-08-2022 00:00
Himachal Pradesh,Kullu,Kullu(Chauri Bihal),Apple,Fruits,4.7,1500,5500,4500,11-Aug-22,11-08-2022 00:00
Himachal Pradesh,Kullu,Kullu(Patli Kuhal),Other,Fruits,298.3,1500,6000,4500,11-Aug-22,11-08-2022 00:00
Himachal Pradesh,Mandi,Mandi(Mandi),Apple,Fruits,1.1,2500,7000,5000,11-Aug-22,11-08-2022 00:00
Himachal Pradesh,Mandi,Mandi(Takoli),Other,Fruits,62.4,1000,5000,3500,11-Aug-22,11-08-2022 00:00
Himachal Pradesh,Kangra,Palampur,Kullu Royal Delicious,Fruits,0.12,4500,9000,6750,11-Aug-22,11-08-2022 00:00
Himachal Pradesh,Una,Una,Other,Fruits,2.5,4000,18000,10000,11-Aug-22,11-08-2022 00:00
Himachal Pradesh,Hamirpur,Hamirpur(Nadaun),Delicious,Fruits,1.0,6500,9000,7500,11-Aug-22,11-08-2022 00:00
Himachal Pradesh,Hamirpur,Hamirpur,Royal Delicious,Fruits,1.2,3500,8000,4500,11-Aug-22,11-08-2022 00:00
Himachal Pradesh,Mandi,Dhanotu (Mandi),Royal Delicious,Fruits,0.7,3000,9000,6000,11-Aug-22,11-08-2022 00:00
Himachal Pradesh,Chamba,Chamba,Royal Delicious,Fruits,0.1,5000,6000,5500,11-Aug-22,11-08-2022 00:00
Himachal Pradesh,Kullu,Bandrol,Delicious,Fruits,528.0,1300,6200,3800,11-Aug-22,11-08-2022 00:00
Himachal Pradesh,Kullu,Bhuntar,Apple,Fruits,81.3,1500,5200,3000,11-Aug-22,11-08-2022 00:00
Himachal Pradesh,Bilaspur,Bilaspur,Apple,Fruits,0.2,2500,9000,5500,11-Aug-22,11-08-2022 00:00
Himachal Pradesh,Mandi,Chail Chowk,Other,Fruits,0.1,1800,1800,1800,11-Aug-22,11-08-2022 00:00
Odisha,Mayurbhanja,Karanjia,Other,Fruits,0.07,13000,15000,14000,11-Aug-22,11-08-2022 00:00
Odisha,Mayurbhanja,Karanjia,Other,Fruits,0.07,15000,17000,16000,11-Aug-22,11-08-2022 00:00
NCT of Delhi,Delhi,Azadpur,Royal Delicious,Fruits,1975.7,2400,12000,5686,11-Aug-22,11-08-2022 00:00
NCT of Delhi,Delhi,Azadpur,Condition,Fruits,1975.7,1429,3714,2679,11-Aug-22,11-08-2022 00:00
NCT of Delhi,Delhi,Azadpur,Golden,Fruits,1975.7,2500,5000,3625,11-Aug-22,11-08-2022 00:00
West Bengal,Kolkata,Mechua,Apple,Fruits,126.0,7000,7800,7600,11-Aug-22,11-08-2022 00:00
West Bengal,Kolkata,Mechua,Apple,Fruits,126.7,9000,10000,9400,12-Aug-22,12-08-2022 00:00
West Bengal,Kolkata,Mechua,Apple,Fruits,126.7,8000,8800,8600,12-Aug-22,12-08-2022 00:00
Himachal Pradesh,Mandi,Chail Chowk,Other,Fruits,1.23,1500,1500,1500,12-Aug-22,12-08-2022 00:00
Himachal Pradesh,Chamba,Chamba,Royal Delicious,Fruits,0.2,5000,6000,5500,12-Aug-22,12-08-2022 00:00
Himachal Pradesh,Mandi,Dhanotu (Mandi),Royal Delicious,Fruits,1.3,2000,9000,5500,12-Aug-22,12-08-2022 00:00
Himachal Pradesh,Hamirpur,Hamirpur,Delicious,Fruits,1.4,4000,8000,6000,12-Aug-22,12-08-2022 00:00
Himachal Pradesh,Hamirpur,Hamirpur(Nadaun),Delicious,Fruits,1.0,4000,8000,6000,12-Aug-22,12-08-2022 00:00
Himachal Pradesh,Kangra,Kangra,Other,Fruits,2.04,4000,7000,6000,12-Aug-22,12-08-2022 00:00
Himachal Pradesh,Kangra,Kangra(Baijnath),Apple,Fruits,0.4,4000,9000,6000,12-Aug-22,12-08-2022 00:00
Himachal Pradesh,Kangra,Kangra(Jaisinghpur),Apple,Fruits,0.08,4000,8500,6250,12-Aug-22,12-08-2022 00:00
Himachal Pradesh,Kangra,Kangra(Jassour),Other,Fruits,0.8,5000,8000,6500,12-Aug-22,12-08-2022 00:00
Himachal Pradesh,Kullu,Khegsu,Other,Fruits,257.0,6500,8000,7500,12-Aug-22,12-08-2022 00:00
Himachal Pradesh,Kullu,Khegsu,Other,Fruits,257.0,2000,4500,3000,12-Aug-22,12-08-2022 00:00
Himachal Pradesh,Kullu,Bhuntar,Apple,Fruits,29.0,1000,2500,1500,12-Aug-22,12-08-2022 00:00
Himachal Pradesh,Kullu,Kullu,Other,Fruits,1.8,3500,5000,4500,12-Aug-22,12-08-2022 00:00
Himachal Pradesh,Kullu,Kullu(Chauri Bihal),Apple,Fruits,5.3,1500,5000,3000,12-Aug-22,12-08-2022 00:00
Himachal Pradesh,Kullu,Kullu(Patli Kuhal),Other,Fruits,298.3,800,5300,3800,12-Aug-22,12-08-2022 00:00
Himachal Pradesh,Mandi,Mandi(Mandi),Apple,Fruits,0.8,2000,8000,6000,12-Aug-22,12-08-2022 00:00
Himachal Pradesh,Mandi,Mandi(Takoli),Other,Fruits,52.1,1000,5000,3500,12-Aug-22,12-08-2022 00:00
Himachal Pradesh,Sirmore,Nahan,Simla,Fruits,0.25,5000,10000,7000,12-Aug-22,12-08-2022 00:00
Himachal Pradesh,Kangra,Palampur,Kullu Royal Delicious,Fruits,0.74,4500,9000,6750,12-Aug-22,12-08-2022 00:00
Himachal Pradesh,Sirmore,Paonta Sahib,Other,Fruits,0.45,5000,12000,8000,12-Aug-22,12-08-2022 00:00
Himachal Pradesh,Una,Una,Other,Fruits,2.6,4000,15000,10000,12-Aug-22,12-08-2022 00:00
Himachal Pradesh,Kullu,Kullu,Other,Fruits,1.8,2000,3000,2500,12-Aug-22,12-08-2022 00:00
Himachal Pradesh,Kullu,Bhuntar,Apple,Fruits,29.0,2500,4000,3000,12-Aug-22,12-08-2022 00:00
Himachal Pradesh,Kullu,Bandrol,Delicious,Fruits,415.0,1300,6200,3800,12-Aug-22,12-08-2022 00:00
Himachal Pradesh,Kullu,Bhuntar,Apple,Fruits,29.0,4000,5500,4700,12-Aug-22,12-08-2022 00:00
NCT of Delhi,Delhi,Azadpur,Condition,Fruits,2470.2,1429,3714,2679,12-Aug-22,12-08-2022 00:00
NCT of Delhi,Delhi,Azadpur,Golden,Fruits,2470.2,2500,5000,3625,12-Aug-22,12-08-2022 00:00
NCT of Delhi,Delhi,Azadpur,Hajratbali,Fruits,2470.2,714,3571,1857,12-Aug-22,12-08-2022 00:00
NCT of Delhi,Delhi,Azadpur,Royal Delicious,Fruits,2470.2,2200,11000,5543,12-Aug-22,12-08-2022 00:00
Odisha,Mayurbhanja,Karanjia,Other,Fruits,0.07,15000,17000,16000,12-Aug-22,12-08-2022 00:00
Odisha,Mayurbhanja,Karanjia,Other,Fruits,0.07,13000,15000,14000,12-Aug-22,12-08-2022 00:00
West Bengal,Kolkata,Mechua,Apple,Fruits,126.7,7000,7800,7400,12-Aug-22,12-08-2022 00:00
West Bengal,Kolkata,Mechua,Apple,Fruits,127.0,9000,10000,9500,13-Aug-22,13-08-2022 00:00
West Bengal,Kolkata,Mechua,Apple,Fruits,127.0,8000,8800,8600,13-Aug-22,13-08-2022 00:00
Himachal Pradesh,Kullu,Kullu,Other,Fruits,1.4,2000,2700,2500,13-Aug-22,13-08-2022 00:00
Himachal Pradesh,Mandi,Mandi(Mandi),Apple,Fruits,0.68,2500,8500,5000,13-Aug-22,13-08-2022 00:00
Himachal Pradesh,Shimla,Rohroo,Royal Delicious,Fruits,793.4,1500,9000,5000,13-Aug-22,13-08-2022 00:00
Himachal Pradesh,Shimla,Shimla,Royal Delicious,Fruits,8.0,1250,10000,5000,13-Aug-22,13-08-2022 00:00
Himachal Pradesh,Shimla,Shimla and Kinnaur(Nerwa),Royal Delicious,Fruits,6.0,1500,7000,4250,13-Aug-22,13-08-2022 00:00
Himachal Pradesh,Una,Una,Delicious,Fruits,3.0,10000,14000,12000,13-Aug-22,13-08-2022 00:00
Himachal Pradesh,Una,Una,Kullu Royal Delicious,Fruits,3.0,4000,10000,7000,13-Aug-22,13-08-2022 00:00
Himachal Pradesh,Kullu,Kullu,Other,Fruits,1.4,2500,3500,3000,13-Aug-22,13-08-2022 00:00
Himachal Pradesh,Kullu,Khegsu,Other,Fruits,342.2,2200,4500,3500,13-Aug-22,13-08-2022 00:00
Himachal Pradesh,Hamirpur,Hamirpur(Nadaun),Other,Fruits,0.3,4000,8000,6000,13-Aug-22,13-08-2022 00:00
Himachal Pradesh,Mandi,Chail Chowk,Other,Fruits,0.12,1500,1800,1600,13-Aug-22,13-08-2022 00:00
Himachal Pradesh,Mandi,Dhanotu (Mandi),Royal Delicious,Fruits,1.0,2000,8500,5250,13-Aug-22,13-08-2022 00:00
Himachal Pradesh,Hamirpur,Hamirpur,Royal Delicious,Fruits,0.4,4000,8000,6000,13-Aug-22,13-08-2022 00:00
Himachal Pradesh,Kullu,Khegsu,Other,Fruits,342.2,7000,10000,8500,13-Aug-22,13-08-2022 00:00
NCT of Delhi,Delhi,Azadpur,Condition,Fruits,1490.7,1429,3714,2679,13-Aug-22,13-08-2022 00:00
NCT of Delhi,Delhi,Azadpur,Golden,Fruits,1490.7,2500,5000,3625,13-Aug-22,13-08-2022 00:00
NCT of Delhi,Delhi,Azadpur,Hajratbali,Fruits,1490.7,714,3571,1857,13-Aug-22,13-08-2022 00:00
NCT of Delhi,Delhi,Azadpur,Royal Delicious,Fruits,1490.7,2200,11000,5543,13-Aug-22,13-08-2022 00:00
Odisha,Mayurbhanja,Karanjia,Other,Fruits,0.05,15000,17000,16000,13-Aug-22,13-08-2022 00:00
Odisha,Mayurbhanja,Karanjia,Other,Fruits,0.05,13000,15000,14000,13-Aug-22,13-08-2022 00:00
West Bengal,Kolkata,Mechua,Apple,Fruits,127.0,7000,7800,7400,13-Aug-22,13-08-2022 00:00
West Bengal,Kolkata,Mechua,Apple,Fruits,127.0,10000,12000,11000,14-Aug-22,14-08-2022 00:00
West Bengal,Kolkata,Mechua,Apple,Fruits,127.0,8000,9800,9000,14-Aug-22,14-08-2022 00:00
Himachal Pradesh,Kullu,Khegsu,Other,Fruits,524.7,2000,4500,3000,14-Aug-22,14-08-2022 00:00
Himachal Pradesh,Kullu,Kullu,Other,Fruits,2.5,3500,5000,4500,14-Aug-22,14-08-2022 00:00
Himachal Pradesh,Kullu,Kullu,Other,Fruits,2.5,2000,3000,2500,14-Aug-22,14-08-2022 00:00
Himachal Pradesh,Kullu,Kullu(Chauri Bihal),Apple,Fruits,9.0,1200,5100,3500,14-Aug-22,14-08-2022 00:00
Himachal Pradesh,Kullu,Kullu(Patli Kuhal),Other,Fruits,547.2,1000,5000,3500,14-Aug-22,14-08-2022 00:00
Himachal Pradesh,Mandi,Mandi(Takoli),Other,Fruits,96.2,1000,4500,3000,14-Aug-22,14-08-2022 00:00
Himachal Pradesh,Kullu,Khegsu,Other,Fruits,524.7,6500,9000,7500,14-Aug-22,14-08-2022 00:00
Himachal Pradesh,Shimla,Rohroo,Royal Delicious,Fruits,795.36,1500,8500,4750,14-Aug-22,14-08-2022 00:00
Himachal Pradesh,Shimla,Shimla and Kinnaur(Nerwa),Royal Delicious,Fruits,4.0,1500,6000,3750,14-Aug-22,14-08-2022 00:00
Himachal Pradesh,Una,Santoshgarh,Kullu Royal Delicious,Fruits,0.3,4800,8000,6400,14-Aug-22,14-08-2022 00:00
Himachal Pradesh,Kullu,Bhuntar,Apple,Fruits,145.0,1000,5000,3000,14-Aug-22,14-08-2022 00:00
Himachal Pradesh,Kullu,Bandrol,Delicious,Fruits,620.0,1500,6200,3000,14-Aug-22,14-08-2022 00:00
Odisha,Mayurbhanja,Karanjia,Other,Fruits,0.07,15000,17000,16000,14-Aug-22,14-08-2022 00:00
Odisha,Mayurbhanja,Karanjia,Other,Fruits,0.07,13000,15000,14000,14-Aug-22,14-08-2022 00:00
West Bengal,Kolkata,Mechua,Apple,Fruits,127.0,7000,7800,7400,14-Aug-22,14-08-2022 00:00
West Bengal,Kolkata,Mechua,Apple,Fruits,126.0,10000,12000,11000,15-Aug-22,15-08-2022 00:00
West Bengal,Kolkata,Mechua,Apple,Fruits,126.0,8000,9000,9000,15-Aug-22,15-08-2022 00:00
Himachal Pradesh,Kullu,Bhuntar,Apple,Fruits,138.0,1000,5000,3000,15-Aug-22,15-08-2022 00:00
Himachal Pradesh,Bilaspur,Bilaspur,Apple,Fruits,0.2,2600,8000,5000,15-Aug-22,15-08-2022 00:00
Himachal Pradesh,Mandi,Chail Chowk,Other,Fruits,1.23,1500,1600,1500,15-Aug-22,15-08-2022 00:00
Himachal Pradesh,Mandi,Chail Chowk,Other,Fruits,1.23,1000,1000,1000,15-Aug-22,15-08-2022 00:00
Himachal Pradesh,Chamba,Chamba,Royal Delicious,Fruits,0.11,5000,6000,5500,15-Aug-22,15-08-2022 00:00
Himachal Pradesh,Mandi,Dhanotu (Mandi),Royal Delicious,Fruits,1.5,2000,8000,5000,15-Aug-22,15-08-2022 00:00
Himachal Pradesh,Hamirpur,Hamirpur(Nadaun),Other,Fruits,0.32,4000,8000,6000,15-Aug-22,15-08-2022 00:00
Himachal Pradesh,Kangra,Kangra,Other,Fruits,1.8,4000,7000,5500,15-Aug-22,15-08-2022 00:00
Himachal Pradesh,Kangra,Kangra(Baijnath),Apple,Fruits,0.5,5000,9000,6000,15-Aug-22,15-08-2022 00:00
Himachal Pradesh,Kullu,Kullu,Other,Fruits,1.6,3500,5000,4500,15-Aug-22,15-08-2022 00:00
Himachal Pradesh,Kullu,Kullu,Other,Fruits,1.6,2000,3200,2500,15-Aug-22,15-08-2022 00:00
Himachal Pradesh,Kullu,Kullu(Chauri Bihal),Apple,Fruits,3.5,1000,5000,3500,15-Aug-22,15-08-2022 00:00
Himachal Pradesh,Mandi,Mandi(Mandi),Apple,Fruits,0.96,4000,8000,6000,15-Aug-22,15-08-2022 00:00
Himachal Pradesh,Hamirpur,Hamirpur,Other,Fruits,0.4,4000,8000,6000,15-Aug-22,15-08-2022 00:00
Himachal Pradesh,Mandi,Mandi(Takoli),Other,Fruits,64.0,1000,4000,3000,15-Aug-22,15-08-2022 00:00
Himachal Pradesh,Shimla,Rohroo,Royal Delicious,Fruits,709.36,1500,9000,5000,15-Aug-22,15-08-2022 00:00
Himachal Pradesh,Shimla,Shimla and Kinnaur(Nerwa),Royal Delicious,Fruits,4.0,1500,7000,4250,15-Aug-22,15-08-2022 00:00
Odisha,Mayurbhanja,Karanjia,Other,Fruits,0.07,13000,15000,14000,15-Aug-22,15-08-2022 00:00
NCT of Delhi,Delhi,Azadpur,Condition,Fruits,2470.2,1429,3714,2679,15-Aug-22,15-08-2022 00:00
NCT of Delhi,Delhi,Azadpur,Golden,Fruits,2470.2,2500,5000,3625,15-Aug-22,15-08-2022 00:00
NCT of Delhi,Delhi,Azadpur,Hajratbali,Fruits,2470.2,714,3571,1857,15-Aug-22,15-08-2022 00:00
NCT of Delhi,Delhi,Azadpur,Royal Delicious,Fruits,2470.2,2200,11000,5543,15-Aug-22,15-08-2022 00:00
Odisha,Mayurbhanja,Karanjia,Other,Fruits,0.07,15000,17000,16000,15-Aug-22,15-08-2022 00:00
West Bengal,Kolkata,Mechua,Apple,Fruits,126.0,7000,7800,7500,15-Aug-22,15-08-2022 00:00
West Bengal,Kolkata,Mechua,Apple,Fruits,123.0,10000,12000,11000,16-Aug-22,16-08-2022 00:00
Himachal Pradesh,Kullu,Kullu(Chauri Bihal),Apple,Fruits,3.4,1000,5000,3200,16-Aug-22,16-08-2022 00:00
Himachal Pradesh,Kullu,Kullu,Other,Fruits,1.2,2000,2700,2500,16-Aug-22,16-08-2022 00:00
Himachal Pradesh,Kullu,Kullu,Other,Fruits,1.2,3000,5000,4000,16-Aug-22,16-08-2022 00:00
Himachal Pradesh,Kullu,Khegsu,Other,Fruits,495.0,3000,5000,4000,16-Aug-22,16-08-2022 00:00
Himachal Pradesh,Kullu,Khegsu,Other,Fruits,495.0,6000,9500,8500,16-Aug-22,16-08-2022 00:00
Himachal Pradesh,Kangra,Kangra(Jassour),Other,Fruits,0.8,5000,8000,6500,16-Aug-22,16-08-2022 00:00
Himachal Pradesh,Kullu,Kullu(Patli Kuhal),Other,Fruits,235.6,1500,5600,3500,16-Aug-22,16-08-2022 00:00
Himachal Pradesh,Kangra,Kangra(Jaisinghpur),Apple,Fruits,0.08,4000,7000,5500,16-Aug-22,16-08-2022 00:00
Himachal Pradesh,Kangra,Kangra,Other,Fruits,2.0,4000,7000,5500,16-Aug-22,16-08-2022 00:00
Himachal Pradesh,Hamirpur,Hamirpur(Nadaun),Other,Fruits,0.8,4000,8000,6000,16-Aug-22,16-08-2022 00:00
Himachal Pradesh,Hamirpur,Hamirpur,Other,Fruits,1.35,4000,8000,6000,16-Aug-22,16-08-2022 00:00
Himachal Pradesh,Mandi,Dhanotu (Mandi),Royal Delicious,Fruits,1.1,2000,7500,4750,16-Aug-22,16-08-2022 00:00
Himachal Pradesh,Mandi,Chail Chowk,Other,Fruits,0.99,1000,1500,1000,16-Aug-22,16-08-2022 00:00
Himachal Pradesh,Bilaspur,Bilaspur,Apple,Fruits,0.2,3000,8000,6000,16-Aug-22,16-08-2022 00:00
Himachal Pradesh,Kangra,Kangra(Baijnath),Apple,Fruits,0.5,5000,9000,7000,16-Aug-22,16-08-2022 00:00
Himachal Pradesh,Kullu,Bhuntar,Apple,Fruits,12.0,1500,5500,3500,16-Aug-22,16-08-2022 00:00
Himachal Pradesh,Mandi,Mandi(Mandi),Apple,Fruits,2.19,2000,8000,6000,16-Aug-22,16-08-2022 00:00
Himachal Pradesh,Sirmore,Nahan,Other,Fruits,0.2,4000,8000,6000,16-Aug-22,16-08-2022 00:00
Himachal Pradesh,Mandi,Mandi(Takoli),Other,Fruits,35.2,1000,5000,3500,16-Aug-22,16-08-2022 00:00
Himachal Pradesh,Shimla,Shimla and Kinnaur(Nerwa),Royal Delicious,Fruits,9.0,1500,7000,4500,16-Aug-22,16-08-2022 00:00
Himachal Pradesh,Shimla,Shimla,Royal Delicious,Fruits,8.0,2500,5000,3250,16-Aug-22,16-08-2022 00:00
Himachal Pradesh,Una,Santoshgarh,Other,Fruits,0.27,4200,8000,6100,16-Aug-22,16-08-2022 00:00
Himachal Pradesh,Shimla,Rohroo,Royal Delicious,Fruits,750.76,1500,8500,5000,16-Aug-22,16-08-2022 00:00
Himachal Pradesh,Sirmore,Paonta Sahib,Kasmir/Shimla - II,Fruits,0.78,4000,8000,6000,16-Aug-22,16-08-2022 00:00
Himachal Pradesh,Kangra,Palampur,Kullu Royal Delicious,Fruits,0.84,4000,8000,6000,16-Aug-22,16-08-2022 00:00
Himachal Pradesh,Una,Una,Other,Fruits,3.7,4000,8000,6000,16-Aug-22,16-08-2022 00:00
Himachal Pradesh,Kullu,Bandrol,Delicious,Fruits,556.0,1200,6000,3800,16-Aug-22,16-08-2022 00:00
West Bengal,Kolkata,Mechua,Apple,Fruits,123.0,8000,9200,9000,16-Aug-22,16-08-2022 00:00
Odisha,Mayurbhanja,Karanjia,Other,Fruits,0.07,13000,15000,14000,16-Aug-22,16-08-2022 00:00
Odisha,Mayurbhanja,Karanjia,Other,Fruits,0.07,15000,17000,16000,16-Aug-22,16-08-2022 00:00
NCT of Delhi,Delhi,Azadpur,Hajratbali,Fruits,373.1,714,3571,1857,16-Aug-22,16-08-2022 00:00
NCT of Delhi,Delhi,Azadpur,Condition,Fruits,373.1,1429,3714,2679,16-Aug-22,16-08-2022 00:00
NCT of Delhi,Delhi,Azadpur,Golden,Fruits,373.1,2500,5000,3625,16-Aug-22,16-08-2022 00:00
West Bengal,Kolkata,Mechua,Apple,Fruits,123.0,7000,7800,7500,16-Aug-22,16-08-2022 00:00
West Bengal,Kolkata,Mechua,Apple,Fruits,126.3,10000,12000,11000,17-Aug-22,17-08-2022 00:00
West Bengal,Kolkata,Mechua,Apple,Fruits,126.3,8000,9000,9000,17-Aug-22,17-08-2022 00:00
Himachal Pradesh,Mandi,Mandi(Mandi),Apple,Fruits,2.42,2000,8000,6000,17-Aug-22,17-08-2022 00:00
Himachal Pradesh,Kullu,Kullu(Patli Kuhal),Other,Fruits,264.1,1500,5500,3500,17-Aug-22,17-08-2022 00:00
Himachal Pradesh,Kullu,Kullu(Chauri Bihal),Apple,Fruits,4.2,1500,6000,3000,17-Aug-22,17-08-2022 00:00
Himachal Pradesh,Kullu,Kullu,Other,Fruits,2.2,2000,3000,2500,17-Aug-22,17-08-2022 00:00
Himachal Pradesh,Kullu,Kullu,Other,Fruits,2.2,3500,4500,4000,17-Aug-22,17-08-2022 00:00
Himachal Pradesh,Kullu,Khegsu,Other,Fruits,256.3,2200,3000,2500,17-Aug-22,17-08-2022 00:00
Himachal Pradesh,Mandi,Mandi(Takoli),Other,Fruits,75.2,1000,4500,3000,17-Aug-22,17-08-2022 00:00
Himachal Pradesh,Kullu,Khegsu,Other,Fruits,256.3,3500,5000,4500,17-Aug-22,17-08-2022 00:00
Himachal Pradesh,Kangra,Kangra(Jassour),Other,Fruits,0.9,5000,8000,6500,17-Aug-22,17-08-2022 00:00
Himachal Pradesh,Kangra,Kangra(Jaisinghpur),Apple,Fruits,0.1,4000,7000,5500,17-Aug-22,17-08-2022 00:00
Himachal Pradesh,Kangra,Kangra(Baijnath),Apple,Fruits,0.4,2000,9000,6500,17-Aug-22,17-08-2022 00:00
Himachal Pradesh,Kangra,Kangra,Other,Fruits,2.2,3000,7000,5000,17-Aug-22,17-08-2022 00:00
Himachal Pradesh,Hamirpur,Hamirpur(Nadaun),Other,Fruits,0.6,4000,8000,6000,17-Aug-22,17-08-2022 00:00
Himachal Pradesh,Hamirpur,Hamirpur,Other,Fruits,1.2,4000,8000,6000,17-Aug-22,17-08-2022 00:00
Himachal Pradesh,Kullu,Khegsu,Other,Fruits,256.3,6500,8500,7500,17-Aug-22,17-08-2022 00:00
Himachal Pradesh,Mandi,Dhanotu (Mandi),Royal Delicious,Fruits,1.4,2000,8000,5000,17-Aug-22,17-08-2022 00:00
Himachal Pradesh,Sirmore,Nahan,Other,Fruits,0.7,4000,7000,5500,17-Aug-22,17-08-2022 00:00
Himachal Pradesh,Sirmore,Paonta Sahib,Other,Fruits,0.65,3500,8000,6000,17-Aug-22,17-08-2022 00:00
Himachal Pradesh,Kangra,Palampur,Kullu Royal Delicious,Fruits,3.5,4000,8000,6000,17-Aug-22,17-08-2022 00:00
Himachal Pradesh,Una,Una,Kullu Royal Delicious,Fruits,3.7,4000,14000,9000,17-Aug-22,17-08-2022 00:00
Himachal Pradesh,Shimla,Shimla and Kinnaur(Nerwa),Royal Delicious,Fruits,5.0,1500,6000,3750,17-Aug-22,17-08-2022 00:00
Himachal Pradesh,Una,Santoshgarh,Other,Fruits,0.28,4500,7500,6000,17-Aug-22,17-08-2022 00:00
Himachal Pradesh,Shimla,Rohroo,Royal Delicious,Fruits,769.36,1500,8000,5000,17-Aug-22,17-08-2022 00:00
Himachal Pradesh,Mandi,Chail Chowk,Other,Fruits,3.55,1500,2000,1500,17-Aug-22,17-08-2022 00:00
Himachal Pradesh,Kullu,Bandrol,Delicious,Fruits,573.0,1300,6200,3600,17-Aug-22,17-08-2022 00:00
Himachal Pradesh,Kullu,Bhuntar,Apple,Fruits,96.1,1500,6500,4000,17-Aug-22,17-08-2022 00:00
Odisha,Mayurbhanja,Karanjia,Other,Fruits,0.07,13000,15000,14000,17-Aug-22,17-08-2022 00:00
Odisha,Mayurbhanja,Karanjia,Other,Fruits,0.07,15000,17000,16000,17-Aug-22,17-08-2022 00:00
NCT of Delhi,Delhi,Azadpur,Royal Delicious,Fruits,2350.3,2200,11000,5543,17-Aug-22,17-08-2022 00:00
NCT of Delhi,Delhi,Azadpur,Hajratbali,Fruits,2350.3,714,3571,1857,17-Aug-22,17-08-2022 00:00
NCT of Delhi,Delhi,Azadpur,Golden,Fruits,2350.3,2500,5000,3625,17-Aug-22,17-08-2022 00:00
NCT of Delhi,Delhi,Azadpur,Condition,Fruits,2350.3,1429,3714,2679,17-Aug-22,17-08-2022 00:00
West Bengal,Kolkata,Mechua,Apple,Fruits,126.3,7000,7800,7600,17-Aug-22,17-08-2022 00:00
West Bengal,Kolkata,Mechua,Apple,Fruits,126.4,10000,12500,11500,18-Aug-22,18-08-2022 00:00
Himachal Pradesh,Kangra,Palampur,Kullu Royal Delicious,Fruits,4.0,4000,8000,6000,18-Aug-22,18-08-2022 00:00
Himachal Pradesh,Sirmore,Nahan,Other,Fruits,0.8,3000,7000,5000,18-Aug-22,18-08-2022 00:00
Himachal Pradesh,Mandi,Mandi(Takoli),Other,Fruits,60.7,1500,6000,3500,18-Aug-22,18-08-2022 00:00
Himachal Pradesh,Kullu,Kullu(Patli Kuhal),Other,Fruits,333.4,1500,5500,3500,18-Aug-22,18-08-2022 00:00
Himachal Pradesh,Kullu,Kullu(Chauri Bihal),Apple,Fruits,5.1,1000,5000,3000,18-Aug-22,18-08-2022 00:00
Himachal Pradesh,Kullu,Kullu,Other,Fruits,1.8,2000,2700,2500,18-Aug-22,18-08-2022 00:00
Himachal Pradesh,Sirmore,Paonta Sahib,Kasmir/Shimla - II,Fruits,0.56,4000,8000,6000,18-Aug-22,18-08-2022 00:00
Himachal Pradesh,Kullu,Kullu,Other,Fruits,1.8,3500,4500,4000,18-Aug-22,18-08-2022 00:00
Himachal Pradesh,Kangra,Kangra(Baijnath),Apple,Fruits,0.4,4000,8000,6000,18-Aug-22,18-08-2022 00:00
Himachal Pradesh,Kangra,Kangra,Other,Fruits,2.8,3500,7000,5250,18-Aug-22,18-08-2022 00:00
Himachal Pradesh,Hamirpur,Hamirpur(Nadaun),Other,Fruits,0.8,3000,9000,6000,18-Aug-22,18-08-2022 00:00
Himachal Pradesh,Hamirpur,Hamirpur,Other,Fruits,1.4,3000,9000,6000,18-Aug-22,18-08-2022 00:00
Himachal Pradesh,Mandi,Dhanotu (Mandi),Royal Delicious,Fruits,1.2,2000,8000,5000,18-Aug-22,18-08-2022 00:00
Himachal Pradesh,Mandi,Chail Chowk,Other,Fruits,0.1,2500,2500,2500,18-Aug-22,18-08-2022 00:00
Himachal Pradesh,Kangra,Kangra(Jaisinghpur),Apple,Fruits,0.2,4000,7000,5500,18-Aug-22,18-08-2022 00:00
Himachal Pradesh,Bilaspur,Bilaspur,Apple,Fruits,0.3,2500,8000,5000,18-Aug-22,18-08-2022 00:00
Himachal Pradesh,Una,Santoshgarh,Other,Fruits,0.3,4000,8000,6000,18-Aug-22,18-08-2022 00:00
Himachal Pradesh,Shimla,Shimla and Kinnaur(Nerwa),Royal Delicious,Fruits,4.0,1500,6000,4000,18-Aug-22,18-08-2022 00:00
Himachal Pradesh,Shimla,Shimla,Royal Delicious,Fruits,6.0,1500,7000,4250,18-Aug-22,18-08-2022 00:00
Himachal Pradesh,Kullu,Bhuntar,Apple,Fruits,94.0,1500,5500,3000,18-Aug-22,18-08-2022 00:00
Himachal Pradesh,Kullu,Bandrol,Delicious,Fruits,539.0,1300,6100,3700,18-Aug-22,18-08-2022 00:00
Odisha,Mayurbhanja,Karanjia,Other,Fruits,0.06,13000,15000,14000,18-Aug-22,18-08-2022 00:00
Odisha,Mayurbhanja,Karanjia,Other,Fruits,0.06,15000,17000,16000,18-Aug-22,18-08-2022 00:00
NCT of Delhi,Delhi,Azadpur,Royal Delicious,Fruits,2205.2,2200,11000,5543,18-Aug-22,18-08-2022 00:00
NCT of Delhi,Delhi,Azadpur,Hajratbali,Fruits,2205.2,714,3571,1857,18-Aug-22,18-08-2022 00:00
NCT of Delhi,Delhi,Azadpur,Golden,Fruits,2205.2,2500,5000,3625,18-Aug-22,18-08-2022 00:00
NCT of Delhi,Delhi,Azadpur,Delicious,Fruits,2205.2,1700,2000,1800,18-Aug-22,18-08-2022 00:00
NCT of Delhi,Delhi,Azadpur,Condition,Fruits,2205.2,1429,3714,2679,18-Aug-22,18-08-2022 00:00
West Bengal,Kolkata,Mechua,Apple,Fruits,126.4,8000,9000,9000,18-Aug-22,18-08-2022 00:00
West Bengal,Kolkata,Mechua,Apple,Fruits,126.4,7000,7800,7600,18-Aug-22,18-08-2022 00:00
West Bengal,Kolkata,Mechua,Apple,Fruits,126.5,11000,13000,12000,19-Aug-22,19-08-2022 00:00
West Bengal,Kolkata,Mechua,Apple,Fruits,126.5,8000,10000,9000,19-Aug-22,19-08-2022 00:00
Himachal Pradesh,Mandi,Dhanotu (Mandi),Royal Delicious,Fruits,0.9,2000,8000,5000,19-Aug-22,19-08-2022 00:00
Himachal Pradesh,Hamirpur,Hamirpur,Other,Fruits,0.9,4500,8500,6500,19-Aug-22,19-08-2022 00:00
Himachal Pradesh,Hamirpur,Hamirpur(Nadaun),Other,Fruits,1.0,5000,8000,6500,19-Aug-22,19-08-2022 00:00
Himachal Pradesh,Kullu,Khegsu,Other,Fruits,296.0,7000,8500,8000,19-Aug-22,19-08-2022 00:00
Himachal Pradesh,Kullu,Khegsu,Other,Fruits,296.0,4500,6500,6000,19-Aug-22,19-08-2022 00:00
Himachal Pradesh,Kullu,Khegsu,Other,Fruits,296.0,2000,3500,2500,19-Aug-22,19-08-2022 00:00
Himachal Pradesh,Kullu,Kullu,Other,Fruits,2.2,3000,5000,3500,19-Aug-22,19-08-2022 00:00
Himachal Pradesh,Kullu,Kullu,Other,Fruits,2.2,2000,2700,2500,19-Aug-22,19-08-2022 00:00
Himachal Pradesh,Kullu,Kullu(Chauri Bihal),Apple,Fruits,7.8,1500,5200,3200,19-Aug-22,19-08-2022 00:00
Himachal Pradesh,Kullu,Kullu(Patli Kuhal),Other,Fruits,339.1,1500,5300,3200,19-Aug-22,19-08-2022 00:00
Himachal Pradesh,Mandi,Mandi(Takoli),Other,Fruits,95.2,1500,6000,3200,19-Aug-22,19-08-2022 00:00
Himachal Pradesh,Shimla,Rohroo,Royal Delicious,Fruits,735.6,1500,7500,5000,19-Aug-22,19-08-2022 00:00
Himachal Pradesh,Shimla,Shimla and Kinnaur(Nerwa),Royal Delicious,Fruits,3.0,1500,6000,3750,19-Aug-22,19-08-2022 00:00
Himachal Pradesh,Una,Una,Other,Fruits,5.4,4000,10000,7000,19-Aug-22,19-08-2022 00:00
Himachal Pradesh,Mandi,Chail Chowk,Other,Fruits,0.16,1750,1750,1750,19-Aug-22,19-08-2022 00:00
Himachal Pradesh,Kullu,Bhuntar,Apple,Fruits,135.5,1500,5500,3500,19-Aug-22,19-08-2022 00:00
Himachal Pradesh,Kullu,Bandrol,Delicious,Fruits,561.0,1200,6000,3800,19-Aug-22,19-08-2022 00:00
NCT of Delhi,Delhi,Azadpur,Condition,Fruits,2560.3,1429,3714,2679,19-Aug-22,19-08-2022 00:00
NCT of Delhi,Delhi,Azadpur,Golden,Fruits,2560.3,2500,5000,3625,19-Aug-22,19-08-2022 00:00
NCT of Delhi,Delhi,Azadpur,Hajratbali,Fruits,2560.3,714,3571,1857,19-Aug-22,19-08-2022 00:00
Odisha,Mayurbhanja,Karanjia,Other,Fruits,0.09,15000,17000,16000,19-Aug-22,19-08-2022 00:00
Odisha,Mayurbhanja,Karanjia,Other,Fruits,0.09,13000,15000,14000,19-Aug-22,19-08-2022 00:00
NCT of Delhi,Delhi,Azadpur,Royal Delicious,Fruits,2560.3,2200,11000,5543,19-Aug-22,19-08-2022 00:00
West Bengal,Kolkata,Mechua,Apple,Fruits,126.5,7000,7800,7600,19-Aug-22,19-08-2022 00:00
West Bengal,Kolkata,Mechua,Apple,Fruits,126.5,10500,12400,11600,20-Aug-22,20-08-2022 00:00
Himachal Pradesh,Kangra,Kangra(Jassour),Other,Fruits,0.8,5000,8000,6500,20-Aug-22,20-08-2022 00:00
Himachal Pradesh,Kullu,Khegsu,Other,Fruits,285.0,6500,9000,7500,20-Aug-22,20-08-2022 00:00
Himachal Pradesh,Kullu,Khegsu,Other,Fruits,285.0,4000,6000,5000,20-Aug-22,20-08-2022 00:00
Himachal Pradesh,Kullu,Khegsu,Other,Fruits,285.0,2200,3500,3000,20-Aug-22,20-08-2022 00:00
Himachal Pradesh,Kullu,Kullu,Other,Fruits,1.3,3500,4500,4000,20-Aug-22,20-08-2022 00:00
Himachal Pradesh,Kullu,Kullu,Other,Fruits,1.3,2000,3000,2500,20-Aug-22,20-08-2022 00:00
Himachal Pradesh,Sirmore,Nahan,Other,Fruits,0.35,4000,8000,6000,20-Aug-22,20-08-2022 00:00
Himachal Pradesh,Kangra,Palampur,Kullu Royal Delicious,Fruits,0.74,5000,8000,6500,20-Aug-22,20-08-2022 00:00
Himachal Pradesh,Sirmore,Paonta Sahib,Other,Fruits,0.45,5000,10000,7000,20-Aug-22,20-08-2022 00:00
Himachal Pradesh,Shimla,Rohroo,Royal Delicious,Fruits,565.3,1500,8000,5250,20-Aug-22,20-08-2022 00:00
Himachal Pradesh,Shimla,Shimla,Royal Delicious,Fruits,4.5,2500,9000,6000,20-Aug-22,20-08-2022 00:00
Himachal Pradesh,Shimla,Shimla and Kinnaur(Nerwa),Royal Delicious,Fruits,4.0,1500,6000,3750,20-Aug-22,20-08-2022 00:00
Himachal Pradesh,Una,Una,Kullu Royal Delicious,Fruits,4.4,5000,9000,7000,20-Aug-22,20-08-2022 00:00
Himachal Pradesh,Kangra,Kangra(Jaisinghpur),Apple,Fruits,0.08,4500,7500,6000,20-Aug-22,20-08-2022 00:00
Himachal Pradesh,Kangra,Kangra,Other,Fruits,1.3,3500,7000,5250,20-Aug-22,20-08-2022 00:00
Himachal Pradesh,Hamirpur,Hamirpur(Nadaun),Other,Fruits,0.8,5000,8000,6500,20-Aug-22,20-08-2022 00:00
Himachal Pradesh,Hamirpur,Hamirpur,Other,Fruits,1.61,5000,7500,6500,20-Aug-22,20-08-2022 00:00
Himachal Pradesh,Mandi,Dhanotu (Mandi),Royal Delicious,Fruits,0.8,2000,8000,5000,20-Aug-22,20-08-2022 00:00
Himachal Pradesh,Bilaspur,Bilaspur,Apple,Fruits,0.2,2500,8000,5000,20-Aug-22,20-08-2022 00:00
West Bengal,Kolkata,Mechua,Apple,Fruits,126.5,8000,10000,9000,20-Aug-22,20-08-2022 00:00
Odisha,Mayurbhanja,Karanjia,Other,Fruits,0.05,13000,15000,14000,20-Aug-22,20-08-2022 00:00
Odisha,Mayurbhanja,Karanjia,Other,Fruits,0.05,15000,17000,16000,20-Aug-22,20-08-2022 00:00
NCT of Delhi,Delhi,Azadpur,Royal Delicious,Fruits,2016.2,2200,11000,5543,20-Aug-22,20-08-2022 00:00
NCT of Delhi,Delhi,Azadpur,Hajratbali,Fruits,2016.2,714,3571,1857,20-Aug-22,20-08-2022 00:00
NCT of Delhi,Delhi,Azadpur,Golden,Fruits,2016.2,2500,5000,3625,20-Aug-22,20-08-2022 00:00
NCT of Delhi,Delhi,Azadpur,Condition,Fruits,2016.2,1429,3714,2679,20-Aug-22,20-08-2022 00:00
West Bengal,Kolkata,Mechua,Apple,Fruits,126.5,7000,7900,7400,20-Aug-22,20-08-2022 00:00
West Bengal,Kolkata,Mechua,Apple,Fruits,127.0,10500,12000,11000,21-Aug-22,21-08-2022 00:00
Himachal Pradesh,Shimla,Shimla and Kinnaur(Nerwa),Royal Delicious,Fruits,2.0,1500,6000,4000,21-Aug-22,21-08-2022 00:00
Himachal Pradesh,Una,Santoshgarh,Kullu Royal Delicious,Fruits,0.35,4500,8500,6500,21-Aug-22,21-08-2022 00:00
Himachal Pradesh,Shimla,Rohroo,Royal Delicious,Fruits,7755.36,1500,7500,5000,21-Aug-22,21-08-2022 00:00
Himachal Pradesh,Mandi,Mandi(Takoli),Other,Fruits,20.5,1000,3500,3000,21-Aug-22,21-08-2022 00:00
Himachal Pradesh,Kullu,Kullu(Patli Kuhal),Other,Fruits,320.1,1500,5300,3200,21-Aug-22,21-08-2022 00:00
Himachal Pradesh,Kullu,Kullu(Chauri Bihal),Apple,Fruits,6.0,1500,5500,3300,21-Aug-22,21-08-2022 00:00
Himachal Pradesh,Kullu,Kullu,Other,Fruits,0.7,2000,2800,2500,21-Aug-22,21-08-2022 00:00
Himachal Pradesh,Kullu,Kullu,Other,Fruits,0.7,3000,4500,3500,21-Aug-22,21-08-2022 00:00
Himachal Pradesh,Kullu,Khegsu,Other,Fruits,230.4,2500,3500,3000,21-Aug-22,21-08-2022 00:00
Himachal Pradesh,Kullu,Khegsu,Other,Fruits,230.4,4000,6000,5000,21-Aug-22,21-08-2022 00:00
Himachal Pradesh,Kullu,Khegsu,Other,Fruits,230.4,7000,9500,8000,21-Aug-22,21-08-2022 00:00
Himachal Pradesh,Mandi,Chail Chowk,Other,Fruits,0.1,1000,1000,1000,21-Aug-22,21-08-2022 00:00
Himachal Pradesh,Kullu,Bhuntar,Apple,Fruits,36.0,1500,5500,3200,21-Aug-22,21-08-2022 00:00
Himachal Pradesh,Kullu,Bandrol,Delicious,Fruits,524.0,1300,6100,3700,21-Aug-22,21-08-2022 00:00
West Bengal,Kolkata,Mechua,Apple,Fruits,127.0,9000,9800,9500,21-Aug-22,21-08-2022 00:00
Odisha,Mayurbhanja,Karanjia,Other,Fruits,0.09,13000,15000,14000,21-Aug-22,21-08-2022 00:00
Odisha,Mayurbhanja,Karanjia,Other,Fruits,0.09,15000,17000,16000,21-Aug-22,21-08-2022 00:00
West Bengal,Kolkata,Mechua,Apple,Fruits,127.0,8000,8700,8500,21-Aug-22,21-08-2022 00:00
West Bengal,Kolkata,Mechua,Apple,Fruits,127.4,10500,12000,11000,22-Aug-22,22-08-2022 00:00
Himachal Pradesh,Kullu,Khegsu,Other,Fruits,284.0,3000,4500,4000,22-Aug-22,22-08-2022 00:00
Himachal Pradesh,Kullu,Kullu,Other,Fruits,1.3,3500,5000,4500,22-Aug-22,22-08-2022 00:00
Himachal Pradesh,Kullu,Kullu,Other,Fruits,1.3,2000,3200,3000,22-Aug-22,22-08-2022 00:00
Himachal Pradesh,Kullu,Kullu(Chauri Bihal),Apple,Fruits,2.0,800,5500,3300,22-Aug-22,22-08-2022 00:00
Himachal Pradesh,Kullu,Kullu(Patli Kuhal),Other,Fruits,302.1,1500,5300,3300,22-Aug-22,22-08-2022 00:00
Himachal Pradesh,Mandi,Mandi(Mandi),Apple,Fruits,1.66,2000,8000,6000,22-Aug-22,22-08-2022 00:00
Himachal Pradesh,Mandi,Mandi(Takoli),Other,Fruits,564.0,1500,5500,3000,22-Aug-22,22-08-2022 00:00
Himachal Pradesh,Kangra,Palampur,Kullu Royal Delicious,Fruits,0.84,4500,7000,5750,22-Aug-22,22-08-2022 00:00
Himachal Pradesh,Sirmore,Paonta Sahib,Other,Fruits,0.52,4000,8000,6000,22-Aug-22,22-08-2022 00:00
Himachal Pradesh,Shimla,Rohroo,Royal Delicious,Fruits,857.04,1500,8000,4500,22-Aug-22,22-08-2022 00:00
Himachal Pradesh,Una,Santoshgarh,Other,Fruits,0.27,4200,8500,6350,22-Aug-22,22-08-2022 00:00
Himachal Pradesh,Shimla,Shimla,Golden,Fruits,7.0,1500,5000,3250,22-Aug-22,22-08-2022 00:00
Himachal Pradesh,Shimla,Shimla,Royal Delicious,Fruits,7.0,1500,6500,4500,22-Aug-22,22-08-2022 00:00
Himachal Pradesh,Shimla,Shimla and Kinnaur(Nerwa),Royal Delicious,Fruits,4.0,1500,6500,4500,22-Aug-22,22-08-2022 00:00
Himachal Pradesh,Una,Una,Kullu Royal Delicious,Fruits,5.4,4000,9000,6500,22-Aug-22,22-08-2022 00:00
Himachal Pradesh,Kullu,Khegsu,Other,Fruits,284.0,5000,7000,6500,22-Aug-22,22-08-2022 00:00
Himachal Pradesh,Kullu,Khegsu,Other,Fruits,284.0,7500,9000,8000,22-Aug-22,22-08-2022 00:00
Himachal Pradesh,Kangra,Kangra(Jassour),Other,Fruits,0.8,5000,8000,6500,22-Aug-22,22-08-2022 00:00
Himachal Pradesh,Kangra,Kangra(Jaisinghpur),Apple,Fruits,0.08,4000,7000,5500,22-Aug-22,22-08-2022 00:00
Himachal Pradesh,Hamirpur,Hamirpur(Nadaun),Other,Fruits,1.35,7000,9500,8800,22-Aug-22,22-08-2022 00:00
Himachal Pradesh,Mandi,Dhanotu (Mandi),Royal Delicious,Fruits,1.6,2000,8000,5000,22-Aug-22,22-08-2022 00:00
Himachal Pradesh,Mandi,Chail Chowk,Other,Fruits,1.79,800,1100,800,22-Aug-22,22-08-2022 00:00
Himachal Pradesh,Kullu,Bhuntar,Apple,Fruits,98.0,2000,5000,3500,22-Aug-22,22-08-2022 00:00
Himachal Pradesh,Kullu,Bandrol,Delicious,Fruits,567.0,1200,5800,3600,22-Aug-22,22-08-2022 00:00
West Bengal,Kolkata,Mechua,Apple,Fruits,127.4,9000,9800,9500,22-Aug-22,22-08-2022 00:00
Odisha,Mayurbhanja,Karanjia,Other,Fruits,0.05,16000,18000,17000,22-Aug-22,22-08-2022 00:00
NCT of Delhi,Delhi,Azadpur,Royal Delicious,Fruits,539.4,2200,11000,5543,22-Aug-22,22-08-2022 00:00
NCT of Delhi,Delhi,Azadpur,Hajratbali,Fruits,539.4,714,3571,1857,22-Aug-22,22-08-2022 00:00
NCT of Delhi,Delhi,Azadpur,Golden,Fruits,539.4,2500,5000,3625,22-Aug-22,22-08-2022 00:00
NCT of Delhi,Delhi,Azadpur,Condition,Fruits,539.4,1429,3714,2679,22-Aug-22,22-08-2022 00:00
West Bengal,Kolkata,Mechua,Apple,Fruits,127.4,8000,8700,8500,22-Aug-22,22-08-2022 00:00
West Bengal,Kolkata,Mechua,Apple,Fruits,128.0,10000,11000,10000,23-Aug-22,23-08-2022 00:00
Himachal Pradesh,Kangra,Kangra(Jassour),Other,Fruits,0.7,5000,8000,6500,23-Aug-22,23-08-2022 00:00
Himachal Pradesh,Kullu,Khegsu,Other,Fruits,264.0,7000,9000,8000,23-Aug-22,23-08-2022 00:00
Himachal Pradesh,Kullu,Khegsu,Other,Fruits,264.0,5500,6500,6000,23-Aug-22,23-08-2022 00:00
Himachal Pradesh,Kullu,Khegsu,Other,Fruits,264.0,2500,3500,3000,23-Aug-22,23-08-2022 00:00
Himachal Pradesh,Kullu,Kullu,Other,Fruits,1.2,3500,4500,4000,23-Aug-22,23-08-2022 00:00
Himachal Pradesh,Kullu,Kullu,Other,Fruits,1.2,2000,3000,2500,23-Aug-22,23-08-2022 00:00
Himachal Pradesh,Kullu,Kullu(Chauri Bihal),Apple,Fruits,9.5,800,5400,3300,23-Aug-22,23-08-2022 00:00
Himachal Pradesh,Kullu,Kullu(Patli Kuhal),Other,Fruits,475.0,800,5400,3300,23-Aug-22,23-08-2022 00:00
Himachal Pradesh,Mandi,Mandi(Mandi),Apple,Fruits,1.94,2000,7500,6000,23-Aug-22,23-08-2022 00:00
Himachal Pradesh,Mandi,Mandi(Takoli),Other,Fruits,57.4,1500,5200,3000,23-Aug-22,23-08-2022 00:00
Himachal Pradesh,Kangra,Palampur,Kullu Royal Delicious,Fruits,0.86,5000,8000,6500,23-Aug-22,23-08-2022 00:00
Himachal Pradesh,Sirmore,Paonta Sahib,Other,Fruits,0.65,5000,10000,8000,23-Aug-22,23-08-2022 00:00
Himachal Pradesh,Sirmore,Paonta Sahib,Other,Fruits,0.65,3000,6000,4000,23-Aug-22,23-08-2022 00:00
Himachal Pradesh,Shimla,Rohroo,Royal Delicious,Fruits,891.64,1500,8500,4750,23-Aug-22,23-08-2022 00:00
Himachal Pradesh,Una,Santoshgarh,Other,Fruits,0.3,4500,8000,6250,23-Aug-22,23-08-2022 00:00
Himachal Pradesh,Shimla,Shimla,Golden,Fruits,6.1,1000,5000,2750,23-Aug-22,23-08-2022 00:00
Himachal Pradesh,Shimla,Shimla,Royal Delicious,Fruits,6.1,1500,7500,5000,23-Aug-22,23-08-2022 00:00
Himachal Pradesh,Kangra,Kangra(Baijnath),Apple,Fruits,0.3,5000,9000,6000,23-Aug-22,23-08-2022 00:00
Himachal Pradesh,Una,Una,Kullu Royal Delicious,Fruits,4.9,3000,6000,4500,23-Aug-22,23-08-2022 00:00
Himachal Pradesh,Shimla,Shimla and Kinnaur(Nerwa),Royal Delicious,Fruits,4.0,1500,7500,4250,23-Aug-22,23-08-2022 00:00
Himachal Pradesh,Kangra,Kangra,Other,Fruits,1.5,4000,6000,5000,23-Aug-22,23-08-2022 00:00
Himachal Pradesh,Hamirpur,Hamirpur(Nadaun),Other,Fruits,0.85,7000,9500,8500,23-Aug-22,23-08-2022 00:00
Himachal Pradesh,Hamirpur,Hamirpur,Other,Fruits,1.35,7000,9500,8500,23-Aug-22,23-08-2022 00:00
Himachal Pradesh,Mandi,Chail Chowk,Other,Fruits,0.2,1500,1500,1500,23-Aug-22,23-08-2022 00:00
Himachal Pradesh,Kullu,Bandrol,Delicious,Fruits,586.0,1200,5800,3700,23-Aug-22,23-08-2022 00:00
Odisha,Mayurbhanja,Karanjia,Other,Fruits,0.06,14000,16000,15000,23-Aug-22,23-08-2022 00:00
Odisha,Mayurbhanja,Karanjia,Other,Fruits,0.06,16000,18000,17000,23-Aug-22,23-08-2022 00:00
NCT of Delhi,Delhi,Azadpur,Royal Delicious,Fruits,2456.1,2200,11000,5543,23-Aug-22,23-08-2022 00:00
NCT of Delhi,Delhi,Azadpur,Hajratbali,Fruits,2456.1,714,3571,1857,23-Aug-22,23-08-2022 00:00
West Bengal,Kolkata,Mechua,Apple,Fruits,128.0,9000,9800,9600,23-Aug-22,23-08-2022 00:00
NCT of Delhi,Delhi,Azadpur,Golden,Fruits,2456.1,2500,5000,3625,23-Aug-22,23-08-2022 00:00
NCT of Delhi,Delhi,Azadpur,Condition,Fruits,2456.1,1429,3714,2679,23-Aug-22,23-08-2022 00:00
West Bengal,Kolkata,Mechua,Apple,Fruits,128.0,8000,8800,8400,23-Aug-22,23-08-2022 00:00
West Bengal,Kolkata,Mechua,Apple,Fruits,127.4,10000,11000,10000,24-Aug-22,24-08-2022 00:00
West Bengal,Kolkata,Mechua,Apple,Fruits,127.4,9000,9700,9500,24-Aug-22,24-08-2022 00:00
Himachal Pradesh,Sirmore,Paonta Sahib,Kasmir/Shimla - II,Fruits,0.45,4000,8000,6000,24-Aug-22,24-08-2022 00:00
Himachal Pradesh,Kangra,Palampur,Kullu Royal Delicious,Fruits,0.94,4500,8000,6250,24-Aug-22,24-08-2022 00:00
Himachal Pradesh,Sirmore,Nahan,Other,Fruits,0.2,3500,8000,5000,24-Aug-22,24-08-2022 00:00
Himachal Pradesh,Mandi,Mandi(Takoli),Other,Fruits,70.5,1000,5000,3000,24-Aug-22,24-08-2022 00:00
Himachal Pradesh,Mandi,Mandi(Mandi),Apple,Fruits,1.67,2000,7500,5000,24-Aug-22,24-08-2022 00:00
Himachal Pradesh,Kullu,Kullu(Chauri Bihal),Apple,Fruits,11.5,1500,5500,3500,24-Aug-22,24-08-2022 00:00
Himachal Pradesh,Sirmore,Paonta Sahib,Kasmir/Shimla - II,Fruits,0.45,2500,4000,3500,24-Aug-22,24-08-2022 00:00
Himachal Pradesh,Kullu,Kullu,Other,Fruits,1.4,2000,2700,2500,24-Aug-22,24-08-2022 00:00
Himachal Pradesh,Kullu,Khegsu,Other,Fruits,217.0,2500,3500,3000,24-Aug-22,24-08-2022 00:00
Himachal Pradesh,Kullu,Khegsu,Other,Fruits,217.0,5000,6500,6000,24-Aug-22,24-08-2022 00:00
Himachal Pradesh,Kullu,Khegsu,Other,Fruits,217.0,7200,8500,8000,24-Aug-22,24-08-2022 00:00
Himachal Pradesh,Kangra,Kangra(Jassour),Other,Fruits,0.7,5000,8000,6500,24-Aug-22,24-08-2022 00:00
Himachal Pradesh,Kangra,Kangra(Jaisinghpur),Apple,Fruits,0.08,4000,7000,5500,24-Aug-22,24-08-2022 00:00
Himachal Pradesh,Kangra,Kangra(Baijnath),Apple,Fruits,0.4,4000,9000,6000,24-Aug-22,24-08-2022 00:00
Himachal Pradesh,Kullu,Kullu,Other,Fruits,1.4,3000,4000,3500,24-Aug-22,24-08-2022 00:00
Himachal Pradesh,Shimla,Rohroo,Royal Delicious,Fruits,786.84,1500,8000,4500,24-Aug-22,24-08-2022 00:00
Himachal Pradesh,Una,Santoshgarh,Other,Fruits,0.32,4000,8500,6250,24-Aug-22,24-08-2022 00:00
Himachal Pradesh,Shimla,Shimla,Golden,Fruits,5.6,1000,3000,2000,24-Aug-22,24-08-2022 00:00
Himachal Pradesh,Una,Una,Other,Fruits,4.1,4000,8000,6000,24-Aug-22,24-08-2022 00:00
Himachal Pradesh,Shimla,Shimla and Kinnaur(Nerwa),Royal Delicious,Fruits,4.0,1500,6500,3750,24-Aug-22,24-08-2022 00:00
Himachal Pradesh,Shimla,Shimla,Royal Delicious,Fruits,5.6,1500,5000,2750,24-Aug-22,24-08-2022 00:00
Himachal Pradesh,Kangra,Kangra,Other,Fruits,1.8,4000,6000,5000,24-Aug-22,24-08-2022 00:00
Himachal Pradesh,Hamirpur,Hamirpur(Nadaun),Other,Fruits,0.8,5000,8000,6500,24-Aug-22,24-08-2022 00:00
Himachal Pradesh,Mandi,Dhanotu (Mandi),Royal Delicious,Fruits,1.4,2000,7000,4500,24-Aug-22,24-08-2022 00:00
Himachal Pradesh,Chamba,Chamba,Royal Delicious,Fruits,0.7,4000,6000,5000,24-Aug-22,24-08-2022 00:00
Himachal Pradesh,Mandi,Chail Chowk,Other,Fruits,2.85,700,1200,1000,24-Aug-22,24-08-2022 00:00
Himachal Pradesh,Bilaspur,Bilaspur,Apple,Fruits,0.2,2500,7500,5000,24-Aug-22,24-08-2022 00:00
Himachal Pradesh,Kullu,Bhuntar,Apple,Fruits,102.9,1500,5300,3300,24-Aug-22,24-08-2022 00:00
Himachal Pradesh,Kullu,Bandrol,Delicious,Fruits,604.0,1300,6100,3600,24-Aug-22,24-08-2022 00:00
Himachal Pradesh,Hamirpur,Hamirpur,Other,Fruits,1.35,5000,8000,6500,24-Aug-22,24-08-2022 00:00
Odisha,Mayurbhanja,Karanjia,Other,Fruits,0.06,15000,17000,16000,24-Aug-22,24-08-2022 00:00
Odisha,Mayurbhanja,Karanjia,Other,Fruits,0.06,16000,18000,17000,24-Aug-22,24-08-2022 00:00
NCT of Delhi,Delhi,Azadpur,Royal Delicious,Fruits,2245.3,2200,11000,5543,24-Aug-22,24-08-2022 00:00
NCT of Delhi,Delhi,Azadpur,Hajratbali,Fruits,2245.3,714,3571,1857,24-Aug-22,24-08-2022 00:00
NCT of Delhi,Delhi,Azadpur,Condition,Fruits,2245.3,1429,3714,2679,24-Aug-22,24-08-2022 00:00
NCT of Delhi,Delhi,Azadpur,Golden,Fruits,2245.3,2500,5000,3625,24-Aug-22,24-08-2022 00:00
West Bengal,Kolkata,Mechua,Apple,Fruits,127.4,8000,8800,8400,24-Aug-22,24-08-2022 00:00
West Bengal,Kolkata,Mechua,Apple,Fruits,132.0,9000,9500,9000,25-Aug-22,25-08-2022 00:00
West Bengal,Kolkata,Mechua,Apple,Fruits,132.0,8000,8800,8400,25-Aug-22,25-08-2022 00:00
Himachal Pradesh,Shimla,Rohroo,Royal Delicious,Fruits,704.46,1500,8000,4750,25-Aug-22,25-08-2022 00:00
Himachal Pradesh,Sirmore,Paonta Sahib,Other,Fruits,0.65,4000,8000,6000,25-Aug-22,25-08-2022 00:00
Himachal Pradesh,Kangra,Palampur,Kullu Royal Delicious,Fruits,1.2,4500,8000,6250,25-Aug-22,25-08-2022 00:00
Himachal Pradesh,Mandi,Mandi(Takoli),Other,Fruits,75.1,1500,5500,3800,25-Aug-22,25-08-2022 00:00
Himachal Pradesh,Mandi,Mandi(Mandi),Apple,Fruits,2.2,2000,7500,6000,25-Aug-22,25-08-2022 00:00
Himachal Pradesh,Kullu,Kullu(Patli Kuhal),Other,Fruits,368.22,1500,5200,3300,25-Aug-22,25-08-2022 00:00
Himachal Pradesh,Kullu,Kullu(Chauri Bihal),Apple,Fruits,5.7,1500,5500,3500,25-Aug-22,25-08-2022 00:00
Himachal Pradesh,Kullu,Kullu,Other,Fruits,1.1,2000,3000,2500,25-Aug-22,25-08-2022 00:00
Himachal Pradesh,Kullu,Kullu,Other,Fruits,1.1,3500,5000,4500,25-Aug-22,25-08-2022 00:00
Himachal Pradesh,Kullu,Khegsu,Other,Fruits,372.0,2500,3500,3000,25-Aug-22,25-08-2022 00:00
Himachal Pradesh,Kullu,Khegsu,Other,Fruits,372.0,4000,6000,5000,25-Aug-22,25-08-2022 00:00
Himachal Pradesh,Kullu,Khegsu,Other,Fruits,372.0,7000,9000,8000,25-Aug-22,25-08-2022 00:00
Himachal Pradesh,Kangra,Kangra(Jassour),Other,Fruits,0.2,5000,8000,6500,25-Aug-22,25-08-2022 00:00
Himachal Pradesh,Kangra,Kangra(Jaisinghpur),Apple,Fruits,0.1,4000,7000,5500,25-Aug-22,25-08-2022 00:00
Himachal Pradesh,Kangra,Kangra(Baijnath),Apple,Fruits,0.4,3500,8000,7000,25-Aug-22,25-08-2022 00:00
Himachal Pradesh,Shimla,Shimla,Golden,Fruits,3.6,1000,3000,2000,25-Aug-22,25-08-2022 00:00
Himachal Pradesh,Kangra,Kangra,Other,Fruits,3.3,4000,6000,5000,25-Aug-22,25-08-2022 00:00
Himachal Pradesh,Shimla,Shimla,Royal Delicious,Fruits,3.6,1500,6500,4250,25-Aug-22,25-08-2022 00:00
Himachal Pradesh,Una,Una,Other,Fruits,3.2,4000,8000,6000,25-Aug-22,25-08-2022 00:00
Himachal Pradesh,Shimla,Shimla and Kinnaur(Nerwa),Royal Delicious,Fruits,4.0,1500,6000,3500,25-Aug-22,25-08-2022 00:00
Himachal Pradesh,Hamirpur,Hamirpur(Nadaun),Other,Fruits,0.9,4000,7000,5500,25-Aug-22,25-08-2022 00:00
Himachal Pradesh,Hamirpur,Hamirpur,Other,Fruits,1.48,4000,7000,5500,25-Aug-22,25-08-2022 00:00
Himachal Pradesh,Mandi,Dhanotu (Mandi),Royal Delicious,Fruits,0.8,1500,7500,4500,25-Aug-22,25-08-2022 00:00
Himachal Pradesh,Mandi,Chail Chowk,Other,Fruits,1.96,1100,1500,1200,25-Aug-22,25-08-2022 00:00
Himachal Pradesh,Bilaspur,Bilaspur,Apple,Fruits,0.2,2500,7000,5000,25-Aug-22,25-08-2022 00:00
Himachal Pradesh,Kullu,Bhuntar,Apple,Fruits,98.0,1500,5200,3000,25-Aug-22,25-08-2022 00:00
Himachal Pradesh,Kullu,Bandrol,Delicious,Fruits,639.0,1300,5800,3700,25-Aug-22,25-08-2022 00:00
Odisha,Mayurbhanja,Karanjia,Other,Fruits,0.06,13000,15000,14000,25-Aug-22,25-08-2022 00:00
Odisha,Mayurbhanja,Karanjia,Other,Fruits,0.06,15000,17000,16000,25-Aug-22,25-08-2022 00:00
NCT of Delhi,Delhi,Azadpur,Royal Delicious,Fruits,2269.4,2200,11000,5543,25-Aug-22,25-08-2022 00:00
NCT of Delhi,Delhi,Azadpur,Hajratbali,Fruits,2269.4,714,3571,1857,25-Aug-22,25-08-2022 00:00
NCT of Delhi,Delhi,Azadpur,Golden,Fruits,2269.4,2500,5000,3625,25-Aug-22,25-08-2022 00:00
NCT of Delhi,Delhi,Azadpur,Condition,Fruits,2269.4,1429,3714,2679,25-Aug-22,25-08-2022 00:00
West Bengal,Kolkata,Mechua,Apple,Fruits,132.0,7000,7800,7500,25-Aug-22,25-08-2022 00:00
West Bengal,Kolkata,Mechua,Apple,Fruits,130.0,9000,9500,9000,26-Aug-22,26-08-2022 00:00
Himachal Pradesh,Kangra,Palampur,Kullu Royal Delicious,Fruits,1.1,4500,7500,6000,26-Aug-22,26-08-2022 00:00
Himachal Pradesh,Sirmore,Nahan,Other,Fruits,0.32,4000,8000,6000,26-Aug-22,26-08-2022 00:00
Himachal Pradesh,Mandi,Mandi(Mandi),Apple,Fruits,1.9,2000,7000,5000,26-Aug-22,26-08-2022 00:00
Himachal Pradesh,Kullu,Kullu(Patli Kuhal),Other,Fruits,473.1,800,5200,3800,26-Aug-22,26-08-2022 00:00
Himachal Pradesh,Kullu,Kullu(Chauri Bihal),Apple,Fruits,7.5,1000,5000,3000,26-Aug-22,26-08-2022 00:00
Himachal Pradesh,Kullu,Kullu,Other,Fruits,0.8,2000,2800,2500,26-Aug-22,26-08-2022 00:00
Himachal Pradesh,Kullu,Kullu,Other,Fruits,0.8,3000,5000,3800,26-Aug-22,26-08-2022 00:00
Himachal Pradesh,Kullu,Khegsu,Other,Fruits,238.0,1500,3000,2500,26-Aug-22,26-08-2022 00:00
Himachal Pradesh,Kullu,Khegsu,Other,Fruits,238.0,4500,6500,6000,26-Aug-22,26-08-2022 00:00
Himachal Pradesh,Kullu,Khegsu,Other,Fruits,238.0,7200,10000,8500,26-Aug-22,26-08-2022 00:00
Himachal Pradesh,Kangra,Kangra(Jassour),Other,Fruits,0.8,5000,8000,6500,26-Aug-22,26-08-2022 00:00
Himachal Pradesh,Kangra,Kangra(Jaisinghpur),Apple,Fruits,0.08,3500,7000,5250,26-Aug-22,26-08-2022 00:00
Himachal Pradesh,Kangra,Kangra(Baijnath),Apple,Fruits,0.5,3000,8000,6000,26-Aug-22,26-08-2022 00:00
Himachal Pradesh,Kangra,Kangra,Other,Fruits,2.5,4000,6000,5000,26-Aug-22,26-08-2022 00:00
Himachal Pradesh,Hamirpur,Hamirpur(Nadaun),Other,Fruits,0.6,6000,8000,7000,26-Aug-22,26-08-2022 00:00
Himachal Pradesh,Sirmore,Paonta Sahib,Kasmir/Shimla - II,Fruits,0.8,4000,9000,6000,26-Aug-22,26-08-2022 00:00
Himachal Pradesh,Hamirpur,Hamirpur,Other,Fruits,0.95,6000,8000,7000,26-Aug-22,26-08-2022 00:00
Himachal Pradesh,Shimla,Rohroo,Royal Delicious,Fruits,803.52,1500,8000,5500,26-Aug-22,26-08-2022 00:00
Himachal Pradesh,Shimla,Shimla and Kinnaur(Nerwa),Royal Delicious,Fruits,7.0,1500,6000,4250,26-Aug-22,26-08-2022 00:00
Himachal Pradesh,Una,Una,Kullu Royal Delicious,Fruits,3.6,4000,7500,5500,26-Aug-22,26-08-2022 00:00
Himachal Pradesh,Shimla,Shimla,Royal Delicious,Fruits,4.0,1500,6000,4250,26-Aug-22,26-08-2022 00:00
Himachal Pradesh,Mandi,Dhanotu (Mandi),Royal Delicious,Fruits,1.0,2000,8000,5000,26-Aug-22,26-08-2022 00:00
Himachal Pradesh,Bilaspur,Bilaspur,Apple,Fruits,0.2,2000,8000,5000,26-Aug-22,26-08-2022 00:00
Himachal Pradesh,Chamba,Chamba,Royal Delicious,Fruits,0.26,5000,6000,5500,26-Aug-22,26-08-2022 00:00
Himachal Pradesh,Kullu,Bhuntar,Apple,Fruits,125.8,1500,5500,3500,26-Aug-22,26-08-2022 00:00
Himachal Pradesh,Kullu,Bandrol,Delicious,Fruits,624.0,1100,5500,3500,26-Aug-22,26-08-2022 00:00
West Bengal,Kolkata,Mechua,Apple,Fruits,130.0,8000,8800,8500,26-Aug-22,26-08-2022 00:00
Odisha,Mayurbhanja,Karanjia,Other,Fruits,0.06,13000,15000,14000,26-Aug-22,26-08-2022 00:00
NCT of Delhi,Delhi,Azadpur,Royal Delicious,Fruits,2244.2,2200,11000,5543,26-Aug-22,26-08-2022 00:00
Odisha,Mayurbhanja,Karanjia,Other,Fruits,0.06,15000,17000,16000,26-Aug-22,26-08-2022 00:00
NCT of Delhi,Delhi,Azadpur,Hajratbali,Fruits,2244.2,714,3571,1857,26-Aug-22,26-08-2022 00:00
NCT of Delhi,Delhi,Azadpur,Golden,Fruits,2244.2,2500,5000,3625,26-Aug-22,26-08-2022 00:00
NCT of Delhi,Delhi,Azadpur,Delicious,Fruits,2244.2,1333,4667,3167,26-Aug-22,26-08-2022 00:00
NCT of Delhi,Delhi,Azadpur,Condition,Fruits,2244.2,1429,3714,2679,26-Aug-22,26-08-2022 00:00
West Bengal,Kolkata,Mechua,Apple,Fruits,130.0,7000,7800,7400,26-Aug-22,26-08-2022 00:00
West Bengal,Kolkata,Mechua,Apple,Fruits,120.0,9000,9500,9000,27-Aug-22,27-08-2022 00:00
West Bengal,Kolkata,Mechua,Apple,Fruits,120.0,8000,8800,8500,27-Aug-22,27-08-2022 00:00
Himachal Pradesh,Kangra,Kangra(Jaisinghpur),Apple,Fruits,0.1,3000,7000,5000,27-Aug-22,27-08-2022 00:00
Himachal Pradesh,Kangra,Kangra(Jassour),Other,Fruits,0.8,5000,8000,6500,27-Aug-22,27-08-2022 00:00
Himachal Pradesh,Kullu,Khegsu,Other,Fruits,299.0,7000,8500,7500,27-Aug-22,27-08-2022 00:00
Himachal Pradesh,Kullu,Khegsu,Other,Fruits,299.0,5000,6500,6000,27-Aug-22,27-08-2022 00:00
Himachal Pradesh,Kullu,Khegsu,Other,Fruits,299.0,2500,3500,3000,27-Aug-22,27-08-2022 00:00
Himachal Pradesh,Kullu,Kullu,Other,Fruits,0.7,3500,5200,4500,27-Aug-22,27-08-2022 00:00
Himachal Pradesh,Kullu,Kullu,Other,Fruits,0.7,2000,3200,2800,27-Aug-22,27-08-2022 00:00
Himachal Pradesh,Mandi,Mandi(Mandi),Apple,Fruits,1.86,2000,7000,5000,27-Aug-22,27-08-2022 00:00
Himachal Pradesh,Kangra,Palampur,Kullu Royal Delicious,Fruits,2.2,3000,7000,5000,27-Aug-22,27-08-2022 00:00
Himachal Pradesh,Shimla,Shimla,Royal Delicious,Fruits,2.2,1000,5000,2500,27-Aug-22,27-08-2022 00:00
Himachal Pradesh,Shimla,Shimla and Kinnaur(Nerwa),Royal Delicious,Fruits,4.0,1500,7000,4250,27-Aug-22,27-08-2022 00:00
Himachal Pradesh,Una,Una,Kullu Royal Delicious,Fruits,3.7,4000,7000,5500,27-Aug-22,27-08-2022 00:00
Himachal Pradesh,Kangra,Kangra,Other,Fruits,3.4,4000,7000,6000,27-Aug-22,27-08-2022 00:00
Himachal Pradesh,Hamirpur,Hamirpur(Nadaun),Other,Fruits,0.7,6000,8000,7000,27-Aug-22,27-08-2022 00:00
Himachal Pradesh,Hamirpur,Hamirpur,Other,Fruits,1.21,6000,8000,7000,27-Aug-22,27-08-2022 00:00
Himachal Pradesh,Mandi,Dhanotu (Mandi),Royal Delicious,Fruits,1.1,1500,7000,4250,27-Aug-22,27-08-2022 00:00
Himachal Pradesh,Bilaspur,Bilaspur,Apple,Fruits,0.3,2000,8000,5500,27-Aug-22,27-08-2022 00:00
Himachal Pradesh,Mandi,Chail Chowk,Other,Fruits,0.26,1200,1200,1200,27-Aug-22,27-08-2022 00:00
NCT of Delhi,Delhi,Azadpur,Condition,Fruits,2517.1,1429,3714,2679,27-Aug-22,27-08-2022 00:00
NCT of Delhi,Delhi,Azadpur,Delicious,Fruits,2517.1,1333,5000,4000,27-Aug-22,27-08-2022 00:00
NCT of Delhi,Delhi,Azadpur,Golden,Fruits,2517.1,2500,5000,3625,27-Aug-22,27-08-2022 00:00
NCT of Delhi,Delhi,Azadpur,Hajratbali,Fruits,2517.1,714,3571,1857,27-Aug-22,27-08-2022 00:00
NCT of Delhi,Delhi,Azadpur,Kullu Royal Delicious,Fruits,2517.1,2200,11000,4306,27-Aug-22,27-08-2022 00:00
NCT of Delhi,Delhi,Azadpur,Royal Delicious,Fruits,2517.1,2400,11000,6520,27-Aug-22,27-08-2022 00:00
Odisha,Mayurbhanja,Karanjia,Other,Fruits,0.05,16000,18000,17000,27-Aug-22,27-08-2022 00:00
Odisha,Mayurbhanja,Karanjia,Other,Fruits,0.05,15000,17000,16000,27-Aug-22,27-08-2022 00:00
West Bengal,Kolkata,Mechua,Apple,Fruits,120.0,7000,8800,7500,27-Aug-22,27-08-2022 00:00
West Bengal,Kolkata,Mechua,Apple,Fruits,128.0,9000,9500,9000,28-Aug-22,28-08-2022 00:00
West Bengal,Kolkata,Mechua,Apple,Fruits,128.0,8000,8800,8500,28-Aug-22,28-08-2022 00:00
Himachal Pradesh,Shimla,Shimla and Kinnaur(Nerwa),Royal Delicious,Fruits,4.0,1500,4500,2625,28-Aug-22,28-08-2022 00:00
Himachal Pradesh,Una,Santoshgarh,Kullu Royal Delicious,Fruits,0.32,4500,8500,6500,28-Aug-22,28-08-2022 00:00
Himachal Pradesh,Shimla,Rohroo,Royal Delicious,Fruits,901.84,1500,8000,4750,28-Aug-22,28-08-2022 00:00
Himachal Pradesh,Kullu,Kullu(Patli Kuhal),Other,Fruits,476.9,500,4500,3500,28-Aug-22,28-08-2022 00:00
Himachal Pradesh,Kullu,Kullu(Chauri Bihal),Apple,Fruits,15.5,700,5000,3700,28-Aug-22,28-08-2022 00:00
Himachal Pradesh,Kullu,Kullu,Other,Fruits,0.9,1500,2800,2500,28-Aug-22,28-08-2022 00:00
Himachal Pradesh,Kullu,Kullu,Other,Fruits,0.9,3000,4500,4000,28-Aug-22,28-08-2022 00:00
Himachal Pradesh,Kullu,Khegsu,Other,Fruits,248.0,2000,2800,2500,28-Aug-22,28-08-2022 00:00
Himachal Pradesh,Kullu,Khegsu,Other,Fruits,248.0,3000,4500,4000,28-Aug-22,28-08-2022 00:00
Himachal Pradesh,Kullu,Khegsu,Other,Fruits,248.0,5000,7000,6000,28-Aug-22,28-08-2022 00:00
Himachal Pradesh,Kullu,Bhuntar,Apple,Fruits,11.75,1000,5000,3000,28-Aug-22,28-08-2022 00:00
Himachal Pradesh,Kullu,Bandrol,Delicious,Fruits,677.0,1100,5500,3600,28-Aug-22,28-08-2022 00:00
Odisha,Mayurbhanja,Karanjia,Other,Fruits,0.07,15000,17000,16000,28-Aug-22,28-08-2022 00:00
Odisha,Mayurbhanja,Karanjia,Other,Fruits,0.07,16000,18000,17000,28-Aug-22,28-08-2022 00:00
West Bengal,Kolkata,Mechua,Apple,Fruits,128.0,7000,7600,7400,28-Aug-22,28-08-2022 00:00
West Bengal,Kolkata,Mechua,Apple,Fruits,132.0,9000,10000,9400,29-Aug-22,29-08-2022 00:00
Himachal Pradesh,Kangra,Kangra(Jaisinghpur),Apple,Fruits,0.2,3000,7000,5000,29-Aug-22,29-08-2022 00:00
Himachal Pradesh,Kangra,Kangra(Jassour),Other,Fruits,0.8,5000,8000,6500,29-Aug-22,29-08-2022 00:00
Himachal Pradesh,Kullu,Khegsu,Other,Fruits,206.0,5500,7500,6500,29-Aug-22,29-08-2022 00:00
Himachal Pradesh,Kullu,Khegsu,Other,Fruits,206.0,3500,5000,4000,29-Aug-22,29-08-2022 00:00
Himachal Pradesh,Kullu,Khegsu,Other,Fruits,206.0,2500,3200,3000,29-Aug-22,29-08-2022 00:00
Himachal Pradesh,Kullu,Kullu,Other,Fruits,1.8,3000,4500,3500,29-Aug-22,29-08-2022 00:00
Himachal Pradesh,Kullu,Kullu,Other,Fruits,1.8,1500,2500,2000,29-Aug-22,29-08-2022 00:00
Himachal Pradesh,Kullu,Kullu(Chauri Bihal),Apple,Fruits,17.2,1000,4500,3500,29-Aug-22,29-08-2022 00:00
Himachal Pradesh,Kullu,Kullu(Patli Kuhal),Other,Fruits,387.6,500,4400,3400,29-Aug-22,29-08-2022 00:00
Himachal Pradesh,Mandi,Mandi(Mandi),Apple,Fruits,3.16,2000,8000,6000,29-Aug-22,29-08-2022 00:00
Himachal Pradesh,Mandi,Mandi(Takoli),Other,Fruits,58.4,1000,4000,3000,29-Aug-22,29-08-2022 00:00
Himachal Pradesh,Kangra,Palampur,Kullu Royal Delicious,Fruits,3.2,3000,8000,5500,29-Aug-22,29-08-2022 00:00
Himachal Pradesh,Sirmore,Paonta Sahib,Kasmir/Shimla - II,Fruits,0.8,7000,9000,8000,29-Aug-22,29-08-2022 00:00
Himachal Pradesh,Sirmore,Paonta Sahib,Kasmir/Shimla - II,Fruits,0.8,3000,6000,4000,29-Aug-22,29-08-2022 00:00
Himachal Pradesh,Kangra,Kangra,Other,Fruits,3.9,4000,7000,6000,29-Aug-22,29-08-2022 00:00
Himachal Pradesh,Shimla,Rohroo,Royal Delicious,Fruits,793.16,1500,8000,5500,29-Aug-22,29-08-2022 00:00
Himachal Pradesh,Una,Una,Other,Fruits,4.5,4000,8000,6000,29-Aug-22,29-08-2022 00:00
Himachal Pradesh,Shimla,Shimla,Royal Delicious,Fruits,4.4,1000,6000,4000,29-Aug-22,29-08-2022 00:00
Himachal Pradesh,Hamirpur,Hamirpur(Nadaun),Other,Fruits,0.7,4000,8000,6000,29-Aug-22,29-08-2022 00:00
Himachal Pradesh,Hamirpur,Hamirpur,Other,Fruits,1.45,4000,8000,6000,29-Aug-22,29-08-2022 00:00
Himachal Pradesh,Mandi,Dhanotu (Mandi),Royal Delicious,Fruits,1.5,2000,8000,5000,29-Aug-22,29-08-2022 00:00
Himachal Pradesh,Mandi,Chail Chowk,Other,Fruits,0.8,1500,1500,1500,29-Aug-22,29-08-2022 00:00
Himachal Pradesh,Kullu,Bhuntar,Apple,Fruits,148.0,1000,4500,3000,29-Aug-22,29-08-2022 00:00
Himachal Pradesh,Kullu,Bandrol,Delicious,Fruits,568.0,1100,5500,3500,29-Aug-22,29-08-2022 00:00
West Bengal,Kolkata,Mechua,Apple,Fruits,132.0,8000,8900,8400,29-Aug-22,29-08-2022 00:00
Odisha,Mayurbhanja,Karanjia,Other,Fruits,0.06,15000,17000,16000,29-Aug-22,29-08-2022 00:00
Odisha,Mayurbhanja,Karanjia,Other,Fruits,0.06,16000,18000,17000,29-Aug-22,29-08-2022 00:00
NCT of Delhi,Delhi,Azadpur,Kullu Royal Delicious,Fruits,1040.3,1800,9000,4206,29-Aug-22,29-08-2022 00:00
NCT of Delhi,Delhi,Azadpur,Golden,Fruits,1040.3,2500,5000,3625,29-Aug-22,29-08-2022 00:00
NCT of Delhi,Delhi,Azadpur,Delicious,Fruits,1040.3,1333,4667,3222,29-Aug-22,29-08-2022 00:00
NCT of Delhi,Delhi,Azadpur,Royal Delicious,Fruits,1040.3,2400,11000,6600,29-Aug-22,29-08-2022 00:00
West Bengal,Kolkata,Mechua,Apple,Fruits,132.0,7000,7800,7500,29-Aug-22,29-08-2022 00:00
West Bengal,Kolkata,Mechua,Apple,Fruits,123.0,9000,10000,9400,30-Aug-22,30-08-2022 00:00
West Bengal,Kolkata,Mechua,Apple,Fruits,123.0,8000,8800,8400,30-Aug-22,30-08-2022 00:00
Himachal Pradesh,Sirmore,Paonta Sahib,Kasmir/Shimla - II,Fruits,1.2,8000,12000,9000,30-Aug-22,30-08-2022 00:00
Himachal Pradesh,Kangra,Palampur,Kullu Royal Delicious,Fruits,2.7,4000,8000,6000,30-Aug-22,30-08-2022 00:00
Himachal Pradesh,Mandi,Mandi(Takoli),Other,Fruits,62.1,1000,4000,3000,30-Aug-22,30-08-2022 00:00
Himachal Pradesh,Mandi,Mandi(Mandi),Apple,Fruits,1.5,2000,7000,5000,30-Aug-22,30-08-2022 00:00
Himachal Pradesh,Kullu,Kullu(Patli Kuhal),Other,Fruits,362.9,500,4200,3200,30-Aug-22,30-08-2022 00:00
Himachal Pradesh,Kullu,Kullu(Chauri Bihal),Apple,Fruits,9.5,1000,4500,3500,30-Aug-22,30-08-2022 00:00
Himachal Pradesh,Sirmore,Paonta Sahib,Kasmir/Shimla - II,Fruits,1.2,3000,8000,5000,30-Aug-22,30-08-2022 00:00
Himachal Pradesh,Kullu,Kullu,Other,Fruits,1.5,1500,2700,2000,30-Aug-22,30-08-2022 00:00
Himachal Pradesh,Kullu,Khegsu,Other,Fruits,215.0,2300,3000,2500,30-Aug-22,30-08-2022 00:00
Himachal Pradesh,Kullu,Khegsu,Other,Fruits,215.0,3500,5000,4000,30-Aug-22,30-08-2022 00:00
Himachal Pradesh,Kullu,Khegsu,Other,Fruits,215.0,6000,7000,6500,30-Aug-22,30-08-2022 00:00
Himachal Pradesh,Kangra,Kangra(Jassour),Other,Fruits,0.8,5000,8000,6500,30-Aug-22,30-08-2022 00:00
Himachal Pradesh,Kangra,Kangra(Jaisinghpur),Apple,Fruits,0.1,3000,7000,5000,30-Aug-22,30-08-2022 00:00
Himachal Pradesh,Kangra,Kangra(Baijnath),Apple,Fruits,0.4,5000,8000,6000,30-Aug-22,30-08-2022 00:00
Himachal Pradesh,Kullu,Kullu,Other,Fruits,1.5,3000,4500,3500,30-Aug-22,30-08-2022 00:00
Himachal Pradesh,Kangra,Kangra,Other,Fruits,2.4,4000,7000,5500,30-Aug-22,30-08-2022 00:00
Himachal Pradesh,Shimla,Rohroo,Royal Delicious,Fruits,537.0,1500,7500,4750,30-Aug-22,30-08-2022 00:00
Himachal Pradesh,Una,Una,Kullu Royal Delicious,Fruits,4.1,4000,8000,6000,30-Aug-22,30-08-2022 00:00
Himachal Pradesh,Shimla,Shimla,Royal Delicious,Fruits,5.0,1000,10000,6000,30-Aug-22,30-08-2022 00:00
Himachal Pradesh,Hamirpur,Hamirpur(Nadaun),Other,Fruits,0.8,6000,8000,7000,30-Aug-22,30-08-2022 00:00
Himachal Pradesh,Hamirpur,Hamirpur,Other,Fruits,1.4,6000,8000,7000,30-Aug-22,30-08-2022 00:00
Himachal Pradesh,Mandi,Chail Chowk,Other,Fruits,2.08,1000,1000,1000,30-Aug-22,30-08-2022 00:00
Himachal Pradesh,Mandi,Chail Chowk,Other,Fruits,2.08,1600,1600,1600,30-Aug-22,30-08-2022 00:00
Himachal Pradesh,Bilaspur,Bilaspur,Apple,Fruits,0.3,3000,8000,5500,30-Aug-22,30-08-2022 00:00
Himachal Pradesh,Kullu,Bhuntar,Apple,Fruits,67.4,800,4000,2500,30-Aug-22,30-08-2022 00:00
Himachal Pradesh,Kullu,Bandrol,Delicious,Fruits,475.0,1000,5000,3500,30-Aug-22,30-08-2022 00:00
Odisha,Mayurbhanja,Karanjia,Other,Fruits,0.1,15000,17000,16000,30-Aug-22,30-08-2022 00:00
Odisha,Mayurbhanja,Karanjia,Other,Fruits,0.1,16000,18000,17000,30-Aug-22,30-08-2022 00:00
NCT of Delhi,Delhi,Azadpur,Royal Delicious,Fruits,3820.3,6400,12500,8725,30-Aug-22,30-08-2022 00:00
NCT of Delhi,Delhi,Azadpur,Kullu Royal Delicious,Fruits,3820.3,1800,9000,4260,30-Aug-22,30-08-2022 00:00
NCT of Delhi,Delhi,Azadpur,Golden,Fruits,3820.3,2500,6000,4000,30-Aug-22,30-08-2022 00:00
NCT of Delhi,Delhi,Azadpur,Delicious,Fruits,3820.3,1333,4667,3222,30-Aug-22,30-08-2022 00:00
West Bengal,Kolkata,Mechua,Apple,Fruits,123.0,7000,7800,7500,30-Aug-22,30-08-2022 00:00
West Bengal,Kolkata,Mechua,Apple,Fruits,122.4,9000,10000,10000,31-Aug-22,31-08-2022 00:00
Himachal Pradesh,Kangra,Kangra(Jaisinghpur),Apple,Fruits,0.1,3000,7000,5000,31-Aug-22,31-08-2022 00:00
Himachal Pradesh,Kangra,Kangra(Jassour),Other,Fruits,0.8,5000,8000,6500,31-Aug-22,31-08-2022 00:00
Himachal Pradesh,Kullu,Kullu,Other,Fruits,1.2,3000,4500,3500,31-Aug-22,31-08-2022 00:00
Himachal Pradesh,Kullu,Kullu,Other,Fruits,1.2,1500,2800,2000,31-Aug-22,31-08-2022 00:00
Himachal Pradesh,Kullu,Kullu(Chauri Bihal),Apple,Fruits,6.5,1000,4500,3700,31-Aug-22,31-08-2022 00:00
Himachal Pradesh,Kullu,Kullu(Patli Kuhal),Other,Fruits,300.4,700,4200,3700,31-Aug-22,31-08-2022 00:00
Himachal Pradesh,Mandi,Mandi(Mandi),Apple,Fruits,1.87,2000,7500,6000,31-Aug-22,31-08-2022 00:00
Himachal Pradesh,Mandi,Mandi(Takoli),Other,Fruits,76.4,500,4200,2500,31-Aug-22,31-08-2022 00:00
Himachal Pradesh,Kangra,Palampur,Kullu Royal Delicious,Fruits,1.1,4000,8000,6000,31-Aug-22,31-08-2022 00:00
Himachal Pradesh,Shimla,Rohroo,Royal Delicious,Fruits,872.96,1500,7500,4500,31-Aug-22,31-08-2022 00:00
Himachal Pradesh,Una,Santoshgarh,Kullu Royal Delicious,Fruits,0.35,4200,8000,6100,31-Aug-22,31-08-2022 00:00
Himachal Pradesh,Shimla,Shimla,Royal Delicious,Fruits,6.2,2000,5000,3000,31-Aug-22,31-08-2022 00:00
Himachal Pradesh,Shimla,Shimla and Kinnaur(Nerwa),Royal Delicious,Fruits,5.0,1500,6000,3750,31-Aug-22,31-08-2022 00:00
Himachal Pradesh,Kangra,Kangra(Baijnath),Apple,Fruits,0.4,5000,8000,6000,31-Aug-22,31-08-2022 00:00
Himachal Pradesh,Una,Una,Other,Fruits,4.3,4000,7000,5500,31-Aug-22,31-08-2022 00:00
Himachal Pradesh,Kangra,Kangra,Other,Fruits,1.8,4000,6000,5000,31-Aug-22,31-08-2022 00:00
Himachal Pradesh,Mandi,Dhanotu (Mandi),Royal Delicious,Fruits,1.6,2000,8000,5000,31-Aug-22,31-08-2022 00:00
Himachal Pradesh,Hamirpur,Hamirpur,Other,Fruits,2.05,5500,8000,7000,31-Aug-22,31-08-2022 00:00
Himachal Pradesh,Kullu,Bandrol,Delicious,Fruits,438.0,1100,5200,3400,31-Aug-22,31-08-2022 00:00
Himachal Pradesh,Kullu,Bhuntar,Apple,Fruits,85.2,1000,4500,3500,31-Aug-22,31-08-2022 00:00
West Bengal,Kolkata,Mechua,Apple,Fruits,122.4,8000,8800,8600,31-Aug-22,31-08-2022 00:00
NCT of Delhi,Delhi,Azadpur,Royal Delicious,Fruits,2678.4,6400,12500,8725,31-Aug-22,31-08-2022 00:00
West Bengal,Kolkata,Mechua,Apple,Fruits,122.4,7000,7600,7400,31-Aug-22,31-08-2022 00:00
West Bengal,Kolkata,Mechua,Apple,Fruits,123.0,9000,10500,10000,01-Sep-22,01-09-2022 00:00
West Bengal,Kolkata,Mechua,Apple,Fruits,123.0,8000,8700,8400,01-Sep-22,01-09-2022 00:00
Himachal Pradesh,Kullu,Bhuntar,Apple,Fruits,131.5,1000,4500,3000,01-Sep-22,01-09-2022 00:00
Himachal Pradesh,Mandi,Dhanotu (Mandi),Royal Delicious,Fruits,1.3,1500,6500,4000,01-Sep-22,01-09-2022 00:00
Himachal Pradesh,Hamirpur,Hamirpur,Other,Fruits,1.6,5500,8000,7000,01-Sep-22,01-09-2022 00:00
Himachal Pradesh,Hamirpur,Hamirpur(Nadaun),Other,Fruits,0.7,5500,8000,7000,01-Sep-22,01-09-2022 00:00
Himachal Pradesh,Kangra,Kangra,Other,Fruits,2.3,4000,6000,5000,01-Sep-22,01-09-2022 00:00
Himachal Pradesh,Kangra,Kangra(Baijnath),Apple,Fruits,0.5,4000,6000,6000,01-Sep-22,01-09-2022 00:00
Himachal Pradesh,Kangra,Kangra(Jaisinghpur),Apple,Fruits,0.08,2500,7000,4750,01-Sep-22,01-09-2022 00:00
Himachal Pradesh,Kangra,Kangra(Jassour),Other,Fruits,0.2,5000,8000,6500,01-Sep-22,01-09-2022 00:00
Himachal Pradesh,Kangra,Kangra(Nagrota Bagwan),American,Fruits,0.5,3000,8000,5500,01-Sep-22,01-09-2022 00:00
Himachal Pradesh,Kullu,Khegsu,Other,Fruits,308.8,4000,6500,5000,01-Sep-22,01-09-2022 00:00
Himachal Pradesh,Kullu,Khegsu,Other,Fruits,308.8,2000,3500,2500,01-Sep-22,01-09-2022 00:00
Himachal Pradesh,Kullu,Kullu,Other,Fruits,1.8,3000,4000,3500,01-Sep-22,01-09-2022 00:00
Himachal Pradesh,Kullu,Kullu,Other,Fruits,1.8,1500,2500,2000,01-Sep-22,01-09-2022 00:00
Himachal Pradesh,Kullu,Bandrol,Delicious,Fruits,456.0,1000,5000,3500,01-Sep-22,01-09-2022 00:00
Himachal Pradesh,Kullu,Kullu(Chauri Bihal),Apple,Fruits,12.8,1000,4500,3000,01-Sep-22,01-09-2022 00:00
Himachal Pradesh,Mandi,Mandi(Mandi),Apple,Fruits,2.4,2000,7500,6000,01-Sep-22,01-09-2022 00:00
Himachal Pradesh,Mandi,Mandi(Takoli),Other,Fruits,49.0,1000,3500,2500,01-Sep-22,01-09-2022 00:00
Himachal Pradesh,Kangra,Palampur,Kullu Royal Delicious,Fruits,1.2,3000,8000,5500,01-Sep-22,01-09-2022 00:00
Himachal Pradesh,Shimla,Rohroo,Royal Delicious,Fruits,773.16,1500,7500,5000,01-Sep-22,01-09-2022 00:00
Himachal Pradesh,Shimla,Shimla,Royal Delicious,Fruits,4.1,1500,9000,5500,01-Sep-22,01-09-2022 00:00
Himachal Pradesh,Shimla,Shimla and Kinnaur(Nerwa),Royal Delicious,Fruits,4.0,1500,5000,2500,01-Sep-22,01-09-2022 00:00
Himachal Pradesh,Una,Una,Kullu Royal Delicious,Fruits,4.4,3000,6000,4500,01-Sep-22,01-09-2022 00:00
Himachal Pradesh,Kullu,Kullu(Patli Kuhal),Other,Fruits,354.3,700,4400,3700,01-Sep-22,01-09-2022 00:00
Odisha,Mayurbhanja,Karanjia,Other,Fruits,0.05,15000,17000,16000,01-Sep-22,01-09-2022 00:00
Odisha,Mayurbhanja,Karanjia,Other,Fruits,0.05,16000,18000,17000,01-Sep-22,01-09-2022 00:00
NCT of Delhi,Delhi,Azadpur,Royal Delicious,Fruits,2963.8,6400,12500,8725,01-Sep-22,01-09-2022 00:00
NCT of Delhi,Delhi,Azadpur,Delicious,Fruits,2963.8,1333,5000,3333,01-Sep-22,01-09-2022 00:00
NCT of Delhi,Delhi,Azadpur,Golden,Fruits,2963.8,2500,6000,4000,01-Sep-22,01-09-2022 00:00
NCT of Delhi,Delhi,Azadpur,Kullu Royal Delicious,Fruits,2963.8,1800,9000,4231,01-Sep-22,01-09-2022 00:00
West Bengal,Kolkata,Mechua,Apple,Fruits,123.0,7000,7800,7400,01-Sep-22,01-09-2022 00:00
West Bengal,Kolkata,Mechua,Apple,Fruits,123.5,9000,10000,10000,02-Sep-22,02-09-2022 00:00
Himachal Pradesh,Kullu,Khegsu,Other,Fruits,95.6,4500,6500,5000,02-Sep-22,02-09-2022 00:00
Himachal Pradesh,Kullu,Khegsu,Other,Fruits,95.6,2000,3500,3000,02-Sep-22,02-09-2022 00:00
Himachal Pradesh,Kullu,Kullu,Other,Fruits,2.0,3000,4500,4000,02-Sep-22,02-09-2022 00:00
Himachal Pradesh,Kullu,Kullu(Chauri Bihal),Apple,Fruits,18.5,800,4200,2800,02-Sep-22,02-09-2022 00:00
Himachal Pradesh,Kullu,Kullu(Patli Kuhal),Other,Fruits,407.5,700,4200,2700,02-Sep-22,02-09-2022 00:00
Himachal Pradesh,Mandi,Mandi(Mandi),Apple,Fruits,2.9,2000,7000,6000,02-Sep-22,02-09-2022 00:00
Himachal Pradesh,Mandi,Mandi(Takoli),Other,Fruits,61.6,1000,4000,3000,02-Sep-22,02-09-2022 00:00
Himachal Pradesh,Sirmore,Nahan,Other,Fruits,0.4,3000,8000,6000,02-Sep-22,02-09-2022 00:00
Himachal Pradesh,Kangra,Palampur,Kullu Royal Delicious,Fruits,0.94,2500,7000,4750,02-Sep-22,02-09-2022 00:00
Himachal Pradesh,Sirmore,Paonta Sahib,Kasmir/Shimla - II,Fruits,0.89,2500,9000,5000,02-Sep-22,02-09-2022 00:00
Himachal Pradesh,Shimla,Rohroo,Royal Delicious,Fruits,641.38,1500,7500,5250,02-Sep-22,02-09-2022 00:00
Himachal Pradesh,Una,Santoshgarh,Other,Fruits,0.32,4000,7800,5900,02-Sep-22,02-09-2022 00:00
Himachal Pradesh,Shimla,Shimla,Royal Delicious,Fruits,6.2,1000,9000,6000,02-Sep-22,02-09-2022 00:00
Himachal Pradesh,Shimla,Shimla and Kinnaur(Nerwa),Royal Delicious,Fruits,4.0,1500,5000,2750,02-Sep-22,02-09-2022 00:00
Himachal Pradesh,Una,Una,Other,Fruits,4.9,4000,8000,6000,02-Sep-22,02-09-2022 00:00
Himachal Pradesh,Kangra,Kangra(Jassour),Other,Fruits,0.8,5000,8000,6500,02-Sep-22,02-09-2022 00:00
Himachal Pradesh,Kangra,Kangra(Jaisinghpur),Apple,Fruits,0.08,2500,6500,4500,02-Sep-22,02-09-2022 00:00
Himachal Pradesh,Kangra,Kangra(Baijnath),Apple,Fruits,0.5,3000,8000,7000,02-Sep-22,02-09-2022 00:00
Himachal Pradesh,Kangra,Kangra,Other,Fruits,3.9,3000,6000,4500,02-Sep-22,02-09-2022 00:00
Himachal Pradesh,Hamirpur,Hamirpur,Other,Fruits,1.8,5000,8000,6500,02-Sep-22,02-09-2022 00:00
Himachal Pradesh,Mandi,Dhanotu (Mandi),Royal Delicious,Fruits,1.2,1500,6500,4000,02-Sep-22,02-09-2022 00:00
Himachal Pradesh,Kullu,Bhuntar,Apple,Fruits,122.0,1000,4500,2500,02-Sep-22,02-09-2022 00:00
Himachal Pradesh,Kullu,Bandrol,Delicious,Fruits,437.0,1000,5000,3600,02-Sep-22,02-09-2022 00:00
West Bengal,Kolkata,Mechua,Apple,Fruits,123.5,8000,8600,8400,02-Sep-22,02-09-2022 00:00
Odisha,Mayurbhanja,Karanjia,Other,Fruits,0.07,15000,17000,16000,02-Sep-22,02-09-2022 00:00
Odisha,Mayurbhanja,Karanjia,Other,Fruits,0.07,16000,18000,17000,02-Sep-22,02-09-2022 00:00
NCT of Delhi,Delhi,Azadpur,Royal Delicious,Fruits,3360.7,2400,10000,6160,02-Sep-22,02-09-2022 00:00
NCT of Delhi,Delhi,Azadpur,Kullu Royal Delicious,Fruits,3360.7,1600,8000,4087,02-Sep-22,02-09-2022 00:00
NCT of Delhi,Delhi,Azadpur,Golden,Fruits,3360.7,2500,6000,4000,02-Sep-22,02-09-2022 00:00
NCT of Delhi,Delhi,Azadpur,Delicious,Fruits,3360.7,1333,5333,3333,02-Sep-22,02-09-2022 00:00
West Bengal,Kolkata,Mechua,Apple,Fruits,123.5,7000,7600,7400,02-Sep-22,02-09-2022 00:00
West Bengal,Kolkata,Mechua,Apple,Fruits,124.0,9000,10000,9000,03-Sep-22,03-09-2022 00:00
Himachal Pradesh,Kangra,Kangra(Jassour),Other,Fruits,0.8,5000,8000,6500,03-Sep-22,03-09-2022 00:00
Himachal Pradesh,Kullu,Khegsu,Other,Fruits,192.1,4000,6500,5500,03-Sep-22,03-09-2022 00:00
Himachal Pradesh,Kullu,Khegsu,Other,Fruits,192.1,2000,3800,3500,03-Sep-22,03-09-2022 00:00
Himachal Pradesh,Kullu,Kullu,Other,Fruits,0.8,3000,4500,3500,03-Sep-22,03-09-2022 00:00
Himachal Pradesh,Kullu,Kullu,Other,Fruits,0.8,1500,2500,2000,03-Sep-22,03-09-2022 00:00
Himachal Pradesh,Mandi,Mandi(Mandi),Apple,Fruits,2.3,2000,7500,6000,03-Sep-22,03-09-2022 00:00
Himachal Pradesh,Sirmore,Nahan,Other,Fruits,0.32,3000,8000,6000,03-Sep-22,03-09-2022 00:00
Himachal Pradesh,Kangra,Palampur,Kullu Royal Delicious,Fruits,2.4,2500,7000,4750,03-Sep-22,03-09-2022 00:00
Himachal Pradesh,Sirmore,Paonta Sahib,Kasmir/Shimla - II,Fruits,1.2,6000,10000,8000,03-Sep-22,03-09-2022 00:00
Himachal Pradesh,Sirmore,Paonta Sahib,Kasmir/Shimla - II,Fruits,1.2,3000,5000,4000,03-Sep-22,03-09-2022 00:00
Himachal Pradesh,Shimla,Rohroo,Royal Delicious,Fruits,789.0,1500,7500,4000,03-Sep-22,03-09-2022 00:00
Himachal Pradesh,Shimla,Shimla,Royal Delicious,Fruits,4.6,2000,8500,5000,03-Sep-22,03-09-2022 00:00
Himachal Pradesh,Shimla,Shimla and Kinnaur(Nerwa),Royal Delicious,Fruits,4.0,1500,5000,3000,03-Sep-22,03-09-2022 00:00
Himachal Pradesh,Una,Una,Other,Fruits,5.6,3000,8000,5500,03-Sep-22,03-09-2022 00:00
Himachal Pradesh,Kangra,Kangra(Jaisinghpur),Apple,Fruits,0.12,2500,6500,4500,03-Sep-22,03-09-2022 00:00
Himachal Pradesh,Kangra,Kangra,Other,Fruits,3.9,3000,6000,4500,03-Sep-22,03-09-2022 00:00
Himachal Pradesh,Hamirpur,Hamirpur(Nadaun),Other,Fruits,0.95,6000,8000,7000,03-Sep-22,03-09-2022 00:00
Himachal Pradesh,Hamirpur,Hamirpur,Other,Fruits,2.2,6000,8000,7000,03-Sep-22,03-09-2022 00:00
Himachal Pradesh,Mandi,Dhanotu (Mandi),Royal Delicious,Fruits,1.0,2000,6000,4000,03-Sep-22,03-09-2022 00:00
Himachal Pradesh,Bilaspur,Bilaspur,Apple,Fruits,0.3,3000,7000,5000,03-Sep-22,03-09-2022 00:00
Odisha,Mayurbhanja,Karanjia,Other,Fruits,0.07,15000,17000,16000,03-Sep-22,03-09-2022 00:00
West Bengal,Kolkata,Mechua,Apple,Fruits,124.0,8000,8700,8400,03-Sep-22,03-09-2022 00:00
Odisha,Mayurbhanja,Karanjia,Other,Fruits,0.07,16000,18000,17000,03-Sep-22,03-09-2022 00:00
NCT of Delhi,Delhi,Azadpur,Kullu Royal Delicious,Fruits,2914.0,1600,8000,4087,03-Sep-22,03-09-2022 00:00
NCT of Delhi,Delhi,Azadpur,Golden,Fruits,2914.0,2500,6000,4000,03-Sep-22,03-09-2022 00:00
NCT of Delhi,Delhi,Azadpur,Delicious,Fruits,2914.0,1333,5000,3333,03-Sep-22,03-09-2022 00:00
NCT of Delhi,Delhi,Azadpur,Royal Delicious,Fruits,2914.0,7200,11000,8350,03-Sep-22,03-09-2022 00:00
West Bengal,Kolkata,Mechua,Apple,Fruits,124.0,7000,7800,7500,03-Sep-22,03-09-2022 00:00
West Bengal,Kolkata,Mechua,Apple,Fruits,122.5,9000,10500,10000,04-Sep-22,04-09-2022 00:00
West Bengal,Kolkata,Mechua,Apple,Fruits,122.5,8000,8600,8400,04-Sep-22,04-09-2022 00:00
Himachal Pradesh,Kullu,Khegsu,Other,Fruits,135.2,2000,4000,3700,04-Sep-22,04-09-2022 00:00
Himachal Pradesh,Kullu,Kullu,Other,Fruits,1.7,3500,4500,4000,04-Sep-22,04-09-2022 00:00
Himachal Pradesh,Kullu,Kullu,Other,Fruits,1.7,1500,2700,2000,04-Sep-22,04-09-2022 00:00
Himachal Pradesh,Kullu,Kullu(Chauri Bihal),Apple,Fruits,12.3,1000,4500,3000,04-Sep-22,04-09-2022 00:00
Himachal Pradesh,Kullu,Kullu(Patli Kuhal),Other,Fruits,375.0,1000,4400,3700,04-Sep-22,04-09-2022 00:00
Himachal Pradesh,Mandi,Mandi(Takoli),Other,Fruits,54.2,1000,4000,3000,04-Sep-22,04-09-2022 00:00
Himachal Pradesh,Kullu,Khegsu,Other,Fruits,135.2,4500,6800,5000,04-Sep-22,04-09-2022 00:00
Himachal Pradesh,Shimla,Rohroo,Royal Delicious,Fruits,795.18,1500,7500,4000,04-Sep-22,04-09-2022 00:00
Himachal Pradesh,Shimla,Shimla and Kinnaur(Nerwa),Royal Delicious,Fruits,4.0,1500,3500,2250,04-Sep-22,04-09-2022 00:00
Himachal Pradesh,Una,Santoshgarh,Kullu Royal Delicious,Fruits,0.33,4600,8200,6400,04-Sep-22,04-09-2022 00:00
Himachal Pradesh,Kangra,Kangra(Baijnath),Apple,Fruits,0.5,3000,8000,5000,04-Sep-22,04-09-2022 00:00
Himachal Pradesh,Kullu,Bhuntar,Apple,Fruits,70.7,1500,5500,3500,04-Sep-22,04-09-2022 00:00
Himachal Pradesh,Kullu,Bandrol,Delicious,Fruits,489.0,1000,5000,3500,04-Sep-22,04-09-2022 00:00
Odisha,Mayurbhanja,Karanjia,Other,Fruits,0.05,15000,17000,16000,04-Sep-22,04-09-2022 00:00
Odisha,Mayurbhanja,Karanjia,Other,Fruits,0.05,13000,15000,14000,04-Sep-22,04-09-2022 00:00
West Bengal,Kolkata,Mechua,Apple,Fruits,122.5,7000,7700,7400,04-Sep-22,04-09-2022 00:00
West Bengal,Kolkata,Mechua,Apple,Fruits,123.0,9000,10000,10000,05-Sep-22,05-09-2022 00:00
West Bengal,Kolkata,Mechua,Apple,Fruits,123.0,8000,8700,8400,05-Sep-22,05-09-2022 00:00
Himachal Pradesh,Sirmore,Paonta Sahib,Kasmir/Shimla - II,Fruits,1.2,4000,8000,6000,05-Sep-22,05-09-2022 00:00
Himachal Pradesh,Mandi,Mandi(Takoli),Other,Fruits,55.4,1000,4500,3000,05-Sep-22,05-09-2022 00:00
Himachal Pradesh,Mandi,Mandi(Mandi),Apple,Fruits,3.7,2000,7500,6000,05-Sep-22,05-09-2022 00:00
Himachal Pradesh,Kullu,Kullu(Patli Kuhal),Other,Fruits,259.3,1000,4300,3300,05-Sep-22,05-09-2022 00:00
Himachal Pradesh,Kullu,Kullu(Chauri Bihal),Apple,Fruits,5.4,800,4000,3000,05-Sep-22,05-09-2022 00:00
Himachal Pradesh,Kullu,Kullu,Other,Fruits,1.5,1800,2700,2500,05-Sep-22,05-09-2022 00:00
Himachal Pradesh,Shimla,Rohroo,Royal Delicious,Fruits,616.44,1500,7500,4250,05-Sep-22,05-09-2022 00:00
Himachal Pradesh,Kullu,Kullu,Other,Fruits,1.5,3000,4000,3500,05-Sep-22,05-09-2022 00:00
Himachal Pradesh,Kullu,Khegsu,Other,Fruits,137.5,4500,6500,5000,05-Sep-22,05-09-2022 00:00
Himachal Pradesh,Kangra,Kangra(Nagrota Bagwan),American,Fruits,0.5,3000,7500,5250,05-Sep-22,05-09-2022 00:00
Himachal Pradesh,Kangra,Kangra(Jassour),Other,Fruits,0.7,5000,8000,6500,05-Sep-22,05-09-2022 00:00
Himachal Pradesh,Kangra,Kangra(Baijnath),Apple,Fruits,0.45,3000,7000,5000,05-Sep-22,05-09-2022 00:00
Himachal Pradesh,Kangra,Kangra,Other,Fruits,4.6,3000,6000,4500,05-Sep-22,05-09-2022 00:00
Himachal Pradesh,Hamirpur,Hamirpur(Nadaun),Other,Fruits,0.92,5000,9000,7000,05-Sep-22,05-09-2022 00:00
Himachal Pradesh,Kullu,Khegsu,Other,Fruits,137.5,2500,4000,3000,05-Sep-22,05-09-2022 00:00
Himachal Pradesh,Una,Santoshgarh,Kullu Royal Delicious,Fruits,0.3,4000,8000,6000,05-Sep-22,05-09-2022 00:00
Himachal Pradesh,Shimla,Shimla,Royal Delicious,Fruits,0.5,1000,5000,3000,05-Sep-22,05-09-2022 00:00
Himachal Pradesh,Shimla,Shimla and Kinnaur(Nerwa),Royal Delicious,Fruits,5.0,1500,3000,2250,05-Sep-22,05-09-2022 00:00
Himachal Pradesh,Una,Una,Other,Fruits,4.6,4000,8500,6250,05-Sep-22,05-09-2022 00:00
Himachal Pradesh,Hamirpur,Hamirpur,Other,Fruits,2.3,5000,8000,6500,05-Sep-22,05-09-2022 00:00
Himachal Pradesh,Mandi,Dhanotu (Mandi),Royal Delicious,Fruits,1.5,1500,7000,4250,05-Sep-22,05-09-2022 00:00
Himachal Pradesh,Kullu,Bandrol,Delicious,Fruits,513.0,1000,4800,3400,05-Sep-22,05-09-2022 00:00
Himachal Pradesh,Bilaspur,Bilaspur,Apple,Fruits,0.3,2000,7000,5000,05-Sep-22,05-09-2022 00:00
Odisha,Mayurbhanja,Karanjia,Other,Fruits,0.06,13000,15000,14000,05-Sep-22,05-09-2022 00:00
Odisha,Mayurbhanja,Karanjia,Other,Fruits,0.06,15000,17000,16000,05-Sep-22,05-09-2022 00:00
NCT of Delhi,Delhi,Azadpur,Royal Delicious,Fruits,1917.4,6400,12000,8475,05-Sep-22,05-09-2022 00:00
NCT of Delhi,Delhi,Azadpur,Golden,Fruits,1917.4,2500,6000,4000,05-Sep-22,05-09-2022 00:00
NCT of Delhi,Delhi,Azadpur,Delicious,Fruits,1917.4,1333,5333,3333,05-Sep-22,05-09-2022 00:00
West Bengal,Kolkata,Mechua,Apple,Fruits,123.0,7000,7800,7400,05-Sep-22,05-09-2022 00:00
West Bengal,Kolkata,Mechua,Apple,Fruits,124.0,9000,10000,9000,06-Sep-22,06-09-2022 00:00
Himachal Pradesh,Kullu,Kullu,Other,Fruits,1.7,1000,2500,2000,06-Sep-22,06-09-2022 00:00
Himachal Pradesh,Kullu,Kullu,Other,Fruits,1.7,3000,4000,3500,06-Sep-22,06-09-2022 00:00
Himachal Pradesh,Kullu,Khegsu,Other,Fruits,96.0,2000,3000,2500,06-Sep-22,06-09-2022 00:00
Himachal Pradesh,Kullu,Khegsu,Other,Fruits,96.0,3500,6000,4000,06-Sep-22,06-09-2022 00:00
Himachal Pradesh,Kangra,Kangra(Nagrota Bagwan),American,Fruits,0.4,3000,7500,5250,06-Sep-22,06-09-2022 00:00
Himachal Pradesh,Kangra,Kangra(Jassour),Other,Fruits,0.8,5000,8000,6500,06-Sep-22,06-09-2022 00:00
Himachal Pradesh,Kullu,Kullu(Chauri Bihal),Apple,Fruits,9.3,1000,5000,3500,06-Sep-22,06-09-2022 00:00
Himachal Pradesh,Kangra,Kangra(Jaisinghpur),Apple,Fruits,0.08,3000,6500,4750,06-Sep-22,06-09-2022 00:00
Himachal Pradesh,Kangra,Kangra,Other,Fruits,2.1,3000,6000,4500,06-Sep-22,06-09-2022 00:00
Himachal Pradesh,Hamirpur,Hamirpur,Other,Fruits,2.0,5000,8000,6500,06-Sep-22,06-09-2022 00:00
Himachal Pradesh,Mandi,Dhanotu (Mandi),Royal Delicious,Fruits,1.0,1500,7000,4250,06-Sep-22,06-09-2022 00:00
Himachal Pradesh,Chamba,Chamba,Royal Delicious,Fruits,0.05,5000,5500,5250,06-Sep-22,06-09-2022 00:00
Himachal Pradesh,Kullu,Bhuntar,Apple,Fruits,99.8,1000,4000,2500,06-Sep-22,06-09-2022 00:00
Himachal Pradesh,Kullu,Bandrol,Delicious,Fruits,385.0,1000,5000,3500,06-Sep-22,06-09-2022 00:00
Himachal Pradesh,Kangra,Kangra(Baijnath),Apple,Fruits,0.5,4000,8000,5000,06-Sep-22,06-09-2022 00:00
Himachal Pradesh,Kullu,Kullu(Patli Kuhal),Other,Fruits,286.9,1000,4300,3300,06-Sep-22,06-09-2022 00:00
Himachal Pradesh,Mandi,Mandi(Mandi),Apple,Fruits,1.5,1500,6000,5000,06-Sep-22,06-09-2022 00:00
Himachal Pradesh,Mandi,Mandi(Takoli),Other,Fruits,57.4,1000,4500,2500,06-Sep-22,06-09-2022 00:00
Himachal Pradesh,Una,Una,Kullu Royal Delicious,Fruits,3.8,4000,7000,5500,06-Sep-22,06-09-2022 00:00
Himachal Pradesh,Shimla,Shimla and Kinnaur(Nerwa),Royal Delicious,Fruits,2.0,1500,2500,1750,06-Sep-22,06-09-2022 00:00
Himachal Pradesh,Shimla,Shimla,Royal Delicious,Fruits,6.0,2500,5000,3250,06-Sep-22,06-09-2022 00:00
Himachal Pradesh,Shimla,Rohroo,Royal Delicious,Fruits,855.08,1500,7500,4750,06-Sep-22,06-09-2022 00:00
Himachal Pradesh,Sirmore,Paonta Sahib,Kasmir/Shimla - II,Fruits,1.45,4000,8000,6000,06-Sep-22,06-09-2022 00:00
Himachal Pradesh,Kangra,Palampur,Kullu Royal Delicious,Fruits,1.2,3000,7000,5000,06-Sep-22,06-09-2022 00:00
Himachal Pradesh,Sirmore,Nahan,Other,Fruits,0.5,4000,8000,6000,06-Sep-22,06-09-2022 00:00
West Bengal,Kolkata,Mechua,Other,Fruits,124.0,7000,8000,7500,06-Sep-22,06-09-2022 00:00
Odisha,Mayurbhanja,Karanjia,Other,Fruits,0.05,13000,15000,14000,06-Sep-22,06-09-2022 00:00
Odisha,Mayurbhanja,Karanjia,Other,Fruits,0.05,15000,17000,16000,06-Sep-22,06-09-2022 00:00
NCT of Delhi,Delhi,Azadpur,Royal Delicious,Fruits,3904.6,6400,12000,8475,06-Sep-22,06-09-2022 00:00
NCT of Delhi,Delhi,Azadpur,Golden,Fruits,3904.6,2500,6000,4000,06-Sep-22,06-09-2022 00:00
NCT of Delhi,Delhi,Azadpur,Delicious,Fruits,3904.6,1333,4667,3000,06-Sep-22,06-09-2022 00:00
West Bengal,Kolkata,Mechua,Other,Fruits,124.0,5000,6000,5600,06-Sep-22,06-09-2022 00:00
West Bengal,Kolkata,Mechua,Apple,Fruits,124.5,9000,10000,9000,07-Sep-22,07-09-2022 00:00
West Bengal,Kolkata,Mechua,Apple,Fruits,124.5,7000,8000,8000,07-Sep-22,07-09-2022 00:00
Himachal Pradesh,Kangra,Kangra(Jassour),Other,Fruits,0.8,5000,8000,6500,07-Sep-22,07-09-2022 00:00
Himachal Pradesh,Kangra,Kangra(Nagrota Bagwan),American,Fruits,0.4,3000,8000,5500,07-Sep-22,07-09-2022 00:00
Himachal Pradesh,Kullu,Khegsu,Other,Fruits,118.0,3000,6000,4000,07-Sep-22,07-09-2022 00:00
Himachal Pradesh,Kullu,Khegsu,Other,Fruits,118.0,2000,2800,2500,07-Sep-22,07-09-2022 00:00
Himachal Pradesh,Kullu,Kullu,Other,Fruits,0.8,3000,4500,4000,07-Sep-22,07-09-2022 00:00
Himachal Pradesh,Kullu,Kullu,Other,Fruits,0.8,1500,2500,2000,07-Sep-22,07-09-2022 00:00
Himachal Pradesh,Kullu,Kullu(Chauri Bihal),Apple,Fruits,13.3,1000,4500,3000,07-Sep-22,07-09-2022 00:00
Himachal Pradesh,Kullu,Kullu(Patli Kuhal),Other,Fruits,380.9,1000,4300,3300,07-Sep-22,07-09-2022 00:00
Himachal Pradesh,Mandi,Mandi(Mandi),Apple,Fruits,4.2,1500,6200,5000,07-Sep-22,07-09-2022 00:00
Himachal Pradesh,Mandi,Mandi(Takoli),Other,Fruits,53.2,1000,4500,2000,07-Sep-22,07-09-2022 00:00
Himachal Pradesh,Kangra,Palampur,Kullu Royal Delicious,Fruits,1.1,3000,7000,5000,07-Sep-22,07-09-2022 00:00
Himachal Pradesh,Sirmore,Paonta Sahib,Kasmir/Shimla - II,Fruits,1.75,4000,8000,6000,07-Sep-22,07-09-2022 00:00
Himachal Pradesh,Shimla,Rohroo,Royal Delicious,Fruits,687.78,1500,7500,4750,07-Sep-22,07-09-2022 00:00
Himachal Pradesh,Shimla,Shimla,Royal Delicious,Fruits,5.0,2500,5000,3250,07-Sep-22,07-09-2022 00:00
Himachal Pradesh,Shimla,Shimla and Kinnaur(Nerwa),Royal Delicious,Fruits,2.0,1750,3000,2250,07-Sep-22,07-09-2022 00:00
Himachal Pradesh,Una,Una,Delicious,Fruits,4.9,4000,7000,5500,07-Sep-22,07-09-2022 00:00
Himachal Pradesh,Kangra,Kangra(Jaisinghpur),Apple,Fruits,0.1,3000,6500,4750,07-Sep-22,07-09-2022 00:00
Himachal Pradesh,Kangra,Kangra(Baijnath),Apple,Fruits,0.5,3500,7500,6000,07-Sep-22,07-09-2022 00:00
Himachal Pradesh,Kangra,Kangra,Other,Fruits,2.4,3000,6000,4500,07-Sep-22,07-09-2022 00:00
Himachal Pradesh,Hamirpur,Hamirpur,Other,Fruits,1.6,5000,8000,6500,07-Sep-22,07-09-2022 00:00
Himachal Pradesh,Mandi,Dhanotu (Mandi),Royal Delicious,Fruits,1.2,1500,7000,4250,07-Sep-22,07-09-2022 00:00
Himachal Pradesh,Mandi,Chail Chowk,Other,Fruits,0.5,1000,1000,1000,07-Sep-22,07-09-2022 00:00
Himachal Pradesh,Bilaspur,Bilaspur,Apple,Fruits,0.3,3000,7000,5000,07-Sep-22,07-09-2022 00:00
Himachal Pradesh,Kullu,Bhuntar,Apple,Fruits,54.0,1000,4500,3000,07-Sep-22,07-09-2022 00:00
Himachal Pradesh,Kullu,Bandrol,Delicious,Fruits,407.0,1100,5100,3600,07-Sep-22,07-09-2022 00:00
NCT of Delhi,Delhi,Azadpur,Royal Delicious,Fruits,3738.9,6400,12000,8475,07-Sep-22,07-09-2022 00:00
NCT of Delhi,Delhi,Azadpur,Kullu Royal Delicious,Fruits,3738.9,1500,7500,4015,07-Sep-22,07-09-2022 00:00
NCT of Delhi,Delhi,Azadpur,Golden,Fruits,3738.9,2500,6000,4000,07-Sep-22,07-09-2022 00:00
NCT of Delhi,Delhi,Azadpur,Delicious,Fruits,3738.9,1333,5333,3222,07-Sep-22,07-09-2022 00:00
West Bengal,Kolkata,Mechua,Apple,Fruits,124.5,5000,6000,6000,07-Sep-22,07-09-2022 00:00
West Bengal,Kolkata,Mechua,Apple,Fruits,124.2,9000,10000,9000,08-Sep-22,08-09-2022 00:00
Himachal Pradesh,Mandi,Mandi(Takoli),Other,Fruits,64.7,1000,4000,3000,08-Sep-22,08-09-2022 00:00
Himachal Pradesh,Mandi,Mandi(Mandi),Apple,Fruits,3.0,2000,7500,6000,08-Sep-22,08-09-2022 00:00
Himachal Pradesh,Kullu,Kullu(Patli Kuhal),Other,Fruits,460.7,700,4300,3700,08-Sep-22,08-09-2022 00:00
Himachal Pradesh,Kullu,Kullu(Chauri Bihal),Apple,Fruits,18.5,1000,4400,3000,08-Sep-22,08-09-2022 00:00
Himachal Pradesh,Kullu,Kullu,Other,Fruits,0.7,1100,2500,1500,08-Sep-22,08-09-2022 00:00
Himachal Pradesh,Kullu,Kullu,Other,Fruits,0.7,3000,4500,3500,08-Sep-22,08-09-2022 00:00
Himachal Pradesh,Sirmore,Nahan,Other,Fruits,0.52,4000,8000,6000,08-Sep-22,08-09-2022 00:00
Himachal Pradesh,Kullu,Khegsu,Other,Fruits,155.0,2000,3000,2500,08-Sep-22,08-09-2022 00:00
Himachal Pradesh,Kangra,Kangra(Nagrota Bagwan),American,Fruits,0.5,3000,7500,5250,08-Sep-22,08-09-2022 00:00
Himachal Pradesh,Kangra,Kangra(Jassour),Other,Fruits,0.2,3000,7000,5000,08-Sep-22,08-09-2022 00:00
Himachal Pradesh,Kangra,Kangra(Jaisinghpur),Apple,Fruits,0.08,3000,6000,4500,08-Sep-22,08-09-2022 00:00
Himachal Pradesh,Kangra,Kangra(Baijnath),Apple,Fruits,0.5,4000,7500,6000,08-Sep-22,08-09-2022 00:00
Himachal Pradesh,Kangra,Kangra,Other,Fruits,1.9,3000,6000,4500,08-Sep-22,08-09-2022 00:00
Himachal Pradesh,Hamirpur,Hamirpur(Nadaun),Other,Fruits,0.8,5000,8000,6500,08-Sep-22,08-09-2022 00:00
Himachal Pradesh,Kullu,Khegsu,Other,Fruits,155.0,3500,5000,4000,08-Sep-22,08-09-2022 00:00
Himachal Pradesh,Hamirpur,Hamirpur,Other,Fruits,1.3,5000,8000,6500,08-Sep-22,08-09-2022 00:00
Himachal Pradesh,Kangra,Palampur,Kullu Royal Delicious,Fruits,1.2,3000,7500,5250,08-Sep-22,08-09-2022 00:00
Himachal Pradesh,Sirmore,Paonta Sahib,Kasmir/Shimla - II,Fruits,1.74,3000,5000,4000,08-Sep-22,08-09-2022 00:00
Himachal Pradesh,Sirmore,Paonta Sahib,Kasmir/Shimla - II,Fruits,1.74,7000,10000,8000,08-Sep-22,08-09-2022 00:00
Himachal Pradesh,Shimla,Shimla and Kinnaur(Nerwa),Royal Delicious,Fruits,2.0,1500,3000,2000,08-Sep-22,08-09-2022 00:00
Himachal Pradesh,Shimla,Shimla,Royal Delicious,Fruits,6.1,1500,7000,4500,08-Sep-22,08-09-2022 00:00
Himachal Pradesh,Shimla,Shimla,Golden,Fruits,6.1,1250,3500,2250,08-Sep-22,08-09-2022 00:00
Himachal Pradesh,Shimla,Rohroo,Royal Delicious,Fruits,664.88,1500,7500,4500,08-Sep-22,08-09-2022 00:00
Himachal Pradesh,Mandi,Dhanotu (Mandi),Royal Delicious,Fruits,1.6,1500,7000,4250,08-Sep-22,08-09-2022 00:00
Himachal Pradesh,Kullu,Bhuntar,Apple,Fruits,96.8,1000,4200,2600,08-Sep-22,08-09-2022 00:00
Himachal Pradesh,Kullu,Bandrol,Delicious,Fruits,432.0,1100,5300,3200,08-Sep-22,08-09-2022 00:00
West Bengal,Kolkata,Mechua,Other,Fruits,124.2,7000,8000,8000,08-Sep-22,08-09-2022 00:00
Odisha,Mayurbhanja,Karanjia,Other,Fruits,0.07,15000,17000,16000,08-Sep-22,08-09-2022 00:00
NCT of Delhi,Delhi,Azadpur,Royal Delicious,Fruits,2995.3,2400,9000,5440,08-Sep-22,08-09-2022 00:00
NCT of Delhi,Delhi,Azadpur,Kullu Royal Delicious,Fruits,2995.3,1300,6500,3621,08-Sep-22,08-09-2022 00:00
NCT of Delhi,Delhi,Azadpur,Golden,Fruits,2995.3,2000,5000,3250,08-Sep-22,08-09-2022 00:00
NCT of Delhi,Delhi,Azadpur,Delicious,Fruits,2995.3,1333,4667,3111,08-Sep-22,08-09-2022 00:00
Odisha,Mayurbhanja,Karanjia,Other,Fruits,0.07,13000,15000,14000,08-Sep-22,08-09-2022 00:00
West Bengal,Kolkata,Mechua,Other,Fruits,124.2,5000,6000,6000,08-Sep-22,08-09-2022 00:00
West Bengal,Kolkata,Mechua,Apple,Fruits,124.0,9000,10000,10000,09-Sep-22,09-09-2022 00:00
West Bengal,Kolkata,Mechua,Apple,Fruits,124.0,7000,8000,8000,09-Sep-22,09-09-2022 00:00
Himachal Pradesh,Hamirpur,Hamirpur,Other,Fruits,2.3,5000,8000,6500,09-Sep-22,09-09-2022 00:00
Himachal Pradesh,Hamirpur,Hamirpur(Nadaun),Other,Fruits,1.6,1800,3200,2600,09-Sep-22,09-09-2022 00:00
Himachal Pradesh,Kangra,Kangra,Other,Fruits,2.2,3000,6000,4500,09-Sep-22,09-09-2022 00:00
Himachal Pradesh,Kangra,Kangra(Baijnath),Apple,Fruits,0.5,5000,7000,6000,09-Sep-22,09-09-2022 00:00
Himachal Pradesh,Kangra,Kangra(Jaisinghpur),Apple,Fruits,0.08,3000,6000,4500,09-Sep-22,09-09-2022 00:00
Himachal Pradesh,Kangra,Kangra(Jassour),Other,Fruits,0.8,3000,7000,5000,09-Sep-22,09-09-2022 00:00
Himachal Pradesh,Kangra,Kangra(Nagrota Bagwan),American,Fruits,0.5,3000,7500,5250,09-Sep-22,09-09-2022 00:00
Himachal Pradesh,Kullu,Kullu,Other,Fruits,1.3,3000,4000,3500,09-Sep-22,09-09-2022 00:00
Himachal Pradesh,Kullu,Kullu(Chauri Bihal),Apple,Fruits,24.0,1000,4000,3000,09-Sep-22,09-09-2022 00:00
Himachal Pradesh,Kullu,Kullu(Patli Kuhal),Other,Fruits,374.3,700,4200,2700,09-Sep-22,09-09-2022 00:00
Himachal Pradesh,Mandi,Mandi(Mandi),Apple,Fruits,1.7,2000,7500,5000,09-Sep-22,09-09-2022 00:00
Himachal Pradesh,Mandi,Mandi(Takoli),Other,Fruits,70.2,1000,4500,3000,09-Sep-22,09-09-2022 00:00
Himachal Pradesh,Sirmore,Nahan,Other,Fruits,0.2,800000,1200000,1000000,09-Sep-22,09-09-2022 00:00
Himachal Pradesh,Kangra,Palampur,Kullu Royal Delicious,Fruits,1.0,3000,7500,5250,09-Sep-22,09-09-2022 00:00
Himachal Pradesh,Sirmore,Paonta Sahib,Kasmir/Shimla - II,Fruits,0.4,1000000,1200000,1100000,09-Sep-22,09-09-2022 00:00
Himachal Pradesh,Shimla,Rohroo,Royal Delicious,Fruits,676.4,1500,8000,4750,09-Sep-22,09-09-2022 00:00
Himachal Pradesh,Shimla,Shimla,Royal Delicious,Fruits,5.6,1500,6500,4250,09-Sep-22,09-09-2022 00:00
Himachal Pradesh,Mandi,Dhanotu (Mandi),Royal Delicious,Fruits,1.2,1500,6000,3500,09-Sep-22,09-09-2022 00:00
Himachal Pradesh,Una,Una,Kullu Royal Delicious,Fruits,4.1,4000,7500,6000,09-Sep-22,09-09-2022 00:00
Himachal Pradesh,Shimla,Shimla and Kinnaur(Nerwa),Royal Delicious,Fruits,3.0,1750,3000,2250,09-Sep-22,09-09-2022 00:00
Himachal Pradesh,Mandi,Chail Chowk,Other,Fruits,5.98,2000,2000,2000,09-Sep-22,09-09-2022 00:00
Himachal Pradesh,Kullu,Bhuntar,Apple,Fruits,101.6,1500,4000,2500,09-Sep-22,09-09-2022 00:00
Himachal Pradesh,Kullu,Bandrol,Delicious,Fruits,418.0,1100,5300,3200,09-Sep-22,09-09-2022 00:00
Himachal Pradesh,Bilaspur,Bilaspur,Apple,Fruits,0.2,2500,6500,4500,09-Sep-22,09-09-2022 00:00
Odisha,Mayurbhanja,Karanjia,Other,Fruits,0.05,13000,15000,14000,09-Sep-22,09-09-2022 00:00
Odisha,Mayurbhanja,Karanjia,Other,Fruits,0.05,15000,17000,16000,09-Sep-22,09-09-2022 00:00
NCT of Delhi,Delhi,Azadpur,Kullu Royal Delicious,Fruits,2841.7,1300,6500,3649,09-Sep-22,09-09-2022 00:00
NCT of Delhi,Delhi,Azadpur,Golden,Fruits,2841.7,2000,5000,3250,09-Sep-22,09-09-2022 00:00
NCT of Delhi,Delhi,Azadpur,Delicious,Fruits,2841.7,1800,9000,4533,09-Sep-22,09-09-2022 00:00
NCT of Delhi,Delhi,Azadpur,Royal Delicious,Fruits,2841.7,2400,10000,5760,09-Sep-22,09-09-2022 00:00
West Bengal,Kolkata,Mechua,Apple,Fruits,124.0,5000,6000,6000,09-Sep-22,09-09-2022 00:00
West Bengal,Kolkata,Mechua,Apple,Fruits,123.0,9000,10000,10000,10-Sep-22,10-09-2022 00:00
Himachal Pradesh,Mandi,Mandi(Mandi),Apple,Fruits,1.3,1500,6000,5000,10-Sep-22,10-09-2022 00:00
Himachal Pradesh,Shimla,Rohroo,Royal Delicious,Fruits,577.9,1500,7500,4250,10-Sep-22,10-09-2022 00:00
Himachal Pradesh,Una,Santoshgarh,Kullu Royal Delicious,Fruits,0.34,4000,7500,5750,10-Sep-22,10-09-2022 00:00
Himachal Pradesh,Shimla,Shimla and Kinnaur(Nerwa),Royal Delicious,Fruits,2.6,1500,3250,2250,10-Sep-22,10-09-2022 00:00
Himachal Pradesh,Una,Una,Kullu Royal Delicious,Fruits,4.8,4000,8000,6000,10-Sep-22,10-09-2022 00:00
Himachal Pradesh,Kullu,Khegsu,Other,Fruits,108.2,1500,2800,2300,10-Sep-22,10-09-2022 00:00
Himachal Pradesh,Kullu,Khegsu,Other,Fruits,108.2,3500,5500,4500,10-Sep-22,10-09-2022 00:00
Himachal Pradesh,Bilaspur,Bilaspur,Apple,Fruits,0.3,2500,7500,4500,10-Sep-22,10-09-2022 00:00
Himachal Pradesh,Mandi,Dhanotu (Mandi),Royal Delicious,Fruits,1.5,1200,6000,3600,10-Sep-22,10-09-2022 00:00
NCT of Delhi,Delhi,Azadpur,Delicious,Fruits,3472.3,1800,9000,4533,10-Sep-22,10-09-2022 00:00
NCT of Delhi,Delhi,Azadpur,Golden,Fruits,3472.3,2000,5000,3250,10-Sep-22,10-09-2022 00:00
NCT of Delhi,Delhi,Azadpur,Kullu Royal Delicious,Fruits,3472.3,1300,6500,3649,10-Sep-22,10-09-2022 00:00
NCT of Delhi,Delhi,Azadpur,Royal Delicious,Fruits,3472.3,2400,10000,5760,10-Sep-22,10-09-2022 00:00
Odisha,Mayurbhanja,Karanjia,Other,Fruits,0.07,15000,17000,16000,10-Sep-22,10-09-2022 00:00
Odisha,Mayurbhanja,Karanjia,Other,Fruits,0.07,13000,15000,14000,10-Sep-22,10-09-2022 00:00
West Bengal,Kolkata,Mechua,Apple,Fruits,123.0,7000,8000,8000,10-Sep-22,10-09-2022 00:00
West Bengal,Kolkata,Mechua,Apple,Fruits,123.0,5000,6000,6000,10-Sep-22,10-09-2022 00:00
West Bengal,Kolkata,Mechua,Apple,Fruits,112.5,9000,10000,10000,11-Sep-22,11-09-2022 00:00
Himachal Pradesh,Kullu,Bandrol,Delicious,Fruits,425.0,1100,5200,3500,11-Sep-22,11-09-2022 00:00
Himachal Pradesh,Kullu,Bhuntar,Apple,Fruits,82.6,1000,4000,2500,11-Sep-22,11-09-2022 00:00
Himachal Pradesh,Kullu,Kullu(Chauri Bihal),Apple,Fruits,25.0,1000,3800,2800,11-Sep-22,11-09-2022 00:00
Himachal Pradesh,Kullu,Kullu(Patli Kuhal),Other,Fruits,434.1,700,3700,2700,11-Sep-22,11-09-2022 00:00
Himachal Pradesh,Mandi,Mandi(Takoli),Other,Fruits,54.7,1000,4500,2500,11-Sep-22,11-09-2022 00:00
Himachal Pradesh,Shimla,Rohroo,Royal Delicious,Fruits,695.0,1500,7500,4000,11-Sep-22,11-09-2022 00:00
West Bengal,Kolkata,Mechua,Apple,Fruits,112.5,7000,8000,8000,11-Sep-22,11-09-2022 00:00
Odisha,Mayurbhanja,Karanjia,Other,Fruits,0.07,15000,17000,16000,11-Sep-22,11-09-2022 00:00
Odisha,Mayurbhanja,Karanjia,Other,Fruits,0.07,13000,15000,14000,11-Sep-22,11-09-2022 00:00
West Bengal,Kolkata,Mechua,Apple,Fruits,112.5,5000,6000,6000,11-Sep-22,11-09-2022 00:00
West Bengal,Kolkata,Mechua,Apple,Fruits,124.8,9000,10000,10000,12-Sep-22,12-09-2022 00:00
West Bengal,Kolkata,Mechua,Apple,Fruits,124.8,7000,8000,7600,12-Sep-22,12-09-2022 00:00
Himachal Pradesh,Shimla,Shimla,Royal Delicious,Fruits,4.8,1500,6000,4000,12-Sep-22,12-09-2022 00:00
Himachal Pradesh,Shimla,Shimla,Golden,Fruits,4.8,1250,4000,2500,12-Sep-22,12-09-2022 00:00
Himachal Pradesh,Una,Santoshgarh,Other,Fruits,0.34,4000,8500,6250,12-Sep-22,12-09-2022 00:00
Himachal Pradesh,Shimla,Rohroo,Royal Delicious,Fruits,549.76,1500,7000,4500,12-Sep-22,12-09-2022 00:00
Himachal Pradesh,Kangra,Palampur,Kullu Royal Delicious,Fruits,2.2,2000,7000,4500,12-Sep-22,12-09-2022 00:00
Himachal Pradesh,Mandi,Mandi(Takoli),Other,Fruits,53.9,1000,4000,2500,12-Sep-22,12-09-2022 00:00
Himachal Pradesh,Shimla,Shimla and Kinnaur(Nerwa),Royal Delicious,Fruits,2.0,1500,3000,2200,12-Sep-22,12-09-2022 00:00
Himachal Pradesh,Mandi,Mandi(Mandi),Apple,Fruits,2.4,2000,6000,5000,12-Sep-22,12-09-2022 00:00
Himachal Pradesh,Kullu,Kullu(Chauri Bihal),Apple,Fruits,21.0,500,3800,2800,12-Sep-22,12-09-2022 00:00
Himachal Pradesh,Kullu,Khegsu,Other,Fruits,184.0,2000,3000,2500,12-Sep-22,12-09-2022 00:00
Himachal Pradesh,Kullu,Khegsu,Other,Fruits,184.0,3500,5000,4500,12-Sep-22,12-09-2022 00:00
Himachal Pradesh,Kangra,Kangra(Nagrota Bagwan),American,Fruits,0.5,3000,7000,5000,12-Sep-22,12-09-2022 00:00
Himachal Pradesh,Kangra,Kangra(Jassour),Other,Fruits,0.8,3000,7000,5000,12-Sep-22,12-09-2022 00:00
Himachal Pradesh,Kangra,Kangra(Jaisinghpur),Apple,Fruits,0.14,2000,6000,4000,12-Sep-22,12-09-2022 00:00
Himachal Pradesh,Kullu,Kullu(Patli Kuhal),Other,Fruits,373.3,700,3700,2700,12-Sep-22,12-09-2022 00:00
Himachal Pradesh,Una,Una,Other,Fruits,5.2,3000,8000,5500,12-Sep-22,12-09-2022 00:00
Himachal Pradesh,Kangra,Kangra(Baijnath),Apple,Fruits,0.6,4000,8000,6000,12-Sep-22,12-09-2022 00:00
Himachal Pradesh,Kangra,Kangra,Other,Fruits,3.3,4000,7000,6500,12-Sep-22,12-09-2022 00:00
Himachal Pradesh,Hamirpur,Hamirpur(Nadaun),Other,Fruits,1.5,4000,8000,6000,12-Sep-22,12-09-2022 00:00
Himachal Pradesh,Hamirpur,Hamirpur,Other,Fruits,2.8,4000,8000,6000,12-Sep-22,12-09-2022 00:00
Himachal Pradesh,Mandi,Dhanotu (Mandi),Royal Delicious,Fruits,1.8,1500,6000,5037,12-Sep-22,12-09-2022 00:00
Himachal Pradesh,Mandi,Chail Chowk,Other,Fruits,4.0,1500,1500,1500,12-Sep-22,12-09-2022 00:00
Himachal Pradesh,Bilaspur,Bilaspur,Apple,Fruits,0.3,4000,7500,5500,12-Sep-22,12-09-2022 00:00
Himachal Pradesh,Kullu,Bhuntar,Apple,Fruits,79.6,1000,3500,2500,12-Sep-22,12-09-2022 00:00
Himachal Pradesh,Kullu,Bandrol,Delicious,Fruits,408.0,900,4500,3200,12-Sep-22,12-09-2022 00:00
Odisha,Mayurbhanja,Karanjia,Other,Fruits,0.07,13000,15000,14000,12-Sep-22,12-09-2022 00:00
Odisha,Mayurbhanja,Karanjia,Other,Fruits,0.07,15000,17000,16000,12-Sep-22,12-09-2022 00:00
NCT of Delhi,Delhi,Azadpur,Royal Delicious,Fruits,1763.5,2400,10000,5760,12-Sep-22,12-09-2022 00:00
NCT of Delhi,Delhi,Azadpur,Kullu Royal Delicious,Fruits,1763.5,1300,6500,3592,12-Sep-22,12-09-2022 00:00
NCT of Delhi,Delhi,Azadpur,Golden,Fruits,1763.5,2000,5000,3250,12-Sep-22,12-09-2022 00:00
NCT of Delhi,Delhi,Azadpur,Delicious,Fruits,1763.5,1333,5333,4533,12-Sep-22,12-09-2022 00:00
West Bengal,Kolkata,Mechua,Apple,Fruits,124.8,5000,6000,5600,12-Sep-22,12-09-2022 00:00
West Bengal,Kolkata,Mechua,Apple,Fruits,124.1,9000,10000,9000,13-Sep-22,13-09-2022 00:00
West Bengal,Kolkata,Mechua,Apple,Fruits,124.1,7000,8000,7500,13-Sep-22,13-09-2022 00:00
Himachal Pradesh,Kangra,Palampur,Kullu Royal Delicious,Fruits,1.2,2000,7000,4500,13-Sep-22,13-09-2022 00:00
Himachal Pradesh,Sirmore,Nahan,Other,Fruits,0.45,4000,8000,5500,13-Sep-22,13-09-2022 00:00
Himachal Pradesh,Mandi,Mandi(Takoli),Other,Fruits,51.0,1000,4000,2500,13-Sep-22,13-09-2022 00:00
Himachal Pradesh,Mandi,Mandi(Mandi),Apple,Fruits,2.0,2000,6000,5000,13-Sep-22,13-09-2022 00:00
Himachal Pradesh,Kullu,Kullu(Patli Kuhal),Other,Fruits,357.2,800,3800,2800,13-Sep-22,13-09-2022 00:00
Himachal Pradesh,Kullu,Kullu(Chauri Bihal),Apple,Fruits,21.0,800,3700,2800,13-Sep-22,13-09-2022 00:00
Himachal Pradesh,Kullu,Kullu,Other,Fruits,0.8,2500,4200,3000,13-Sep-22,13-09-2022 00:00
Himachal Pradesh,Kullu,Khegsu,Other,Fruits,130.2,1500,2500,2000,13-Sep-22,13-09-2022 00:00
Himachal Pradesh,Kullu,Khegsu,Other,Fruits,130.2,3500,5500,4000,13-Sep-22,13-09-2022 00:00
Himachal Pradesh,Kangra,Kangra(Nagrota Bagwan),American,Fruits,0.4,3000,7000,5000,13-Sep-22,13-09-2022 00:00
Himachal Pradesh,Kangra,Kangra(Jassour),Other,Fruits,0.7,3000,7000,5000,13-Sep-22,13-09-2022 00:00
Himachal Pradesh,Kangra,Kangra(Jaisinghpur),Apple,Fruits,0.1,2000,6000,4000,13-Sep-22,13-09-2022 00:00
Himachal Pradesh,Kangra,Kangra(Baijnath),Apple,Fruits,0.6,4000,8000,6000,13-Sep-22,13-09-2022 00:00
Himachal Pradesh,Kangra,Kangra,Other,Fruits,4.2,3000,6000,4500,13-Sep-22,13-09-2022 00:00
Himachal Pradesh,Hamirpur,Hamirpur,Other,Fruits,2.3,4000,8000,6000,13-Sep-22,13-09-2022 00:00
Himachal Pradesh,Sirmore,Paonta Sahib,Kasmir/Shimla - II,Fruits,1.86,7000,9000,8000,13-Sep-22,13-09-2022 00:00
Himachal Pradesh,Sirmore,Paonta Sahib,Kasmir/Shimla - II,Fruits,1.86,4000,6000,5000,13-Sep-22,13-09-2022 00:00
Himachal Pradesh,Shimla,Rohroo,Royal Delicious,Fruits,530.52,1500,6500,2750,13-Sep-22,13-09-2022 00:00
Himachal Pradesh,Shimla,Shimla,Royal Delicious,Fruits,4.0,1500,6000,3500,13-Sep-22,13-09-2022 00:00
Himachal Pradesh,Mandi,Dhanotu (Mandi),Royal Delicious,Fruits,1.5,1500,7000,3800,13-Sep-22,13-09-2022 00:00
Himachal Pradesh,Una,Una,Kullu Royal Delicious,Fruits,4.6,4500,6000,5200,13-Sep-22,13-09-2022 00:00
Himachal Pradesh,Shimla,Shimla and Kinnaur(Nerwa),Royal Delicious,Fruits,2.0,1500,3250,2000,13-Sep-22,13-09-2022 00:00
Himachal Pradesh,Bilaspur,Bilaspur,Apple,Fruits,0.3,2000,6000,5000,13-Sep-22,13-09-2022 00:00
Himachal Pradesh,Kullu,Bhuntar,Apple,Fruits,67.1,1000,3500,2200,13-Sep-22,13-09-2022 00:00
Himachal Pradesh,Kullu,Bandrol,Delicious,Fruits,386.0,1000,4600,3200,13-Sep-22,13-09-2022 00:00
Odisha,Mayurbhanja,Karanjia,Other,Fruits,0.1,13000,15000,14000,13-Sep-22,13-09-2022 00:00
Odisha,Mayurbhanja,Karanjia,Other,Fruits,0.1,15000,17000,16000,13-Sep-22,13-09-2022 00:00
NCT of Delhi,Delhi,Azadpur,Royal Delicious,Fruits,3815.0,2400,10000,5760,13-Sep-22,13-09-2022 00:00
NCT of Delhi,Delhi,Azadpur,Golden,Fruits,3815.0,2000,5000,3250,13-Sep-22,13-09-2022 00:00
NCT of Delhi,Delhi,Azadpur,Kullu Royal Delicious,Fruits,3815.0,1300,6500,3521,13-Sep-22,13-09-2022 00:00
NCT of Delhi,Delhi,Azadpur,Delicious,Fruits,3815.0,1800,9000,4533,13-Sep-22,13-09-2022 00:00
West Bengal,Kolkata,Mechua,Apple,Fruits,124.1,5000,6000,5500,13-Sep-22,13-09-2022 00:00
West Bengal,Kolkata,Mechua,Apple,Fruits,123.5,9000,10000,9000,14-Sep-22,14-09-2022 00:00
West Bengal,Kolkata,Mechua,Apple,Fruits,123.5,7000,8000,8000,14-Sep-22,14-09-2022 00:00
Himachal Pradesh,Sirmore,Paonta Sahib,Kasmir/Shimla - II,Fruits,1.5,4000,8000,6000,14-Sep-22,14-09-2022 00:00
Himachal Pradesh,Kangra,Palampur,Kullu Royal Delicious,Fruits,1.0,3000,7000,5000,14-Sep-22,14-09-2022 00:00
Himachal Pradesh,Sirmore,Nahan,Other,Fruits,0.45,4000,8000,6000,14-Sep-22,14-09-2022 00:00
Himachal Pradesh,Mandi,Mandi(Takoli),Other,Fruits,47.9,1000,4000,2500,14-Sep-22,14-09-2022 00:00
Himachal Pradesh,Mandi,Mandi(Mandi),Apple,Fruits,1.9,2000,7000,5000,14-Sep-22,14-09-2022 00:00
Himachal Pradesh,Kullu,Kullu(Patli Kuhal),Other,Fruits,317.3,800,3800,2800,14-Sep-22,14-09-2022 00:00
Himachal Pradesh,Kullu,Kullu(Chauri Bihal),Apple,Fruits,17.6,800,3800,2800,14-Sep-22,14-09-2022 00:00
Himachal Pradesh,Kullu,Kullu,Other,Fruits,1.2,1500,2500,2000,14-Sep-22,14-09-2022 00:00
Himachal Pradesh,Kullu,Kullu,Other,Fruits,1.2,3000,4200,3200,14-Sep-22,14-09-2022 00:00
Himachal Pradesh,Kullu,Khegsu,Other,Fruits,85.0,2500,3500,3000,14-Sep-22,14-09-2022 00:00
Himachal Pradesh,Kullu,Khegsu,Other,Fruits,85.0,4500,5500,5000,14-Sep-22,14-09-2022 00:00
Himachal Pradesh,Kangra,Kangra(Nagrota Bagwan),American,Fruits,0.4,3000,7000,5000,14-Sep-22,14-09-2022 00:00
Himachal Pradesh,Kangra,Kangra(Jassour),Other,Fruits,0.7,3000,7000,5000,14-Sep-22,14-09-2022 00:00
Himachal Pradesh,Kangra,Kangra(Jaisinghpur),Apple,Fruits,0.08,2500,6000,4250,14-Sep-22,14-09-2022 00:00
Himachal Pradesh,Kangra,Kangra(Baijnath),Apple,Fruits,0.5,4000,7000,6000,14-Sep-22,14-09-2022 00:00
Himachal Pradesh,Shimla,Rohroo,Royal Delicious,Fruits,512.96,1500,6500,4500,14-Sep-22,14-09-2022 00:00
Himachal Pradesh,Kangra,Kangra,Other,Fruits,3.4,3000,6000,4500,14-Sep-22,14-09-2022 00:00
Himachal Pradesh,Una,Santoshgarh,Other,Fruits,0.33,3500,8500,6000,14-Sep-22,14-09-2022 00:00
Himachal Pradesh,Shimla,Shimla and Kinnaur(Nerwa),Royal Delicious,Fruits,1.4,1500,3000,2250,14-Sep-22,14-09-2022 00:00
Himachal Pradesh,Una,Una,Kullu Royal Delicious,Fruits,4.2,3000,6000,4500,14-Sep-22,14-09-2022 00:00
Himachal Pradesh,Shimla,Shimla,Royal Delicious,Fruits,6.4,2000,6500,3750,14-Sep-22,14-09-2022 00:00
Himachal Pradesh,Hamirpur,Hamirpur(Nadaun),Other,Fruits,1.0,4500,8000,6000,14-Sep-22,14-09-2022 00:00
Himachal Pradesh,Hamirpur,Hamirpur,Other,Fruits,2.0,4500,8000,6000,14-Sep-22,14-09-2022 00:00
Himachal Pradesh,Mandi,Dhanotu (Mandi),Royal Delicious,Fruits,1.7,1500,6500,4000,14-Sep-22,14-09-2022 00:00
Himachal Pradesh,Bilaspur,Bilaspur,Apple,Fruits,0.2,2000,6000,5000,14-Sep-22,14-09-2022 00:00
Himachal Pradesh,Kullu,Bhuntar,Apple,Fruits,62.5,800,3500,2000,14-Sep-22,14-09-2022 00:00
Himachal Pradesh,Kullu,Bandrol,Delicious,Fruits,375.0,900,4500,3200,14-Sep-22,14-09-2022 00:00
Odisha,Mayurbhanja,Karanjia,Other,Fruits,0.06,13000,15000,14000,14-Sep-22,14-09-2022 00:00
Odisha,Mayurbhanja,Karanjia,Other,Fruits,0.06,15000,17000,16000,14-Sep-22,14-09-2022 00:00
NCT of Delhi,Delhi,Azadpur,Royal Delicious,Fruits,3521.0,2400,10000,5760,14-Sep-22,14-09-2022 00:00
NCT of Delhi,Delhi,Azadpur,Kullu Royal Delicious,Fruits,3521.0,1300,6500,3535,14-Sep-22,14-09-2022 00:00
NCT of Delhi,Delhi,Azadpur,Delicious,Fruits,3521.0,1333,5667,4733,14-Sep-22,14-09-2022 00:00
NCT of Delhi,Delhi,Azadpur,Golden,Fruits,3521.0,2000,5000,3250,14-Sep-22,14-09-2022 00:00
West Bengal,Kolkata,Mechua,Apple,Fruits,123.5,5000,6500,6000,14-Sep-22,14-09-2022 00:00
West Bengal,Kolkata,Mechua,Apple,Fruits,122.6,9000,10000,9000,15-Sep-22,15-09-2022 00:00
West Bengal,Kolkata,Mechua,Apple,Fruits,122.6,7000,8000,8000,15-Sep-22,15-09-2022 00:00
Himachal Pradesh,Shimla,Shimla and Kinnaur(Nerwa),Royal Delicious,Fruits,1.6,1500,4000,2250,15-Sep-22,15-09-2022 00:00
Himachal Pradesh,Shimla,Shimla,Royal Delicious,Fruits,8.0,1500,5000,2500,15-Sep-22,15-09-2022 00:00
Himachal Pradesh,Una,Santoshgarh,Other,Fruits,0.34,4000,8000,6000,15-Sep-22,15-09-2022 00:00
Himachal Pradesh,Shimla,Rohroo,Royal Delicious,Fruits,468.24,1750,7000,5000,15-Sep-22,15-09-2022 00:00
Himachal Pradesh,Kangra,Palampur,Kullu Royal Delicious,Fruits,1.1,3000,7000,5000,15-Sep-22,15-09-2022 00:00
Himachal Pradesh,Sirmore,Nahan,Other,Fruits,0.45,3000,8000,5000,15-Sep-22,15-09-2022 00:00
Himachal Pradesh,Mandi,Mandi(Takoli),Other,Fruits,37.7,1000,3000,2000,15-Sep-22,15-09-2022 00:00
Himachal Pradesh,Mandi,Mandi(Mandi),Apple,Fruits,1.4,2000,5500,5000,15-Sep-22,15-09-2022 00:00
Himachal Pradesh,Kullu,Kullu(Patli Kuhal),Other,Fruits,276.4,500,3500,2500,15-Sep-22,15-09-2022 00:00
Himachal Pradesh,Kullu,Kullu(Chauri Bihal),Apple,Fruits,18.0,500,3500,2500,15-Sep-22,15-09-2022 00:00
Himachal Pradesh,Kullu,Kullu,Other,Fruits,1.4,1800,2800,2200,15-Sep-22,15-09-2022 00:00
Himachal Pradesh,Kullu,Kullu,Other,Fruits,1.4,3000,4000,3500,15-Sep-22,15-09-2022 00:00
Himachal Pradesh,Kullu,Khegsu,Other,Fruits,68.6,2000,3000,2500,15-Sep-22,15-09-2022 00:00
Himachal Pradesh,Kullu,Khegsu,Other,Fruits,68.6,3500,5000,4000,15-Sep-22,15-09-2022 00:00
Himachal Pradesh,Kangra,Kangra(Nagrota Bagwan),American,Fruits,0.3,3000,7000,5000,15-Sep-22,15-09-2022 00:00
Himachal Pradesh,Una,Una,Other,Fruits,4.0,3000,6000,4500,15-Sep-22,15-09-2022 00:00
Himachal Pradesh,Kangra,Kangra(Jassour),Other,Fruits,0.3,3000,7000,5000,15-Sep-22,15-09-2022 00:00
Himachal Pradesh,Kangra,Kangra(Jaisinghpur),Apple,Fruits,0.1,2500,6000,4250,15-Sep-22,15-09-2022 00:00
Himachal Pradesh,Kangra,Kangra(Baijnath),Apple,Fruits,0.5,4000,7500,7000,15-Sep-22,15-09-2022 00:00
Himachal Pradesh,Kangra,Kangra,Other,Fruits,2.7,3000,6000,4500,15-Sep-22,15-09-2022 00:00
Himachal Pradesh,Hamirpur,Hamirpur(Nadaun),Other,Fruits,1.0,4500,8000,6000,15-Sep-22,15-09-2022 00:00
Himachal Pradesh,Hamirpur,Hamirpur,Other,Fruits,2.0,4500,8000,6000,15-Sep-22,15-09-2022 00:00
Himachal Pradesh,Mandi,Dhanotu (Mandi),Royal Delicious,Fruits,1.4,1500,6000,3750,15-Sep-22,15-09-2022 00:00
Himachal Pradesh,Bilaspur,Bilaspur,Apple,Fruits,0.2,2000,6000,5000,15-Sep-22,15-09-2022 00:00
Himachal Pradesh,Kullu,Bhuntar,Apple,Fruits,34.2,1000,4000,2500,15-Sep-22,15-09-2022 00:00
Himachal Pradesh,Kullu,Bandrol,Delicious,Fruits,357.0,900,4500,3400,15-Sep-22,15-09-2022 00:00
Odisha,Mayurbhanja,Karanjia,Other,Fruits,0.05,13000,15000,14000,15-Sep-22,15-09-2022 00:00
Odisha,Mayurbhanja,Karanjia,Other,Fruits,0.05,15000,17000,16000,15-Sep-22,15-09-2022 00:00
NCT of Delhi,Delhi,Azadpur,Royal Delicious,Fruits,3691.4,5600,12000,7313,15-Sep-22,15-09-2022 00:00
NCT of Delhi,Delhi,Azadpur,Kullu Royal Delicious,Fruits,3691.4,1400,7000,3515,15-Sep-22,15-09-2022 00:00
NCT of Delhi,Delhi,Azadpur,Golden,Fruits,3691.4,2000,4500,3250,15-Sep-22,15-09-2022 00:00
NCT of Delhi,Delhi,Azadpur,Delicious,Fruits,3691.4,1400,7000,3827,15-Sep-22,15-09-2022 00:00
West Bengal,Kolkata,Mechua,Apple,Fruits,122.6,5000,6800,6000,15-Sep-22,15-09-2022 00:00
West Bengal,Kolkata,Mechua,Apple,Fruits,122.8,9000,10000,9000,16-Sep-22,16-09-2022 00:00
Himachal Pradesh,Una,Una,Kullu Royal Delicious,Fruits,5.6,3000,7000,5000,16-Sep-22,16-09-2022 00:00
Himachal Pradesh,Shimla,Shimla and Kinnaur(Nerwa),Royal Delicious,Fruits,1.3,1500,3500,2500,16-Sep-22,16-09-2022 00:00
Himachal Pradesh,Una,Santoshgarh,Other,Fruits,0.34,4000,8500,6250,16-Sep-22,16-09-2022 00:00
Himachal Pradesh,Shimla,Rohroo,Royal Delicious,Fruits,534.86,1500,7000,4750,16-Sep-22,16-09-2022 00:00
Himachal Pradesh,Sirmore,Paonta Sahib,Kasmir/Shimla - II,Fruits,1.2,4000,8000,6000,16-Sep-22,16-09-2022 00:00
Himachal Pradesh,Kangra,Palampur,Kullu Royal Delicious,Fruits,1.12,3000,7000,5250,16-Sep-22,16-09-2022 00:00
Himachal Pradesh,Sirmore,Nahan,Other,Fruits,0.45,4000,8000,5000,16-Sep-22,16-09-2022 00:00
Himachal Pradesh,Mandi,Mandi(Takoli),Other,Fruits,27.6,1000,5000,4000,16-Sep-22,16-09-2022 00:00
Himachal Pradesh,Mandi,Mandi(Mandi),Apple,Fruits,2.0,2000,5500,4500,16-Sep-22,16-09-2022 00:00
Himachal Pradesh,Kullu,Kullu(Patli Kuhal),Other,Fruits,295.4,500,3500,2500,16-Sep-22,16-09-2022 00:00
Himachal Pradesh,Kullu,Kullu(Chauri Bihal),Apple,Fruits,17.5,500,3500,2500,16-Sep-22,16-09-2022 00:00
Himachal Pradesh,Kullu,Kullu,Other,Fruits,1.5,1800,2800,2200,16-Sep-22,16-09-2022 00:00
Himachal Pradesh,Kullu,Kullu,Other,Fruits,1.5,3000,4000,3500,16-Sep-22,16-09-2022 00:00
Himachal Pradesh,Kullu,Khegsu,Other,Fruits,93.1,2500,3000,2800,16-Sep-22,16-09-2022 00:00
Himachal Pradesh,Kullu,Khegsu,Other,Fruits,93.1,3300,5500,4200,16-Sep-22,16-09-2022 00:00
Himachal Pradesh,Kangra,Kangra(Jassour),Other,Fruits,0.8,3000,8000,5000,16-Sep-22,16-09-2022 00:00
Himachal Pradesh,Kangra,Kangra(Jaisinghpur),Apple,Fruits,0.12,2500,6000,4250,16-Sep-22,16-09-2022 00:00
Himachal Pradesh,Kangra,Kangra(Baijnath),Apple,Fruits,0.5,3000,8000,5000,16-Sep-22,16-09-2022 00:00
Himachal Pradesh,Kangra,Kangra,Other,Fruits,2.2,3000,6000,4500,16-Sep-22,16-09-2022 00:00
Himachal Pradesh,Hamirpur,Hamirpur(Nadaun),Other,Fruits,1.0,4500,8000,6000,16-Sep-22,16-09-2022 00:00
Himachal Pradesh,Hamirpur,Hamirpur,Other,Fruits,1.2,4500,8000,6500,16-Sep-22,16-09-2022 00:00
Himachal Pradesh,Mandi,Dhanotu (Mandi),Royal Delicious,Fruits,1.2,1500,7000,4250,16-Sep-22,16-09-2022 00:00
Himachal Pradesh,Kullu,Bhuntar,Apple,Fruits,37.9,1000,4000,2500,16-Sep-22,16-09-2022 00:00
Himachal Pradesh,Kullu,Bandrol,Delicious,Fruits,362.0,1000,4700,3400,16-Sep-22,16-09-2022 00:00
West Bengal,Kolkata,Mechua,Apple,Fruits,122.8,7000,8000,8000,16-Sep-22,16-09-2022 00:00
Odisha,Mayurbhanja,Karanjia,Other,Fruits,0.06,13000,15000,14000,16-Sep-22,16-09-2022 00:00
Odisha,Mayurbhanja,Karanjia,Other,Fruits,0.06,15000,17000,16000,16-Sep-22,16-09-2022 00:00
NCT of Delhi,Delhi,Azadpur,Kullu Royal Delicious,Fruits,3308.4,1400,7000,3515,16-Sep-22,16-09-2022 00:00
NCT of Delhi,Delhi,Azadpur,Golden,Fruits,3308.4,2000,4500,3250,16-Sep-22,16-09-2022 00:00
NCT of Delhi,Delhi,Azadpur,Delicious,Fruits,3308.4,1400,7000,3781,16-Sep-22,16-09-2022 00:00
West Bengal,Kolkata,Mechua,Apple,Fruits,122.8,5000,6900,6000,16-Sep-22,16-09-2022 00:00
West Bengal,Kolkata,Mechua,Apple,Fruits,123.2,9000,10000,9000,17-Sep-22,17-09-2022 00:00
West Bengal,Kolkata,Mechua,Apple,Fruits,123.2,7000,8000,8000,17-Sep-22,17-09-2022 00:00
Himachal Pradesh,Shimla,Shimla and Kinnaur(Nerwa),Royal Delicious,Fruits,2.4,1500,3750,2000,17-Sep-22,17-09-2022 00:00
Himachal Pradesh,Shimla,Shimla,Royal Delicious,Fruits,6.0,1500,5000,2750,17-Sep-22,17-09-2022 00:00
Himachal Pradesh,Shimla,Shimla,Golden,Fruits,6.0,1000,3250,2000,17-Sep-22,17-09-2022 00:00
Himachal Pradesh,Sirmore,Paonta Sahib,Kasmir/Shimla - II,Fruits,1.5,3000,8000,5000,17-Sep-22,17-09-2022 00:00
Himachal Pradesh,Sirmore,Nahan,Other,Fruits,0.74,4000,8000,5000,17-Sep-22,17-09-2022 00:00
Himachal Pradesh,Kullu,Kullu,Other,Fruits,1.1,1500,2700,2000,17-Sep-22,17-09-2022 00:00
Himachal Pradesh,Una,Una,Delicious,Fruits,4.3,4000,7000,5500,17-Sep-22,17-09-2022 00:00
Himachal Pradesh,Kullu,Kullu,Other,Fruits,1.1,3200,4200,3700,17-Sep-22,17-09-2022 00:00
Himachal Pradesh,Kullu,Khegsu,Other,Fruits,118.2,1700,3200,2300,17-Sep-22,17-09-2022 00:00
Himachal Pradesh,Kangra,Kangra(Jassour),Other,Fruits,0.8,3000,8000,5000,17-Sep-22,17-09-2022 00:00
Himachal Pradesh,Kullu,Khegsu,Other,Fruits,118.2,3800,5500,4700,17-Sep-22,17-09-2022 00:00
Himachal Pradesh,Kangra,Kangra(Baijnath),Apple,Fruits,0.4,3000,7500,6000,17-Sep-22,17-09-2022 00:00
Himachal Pradesh,Hamirpur,Hamirpur(Nadaun),Other,Fruits,0.8,4500,8000,6500,17-Sep-22,17-09-2022 00:00
Himachal Pradesh,Hamirpur,Hamirpur,Other,Fruits,2.3,4500,8000,6500,17-Sep-22,17-09-2022 00:00
Himachal Pradesh,Mandi,Dhanotu (Mandi),Royal Delicious,Fruits,1.4,1500,6000,3750,17-Sep-22,17-09-2022 00:00
Odisha,Mayurbhanja,Karanjia,Other,Fruits,0.09,14000,16000,15000,17-Sep-22,17-09-2022 00:00
Odisha,Mayurbhanja,Karanjia,Other,Fruits,0.09,16000,18000,17000,17-Sep-22,17-09-2022 00:00
NCT of Delhi,Delhi,Azadpur,Royal Delicious,Fruits,6542.6,4000,12000,7011,17-Sep-22,17-09-2022 00:00
NCT of Delhi,Delhi,Azadpur,Kullu Royal Delicious,Fruits,6542.6,1300,6500,3515,17-Sep-22,17-09-2022 00:00
NCT of Delhi,Delhi,Azadpur,Golden,Fruits,6542.6,2000,4500,3250,17-Sep-22,17-09-2022 00:00
NCT of Delhi,Delhi,Azadpur,Delicious,Fruits,6542.6,1400,7000,3581,17-Sep-22,17-09-2022 00:00
West Bengal,Kolkata,Mechua,Apple,Fruits,123.2,5000,6800,6000,17-Sep-22,17-09-2022 00:00
West Bengal,Kolkata,Mechua,Apple,Fruits,122.5,9000,10000,9200,18-Sep-22,18-09-2022 00:00
West Bengal,Kolkata,Mechua,Apple,Fruits,122.5,7000,8000,7800,18-Sep-22,18-09-2022 00:00
Himachal Pradesh,Kullu,Khegsu,Other,Fruits,80.0,1800,3000,2000,18-Sep-22,18-09-2022 00:00
Himachal Pradesh,Kullu,Kullu,Other,Fruits,1.0,3000,4200,3500,18-Sep-22,18-09-2022 00:00
Himachal Pradesh,Kullu,Kullu,Other,Fruits,1.0,1500,2500,2000,18-Sep-22,18-09-2022 00:00
Himachal Pradesh,Kullu,Kullu(Chauri Bihal),Apple,Fruits,10.8,500,3500,2500,18-Sep-22,18-09-2022 00:00
Himachal Pradesh,Kullu,Kullu(Patli Kuhal),Other,Fruits,209.9,500,3700,2500,18-Sep-22,18-09-2022 00:00
Himachal Pradesh,Mandi,Mandi(Takoli),Other,Fruits,28.8,1000,4000,2500,18-Sep-22,18-09-2022 00:00
Himachal Pradesh,Kullu,Khegsu,Other,Fruits,80.0,3500,5500,4500,18-Sep-22,18-09-2022 00:00
Himachal Pradesh,Shimla,Rohroo,Royal Delicious,Fruits,375.2,1500,7000,4750,18-Sep-22,18-09-2022 00:00
Himachal Pradesh,Una,Santoshgarh,Kullu Royal Delicious,Fruits,0.35,3400,8200,5800,18-Sep-22,18-09-2022 00:00
Himachal Pradesh,Kullu,Bhuntar,Apple,Fruits,24.5,1000,4000,2500,18-Sep-22,18-09-2022 00:00
Himachal Pradesh,Kullu,Bandrol,Delicious,Fruits,316.0,1000,4300,3200,18-Sep-22,18-09-2022 00:00
Odisha,Mayurbhanja,Karanjia,Other,Fruits,0.07,15000,17000,16000,18-Sep-22,18-09-2022 00:00
Odisha,Mayurbhanja,Karanjia,Other,Fruits,0.07,13000,15000,14000,18-Sep-22,18-09-2022 00:00
West Bengal,Kolkata,Mechua,Apple,Fruits,122.5,5000,6800,6400,18-Sep-22,18-09-2022 00:00
West Bengal,Kolkata,Mechua,Apple,Fruits,125.0,9000,10000,9600,19-Sep-22,19-09-2022 00:00
Himachal Pradesh,Una,Una,Delicious,Fruits,5.4,3000,7000,5000,19-Sep-22,19-09-2022 00:00
Himachal Pradesh,Shimla,Shimla and Kinnaur(Nerwa),Royal Delicious,Fruits,1.5,1500,3250,2250,19-Sep-22,19-09-2022 00:00
Himachal Pradesh,Shimla,Shimla,Royal Delicious,Fruits,12.0,1500,4750,2750,19-Sep-22,19-09-2022 00:00
Himachal Pradesh,Una,Santoshgarh,Other,Fruits,0.34,3500,8000,5750,19-Sep-22,19-09-2022 00:00
Himachal Pradesh,Shimla,Rohroo,Royal Delicious,Fruits,433.8,1500,7500,4750,19-Sep-22,19-09-2022 00:00
Himachal Pradesh,Kangra,Palampur,Kullu Royal Delicious,Fruits,1.8,4000,8000,6000,19-Sep-22,19-09-2022 00:00
Himachal Pradesh,Mandi,Mandi(Takoli),Other,Fruits,21.6,1000,3000,2000,19-Sep-22,19-09-2022 00:00
Himachal Pradesh,Mandi,Mandi(Mandi),Apple,Fruits,2.7,2000,8000,6000,19-Sep-22,19-09-2022 00:00
Himachal Pradesh,Kullu,Kullu(Patli Kuhal),Other,Fruits,184.3,500,3700,2700,19-Sep-22,19-09-2022 00:00
Himachal Pradesh,Kullu,Kullu(Chauri Bihal),Apple,Fruits,13.8,500,3600,2600,19-Sep-22,19-09-2022 00:00
Himachal Pradesh,Kullu,Khegsu,Other,Fruits,82.8,2500,3500,3000,19-Sep-22,19-09-2022 00:00
Himachal Pradesh,Kullu,Khegsu,Other,Fruits,82.8,4000,5000,4500,19-Sep-22,19-09-2022 00:00
Himachal Pradesh,Kangra,Kangra(Nagrota Bagwan),American,Fruits,0.4,3000,6000,4500,19-Sep-22,19-09-2022 00:00
Himachal Pradesh,Kangra,Kangra(Jassour),Other,Fruits,0.8,3000,7000,5000,19-Sep-22,19-09-2022 00:00
Himachal Pradesh,Kangra,Kangra(Jaisinghpur),Apple,Fruits,0.1,3500,8000,5750,19-Sep-22,19-09-2022 00:00
Himachal Pradesh,Kangra,Kangra(Baijnath),Apple,Fruits,0.4,3000,8000,6000,19-Sep-22,19-09-2022 00:00
Himachal Pradesh,Kangra,Kangra,Other,Fruits,3.3,3000,5000,4000,19-Sep-22,19-09-2022 00:00
Himachal Pradesh,Hamirpur,Hamirpur,Other,Fruits,2.3,4000,8000,6000,19-Sep-22,19-09-2022 00:00
Himachal Pradesh,Hamirpur,Hamirpur(Nadaun),Other,Fruits,1.6,4000,8000,6000,19-Sep-22,19-09-2022 00:00
Himachal Pradesh,Mandi,Dhanotu (Mandi),Royal Delicious,Fruits,1.6,1500,5500,3500,19-Sep-22,19-09-2022 00:00
Himachal Pradesh,Chamba,Chamba,Royal Delicious,Fruits,0.4,5000,5500,5250,19-Sep-22,19-09-2022 00:00
Himachal Pradesh,Bilaspur,Bilaspur,Apple,Fruits,0.3,3000,6000,5000,19-Sep-22,19-09-2022 00:00
Himachal Pradesh,Kullu,Bhuntar,Apple,Fruits,21.0,1000,3500,2000,19-Sep-22,19-09-2022 00:00
Himachal Pradesh,Kullu,Bandrol,Delicious,Fruits,288.0,900,4500,3300,19-Sep-22,19-09-2022 00:00
West Bengal,Kolkata,Mechua,Apple,Fruits,125.0,8000,8500,8000,19-Sep-22,19-09-2022 00:00
Odisha,Mayurbhanja,Karanjia,Other,Fruits,0.07,15000,17000,16000,19-Sep-22,19-09-2022 00:00
Odisha,Mayurbhanja,Karanjia,Other,Fruits,0.07,13000,15000,14000,19-Sep-22,19-09-2022 00:00
NCT of Delhi,Delhi,Azadpur,Royal Delicious,Fruits,2676.3,2000,9500,5900,19-Sep-22,19-09-2022 00:00
NCT of Delhi,Delhi,Azadpur,Kullu Royal Delicious,Fruits,2676.3,1300,6500,3515,19-Sep-22,19-09-2022 00:00
NCT of Delhi,Delhi,Azadpur,Golden,Fruits,2676.3,2000,5000,3250,19-Sep-22,19-09-2022 00:00
NCT of Delhi,Delhi,Azadpur,Delicious,Fruits,2676.3,1400,7000,3381,19-Sep-22,19-09-2022 00:00
West Bengal,Kolkata,Mechua,Apple,Fruits,125.0,7000,7400,7000,19-Sep-22,19-09-2022 00:00
West Bengal,Kolkata,Mechua,Apple,Fruits,125.4,9000,10000,9000,20-Sep-22,20-09-2022 00:00
West Bengal,Kolkata,Mechua,Apple,Fruits,125.4,8000,8500,8000,20-Sep-22,20-09-2022 00:00
Himachal Pradesh,Sirmore,Nahan,Other,Fruits,1.2,4000,7000,5500,20-Sep-22,20-09-2022 00:00
Himachal Pradesh,Mandi,Mandi(Takoli),Other,Fruits,14.6,1000,2500,2000,20-Sep-22,20-09-2022 00:00
Himachal Pradesh,Mandi,Mandi(Mandi),Apple,Fruits,1.6,1300,6500,6000,20-Sep-22,20-09-2022 00:00
Himachal Pradesh,Kullu,Kullu(Patli Kuhal),Other,Fruits,223.4,500,3800,2800,20-Sep-22,20-09-2022 00:00
Himachal Pradesh,Kullu,Kullu(Chauri Bihal),Apple,Fruits,10.8,500,3500,2500,20-Sep-22,20-09-2022 00:00
Himachal Pradesh,Kullu,Kullu,Other,Fruits,1.0,1500,2300,2000,20-Sep-22,20-09-2022 00:00
Himachal Pradesh,Kangra,Palampur,Kullu Royal Delicious,Fruits,1.0,4000,7000,5500,20-Sep-22,20-09-2022 00:00
Himachal Pradesh,Kullu,Kullu,Other,Fruits,1.0,2500,4300,3500,20-Sep-22,20-09-2022 00:00
Himachal Pradesh,Kullu,Khegsu,Other,Fruits,55.5,4000,5500,4500,20-Sep-22,20-09-2022 00:00
Himachal Pradesh,Kangra,Kangra(Nagrota Bagwan),American,Fruits,0.4,3000,6000,4500,20-Sep-22,20-09-2022 00:00
Himachal Pradesh,Kangra,Kangra(Jassour),Other,Fruits,0.7,3000,7000,5000,20-Sep-22,20-09-2022 00:00
Himachal Pradesh,Kangra,Kangra(Jaisinghpur),Apple,Fruits,0.08,3500,7000,5250,20-Sep-22,20-09-2022 00:00
Himachal Pradesh,Kangra,Kangra(Baijnath),Apple,Fruits,0.5,5000,8000,6000,20-Sep-22,20-09-2022 00:00
Himachal Pradesh,Kangra,Kangra,Other,Fruits,3.3,3000,3500,3250,20-Sep-22,20-09-2022 00:00
Himachal Pradesh,Kullu,Khegsu,Other,Fruits,55.5,2500,3700,3500,20-Sep-22,20-09-2022 00:00
Himachal Pradesh,Sirmore,Paonta Sahib,Kasmir/Shimla - II,Fruits,1.28,4000,6000,5000,20-Sep-22,20-09-2022 00:00
Himachal Pradesh,Shimla,Rohroo,Royal Delicious,Fruits,448.96,1500,7000,4500,20-Sep-22,20-09-2022 00:00
Himachal Pradesh,Una,Santoshgarh,Other,Fruits,0.31,3000,8000,5500,20-Sep-22,20-09-2022 00:00
Himachal Pradesh,Una,Una,Other,Fruits,5.8,3000,6000,4500,20-Sep-22,20-09-2022 00:00
Himachal Pradesh,Shimla,Shimla and Kinnaur(Nerwa),Royal Delicious,Fruits,1.7,1500,3250,2000,20-Sep-22,20-09-2022 00:00
Himachal Pradesh,Shimla,Shimla,Royal Delicious,Fruits,8.0,1500,7000,4500,20-Sep-22,20-09-2022 00:00
Himachal Pradesh,Hamirpur,Hamirpur(Nadaun),Other,Fruits,1.0,4000,8000,6000,20-Sep-22,20-09-2022 00:00
Himachal Pradesh,Hamirpur,Hamirpur,Other,Fruits,1.8,4000,8000,6000,20-Sep-22,20-09-2022 00:00
Himachal Pradesh,Kullu,Bhuntar,Apple,Fruits,24.9,1000,3700,2500,20-Sep-22,20-09-2022 00:00
Himachal Pradesh,Kullu,Bandrol,Delicious,Fruits,288.0,900,4400,3400,20-Sep-22,20-09-2022 00:00
Himachal Pradesh,Bilaspur,Bilaspur,Apple,Fruits,0.2,2500,6500,5000,20-Sep-22,20-09-2022 00:00
NCT of Delhi,Delhi,Azadpur,Royal Delicious,Fruits,3312.6,2000,9500,5900,20-Sep-22,20-09-2022 00:00
NCT of Delhi,Delhi,Azadpur,Kullu Royal Delicious,Fruits,3312.6,1300,6500,3581,20-Sep-22,20-09-2022 00:00
NCT of Delhi,Delhi,Azadpur,Golden,Fruits,3312.6,2000,6000,3750,20-Sep-22,20-09-2022 00:00
NCT of Delhi,Delhi,Azadpur,Delicious,Fruits,3312.6,1400,7000,3314,20-Sep-22,20-09-2022 00:00
West Bengal,Kolkata,Mechua,Apple,Fruits,125.4,7000,7500,7000,20-Sep-22,20-09-2022 00:00
West Bengal,Kolkata,Mechua,Apple,Fruits,125.5,8000,9000,9000,21-Sep-22,21-09-2022 00:00
Himachal Pradesh,Shimla,Rohroo,Royal Delicious,Fruits,471.1,1500,7000,4500,21-Sep-22,21-09-2022 00:00
Himachal Pradesh,Sirmore,Paonta Sahib,Kasmir/Shimla - II,Fruits,1.0,5000,7000,6000,21-Sep-22,21-09-2022 00:00
Himachal Pradesh,Kangra,Palampur,Kullu Royal Delicious,Fruits,1.2,4000,7000,5500,21-Sep-22,21-09-2022 00:00
Himachal Pradesh,Sirmore,Nahan,Other,Fruits,0.5,6000,8000,7000,21-Sep-22,21-09-2022 00:00
Himachal Pradesh,Mandi,Mandi(Takoli),Other,Fruits,20.2,1000,3000,2000,21-Sep-22,21-09-2022 00:00
Himachal Pradesh,Mandi,Mandi(Mandi),Apple,Fruits,2.2,2000,5000,4000,21-Sep-22,21-09-2022 00:00
Himachal Pradesh,Kullu,Kullu(Patli Kuhal),Other,Fruits,151.8,500,3800,2800,21-Sep-22,21-09-2022 00:00
Himachal Pradesh,Kullu,Kullu(Chauri Bihal),Apple,Fruits,6.3,1000,3800,2800,21-Sep-22,21-09-2022 00:00
Himachal Pradesh,Kullu,Kullu,Other,Fruits,0.7,1500,2800,2200,21-Sep-22,21-09-2022 00:00
Himachal Pradesh,Kullu,Kullu,Other,Fruits,0.7,3000,4300,3700,21-Sep-22,21-09-2022 00:00
Himachal Pradesh,Kangra,Kangra(Nagrota Bagwan),American,Fruits,0.5,3000,6000,4500,21-Sep-22,21-09-2022 00:00
Himachal Pradesh,Kangra,Kangra(Jassour),Other,Fruits,0.8,3000,8000,5000,21-Sep-22,21-09-2022 00:00
Himachal Pradesh,Kangra,Kangra(Jaisinghpur),Apple,Fruits,0.12,3500,7000,5250,21-Sep-22,21-09-2022 00:00
Himachal Pradesh,Kangra,Kangra(Baijnath),Apple,Fruits,0.4,5000,7000,6000,21-Sep-22,21-09-2022 00:00
Himachal Pradesh,Kangra,Kangra,Other,Fruits,2.5,3000,6000,4500,21-Sep-22,21-09-2022 00:00
Himachal Pradesh,Una,Santoshgarh,Other,Fruits,0.33,3200,8000,5600,21-Sep-22,21-09-2022 00:00
Himachal Pradesh,Hamirpur,Hamirpur(Nadaun),Other,Fruits,1.2,4000,8000,6000,21-Sep-22,21-09-2022 00:00
Himachal Pradesh,Shimla,Shimla,Golden,Fruits,7.0,1250,3500,2000,21-Sep-22,21-09-2022 00:00
Himachal Pradesh,Shimla,Shimla and Kinnaur(Nerwa),Royal Delicious,Fruits,1.4,1500,3000,2000,21-Sep-22,21-09-2022 00:00
Himachal Pradesh,Una,Una,Kullu Royal Delicious,Fruits,5.1,3000,7000,5000,21-Sep-22,21-09-2022 00:00
Himachal Pradesh,Shimla,Shimla,Royal Delicious,Fruits,7.0,1500,5000,2500,21-Sep-22,21-09-2022 00:00
Himachal Pradesh,Hamirpur,Hamirpur,Other,Fruits,2.0,4000,8000,6000,21-Sep-22,21-09-2022 00:00
Himachal Pradesh,Chamba,Chamba,Royal Delicious,Fruits,2.0,3000,4000,3500,21-Sep-22,21-09-2022 00:00
Himachal Pradesh,Mandi,Dhanotu (Mandi),Royal Delicious,Fruits,1.8,1500,6000,3500,21-Sep-22,21-09-2022 00:00
Himachal Pradesh,Kullu,Bhuntar,Apple,Fruits,25.5,1000,4000,2500,21-Sep-22,21-09-2022 00:00
Himachal Pradesh,Kullu,Bandrol,Delicious,Fruits,276.0,1000,4600,3400,21-Sep-22,21-09-2022 00:00
West Bengal,Kolkata,Mechua,Apple,Fruits,125.5,7000,7400,7000,21-Sep-22,21-09-2022 00:00
NCT of Delhi,Delhi,Azadpur,Royal Delicious,Fruits,3584.0,2000,10000,5900,21-Sep-22,21-09-2022 00:00
NCT of Delhi,Delhi,Azadpur,Golden,Fruits,3584.0,2000,5000,3250,21-Sep-22,21-09-2022 00:00
NCT of Delhi,Delhi,Azadpur,Kullu Royal Delicious,Fruits,3584.0,1300,6500,3372,21-Sep-22,21-09-2022 00:00
NCT of Delhi,Delhi,Azadpur,Delicious,Fruits,3584.0,1400,7000,3314,21-Sep-22,21-09-2022 00:00
West Bengal,Kolkata,Mechua,Apple,Fruits,125.5,5600,6800,6000,21-Sep-22,21-09-2022 00:00
West Bengal,Kolkata,Mechua,Apple,Fruits,134.0,8000,9000,8600,22-Sep-22,22-09-2022 00:00
Himachal Pradesh,Una,Una,Other,Fruits,4.8,3000,7000,5000,22-Sep-22,22-09-2022 00:00
Himachal Pradesh,Shimla,Shimla and Kinnaur(Nerwa),Royal Delicious,Fruits,2.4,1500,4000,2500,22-Sep-22,22-09-2022 00:00
Himachal Pradesh,Kangra,Palampur,Kullu Royal Delicious,Fruits,1.0,4000,7000,5500,22-Sep-22,22-09-2022 00:00
Himachal Pradesh,Mandi,Mandi(Mandi),Apple,Fruits,2.0,2000,6500,5000,22-Sep-22,22-09-2022 00:00
Himachal Pradesh,Kullu,Kullu(Patli Kuhal),Other,Fruits,107.3,800,4000,2800,22-Sep-22,22-09-2022 00:00
Himachal Pradesh,Kullu,Kullu(Chauri Bihal),Apple,Fruits,6.0,900,4000,2900,22-Sep-22,22-09-2022 00:00
Himachal Pradesh,Kullu,Kullu,Other,Fruits,0.7,1500,4300,3200,22-Sep-22,22-09-2022 00:00
Himachal Pradesh,Kangra,Kangra(Jassour),Other,Fruits,0.2,3000,7000,5000,22-Sep-22,22-09-2022 00:00
Himachal Pradesh,Kangra,Kangra(Jaisinghpur),Apple,Fruits,0.08,3500,7000,5250,22-Sep-22,22-09-2022 00:00
Himachal Pradesh,Kangra,Kangra(Baijnath),Apple,Fruits,0.4,4500,7000,6500,22-Sep-22,22-09-2022 00:00
Himachal Pradesh,Kangra,Kangra,Other,Fruits,3.2,3000,6000,4500,22-Sep-22,22-09-2022 00:00
Himachal Pradesh,Hamirpur,Hamirpur(Nadaun),Other,Fruits,1.3,4000,8000,6000,22-Sep-22,22-09-2022 00:00
Himachal Pradesh,Hamirpur,Hamirpur,Other,Fruits,2.2,4000,8000,6000,22-Sep-22,22-09-2022 00:00
Himachal Pradesh,Kangra,Kangra(Nagrota Bagwan),American,Fruits,0.5,3000,6000,4500,22-Sep-22,22-09-2022 00:00
Himachal Pradesh,Mandi,Dhanotu (Mandi),Royal Delicious,Fruits,1.2,1500,6000,3750,22-Sep-22,22-09-2022 00:00
Himachal Pradesh,Bilaspur,Bilaspur,Apple,Fruits,0.3,2000,6500,5000,22-Sep-22,22-09-2022 00:00
Himachal Pradesh,Kullu,Bhuntar,Apple,Fruits,11.0,1000,4200,2600,22-Sep-22,22-09-2022 00:00
Himachal Pradesh,Kullu,Bandrol,Delicious,Fruits,187.0,1100,5400,3600,22-Sep-22,22-09-2022 00:00
West Bengal,Kolkata,Mechua,Apple,Fruits,134.0,7000,7600,7000,22-Sep-22,22-09-2022 00:00
Odisha,Mayurbhanja,Karanjia,Other,Fruits,0.05,13000,15000,14000,22-Sep-22,22-09-2022 00:00
Odisha,Mayurbhanja,Karanjia,Other,Fruits,0.05,15000,17000,16000,22-Sep-22,22-09-2022 00:00
NCT of Delhi,Delhi,Azadpur,Royal Delicious,Fruits,3266.1,2400,9000,5700,22-Sep-22,22-09-2022 00:00
NCT of Delhi,Delhi,Azadpur,Kullu Royal Delicious,Fruits,3266.1,1400,7000,3372,22-Sep-22,22-09-2022 00:00
NCT of Delhi,Delhi,Azadpur,Golden,Fruits,3266.1,2000,5000,3250,22-Sep-22,22-09-2022 00:00
NCT of Delhi,Delhi,Azadpur,Delicious,Fruits,3266.1,1400,7000,3467,22-Sep-22,22-09-2022 00:00
West Bengal,Kolkata,Mechua,Apple,Fruits,134.0,6500,6800,6500,22-Sep-22,22-09-2022 00:00
West Bengal,Kolkata,Mechua,Apple,Fruits,134.6,8000,9000,8000,23-Sep-22,23-09-2022 00:00
West Bengal,Kolkata,Mechua,Apple,Fruits,134.6,7000,7600,7000,23-Sep-22,23-09-2022 00:00
Himachal Pradesh,Kangra,Kangra(Baijnath),Apple,Fruits,0.4,3500,6500,5000,23-Sep-22,23-09-2022 00:00
Himachal Pradesh,Kangra,Kangra(Jaisinghpur),Apple,Fruits,0.1,3500,7000,5250,23-Sep-22,23-09-2022 00:00
Himachal Pradesh,Kangra,Kangra(Jassour),Other,Fruits,0.8,3000,7000,5000,23-Sep-22,23-09-2022 00:00
Himachal Pradesh,Kangra,Kangra(Nagrota Bagwan),American,Fruits,0.4,3000,6000,4500,23-Sep-22,23-09-2022 00:00
Himachal Pradesh,Kullu,Kullu,Other,Fruits,0.5,3000,4000,3500,23-Sep-22,23-09-2022 00:00
Himachal Pradesh,Kullu,Kullu,Other,Fruits,0.5,1500,2500,2000,23-Sep-22,23-09-2022 00:00
Himachal Pradesh,Kullu,Kullu(Chauri Bihal),Apple,Fruits,10.0,1000,4000,3000,23-Sep-22,23-09-2022 00:00
Himachal Pradesh,Kullu,Kullu(Patli Kuhal),Other,Fruits,198.5,800,4000,2800,23-Sep-22,23-09-2022 00:00
Himachal Pradesh,Mandi,Mandi(Mandi),Apple,Fruits,2.1,2000,7000,5000,23-Sep-22,23-09-2022 00:00
Himachal Pradesh,Mandi,Mandi(Takoli),Red Gold,Fruits,21.4,1000,2500,2000,23-Sep-22,23-09-2022 00:00
Himachal Pradesh,Kangra,Palampur,Kullu Royal Delicious,Fruits,0.98,4000,7000,5500,23-Sep-22,23-09-2022 00:00
Himachal Pradesh,Sirmore,Paonta Sahib,Kasmir/Shimla - II,Fruits,1.45,2500,7000,5000,23-Sep-22,23-09-2022 00:00
Himachal Pradesh,Shimla,Rohroo,Royal Delicious,Fruits,263.9,1500,7500,4750,23-Sep-22,23-09-2022 00:00
Himachal Pradesh,Kangra,Kangra,Other,Fruits,3.15,3000,7000,4000,23-Sep-22,23-09-2022 00:00
Himachal Pradesh,Shimla,Shimla,Royal Delicious,Fruits,6.2,1500,5000,3750,23-Sep-22,23-09-2022 00:00
Himachal Pradesh,Solan,Solan,Apple,Fruits,343.26,2000,8800,5000,23-Sep-22,23-09-2022 00:00
Himachal Pradesh,Una,Una,Other,Fruits,4.4,3000,8000,5500,23-Sep-22,23-09-2022 00:00
Himachal Pradesh,Shimla,Shimla and Kinnaur(Nerwa),Royal Delicious,Fruits,2.0,1750,3500,2375,23-Sep-22,23-09-2022 00:00
Himachal Pradesh,Hamirpur,Hamirpur(Nadaun),Other,Fruits,1.3,4000,8000,6000,23-Sep-22,23-09-2022 00:00
Himachal Pradesh,Hamirpur,Hamirpur,Other,Fruits,1.8,4000,8000,6000,23-Sep-22,23-09-2022 00:00
Himachal Pradesh,Mandi,Dhanotu (Mandi),Royal Delicious,Fruits,1.5,1500,7000,4250,23-Sep-22,23-09-2022 00:00
Himachal Pradesh,Kullu,Bandrol,Delicious,Fruits,278.0,1100,5200,3400,23-Sep-22,23-09-2022 00:00
Himachal Pradesh,Kullu,Bhuntar,Apple,Fruits,32.9,1000,4000,2500,23-Sep-22,23-09-2022 00:00
NCT of Delhi,Delhi,Azadpur,Delicious,Fruits,3329.6,1400,7000,3780,23-Sep-22,23-09-2022 00:00
NCT of Delhi,Delhi,Azadpur,Golden,Fruits,3329.6,2000,5000,3250,23-Sep-22,23-09-2022 00:00
NCT of Delhi,Delhi,Azadpur,Kullu Royal Delicious,Fruits,3329.6,1400,7000,3372,23-Sep-22,23-09-2022 00:00
NCT of Delhi,Delhi,Azadpur,Royal Delicious,Fruits,3329.6,2400,9000,4472,23-Sep-22,23-09-2022 00:00
Odisha,Mayurbhanja,Karanjia,Other,Fruits,0.06,15000,17000,16000,23-Sep-22,23-09-2022 00:00
Odisha,Mayurbhanja,Karanjia,Other,Fruits,0.06,13000,15000,14000,23-Sep-22,23-09-2022 00:00
West Bengal,Kolkata,Mechua,Apple,Fruits,134.6,6500,6800,6500,23-Sep-22,23-09-2022 00:00
West Bengal,Kolkata,Mechua,Apple,Fruits,134.8,8000,9000,8000,24-Sep-22,24-09-2022 00:00
West Bengal,Kolkata,Mechua,Apple,Fruits,134.8,7000,7600,7000,24-Sep-22,24-09-2022 00:00
Himachal Pradesh,Una,Una,Other,Fruits,5.8,4000,7000,5500,24-Sep-22,24-09-2022 00:00
Himachal Pradesh,Solan,Solan,Apple,Fruits,304.06,2000,9500,5500,24-Sep-22,24-09-2022 00:00
Himachal Pradesh,Shimla,Shimla and Kinnaur(Nerwa),Royal Delicious,Fruits,1.3,1500,3000,1750,24-Sep-22,24-09-2022 00:00
Himachal Pradesh,Una,Santoshgarh,Other,Fruits,0.29,3000,7000,5000,24-Sep-22,24-09-2022 00:00
Himachal Pradesh,Shimla,Rohroo,Royal Delicious,Fruits,458.56,1500,7500,4750,24-Sep-22,24-09-2022 00:00
Himachal Pradesh,Kangra,Palampur,Kullu Royal Delicious,Fruits,2.0,3500,7000,5250,24-Sep-22,24-09-2022 00:00
Himachal Pradesh,Mandi,Mandi(Mandi),Apple,Fruits,1.7,2000,6500,5000,24-Sep-22,24-09-2022 00:00
Himachal Pradesh,Kullu,Kullu,Other,Fruits,0.4,1500,2500,2000,24-Sep-22,24-09-2022 00:00
Himachal Pradesh,Kullu,Kullu,Other,Fruits,0.4,3000,4200,3500,24-Sep-22,24-09-2022 00:00
Himachal Pradesh,Shimla,Shimla,Royal Delicious,Fruits,3.0,2500,4500,2750,24-Sep-22,24-09-2022 00:00
Himachal Pradesh,Kangra,Kangra(Nagrota Bagwan),American,Fruits,0.5,3000,6000,4500,24-Sep-22,24-09-2022 00:00
Himachal Pradesh,Kangra,Kangra(Jassour),Other,Fruits,0.8,3000,7000,5000,24-Sep-22,24-09-2022 00:00
Himachal Pradesh,Kangra,Kangra(Baijnath),Apple,Fruits,0.4,3000,6500,6000,24-Sep-22,24-09-2022 00:00
Himachal Pradesh,Kangra,Kangra(Jaisinghpur),Apple,Fruits,0.14,3000,6500,4750,24-Sep-22,24-09-2022 00:00
Himachal Pradesh,Kangra,Kangra,Other,Fruits,3.5,3000,7000,4000,24-Sep-22,24-09-2022 00:00
Himachal Pradesh,Hamirpur,Hamirpur(Nadaun),Other,Fruits,1.3,4000,8000,6000,24-Sep-22,24-09-2022 00:00
Himachal Pradesh,Hamirpur,Hamirpur,Other,Fruits,2.0,4000,8000,6000,24-Sep-22,24-09-2022 00:00
Himachal Pradesh,Mandi,Dhanotu (Mandi),Royal Delicious,Fruits,1.7,1500,6000,3750,24-Sep-22,24-09-2022 00:00
Himachal Pradesh,Bilaspur,Bilaspur,Apple,Fruits,0.2,2000,6500,5000,24-Sep-22,24-09-2022 00:00
Odisha,Mayurbhanja,Karanjia,Other,Fruits,0.06,13000,15000,14000,24-Sep-22,24-09-2022 00:00
Odisha,Mayurbhanja,Karanjia,Other,Fruits,0.06,15000,17000,16000,24-Sep-22,24-09-2022 00:00
NCT of Delhi,Delhi,Azadpur,Royal Delicious,Fruits,1770.8,2400,9000,5700,24-Sep-22,24-09-2022 00:00
NCT of Delhi,Delhi,Azadpur,Kullu Royal Delicious,Fruits,1770.8,1400,7000,3405,24-Sep-22,24-09-2022 00:00
NCT of Delhi,Delhi,Azadpur,Golden,Fruits,1770.8,2000,4500,3250,24-Sep-22,24-09-2022 00:00
NCT of Delhi,Delhi,Azadpur,Delicious,Fruits,1770.8,1400,7000,3467,24-Sep-22,24-09-2022 00:00
West Bengal,Kolkata,Mechua,Apple,Fruits,134.8,6000,6800,6000,24-Sep-22,24-09-2022 00:00
West Bengal,Kolkata,Mechua,Apple,Fruits,136.0,8000,9000,8000,25-Sep-22,25-09-2022 00:00
West Bengal,Kolkata,Mechua,Apple,Fruits,136.0,7000,7800,7000,25-Sep-22,25-09-2022 00:00
Himachal Pradesh,Shimla,Shimla and Kinnaur(Nerwa),Royal Delicious,Fruits,0.9,1750,3500,2250,25-Sep-22,25-09-2022 00:00
Himachal Pradesh,Shimla,Rohroo,Royal Delicious,Fruits,295.3,1500,7000,4500,25-Sep-22,25-09-2022 00:00
Himachal Pradesh,Mandi,Mandi(Takoli),Other,Fruits,13.8,1000,2500,2000,25-Sep-22,25-09-2022 00:00
Himachal Pradesh,Kullu,Kullu(Patli Kuhal),Other,Fruits,192.8,800,3800,2800,25-Sep-22,25-09-2022 00:00
Himachal Pradesh,Kullu,Kullu(Chauri Bihal),Apple,Fruits,16.0,600,4000,3000,25-Sep-22,25-09-2022 00:00
Himachal Pradesh,Kullu,Bhuntar,Apple,Fruits,12.6,1000,4000,2500,25-Sep-22,25-09-2022 00:00
Himachal Pradesh,Kullu,Bandrol,Delicious,Fruits,288.0,1000,4700,3400,25-Sep-22,25-09-2022 00:00
Odisha,Mayurbhanja,Karanjia,Other,Fruits,0.06,13000,15000,14000,25-Sep-22,25-09-2022 00:00
Odisha,Mayurbhanja,Karanjia,Other,Fruits,0.06,15000,17000,16000,25-Sep-22,25-09-2022 00:00
West Bengal,Kolkata,Mechua,Apple,Fruits,136.0,6000,6700,6000,25-Sep-22,25-09-2022 00:00
West Bengal,Kolkata,Mechua,Apple,Fruits,134.2,8000,9000,8000,26-Sep-22,26-09-2022 00:00
West Bengal,Kolkata,Mechua,Apple,Fruits,134.2,7000,7600,7000,26-Sep-22,26-09-2022 00:00
Himachal Pradesh,Kangra,Kangra,Other,Fruits,3.5,2000,3000,2500,26-Sep-22,26-09-2022 00:00
Himachal Pradesh,Kangra,Kangra(Baijnath),Apple,Fruits,0.5,4000,7000,6000,26-Sep-22,26-09-2022 00:00
Himachal Pradesh,Kangra,Kangra(Jaisinghpur),Apple,Fruits,0.12,3000,6000,4500,26-Sep-22,26-09-2022 00:00
Himachal Pradesh,Kangra,Kangra(Jassour),Other,Fruits,0.8,3000,8000,5000,26-Sep-22,26-09-2022 00:00
Himachal Pradesh,Kangra,Kangra(Nagrota Bagwan),American,Fruits,0.5,3000,7000,5000,26-Sep-22,26-09-2022 00:00
Himachal Pradesh,Kullu,Khegsu,Other,Fruits,12.1,2500,4500,3700,26-Sep-22,26-09-2022 00:00
Himachal Pradesh,Kullu,Kullu,Other,Fruits,0.5,2500,4000,3000,26-Sep-22,26-09-2022 00:00
Himachal Pradesh,Kullu,Kullu,Other,Fruits,0.5,1500,2000,1800,26-Sep-22,26-09-2022 00:00
Himachal Pradesh,Kullu,Kullu(Chauri Bihal),Apple,Fruits,9.0,700,3900,2700,26-Sep-22,26-09-2022 00:00
Himachal Pradesh,Kullu,Kullu(Patli Kuhal),Other,Fruits,128.2,700,3700,2700,26-Sep-22,26-09-2022 00:00
Himachal Pradesh,Mandi,Mandi(Mandi),Apple,Fruits,2.1,2000,8500,6000,26-Sep-22,26-09-2022 00:00
Himachal Pradesh,Mandi,Mandi(Takoli),Other,Fruits,17.1,1000,2200,1500,26-Sep-22,26-09-2022 00:00
Himachal Pradesh,Kangra,Palampur,Kullu Royal Delicious,Fruits,1.8,3500,6500,5000,26-Sep-22,26-09-2022 00:00
Himachal Pradesh,Sirmore,Paonta Sahib,Kasmir/Shimla - II,Fruits,1.5,6000,7000,6500,26-Sep-22,26-09-2022 00:00
Himachal Pradesh,Sirmore,Paonta Sahib,Kasmir/Shimla - II,Fruits,1.5,4000,6000,5000,26-Sep-22,26-09-2022 00:00
Himachal Pradesh,Shimla,Shimla,Royal Delicious,Fruits,8.2,1500,5000,2750,26-Sep-22,26-09-2022 00:00
Himachal Pradesh,Shimla,Shimla and Kinnaur(Nerwa),Royal Delicious,Fruits,1.4,1750,3500,2250,26-Sep-22,26-09-2022 00:00
Himachal Pradesh,Hamirpur,Hamirpur(Nadaun),Other,Fruits,0.6,4000,8000,6000,26-Sep-22,26-09-2022 00:00
Himachal Pradesh,Una,Una,Other,Fruits,4.1,4000,7500,6000,26-Sep-22,26-09-2022 00:00
Himachal Pradesh,Solan,Solan,Apple,Fruits,260.5,2000,8800,5500,26-Sep-22,26-09-2022 00:00
Himachal Pradesh,Hamirpur,Hamirpur,Other,Fruits,2.2,4000,8000,6000,26-Sep-22,26-09-2022 00:00
Himachal Pradesh,Kullu,Bandrol,Delicious,Fruits,236.0,1000,4800,3500,26-Sep-22,26-09-2022 00:00
Himachal Pradesh,Kullu,Bhuntar,Apple,Fruits,16.8,1000,4000,2500,26-Sep-22,26-09-2022 00:00
Odisha,Mayurbhanja,Karanjia,Other,Fruits,0.07,15000,17000,16000,26-Sep-22,26-09-2022 00:00
NCT of Delhi,Delhi,Azadpur,Royal Delicious,Fruits,1191.7,2400,9000,5700,26-Sep-22,26-09-2022 00:00
NCT of Delhi,Delhi,Azadpur,Kullu Royal Delicious,Fruits,1191.7,1500,7500,3523,26-Sep-22,26-09-2022 00:00
NCT of Delhi,Delhi,Azadpur,Golden,Fruits,1191.7,2000,4500,3250,26-Sep-22,26-09-2022 00:00
NCT of Delhi,Delhi,Azadpur,Delicious,Fruits,1191.7,1600,8000,3667,26-Sep-22,26-09-2022 00:00
Odisha,Mayurbhanja,Karanjia,Other,Fruits,0.07,13000,15000,14000,26-Sep-22,26-09-2022 00:00
West Bengal,Kolkata,Mechua,Apple,Fruits,134.2,6400,6800,6400,26-Sep-22,26-09-2022 00:00
West Bengal,Kolkata,Mechua,Apple,Fruits,134.5,7000,9000,8000,27-Sep-22,27-09-2022 00:00
Himachal Pradesh,Sirmore,Nahan,Other,Fruits,0.52,4000,6000,5000,27-Sep-22,27-09-2022 00:00
Himachal Pradesh,Mandi,Mandi(Takoli),Other,Fruits,15.4,1000,2500,2000,27-Sep-22,27-09-2022 00:00
Himachal Pradesh,Mandi,Mandi(Mandi),Apple,Fruits,1.2,2000,7300,5000,27-Sep-22,27-09-2022 00:00
Himachal Pradesh,Kullu,Kullu(Patli Kuhal),Other,Fruits,166.2,700,4000,3000,27-Sep-22,27-09-2022 00:00
Himachal Pradesh,Kullu,Kullu(Chauri Bihal),Apple,Fruits,12.5,700,4000,2700,27-Sep-22,27-09-2022 00:00
Himachal Pradesh,Kullu,Kullu,Other,Fruits,0.6,1500,2800,2500,27-Sep-22,27-09-2022 00:00
Himachal Pradesh,Kullu,Kullu,Other,Fruits,0.6,3000,4200,3500,27-Sep-22,27-09-2022 00:00
Himachal Pradesh,Kullu,Khegsu,Other,Fruits,30.2,2500,5000,3500,27-Sep-22,27-09-2022 00:00
Himachal Pradesh,Kangra,Kangra(Nagrota Bagwan),American,Fruits,0.4,3000,7000,5000,27-Sep-22,27-09-2022 00:00
Himachal Pradesh,Kangra,Kangra(Jassour),Other,Fruits,0.8,3000,8000,5000,27-Sep-22,27-09-2022 00:00
Himachal Pradesh,Kangra,Kangra(Jaisinghpur),Apple,Fruits,0.08,3500,7000,4800,27-Sep-22,27-09-2022 00:00
Himachal Pradesh,Kangra,Kangra(Baijnath),Apple,Fruits,0.4,4000,8000,6000,27-Sep-22,27-09-2022 00:00
Himachal Pradesh,Kangra,Kangra,Other,Fruits,1.9,3000,7000,4000,27-Sep-22,27-09-2022 00:00
Himachal Pradesh,Hamirpur,Hamirpur(Nadaun),Delicious,Fruits,1.0,4000,8000,6000,27-Sep-22,27-09-2022 00:00
Himachal Pradesh,Hamirpur,Hamirpur,Delicious,Fruits,1.4,4000,8000,6000,27-Sep-22,27-09-2022 00:00
Himachal Pradesh,Kangra,Palampur,Kullu Royal Delicious,Fruits,1.0,4000,7000,5000,27-Sep-22,27-09-2022 00:00
Himachal Pradesh,Mandi,Dhanotu (Mandi),Royal Delicious,Fruits,1.4,1500,7000,4250,27-Sep-22,27-09-2022 00:00
Himachal Pradesh,Sirmore,Paonta Sahib,Kasmir/Shimla - II,Fruits,1.5,5000,7000,6000,27-Sep-22,27-09-2022 00:00
Himachal Pradesh,Solan,Solan,Apple,Fruits,172.24,2000,7500,5000,27-Sep-22,27-09-2022 00:00
Himachal Pradesh,Una,Una,Other,Fruits,4.5,3000,6500,4800,27-Sep-22,27-09-2022 00:00
Himachal Pradesh,Una,Santoshgarh,Other,Fruits,0.34,3000,8000,5500,27-Sep-22,27-09-2022 00:00
Himachal Pradesh,Bilaspur,Bilaspur,Apple,Fruits,0.2,2000,6500,4500,27-Sep-22,27-09-2022 00:00
Himachal Pradesh,Kullu,Bandrol,Delicious,Fruits,174.0,1000,4800,3400,27-Sep-22,27-09-2022 00:00
Himachal Pradesh,Kullu,Bhuntar,Apple,Fruits,21.3,1000,3500,2000,27-Sep-22,27-09-2022 00:00
Odisha,Mayurbhanja,Karanjia,Other,Fruits,0.09,13000,15000,14000,27-Sep-22,27-09-2022 00:00
Odisha,Mayurbhanja,Karanjia,Other,Fruits,0.09,16000,18000,17000,27-Sep-22,27-09-2022 00:00
NCT of Delhi,Delhi,Azadpur,Royal Delicious,Fruits,419.3,2400,9000,5700,27-Sep-22,27-09-2022 00:00
NCT of Delhi,Delhi,Azadpur,Kullu Royal Delicious,Fruits,419.3,1600,8000,3658,27-Sep-22,27-09-2022 00:00
NCT of Delhi,Delhi,Azadpur,Golden,Fruits,419.3,2000,4500,3250,27-Sep-22,27-09-2022 00:00
NCT of Delhi,Delhi,Azadpur,Delicious,Fruits,419.3,1600,8000,3667,27-Sep-22,27-09-2022 00:00
West Bengal,Kolkata,Mechua,Apple,Fruits,134.5,7400,7800,7500,27-Sep-22,27-09-2022 00:00
West Bengal,Kolkata,Mechua,Apple,Fruits,134.5,6000,6800,6500,27-Sep-22,27-09-2022 00:00
West Bengal,Kolkata,Mechua,Apple,Fruits,134.6,7000,9000,8000,28-Sep-22,28-09-2022 00:00
Himachal Pradesh,Sirmore,Paonta Sahib,Kasmir/Shimla - II,Fruits,0.4,600000,800000,700000,28-Sep-22,28-09-2022 00:00
Himachal Pradesh,Kangra,Palampur,Apple,Fruits,2.6,6000,8000,7000,28-Sep-22,28-09-2022 00:00
Himachal Pradesh,Kangra,Palampur,Kullu Royal Delicious,Fruits,2.6,5000,6000,5500,28-Sep-22,28-09-2022 00:00
Himachal Pradesh,Mandi,Mandi(Takoli),Other,Fruits,15.9,1000,2000,1500,28-Sep-22,28-09-2022 00:00
Himachal Pradesh,Mandi,Mandi(Mandi),Apple,Fruits,2.26,2000,8500,6000,28-Sep-22,28-09-2022 00:00
Himachal Pradesh,Kullu,Kullu(Patli Kuhal),Other,Fruits,186.2,700,4000,2700,28-Sep-22,28-09-2022 00:00
Himachal Pradesh,Kullu,Kullu(Chauri Bihal),Apple,Fruits,15.1,800,4000,2800,28-Sep-22,28-09-2022 00:00
Himachal Pradesh,Kullu,Kullu,Other,Fruits,0.4,2500,4500,3500,28-Sep-22,28-09-2022 00:00
Himachal Pradesh,Kangra,Kangra(Nagrota Bagwan),American,Fruits,0.4,3000,6000,4500,28-Sep-22,28-09-2022 00:00
Himachal Pradesh,Kangra,Kangra(Jassour),Other,Fruits,0.8,3000,7000,5000,28-Sep-22,28-09-2022 00:00
Himachal Pradesh,Kangra,Kangra(Jaisinghpur),Apple,Fruits,0.25,4000,8500,6300,28-Sep-22,28-09-2022 00:00
Himachal Pradesh,Kangra,Kangra(Baijnath),Apple,Fruits,0.4,4000,6500,6000,28-Sep-22,28-09-2022 00:00
Himachal Pradesh,Kangra,Kangra,Other,Fruits,2.5,3000,7000,4000,28-Sep-22,28-09-2022 00:00
Himachal Pradesh,Hamirpur,Hamirpur(Nadaun),Delicious,Fruits,1.0,5000,9000,7500,28-Sep-22,28-09-2022 00:00
Himachal Pradesh,Hamirpur,Hamirpur,Delicious,Fruits,1.5,4000,8000,6500,28-Sep-22,28-09-2022 00:00
Himachal Pradesh,Shimla,Rohroo,Royal Delicious,Fruits,300.6,1500,6500,4750,28-Sep-22,28-09-2022 00:00
Himachal Pradesh,Mandi,Dhanotu (Mandi),Royal Delicious,Fruits,1.4,1500,7000,4250,28-Sep-22,28-09-2022 00:00
Himachal Pradesh,Shimla,Shimla,Royal Delicious,Fruits,8.2,2000,5000,3250,28-Sep-22,28-09-2022 00:00
Himachal Pradesh,Solan,Solan,Apple,Fruits,145.04,2000,8500,5000,28-Sep-22,28-09-2022 00:00
Himachal Pradesh,Una,Una,Other,Fruits,4.9,3000,7500,5200,28-Sep-22,28-09-2022 00:00
Himachal Pradesh,Shimla,Shimla and Kinnaur(Nerwa),Royal Delicious,Fruits,1.06,1500,3500,2250,28-Sep-22,28-09-2022 00:00
Himachal Pradesh,Bilaspur,Bilaspur,Apple,Fruits,0.2,2000,6500,5500,28-Sep-22,28-09-2022 00:00
Himachal Pradesh,Kullu,Bandrol,Delicious,Fruits,234.5,1000,4600,3500,28-Sep-22,28-09-2022 00:00
Himachal Pradesh,Kullu,Bhuntar,Apple,Fruits,7.4,1000,4000,2500,28-Sep-22,28-09-2022 00:00
Odisha,Mayurbhanja,Karanjia,Other,Fruits,0.06,13000,15000,14000,28-Sep-22,28-09-2022 00:00
Odisha,Mayurbhanja,Karanjia,Other,Fruits,0.06,15000,17000,16000,28-Sep-22,28-09-2022 00:00
NCT of Delhi,Delhi,Azadpur,Royal Delicious,Fruits,3062.1,2000,9000,5740,28-Sep-22,28-09-2022 00:00
NCT of Delhi,Delhi,Azadpur,Kullu Royal Delicious,Fruits,3062.1,1600,8000,3658,28-Sep-22,28-09-2022 00:00
NCT of Delhi,Delhi,Azadpur,Golden,Fruits,3062.1,2000,4500,3250,28-Sep-22,28-09-2022 00:00
NCT of Delhi,Delhi,Azadpur,Delicious,Fruits,3062.1,1600,8000,3667,28-Sep-22,28-09-2022 00:00
West Bengal,Kolkata,Mechua,Apple,Fruits,134.6,7500,7800,7600,28-Sep-22,28-09-2022 00:00
West Bengal,Kolkata,Mechua,Apple,Fruits,134.6,6000,6800,6600,28-Sep-22,28-09-2022 00:00
West Bengal,Kolkata,Mechua,Apple,Fruits,134.0,7000,9000,8000,29-Sep-22,29-09-2022 00:00
Himachal Pradesh,Mandi,Mandi(Mandi),Apple,Fruits,1.6,1400,7000,5000,29-Sep-22,29-09-2022 00:00
Himachal Pradesh,Kullu,Kullu(Patli Kuhal),Other,Fruits,163.7,1000,4000,3000,29-Sep-22,29-09-2022 00:00
Himachal Pradesh,Kullu,Kullu(Chauri Bihal),Apple,Fruits,18.5,1000,3800,3000,29-Sep-22,29-09-2022 00:00
Himachal Pradesh,Kullu,Kullu,Other,Fruits,0.7,3200,4500,3500,29-Sep-22,29-09-2022 00:00
Himachal Pradesh,Kullu,Kullu,Other,Fruits,0.7,1800,3000,2500,29-Sep-22,29-09-2022 00:00
Himachal Pradesh,Kullu,Khegsu,Other,Fruits,14.3,2500,5000,3500,29-Sep-22,29-09-2022 00:00
Himachal Pradesh,Kangra,Kangra(Nagrota Bagwan),American,Fruits,0.4,3000,7000,5000,29-Sep-22,29-09-2022 00:00
Himachal Pradesh,Mandi,Mandi(Takoli),Other,Fruits,16.0,1000,2000,1500,29-Sep-22,29-09-2022 00:00
Himachal Pradesh,Kangra,Kangra(Jassour),Other,Fruits,0.2,3000,7000,5000,29-Sep-22,29-09-2022 00:00
Himachal Pradesh,Kangra,Kangra(Baijnath),Apple,Fruits,0.4,4000,6500,5000,29-Sep-22,29-09-2022 00:00
Himachal Pradesh,Kangra,Kangra,Other,Fruits,2.8,3000,7000,4000,29-Sep-22,29-09-2022 00:00
Himachal Pradesh,Hamirpur,Hamirpur(Nadaun),Delicious,Fruits,0.23,5000,9000,6500,29-Sep-22,29-09-2022 00:00
Himachal Pradesh,Hamirpur,Hamirpur,Delicious,Fruits,1.5,5000,9000,6500,29-Sep-22,29-09-2022 00:00
Himachal Pradesh,Mandi,Dhanotu (Mandi),Royal Delicious,Fruits,1.2,2000,8000,5000,29-Sep-22,29-09-2022 00:00
Himachal Pradesh,Mandi,Chail Chowk,Other,Fruits,0.97,1000,1200,1000,29-Sep-22,29-09-2022 00:00
Himachal Pradesh,Bilaspur,Bilaspur,Apple,Fruits,0.1,2000,6500,5500,29-Sep-22,29-09-2022 00:00
Himachal Pradesh,Kangra,Kangra(Jaisinghpur),Apple,Fruits,0.09,3500,8500,6000,29-Sep-22,29-09-2022 00:00
Himachal Pradesh,Kullu,Bhuntar,Apple,Fruits,15.1,1000,4000,2500,29-Sep-22,29-09-2022 00:00
Himachal Pradesh,Kangra,Palampur,Kullu Royal Delicious,Fruits,1.6,3000,6000,4500,29-Sep-22,29-09-2022 00:00
Himachal Pradesh,Sirmore,Paonta Sahib,Kasmir/Shimla - II,Fruits,1.5,4000,6000,5000,29-Sep-22,29-09-2022 00:00
Himachal Pradesh,Kangra,Palampur,Apple,Fruits,1.6,6000,8000,7000,29-Sep-22,29-09-2022 00:00
Himachal Pradesh,Una,Una,Other,Fruits,4.1,3000,7000,5000,29-Sep-22,29-09-2022 00:00
Himachal Pradesh,Solan,Solan,Apple,Fruits,253.62,2000,9800,5500,29-Sep-22,29-09-2022 00:00
Himachal Pradesh,Shimla,Shimla and Kinnaur(Nerwa),Royal Delicious,Fruits,1.24,1750,3750,2250,29-Sep-22,29-09-2022 00:00
Himachal Pradesh,Shimla,Shimla,Royal Delicious,Fruits,6.1,2000,5250,3000,29-Sep-22,29-09-2022 00:00
Himachal Pradesh,Shimla,Rohroo,Royal Delicious,Fruits,261.56,1500,6500,4500,29-Sep-22,29-09-2022 00:00
Himachal Pradesh,Kullu,Bandrol,Delicious,Fruits,186.0,1000,5000,3400,29-Sep-22,29-09-2022 00:00
West Bengal,Kolkata,Mechua,Apple,Fruits,134.0,7600,7800,7600,29-Sep-22,29-09-2022 00:00
Odisha,Mayurbhanja,Karanjia,Other,Fruits,0.05,13000,15000,14000,29-Sep-22,29-09-2022 00:00
Odisha,Mayurbhanja,Karanjia,Other,Fruits,0.05,16000,18000,17000,29-Sep-22,29-09-2022 00:00
NCT of Delhi,Delhi,Azadpur,Royal Delicious,Fruits,2882.8,2000,9000,5740,29-Sep-22,29-09-2022 00:00
NCT of Delhi,Delhi,Azadpur,Golden,Fruits,2882.8,2000,4500,3250,29-Sep-22,29-09-2022 00:00
NCT of Delhi,Delhi,Azadpur,Delicious,Fruits,2882.8,1600,8000,3667,29-Sep-22,29-09-2022 00:00
NCT of Delhi,Delhi,Azadpur,Kullu Royal Delicious,Fruits,2882.8,1600,8000,3658,29-Sep-22,29-09-2022 00:00
West Bengal,Kolkata,Mechua,Apple,Fruits,134.0,6000,6800,6500,29-Sep-22,29-09-2022 00:00
West Bengal,Kolkata,Mechua,Apple,Fruits,132.0,7000,9000,8000,30-Sep-22,30-09-2022 00:00
West Bengal,Kolkata,Mechua,Apple,Fruits,132.0,7500,7800,7600,30-Sep-22,30-09-2022 00:00
Himachal Pradesh,Kullu,Kullu(Patli Kuhal),Other,Fruits,230.2,1000,4000,3000,30-Sep-22,30-09-2022 00:00
Himachal Pradesh,Kullu,Kullu(Chauri Bihal),Apple,Fruits,20.0,1000,3800,2800,30-Sep-22,30-09-2022 00:00
Himachal Pradesh,Kullu,Kullu,Other,Fruits,0.4,1000,2000,1500,30-Sep-22,30-09-2022 00:00
Himachal Pradesh,Kullu,Kullu,Other,Fruits,0.4,2500,4500,3500,30-Sep-22,30-09-2022 00:00
Himachal Pradesh,Kullu,Khegsu,Other,Fruits,23.0,2000,2800,2500,30-Sep-22,30-09-2022 00:00
Himachal Pradesh,Kullu,Khegsu,Other,Fruits,23.0,3000,4500,3500,30-Sep-22,30-09-2022 00:00
Himachal Pradesh,Mandi,Mandi(Mandi),Apple,Fruits,1.3,4000,7500,5000,30-Sep-22,30-09-2022 00:00
Himachal Pradesh,Kangra,Kangra(Nagrota Bagwan),American,Fruits,0.5,4000,7000,5500,30-Sep-22,30-09-2022 00:00
Himachal Pradesh,Kangra,Kangra(Jaisinghpur),Apple,Fruits,0.11,3500,8500,6000,30-Sep-22,30-09-2022 00:00
Himachal Pradesh,Kangra,Kangra(Baijnath),Apple,Fruits,0.4,4000,6000,5000,30-Sep-22,30-09-2022 00:00
Himachal Pradesh,Kangra,Kangra,Other,Fruits,2.5,5000,8000,6500,30-Sep-22,30-09-2022 00:00
Himachal Pradesh,Hamirpur,Hamirpur(Nadaun),Delicious,Fruits,1.0,5000,8000,6500,30-Sep-22,30-09-2022 00:00
Himachal Pradesh,Hamirpur,Hamirpur,Delicious,Fruits,1.0,5000,8000,6500,30-Sep-22,30-09-2022 00:00
Himachal Pradesh,Mandi,Dhanotu (Mandi),Royal Delicious,Fruits,0.8,1500,6500,4000,30-Sep-22,30-09-2022 00:00
Himachal Pradesh,Kangra,Kangra(Jassour),Other,Fruits,0.9,3000,7000,5000,30-Sep-22,30-09-2022 00:00
Himachal Pradesh,Mandi,Mandi(Takoli),Other,Fruits,12.8,1000,2500,1800,30-Sep-22,30-09-2022 00:00
Himachal Pradesh,Sirmore,Nahan,Other,Fruits,0.75,5000,6500,6000,30-Sep-22,30-09-2022 00:00
Himachal Pradesh,Kangra,Palampur,Kullu Royal Delicious,Fruits,1.1,3000,7000,5000,30-Sep-22,30-09-2022 00:00
Himachal Pradesh,Una,Una,Other,Fruits,5.4,3000,7000,5000,30-Sep-22,30-09-2022 00:00
Himachal Pradesh,Solan,Solan,Apple,Fruits,295.04,2000,10000,5500,30-Sep-22,30-09-2022 00:00
Himachal Pradesh,Shimla,Shimla and Kinnaur(Nerwa),Royal Delicious,Fruits,0.7,1750,3500,2100,30-Sep-22,30-09-2022 00:00
Himachal Pradesh,Kangra,Palampur,Apple,Fruits,1.1,6000,8000,7000,30-Sep-22,30-09-2022 00:00
Himachal Pradesh,Bilaspur,Bilaspur,Apple,Fruits,0.2,2000,6500,5000,30-Sep-22,30-09-2022 00:00
Himachal Pradesh,Kullu,Bhuntar,Apple,Fruits,10.4,1000,4500,3000,30-Sep-22,30-09-2022 00:00
Himachal Pradesh,Kullu,Bandrol,Delicious,Fruits,204.0,1100,5400,3500,30-Sep-22,30-09-2022 00:00
Odisha,Mayurbhanja,Karanjia,Other,Fruits,0.1,13000,15000,14000,30-Sep-22,30-09-2022 00:00
Odisha,Mayurbhanja,Karanjia,Other,Fruits,0.1,16000,18000,17000,30-Sep-22,30-09-2022 00:00
NCT of Delhi,Delhi,Azadpur,Kullu Royal Delicious,Fruits,2087.2,1600,8000,3873,30-Sep-22,30-09-2022 00:00
NCT of Delhi,Delhi,Azadpur,Golden,Fruits,2087.2,2000,5000,3250,30-Sep-22,30-09-2022 00:00
NCT of Delhi,Delhi,Azadpur,Royal Delicious,Fruits,2087.2,2400,9500,6100,30-Sep-22,30-09-2022 00:00
West Bengal,Kolkata,Mechua,Apple,Fruits,132.0,6000,6600,6500,30-Sep-22,30-09-2022 00:00
West Bengal,Kolkata,Mechua,Apple,Fruits,13.5,7000,9000,8000,01-Oct-22,01-10-2022 00:00
Himachal Pradesh,Bilaspur,Bilaspur,Apple,Fruits,0.2,2000,6500,5000,01-Oct-22,01-10-2022 00:00
Himachal Pradesh,Mandi,Dhanotu (Mandi),Royal Delicious,Fruits,1.0,1500,6500,4000,01-Oct-22,01-10-2022 00:00
Himachal Pradesh,Hamirpur,Hamirpur,Delicious,Fruits,1.2,5000,8000,6500,01-Oct-22,01-10-2022 00:00
Himachal Pradesh,Hamirpur,Hamirpur(Nadaun),Delicious,Fruits,1.2,5000,9000,6500,01-Oct-22,01-10-2022 00:00
Himachal Pradesh,Kangra,Kangra,Other,Fruits,2.9,4000,7000,5500,01-Oct-22,01-10-2022 00:00
Himachal Pradesh,Kangra,Kangra(Jaisinghpur),Apple,Fruits,0.14,3000,6000,4500,01-Oct-22,01-10-2022 00:00
Himachal Pradesh,Kangra,Kangra(Jassour),Other,Fruits,0.8,3000,8000,5000,01-Oct-22,01-10-2022 00:00
Himachal Pradesh,Kangra,Kangra(Nagrota Bagwan),American,Fruits,0.4,4000,7000,5500,01-Oct-22,01-10-2022 00:00
Himachal Pradesh,Kullu,Kullu,Other,Fruits,0.5,2500,4500,3500,01-Oct-22,01-10-2022 00:00
Himachal Pradesh,Mandi,Mandi(Mandi),Apple,Fruits,1.5,2000,9000,5000,01-Oct-22,01-10-2022 00:00
Himachal Pradesh,Sirmore,Nahan,Other,Fruits,0.55,4000,8000,6000,01-Oct-22,01-10-2022 00:00
Himachal Pradesh,Kangra,Palampur,Kullu Royal Delicious,Fruits,2.0,3500,6500,5000,01-Oct-22,01-10-2022 00:00
Himachal Pradesh,Sirmore,Paonta Sahib,Kasmir/Shimla - II,Fruits,1.85,4000,6000,5000,01-Oct-22,01-10-2022 00:00
Himachal Pradesh,Una,Una,Other,Fruits,6.0,3000,6000,4500,01-Oct-22,01-10-2022 00:00
Himachal Pradesh,Una,Santoshgarh,Kullu Royal Delicious,Fruits,0.33,3000,8000,5500,01-Oct-22,01-10-2022 00:00
NCT of Delhi,Delhi,Azadpur,Delicious,Fruits,2161.2,1800,9000,3724,01-Oct-22,01-10-2022 00:00
NCT of Delhi,Delhi,Azadpur,Golden,Fruits,2161.2,2000,5500,3500,01-Oct-22,01-10-2022 00:00
NCT of Delhi,Delhi,Azadpur,Kullu Royal Delicious,Fruits,2161.2,1800,9000,4203,01-Oct-22,01-10-2022 00:00
NCT of Delhi,Delhi,Azadpur,Royal Delicious,Fruits,2161.2,2400,9500,6100,01-Oct-22,01-10-2022 00:00
Odisha,Mayurbhanja,Karanjia,Other,Fruits,0.11,16000,18000,17000,01-Oct-22,01-10-2022 00:00
Odisha,Mayurbhanja,Karanjia,Other,Fruits,0.11,13000,15000,14000,01-Oct-22,01-10-2022 00:00
West Bengal,Kolkata,Mechua,Apple,Fruits,13.5,7600,7800,7600,01-Oct-22,01-10-2022 00:00
West Bengal,Kolkata,Mechua,Apple,Fruits,13.5,6000,6800,6500,01-Oct-22,01-10-2022 00:00
West Bengal,Kolkata,Mechua,Apple,Fruits,13.5,8000,10000,8000,02-Oct-22,02-10-2022 00:00
Himachal Pradesh,Mandi,Mandi(Takoli),Other,Fruits,10.6,1000,2000,1500,02-Oct-22,02-10-2022 00:00
Himachal Pradesh,Kullu,Kullu(Patli Kuhal),Other,Fruits,226.1,700,3800,2700,02-Oct-22,02-10-2022 00:00
Himachal Pradesh,Kullu,Kullu(Chauri Bihal),Apple,Fruits,12.0,800,3800,2800,02-Oct-22,02-10-2022 00:00
Himachal Pradesh,Kullu,Bhuntar,Apple,Fruits,15.3,1000,4000,2500,02-Oct-22,02-10-2022 00:00
Himachal Pradesh,Kullu,Bandrol,Delicious,Fruits,189.0,1100,5500,3300,02-Oct-22,02-10-2022 00:00
West Bengal,Kolkata,Mechua,Apple,Fruits,13.5,7500,7800,7600,02-Oct-22,02-10-2022 00:00
West Bengal,Kolkata,Mechua,Apple,Fruits,13.5,6000,7000,6600,02-Oct-22,02-10-2022 00:00
West Bengal,Kolkata,Mechua,Apple,Fruits,134.0,8000,10000,9000,03-Oct-22,03-10-2022 00:00
West Bengal,Kolkata,Mechua,Apple,Fruits,134.0,7000,7800,7600,03-Oct-22,03-10-2022 00:00
Himachal Pradesh,Una,Una,Other,Fruits,5.1,3000,6000,4500,03-Oct-22,03-10-2022 00:00
Himachal Pradesh,Solan,Solan,Apple,Fruits,233.24,2000,9500,5500,03-Oct-22,03-10-2022 00:00
Himachal Pradesh,Una,Santoshgarh,Other,Fruits,0.35,3000,8500,5750,03-Oct-22,03-10-2022 00:00
Himachal Pradesh,Sirmore,Paonta Sahib,Kasmir/Shimla - II,Fruits,1.25,4000,6000,5000,03-Oct-22,03-10-2022 00:00
Himachal Pradesh,Kangra,Palampur,Apple,Fruits,2.1,6000,8000,7000,03-Oct-22,03-10-2022 00:00
Himachal Pradesh,Mandi,Mandi(Takoli),Other,Fruits,8.6,1000,2000,1500,03-Oct-22,03-10-2022 00:00
Himachal Pradesh,Mandi,Mandi(Mandi),Apple,Fruits,1.8,2000,6500,5000,03-Oct-22,03-10-2022 00:00
Himachal Pradesh,Kullu,Kullu(Patli Kuhal),Other,Fruits,120.6,700,4000,2700,03-Oct-22,03-10-2022 00:00
Himachal Pradesh,Kullu,Kullu(Chauri Bihal),Apple,Fruits,7.0,500,3500,2500,03-Oct-22,03-10-2022 00:00
Himachal Pradesh,Kullu,Kullu,Other,Fruits,0.6,3000,4000,3500,03-Oct-22,03-10-2022 00:00
Himachal Pradesh,Kangra,Kangra(Nagrota Bagwan),American,Fruits,0.4,4000,7000,5500,03-Oct-22,03-10-2022 00:00
Himachal Pradesh,Kangra,Palampur,Kullu Royal Delicious,Fruits,2.1,3500,6500,5000,03-Oct-22,03-10-2022 00:00
Himachal Pradesh,Kangra,Kangra(Jaisinghpur),Apple,Fruits,0.1,3500,7000,5250,03-Oct-22,03-10-2022 00:00
Himachal Pradesh,Kangra,Kangra,Other,Fruits,3.3,3000,7000,4000,03-Oct-22,03-10-2022 00:00
Himachal Pradesh,Hamirpur,Hamirpur,Delicious,Fruits,2.2,6000,8000,7000,03-Oct-22,03-10-2022 00:00
Himachal Pradesh,Mandi,Dhanotu (Mandi),Royal Delicious,Fruits,1.5,1500,6000,3750,03-Oct-22,03-10-2022 00:00
Himachal Pradesh,Bilaspur,Bilaspur,Apple,Fruits,0.2,2000,6500,4500,03-Oct-22,03-10-2022 00:00
Himachal Pradesh,Kullu,Bhuntar,Apple,Fruits,14.8,1000,4500,2500,03-Oct-22,03-10-2022 00:00
Himachal Pradesh,Kullu,Bandrol,Delicious,Fruits,186.0,1100,5500,3300,03-Oct-22,03-10-2022 00:00
Himachal Pradesh,Hamirpur,Hamirpur(Nadaun),Delicious,Fruits,1.0,7000,8500,7750,03-Oct-22,03-10-2022 00:00
NCT of Delhi,Delhi,Azadpur,Royal Delicious,Fruits,2324.4,2400,9500,6060,03-Oct-22,03-10-2022 00:00
NCT of Delhi,Delhi,Azadpur,Kullu Royal Delicious,Fruits,2324.4,1800,9000,4458,03-Oct-22,03-10-2022 00:00
NCT of Delhi,Delhi,Azadpur,Golden,Fruits,2324.4,2000,6500,4500,03-Oct-22,03-10-2022 00:00
NCT of Delhi,Delhi,Azadpur,Delicious,Fruits,2324.4,1800,9000,3724,03-Oct-22,03-10-2022 00:00
West Bengal,Kolkata,Mechua,Apple,Fruits,134.0,6000,6800,6500,03-Oct-22,03-10-2022 00:00
West Bengal,Kolkata,Mechua,Apple,Fruits,134.6,8000,10000,9000,04-Oct-22,04-10-2022 00:00
West Bengal,Kolkata,Mechua,Apple,Fruits,134.6,7000,7800,7600,04-Oct-22,04-10-2022 00:00
Himachal Pradesh,Kullu,Bandrol,Delicious,Fruits,162.0,1000,5000,3400,04-Oct-22,04-10-2022 00:00
Himachal Pradesh,Kullu,Bhuntar,Apple,Fruits,8.9,1000,4500,2500,04-Oct-22,04-10-2022 00:00
Himachal Pradesh,Bilaspur,Bilaspur,Apple,Fruits,0.3,2000,6500,5000,04-Oct-22,04-10-2022 00:00
Himachal Pradesh,Chamba,Chamba,Royal Delicious,Fruits,0.56,3000,5000,4000,04-Oct-22,04-10-2022 00:00
Himachal Pradesh,Mandi,Dhanotu (Mandi),Royal Delicious,Fruits,1.0,1500,6000,3750,04-Oct-22,04-10-2022 00:00
Himachal Pradesh,Hamirpur,Hamirpur,American,Fruits,1.3,6000,8000,6750,04-Oct-22,04-10-2022 00:00
Himachal Pradesh,Hamirpur,Hamirpur(Nadaun),Delicious,Fruits,0.8,6500,8500,7500,04-Oct-22,04-10-2022 00:00
Himachal Pradesh,Kangra,Kangra,Other,Fruits,2.3,3000,7000,5000,04-Oct-22,04-10-2022 00:00
Himachal Pradesh,Kangra,Kangra(Jaisinghpur),Apple,Fruits,0.08,3000,6500,4750,04-Oct-22,04-10-2022 00:00
Himachal Pradesh,Kangra,Kangra(Nagrota Bagwan),American,Fruits,0.3,4000,7000,5500,04-Oct-22,04-10-2022 00:00
Himachal Pradesh,Kullu,Kullu,Other,Fruits,0.6,3200,4000,3500,04-Oct-22,04-10-2022 00:00
Himachal Pradesh,Kullu,Kullu(Chauri Bihal),Apple,Fruits,6.4,1000,4000,3000,04-Oct-22,04-10-2022 00:00
Himachal Pradesh,Kullu,Kullu(Patli Kuhal),Other,Fruits,107.3,800,3800,2800,04-Oct-22,04-10-2022 00:00
Himachal Pradesh,Mandi,Mandi(Mandi),Apple,Fruits,2.0,2000,7000,5000,04-Oct-22,04-10-2022 00:00
Himachal Pradesh,Mandi,Mandi(Takoli),Other,Fruits,7.9,1000,2000,1500,04-Oct-22,04-10-2022 00:00
Himachal Pradesh,Kangra,Palampur,Kullu Royal Delicious,Fruits,1.6,3000,6000,4500,04-Oct-22,04-10-2022 00:00
Himachal Pradesh,Kangra,Palampur,Apple,Fruits,1.6,6000,7000,6500,04-Oct-22,04-10-2022 00:00
Himachal Pradesh,Sirmore,Paonta Sahib,Kasmir/Shimla - II,Fruits,0.7,3500,7000,5000,04-Oct-22,04-10-2022 00:00
Himachal Pradesh,Shimla,Rohroo,Royal Delicious,Fruits,262.86,1500,7000,4750,04-Oct-22,04-10-2022 00:00
Himachal Pradesh,Una,Santoshgarh,Other,Fruits,0.33,2800,8000,5400,04-Oct-22,04-10-2022 00:00
Himachal Pradesh,Shimla,Shimla,Royal Delicious,Fruits,8.0,1750,5000,3250,04-Oct-22,04-10-2022 00:00
Himachal Pradesh,Solan,Solan,Apple,Fruits,237.16,2000,9500,5500,04-Oct-22,04-10-2022 00:00
Himachal Pradesh,Una,Una,Other,Fruits,4.8,3000,7000,5000,04-Oct-22,04-10-2022 00:00
NCT of Delhi,Delhi,Azadpur,Delicious,Fruits,5407.3,1600,8000,3724,04-Oct-22,04-10-2022 00:00
NCT of Delhi,Delhi,Azadpur,Golden,Fruits,5407.3,2000,6500,4500,04-Oct-22,04-10-2022 00:00
NCT of Delhi,Delhi,Azadpur,Kullu Royal Delicious,Fruits,5407.3,1800,9000,4401,04-Oct-22,04-10-2022 00:00
NCT of Delhi,Delhi,Azadpur,Royal Delicious,Fruits,5407.3,2400,9000,5960,04-Oct-22,04-10-2022 00:00
Odisha,Mayurbhanja,Karanjia,Other,Fruits,0.13,16000,18000,17000,04-Oct-22,04-10-2022 00:00
Odisha,Mayurbhanja,Karanjia,Other,Fruits,0.13,13000,15000,14000,04-Oct-22,04-10-2022 00:00
West Bengal,Kolkata,Mechua,Apple,Fruits,134.6,6000,6800,6500,04-Oct-22,04-10-2022 00:00
West Bengal,Kolkata,Mechua,Apple,Fruits,126.0,8000,9800,8600,05-Oct-22,05-10-2022 00:00
Himachal Pradesh,Kullu,Bandrol,Delicious,Fruits,114.0,1000,4800,3400,05-Oct-22,05-10-2022 00:00
Himachal Pradesh,Kullu,Bhuntar,Apple,Fruits,3.8,1000,4000,2500,05-Oct-22,05-10-2022 00:00
Himachal Pradesh,Bilaspur,Bilaspur,Apple,Fruits,0.3,2500,6500,5000,05-Oct-22,05-10-2022 00:00
Himachal Pradesh,Mandi,Dhanotu (Mandi),Royal Delicious,Fruits,81.0,1500,6500,4000,05-Oct-22,05-10-2022 00:00
Himachal Pradesh,Hamirpur,Hamirpur,Other,Fruits,1.2,5000,8500,6500,05-Oct-22,05-10-2022 00:00
Himachal Pradesh,Hamirpur,Hamirpur(Nadaun),Other,Fruits,1.0,5000,8500,6500,05-Oct-22,05-10-2022 00:00
Himachal Pradesh,Kullu,Kullu(Chauri Bihal),Apple,Fruits,7.3,700,3700,2700,05-Oct-22,05-10-2022 00:00
Himachal Pradesh,Kullu,Kullu(Patli Kuhal),Other,Fruits,69.5,700,3700,2700,05-Oct-22,05-10-2022 00:00
Himachal Pradesh,Mandi,Mandi(Takoli),Other,Fruits,4.8,1000,2000,1500,05-Oct-22,05-10-2022 00:00
Himachal Pradesh,Shimla,Rohroo,Royal Delicious,Fruits,279.06,1500,6500,4500,05-Oct-22,05-10-2022 00:00
Himachal Pradesh,Shimla,Shimla,Royal Delicious,Fruits,0.6,2500,4000,3000,05-Oct-22,05-10-2022 00:00
Himachal Pradesh,Una,Una,Other,Fruits,4.7,4000,7000,5500,05-Oct-22,05-10-2022 00:00
Himachal Pradesh,Kangra,Kangra(Nagrota Bagwan),American,Fruits,0.3,4000,7000,5500,05-Oct-22,05-10-2022 00:00
NCT of Delhi,Delhi,Azadpur,Delicious,Fruits,4216.6,1400,7000,3724,05-Oct-22,05-10-2022 00:00
NCT of Delhi,Delhi,Azadpur,Golden,Fruits,4216.6,2000,6500,4500,05-Oct-22,05-10-2022 00:00
NCT of Delhi,Delhi,Azadpur,Kullu Royal Delicious,Fruits,4216.6,1700,8500,4328,05-Oct-22,05-10-2022 00:00
NCT of Delhi,Delhi,Azadpur,Royal Delicious,Fruits,4216.6,2400,9000,5960,05-Oct-22,05-10-2022 00:00
Odisha,Mayurbhanja,Karanjia,Other,Fruits,0.1,16000,18000,17000,05-Oct-22,05-10-2022 00:00
Odisha,Mayurbhanja,Karanjia,Other,Fruits,0.1,13000,15000,14000,05-Oct-22,05-10-2022 00:00
West Bengal,Kolkata,Mechua,Apple,Fruits,126.0,7000,7600,7400,05-Oct-22,05-10-2022 00:00
West Bengal,Kolkata,Mechua,Apple,Fruits,126.0,6000,6500,6200,05-Oct-22,05-10-2022 00:00
West Bengal,Kolkata,Mechua,Apple,Fruits,128.0,8000,10000,8600,06-Oct-22,06-10-2022 00:00
Himachal Pradesh,Solan,Solan,Apple,Fruits,210.98,2000,9000,5500,06-Oct-22,06-10-2022 00:00
Himachal Pradesh,Shimla,Rohroo,Royal Delicious,Fruits,360.44,1500,7500,4000,06-Oct-22,06-10-2022 00:00
Himachal Pradesh,Kangra,Palampur,Apple,Fruits,1.3,6000,7000,6500,06-Oct-22,06-10-2022 00:00
Himachal Pradesh,Kangra,Palampur,Kullu Royal Delicious,Fruits,1.3,3000,6000,4500,06-Oct-22,06-10-2022 00:00
Himachal Pradesh,Mandi,Mandi(Mandi),Apple,Fruits,1.8,2000,7000,5000,06-Oct-22,06-10-2022 00:00
Himachal Pradesh,Kullu,Kullu(Patli Kuhal),Other,Fruits,89.3,800,3800,2800,06-Oct-22,06-10-2022 00:00
Himachal Pradesh,Kullu,Kullu(Chauri Bihal),Apple,Fruits,1.7,1000,3500,2500,06-Oct-22,06-10-2022 00:00
Himachal Pradesh,Kullu,Kullu,Other,Fruits,0.8,3000,4000,3500,06-Oct-22,06-10-2022 00:00
Himachal Pradesh,Kangra,Kangra(Nagrota Bagwan),American,Fruits,0.4,4000,7000,5500,06-Oct-22,06-10-2022 00:00
Himachal Pradesh,Kangra,Kangra(Jaisinghpur),Apple,Fruits,0.06,3000,6500,4750,06-Oct-22,06-10-2022 00:00
Himachal Pradesh,Kangra,Kangra,Other,Fruits,3.9,3000,7000,5000,06-Oct-22,06-10-2022 00:00
Himachal Pradesh,Hamirpur,Hamirpur(Nadaun),Other,Fruits,1.0,5000,8500,6500,06-Oct-22,06-10-2022 00:00
Himachal Pradesh,Hamirpur,Hamirpur,Other,Fruits,1.6,5000,8500,6500,06-Oct-22,06-10-2022 00:00
Himachal Pradesh,Mandi,Dhanotu (Mandi),Royal Delicious,Fruits,0.7,1500,6500,3750,06-Oct-22,06-10-2022 00:00
Himachal Pradesh,Bilaspur,Bilaspur,Apple,Fruits,0.3,2500,6500,4000,06-Oct-22,06-10-2022 00:00
Himachal Pradesh,Una,Una,Other,Fruits,3.7,3000,7500,5200,06-Oct-22,06-10-2022 00:00
Himachal Pradesh,Kullu,Bhuntar,Apple,Fruits,3.4,1000,4000,2000,06-Oct-22,06-10-2022 00:00
Himachal Pradesh,Kullu,Bandrol,Delicious,Fruits,96.0,900,4500,3200,06-Oct-22,06-10-2022 00:00
West Bengal,Kolkata,Mechua,Apple,Fruits,128.0,7000,7600,7500,06-Oct-22,06-10-2022 00:00
Odisha,Mayurbhanja,Karanjia,Other,Fruits,0.07,13000,15000,14000,06-Oct-22,06-10-2022 00:00
Odisha,Mayurbhanja,Karanjia,Other,Fruits,0.07,16000,18000,17000,06-Oct-22,06-10-2022 00:00
NCT of Delhi,Delhi,Azadpur,Royal Delicious,Fruits,3502.0,2000,9000,5920,06-Oct-22,06-10-2022 00:00
NCT of Delhi,Delhi,Azadpur,Kullu Royal Delicious,Fruits,3502.0,1600,8000,4301,06-Oct-22,06-10-2022 00:00
NCT of Delhi,Delhi,Azadpur,Golden,Fruits,3502.0,2000,6500,4500,06-Oct-22,06-10-2022 00:00
NCT of Delhi,Delhi,Azadpur,Delicious,Fruits,3502.0,1400,7000,3657,06-Oct-22,06-10-2022 00:00
West Bengal,Kolkata,Mechua,Apple,Fruits,128.0,6000,6800,6000,06-Oct-22,06-10-2022 00:00
West Bengal,Kolkata,Mechua,Apple,Fruits,134.0,8000,10000,9000,07-Oct-22,07-10-2022 00:00
West Bengal,Kolkata,Mechua,Apple,Fruits,134.0,7000,7850,7600,07-Oct-22,07-10-2022 00:00
Himachal Pradesh,Mandi,Mandi(Takoli),Other,Fruits,2.4,1000,2500,1500,07-Oct-22,07-10-2022 00:00
Himachal Pradesh,Mandi,Mandi(Mandi),Apple,Fruits,2.1,2000,7000,5000,07-Oct-22,07-10-2022 00:00
Himachal Pradesh,Kullu,Kullu(Patli Kuhal),Other,Fruits,76.0,800,3800,2800,07-Oct-22,07-10-2022 00:00
Himachal Pradesh,Kullu,Kullu(Chauri Bihal),Apple,Fruits,9.7,1000,4000,3000,07-Oct-22,07-10-2022 00:00
Himachal Pradesh,Kullu,Kullu,Other,Fruits,0.7,1500,4000,3500,07-Oct-22,07-10-2022 00:00
Himachal Pradesh,Kangra,Kangra(Nagrota Bagwan),American,Fruits,0.3,3000,6000,4500,07-Oct-22,07-10-2022 00:00
Himachal Pradesh,Kangra,Kangra(Jaisinghpur),Apple,Fruits,0.08,3000,6500,4750,07-Oct-22,07-10-2022 00:00
Himachal Pradesh,Kangra,Palampur,Golden,Fruits,1.5,6000,7000,6500,07-Oct-22,07-10-2022 00:00
Himachal Pradesh,Kangra,Kangra,Other,Fruits,3.6,3000,6000,4500,07-Oct-22,07-10-2022 00:00
Himachal Pradesh,Hamirpur,Hamirpur,Other,Fruits,1.9,6000,9000,7500,07-Oct-22,07-10-2022 00:00
Himachal Pradesh,Mandi,Dhanotu (Mandi),Royal Delicious,Fruits,0.5,1500,6000,3750,07-Oct-22,07-10-2022 00:00
Himachal Pradesh,Chamba,Chamba,Royal Delicious,Fruits,0.69,6000,7000,6500,07-Oct-22,07-10-2022 00:00
Himachal Pradesh,Bilaspur,Bilaspur,Apple,Fruits,0.2,2000,6500,5000,07-Oct-22,07-10-2022 00:00
Himachal Pradesh,Kullu,Bhuntar,Apple,Fruits,4.0,1000,4500,2700,07-Oct-22,07-10-2022 00:00
Himachal Pradesh,Kullu,Bandrol,Delicious,Fruits,85.0,1100,5500,3500,07-Oct-22,07-10-2022 00:00
Himachal Pradesh,Hamirpur,Hamirpur(Nadaun),Other,Fruits,1.5,6000,9200,7500,07-Oct-22,07-10-2022 00:00
Himachal Pradesh,Kangra,Palampur,Kullu Royal Delicious,Fruits,1.5,3000,6000,4500,07-Oct-22,07-10-2022 00:00
Himachal Pradesh,Shimla,Rohroo,Royal Delicious,Fruits,268.74,1500,7000,4500,07-Oct-22,07-10-2022 00:00
Himachal Pradesh,Una,Santoshgarh,Other,Fruits,0.35,3000,8000,5500,07-Oct-22,07-10-2022 00:00
Himachal Pradesh,Una,Una,Other,Fruits,4.4,3000,7000,5000,07-Oct-22,07-10-2022 00:00
Himachal Pradesh,Solan,Solan,Apple,Fruits,250.76,2000,9300,5500,07-Oct-22,07-10-2022 00:00
Himachal Pradesh,Shimla,Shimla,Royal Delicious,Fruits,4.0,2500,4000,2750,07-Oct-22,07-10-2022 00:00
NCT of Delhi,Delhi,Azadpur,Royal Delicious,Fruits,3513.3,3200,11000,7450,07-Oct-22,07-10-2022 00:00
NCT of Delhi,Delhi,Azadpur,Kullu Royal Delicious,Fruits,3513.3,1600,8000,4301,07-Oct-22,07-10-2022 00:00
NCT of Delhi,Delhi,Azadpur,Golden,Fruits,3513.3,2000,6500,4500,07-Oct-22,07-10-2022 00:00
NCT of Delhi,Delhi,Azadpur,Delicious,Fruits,3513.3,1400,7000,3724,07-Oct-22,07-10-2022 00:00
Odisha,Mayurbhanja,Karanjia,Other,Fruits,0.07,16000,18000,17000,07-Oct-22,07-10-2022 00:00
Odisha,Mayurbhanja,Karanjia,Other,Fruits,0.07,13000,15000,14000,07-Oct-22,07-10-2022 00:00
West Bengal,Kolkata,Mechua,Apple,Fruits,134.0,6000,6700,6400,07-Oct-22,07-10-2022 00:00
West Bengal,Kolkata,Mechua,Apple,Fruits,134.0,8000,10000,9000,08-Oct-22,08-10-2022 00:00
West Bengal,Kolkata,Mechua,Apple,Fruits,134.0,7000,7600,7600,08-Oct-22,08-10-2022 00:00
Himachal Pradesh,Shimla,Rohroo,Royal Delicious,Fruits,285.94,1500,7000,4750,08-Oct-22,08-10-2022 00:00
Himachal Pradesh,Kullu,Kullu,Other,Fruits,0.3,2500,4000,3500,08-Oct-22,08-10-2022 00:00
Himachal Pradesh,Kangra,Kangra(Baijnath),Apple,Fruits,0.4,5000,8000,6000,08-Oct-22,08-10-2022 00:00
Himachal Pradesh,Hamirpur,Hamirpur(Nadaun),Other,Fruits,1.0,6000,9000,7500,08-Oct-22,08-10-2022 00:00
Himachal Pradesh,Hamirpur,Hamirpur,Other,Fruits,1.8,6000,9000,7500,08-Oct-22,08-10-2022 00:00
Himachal Pradesh,Mandi,Dhanotu (Mandi),Royal Delicious,Fruits,0.6,1500,6000,3750,08-Oct-22,08-10-2022 00:00
Himachal Pradesh,Chamba,Chamba,Royal Delicious,Fruits,0.5,6000,7000,6500,08-Oct-22,08-10-2022 00:00
Odisha,Mayurbhanja,Karanjia,Other,Fruits,0.08,13000,15000,14000,08-Oct-22,08-10-2022 00:00
Odisha,Mayurbhanja,Karanjia,Other,Fruits,0.08,16000,18000,17000,08-Oct-22,08-10-2022 00:00
NCT of Delhi,Delhi,Azadpur,Royal Delicious,Fruits,5644.1,2000,9000,5960,08-Oct-22,08-10-2022 00:00
NCT of Delhi,Delhi,Azadpur,Kullu Royal Delicious,Fruits,5644.1,1600,8000,4256,08-Oct-22,08-10-2022 00:00
NCT of Delhi,Delhi,Azadpur,Golden,Fruits,5644.1,2000,6000,4250,08-Oct-22,08-10-2022 00:00
NCT of Delhi,Delhi,Azadpur,Delicious,Fruits,5644.1,1600,8000,3857,08-Oct-22,08-10-2022 00:00
West Bengal,Kolkata,Mechua,Apple,Fruits,134.0,6000,6800,6500,08-Oct-22,08-10-2022 00:00
West Bengal,Kolkata,Mechua,Apple,Fruits,232.0,8000,10000,9000,09-Oct-22,09-10-2022 00:00
Himachal Pradesh,Mandi,Mandi(Takoli),Other,Fruits,3.0,1000,2000,1500,09-Oct-22,09-10-2022 00:00
Himachal Pradesh,Kullu,Kullu(Patli Kuhal),Other,Fruits,77.7,800,3900,2900,09-Oct-22,09-10-2022 00:00
Himachal Pradesh,Kullu,Kullu(Chauri Bihal),Apple,Fruits,5.5,1000,3500,2500,09-Oct-22,09-10-2022 00:00
Himachal Pradesh,Kullu,Bhuntar,Apple,Fruits,4.7,1000,4500,3000,09-Oct-22,09-10-2022 00:00
Himachal Pradesh,Kullu,Bandrol,Delicious,Fruits,75.0,1000,4300,2700,09-Oct-22,09-10-2022 00:00
West Bengal,Kolkata,Mechua,Apple,Fruits,232.0,7000,7600,7400,09-Oct-22,09-10-2022 00:00
Odisha,Mayurbhanja,Karanjia,Other,Fruits,0.06,13000,15000,14000,09-Oct-22,09-10-2022 00:00
Odisha,Mayurbhanja,Karanjia,Other,Fruits,0.06,16000,18000,17000,09-Oct-22,09-10-2022 00:00
West Bengal,Kolkata,Mechua,Apple,Fruits,232.0,6000,6500,6000,09-Oct-22,09-10-2022 00:00
West Bengal,Kolkata,Mechua,Apple,Fruits,134.0,8000,10000,9000,10-Oct-22,10-10-2022 00:00
Himachal Pradesh,Shimla,Shimla,Royal Delicious,Fruits,4.8,2000,5000,2750,10-Oct-22,10-10-2022 00:00
Himachal Pradesh,Una,Santoshgarh,Other,Fruits,0.31,3500,7500,5500,10-Oct-22,10-10-2022 00:00
Himachal Pradesh,Shimla,Rohroo,Royal Delicious,Fruits,289.4,1500,6500,4250,10-Oct-22,10-10-2022 00:00
Himachal Pradesh,Kangra,Palampur,Apple,Fruits,1.9,5000,6000,5500,10-Oct-22,10-10-2022 00:00
Himachal Pradesh,Kangra,Palampur,Kullu Royal Delicious,Fruits,1.9,3000,6000,4500,10-Oct-22,10-10-2022 00:00
Himachal Pradesh,Mandi,Mandi(Takoli),Other,Fruits,2.7,1000,2000,1500,10-Oct-22,10-10-2022 00:00
Himachal Pradesh,Mandi,Mandi(Mandi),Apple,Fruits,2.9,2000,7000,5000,10-Oct-22,10-10-2022 00:00
Himachal Pradesh,Solan,Solan,Apple,Fruits,223.68,2000,8500,5500,10-Oct-22,10-10-2022 00:00
Himachal Pradesh,Kullu,Kullu(Patli Kuhal),Other,Fruits,56.0,500,3900,2900,10-Oct-22,10-10-2022 00:00
Himachal Pradesh,Kullu,Kullu,Other,Fruits,0.6,3000,3500,3200,10-Oct-22,10-10-2022 00:00
Himachal Pradesh,Kangra,Kangra(Nagrota Bagwan),American,Fruits,0.4,3000,5000,4000,10-Oct-22,10-10-2022 00:00
Himachal Pradesh,Kangra,Kangra(Jaisinghpur),Apple,Fruits,0.1,3000,6500,4750,10-Oct-22,10-10-2022 00:00
Himachal Pradesh,Kangra,Kangra(Baijnath),Apple,Fruits,0.4,4000,7500,7000,10-Oct-22,10-10-2022 00:00
Himachal Pradesh,Kangra,Kangra,Other,Fruits,4.3,3000,5000,4000,10-Oct-22,10-10-2022 00:00
Himachal Pradesh,Hamirpur,Hamirpur(Nadaun),Other,Fruits,1.2,6000,9000,7500,10-Oct-22,10-10-2022 00:00
Himachal Pradesh,Hamirpur,Hamirpur,Other,Fruits,2.0,6000,9000,7500,10-Oct-22,10-10-2022 00:00
Himachal Pradesh,Kullu,Kullu(Chauri Bihal),Apple,Fruits,3.0,1000,3500,2500,10-Oct-22,10-10-2022 00:00
Himachal Pradesh,Una,Una,Other,Fruits,5.6,4500,6000,5200,10-Oct-22,10-10-2022 00:00
Himachal Pradesh,Mandi,Dhanotu (Mandi),Royal Delicious,Fruits,0.7,1500,6000,3750,10-Oct-22,10-10-2022 00:00
Himachal Pradesh,Chamba,Chamba,Royal Delicious,Fruits,0.35,5000,7000,6000,10-Oct-22,10-10-2022 00:00
Himachal Pradesh,Kullu,Bhuntar,Apple,Fruits,2.8,1000,4500,3000,10-Oct-22,10-10-2022 00:00
Himachal Pradesh,Kullu,Bandrol,Delicious,Fruits,70.0,1000,4000,2800,10-Oct-22,10-10-2022 00:00
NCT of Delhi,Delhi,Azadpur,Royal Delicious,Fruits,2821.1,2000,9500,6060,10-Oct-22,10-10-2022 00:00
NCT of Delhi,Delhi,Azadpur,Kullu Royal Delicious,Fruits,2821.1,1600,8000,4256,10-Oct-22,10-10-2022 00:00
NCT of Delhi,Delhi,Azadpur,Golden,Fruits,2821.1,2000,6000,4250,10-Oct-22,10-10-2022 00:00
NCT of Delhi,Delhi,Azadpur,Delicious,Fruits,2821.1,1600,8000,3857,10-Oct-22,10-10-2022 00:00
Odisha,Mayurbhanja,Karanjia,Other,Fruits,0.07,16000,18000,17000,10-Oct-22,10-10-2022 00:00
Odisha,Mayurbhanja,Karanjia,Other,Fruits,0.07,13000,15000,14000,10-Oct-22,10-10-2022 00:00
West Bengal,Kolkata,Mechua,Apple,Fruits,134.0,7000,7800,7500,10-Oct-22,10-10-2022 00:00
West Bengal,Kolkata,Mechua,Apple,Fruits,134.0,6000,7800,6600,10-Oct-22,10-10-2022 00:00
West Bengal,Kolkata,Mechua,Apple,Fruits,130.0,8000,9000,8000,11-Oct-22,11-10-2022 00:00
West Bengal,Kolkata,Mechua,Apple,Fruits,130.0,7000,7400,7400,11-Oct-22,11-10-2022 00:00
Himachal Pradesh,Kullu,Kullu(Patli Kuhal),Other,Fruits,51.3,500,3800,2800,11-Oct-22,11-10-2022 00:00
Himachal Pradesh,Kullu,Kullu(Chauri Bihal),Apple,Fruits,2.6,1000,4000,3000,11-Oct-22,11-10-2022 00:00
Himachal Pradesh,Kullu,Kullu,Other,Fruits,0.5,1500,3500,3200,11-Oct-22,11-10-2022 00:00
Himachal Pradesh,Kangra,Kangra(Nagrota Bagwan),American,Fruits,0.4,3000,5000,4000,11-Oct-22,11-10-2022 00:00
Himachal Pradesh,Kangra,Kangra(Jaisinghpur),Apple,Fruits,0.08,3000,6500,4750,11-Oct-22,11-10-2022 00:00
Himachal Pradesh,Kangra,Kangra(Baijnath),Apple,Fruits,0.5,4000,7000,6000,11-Oct-22,11-10-2022 00:00
Himachal Pradesh,Kangra,Kangra,Other,Fruits,4.0,4000,4500,4250,11-Oct-22,11-10-2022 00:00
Himachal Pradesh,Mandi,Mandi(Mandi),Apple,Fruits,1.0,2000,6500,5000,11-Oct-22,11-10-2022 00:00
Himachal Pradesh,Hamirpur,Hamirpur(Nadaun),Other,Fruits,0.7,6000,9000,7500,11-Oct-22,11-10-2022 00:00
Himachal Pradesh,Mandi,Dhanotu (Mandi),Royal Delicious,Fruits,0.6,1500,6000,3750,11-Oct-22,11-10-2022 00:00
Himachal Pradesh,Chamba,Chamba,Royal Delicious,Fruits,0.6,5000,7000,6000,11-Oct-22,11-10-2022 00:00
Himachal Pradesh,Bilaspur,Bilaspur,Apple,Fruits,0.2,4000,6500,4500,11-Oct-22,11-10-2022 00:00
Himachal Pradesh,Kullu,Bhuntar,Apple,Fruits,1.7,1000,4500,3000,11-Oct-22,11-10-2022 00:00
Himachal Pradesh,Kullu,Bandrol,Delicious,Fruits,24.0,900,4000,3000,11-Oct-22,11-10-2022 00:00
Himachal Pradesh,Hamirpur,Hamirpur,Other,Fruits,1.2,6000,9000,7500,11-Oct-22,11-10-2022 00:00
Himachal Pradesh,Mandi,Mandi(Takoli),Other,Fruits,1.8,1000,2000,1500,11-Oct-22,11-10-2022 00:00
Himachal Pradesh,Kangra,Palampur,Apple,Fruits,1.7,5000,6000,5500,11-Oct-22,11-10-2022 00:00
Himachal Pradesh,Kangra,Palampur,Kullu Royal Delicious,Fruits,1.7,3000,6000,4500,11-Oct-22,11-10-2022 00:00
Himachal Pradesh,Una,Una,Other,Fruits,4.9,3000,7000,5000,11-Oct-22,11-10-2022 00:00
Himachal Pradesh,Solan,Solan,Apple,Fruits,140.86,2000,9000,5500,11-Oct-22,11-10-2022 00:00
Himachal Pradesh,Una,Santoshgarh,Other,Fruits,0.33,3000,8000,5500,11-Oct-22,11-10-2022 00:00
Himachal Pradesh,Shimla,Rohroo,Royal Delicious,Fruits,217.26,1500,7500,5000,11-Oct-22,11-10-2022 00:00
Himachal Pradesh,Sirmore,Paonta Sahib,Kasmir/Shimla - II,Fruits,0.8,4000,6000,5000,11-Oct-22,11-10-2022 00:00
Odisha,Mayurbhanja,Karanjia,Other,Fruits,0.05,13000,15000,14000,11-Oct-22,11-10-2022 00:00
Odisha,Mayurbhanja,Karanjia,Other,Fruits,0.05,16000,18000,17000,11-Oct-22,11-10-2022 00:00
NCT of Delhi,Delhi,Azadpur,Royal Delicious,Fruits,4056.8,2000,9500,5880,11-Oct-22,11-10-2022 00:00
NCT of Delhi,Delhi,Azadpur,Kullu Royal Delicious,Fruits,4056.8,1600,8000,4135,11-Oct-22,11-10-2022 00:00
NCT of Delhi,Delhi,Azadpur,Golden,Fruits,4056.8,2000,6000,4000,11-Oct-22,11-10-2022 00:00
NCT of Delhi,Delhi,Azadpur,Delicious,Fruits,4056.8,1400,7000,3438,11-Oct-22,11-10-2022 00:00
West Bengal,Kolkata,Mechua,Apple,Fruits,130.0,5000,6000,5600,11-Oct-22,11-10-2022 00:00
West Bengal,Kolkata,Mechua,Apple,Fruits,134.0,8000,8600,8000,12-Oct-22,12-10-2022 00:00
West Bengal,Kolkata,Mechua,Apple,Fruits,134.0,7000,7400,7000,12-Oct-22,12-10-2022 00:00
Himachal Pradesh,Shimla,Shimla,Golden,Fruits,5.6,1500,3500,2250,12-Oct-22,12-10-2022 00:00
Himachal Pradesh,Una,Santoshgarh,Other,Fruits,0.98,3000,9000,6000,12-Oct-22,12-10-2022 00:00
Himachal Pradesh,Shimla,Rohroo,Royal Delicious,Fruits,118.74,1500,6000,4000,12-Oct-22,12-10-2022 00:00
Himachal Pradesh,Kangra,Palampur,Apple,Fruits,1.3,5000,6000,5500,12-Oct-22,12-10-2022 00:00
Himachal Pradesh,Kangra,Palampur,Kullu Royal Delicious,Fruits,1.3,3500,6500,5000,12-Oct-22,12-10-2022 00:00
Himachal Pradesh,Mandi,Mandi(Mandi),Apple,Fruits,1.9,2000,7000,5000,12-Oct-22,12-10-2022 00:00
Himachal Pradesh,Kullu,Kullu(Patli Kuhal),Other,Fruits,11.4,800,3800,2800,12-Oct-22,12-10-2022 00:00
Himachal Pradesh,Shimla,Shimla,Royal Delicious,Fruits,5.6,2000,7500,5000,12-Oct-22,12-10-2022 00:00
Himachal Pradesh,Kullu,Kullu(Chauri Bihal),Apple,Fruits,1.8,1000,4000,3000,12-Oct-22,12-10-2022 00:00
Himachal Pradesh,Kangra,Kangra(Jaisinghpur),Apple,Fruits,0.08,3000,6500,4750,12-Oct-22,12-10-2022 00:00
Himachal Pradesh,Kangra,Kangra(Baijnath),Apple,Fruits,0.4,5000,7500,6000,12-Oct-22,12-10-2022 00:00
Himachal Pradesh,Kangra,Kangra,Other,Fruits,4.6,3000,5000,4000,12-Oct-22,12-10-2022 00:00
Himachal Pradesh,Hamirpur,Hamirpur(Nadaun),Other,Fruits,0.7,6000,9000,7500,12-Oct-22,12-10-2022 00:00
Himachal Pradesh,Hamirpur,Hamirpur,Other,Fruits,0.9,6000,9000,7500,12-Oct-22,12-10-2022 00:00
Himachal Pradesh,Mandi,Dhanotu (Mandi),Royal Delicious,Fruits,0.8,1500,7000,4250,12-Oct-22,12-10-2022 00:00
Himachal Pradesh,Chamba,Chamba,Royal Delicious,Fruits,0.9,5000,7000,6000,12-Oct-22,12-10-2022 00:00
Himachal Pradesh,Kangra,Kangra(Nagrota Bagwan),American,Fruits,0.5,3000,5000,4000,12-Oct-22,12-10-2022 00:00
Himachal Pradesh,Bilaspur,Bilaspur,Apple,Fruits,0.2,3000,6500,5000,12-Oct-22,12-10-2022 00:00
Himachal Pradesh,Solan,Solan,Apple,Fruits,185.04,2000,8800,5500,12-Oct-22,12-10-2022 00:00
Himachal Pradesh,Una,Una,Other,Fruits,7.3,3000,7000,4500,12-Oct-22,12-10-2022 00:00
Himachal Pradesh,Kullu,Bhuntar,Apple,Fruits,1.2,1000,4500,2500,12-Oct-22,12-10-2022 00:00
Himachal Pradesh,Kullu,Bandrol,Delicious,Fruits,16.0,1000,4000,3000,12-Oct-22,12-10-2022 00:00
Odisha,Mayurbhanja,Karanjia,Other,Fruits,0.05,16000,18000,17000,12-Oct-22,12-10-2022 00:00
NCT of Delhi,Delhi,Azadpur,Royal Delicious,Fruits,5946.0,2000,9000,5720,12-Oct-22,12-10-2022 00:00
NCT of Delhi,Delhi,Azadpur,Kullu Royal Delicious,Fruits,5946.0,1600,8000,4007,12-Oct-22,12-10-2022 00:00
NCT of Delhi,Delhi,Azadpur,Golden,Fruits,5946.0,2000,6000,4000,12-Oct-22,12-10-2022 00:00
NCT of Delhi,Delhi,Azadpur,Delicious,Fruits,5946.0,1700,8500,4306,12-Oct-22,12-10-2022 00:00
Odisha,Mayurbhanja,Karanjia,Other,Fruits,0.05,13000,15000,14000,12-Oct-22,12-10-2022 00:00
West Bengal,Kolkata,Mechua,Apple,Fruits,134.0,5000,6000,5600,12-Oct-22,12-10-2022 00:00
West Bengal,Kolkata,Mechua,Apple,Fruits,136.0,8000,8500,8000,13-Oct-22,13-10-2022 00:00
Himachal Pradesh,Una,Santoshgarh,Other,Fruits,0.81,3200,7500,5350,13-Oct-22,13-10-2022 00:00
Himachal Pradesh,Shimla,Rohroo,Royal Delicious,Fruits,122.36,1500,7000,5000,13-Oct-22,13-10-2022 00:00
Himachal Pradesh,Sirmore,Paonta Sahib,Kasmir/Shimla - II,Fruits,1.45,4000,6000,5000,13-Oct-22,13-10-2022 00:00
Himachal Pradesh,Kangra,Palampur,Apple,Fruits,1.7,5000,6000,5500,13-Oct-22,13-10-2022 00:00
Himachal Pradesh,Kangra,Palampur,Kullu Royal Delicious,Fruits,1.7,3000,7000,5000,13-Oct-22,13-10-2022 00:00
Himachal Pradesh,Mandi,Mandi(Takoli),Other,Fruits,0.7,1000,2000,1500,13-Oct-22,13-10-2022 00:00
Himachal Pradesh,Mandi,Mandi(Mandi),Apple,Fruits,1.3,2000,7000,5000,13-Oct-22,13-10-2022 00:00
Himachal Pradesh,Shimla,Shimla,Golden,Fruits,3.0,2500,3500,2625,13-Oct-22,13-10-2022 00:00
Himachal Pradesh,Kullu,Kullu(Patli Kuhal),Other,Fruits,11.4,800,3800,2800,13-Oct-22,13-10-2022 00:00
Himachal Pradesh,Kangra,Kangra(Nagrota Bagwan),American,Fruits,0.4,3000,5000,4000,13-Oct-22,13-10-2022 00:00
Himachal Pradesh,Kangra,Kangra(Jaisinghpur),Apple,Fruits,0.12,3500,6500,5000,13-Oct-22,13-10-2022 00:00
Himachal Pradesh,Kangra,Kangra(Baijnath),Apple,Fruits,0.2,4500,6000,5000,13-Oct-22,13-10-2022 00:00
Himachal Pradesh,Kangra,Kangra,Other,Fruits,1.6,3000,5000,4000,13-Oct-22,13-10-2022 00:00
Himachal Pradesh,Hamirpur,Hamirpur(Nadaun),Other,Fruits,0.8,6000,8000,7000,13-Oct-22,13-10-2022 00:00
Himachal Pradesh,Mandi,Dhanotu (Mandi),Royal Delicious,Fruits,0.9,1500,6500,4000,13-Oct-22,13-10-2022 00:00
Himachal Pradesh,Bilaspur,Bilaspur,Apple,Fruits,0.2,3000,6500,5000,13-Oct-22,13-10-2022 00:00
Himachal Pradesh,Kullu,Kullu(Chauri Bihal),Apple,Fruits,1.5,1000,4000,3000,13-Oct-22,13-10-2022 00:00
Himachal Pradesh,Shimla,Shimla,Royal Delicious,Fruits,3.0,2500,3500,2625,13-Oct-22,13-10-2022 00:00
Himachal Pradesh,Solan,Solan,Apple,Fruits,86.96,2000,8800,5500,13-Oct-22,13-10-2022 00:00
Himachal Pradesh,Kullu,Bhuntar,Apple,Fruits,1.1,1000,4000,2500,13-Oct-22,13-10-2022 00:00
Himachal Pradesh,Kullu,Bandrol,Delicious,Fruits,12.5,900,4200,3000,13-Oct-22,13-10-2022 00:00
West Bengal,Kolkata,Mechua,Apple,Fruits,136.0,7000,7600,7000,13-Oct-22,13-10-2022 00:00
Odisha,Mayurbhanja,Karanjia,Other,Fruits,0.06,13000,15000,14000,13-Oct-22,13-10-2022 00:00
Odisha,Mayurbhanja,Karanjia,Other,Fruits,0.06,16000,18000,17000,13-Oct-22,13-10-2022 00:00
NCT of Delhi,Delhi,Azadpur,Royal Delicious,Fruits,5558.4,2000,8000,5260,13-Oct-22,13-10-2022 00:00
NCT of Delhi,Delhi,Azadpur,Kullu Royal Delicious,Fruits,5558.4,1600,8000,3961,13-Oct-22,13-10-2022 00:00
NCT of Delhi,Delhi,Azadpur,Golden,Fruits,5558.4,2000,5000,3750,13-Oct-22,13-10-2022 00:00
NCT of Delhi,Delhi,Azadpur,Delicious,Fruits,5558.4,1600,8000,4222,13-Oct-22,13-10-2022 00:00
West Bengal,Kolkata,Mechua,Apple,Fruits,136.0,5000,6000,5600,13-Oct-22,13-10-2022 00:00
West Bengal,Kolkata,Mechua,Apple,Fruits,136.8,8000,8600,8000,14-Oct-22,14-10-2022 00:00
West Bengal,Kolkata,Mechua,Apple,Fruits,136.8,7000,7600,7000,14-Oct-22,14-10-2022 00:00
Himachal Pradesh,Kullu,Bandrol,Delicious,Fruits,13.2,900,4000,3000,14-Oct-22,14-10-2022 00:00
Himachal Pradesh,Kullu,Bhuntar,Apple,Fruits,1.3,1000,4500,2500,14-Oct-22,14-10-2022 00:00
Himachal Pradesh,Bilaspur,Bilaspur,Apple,Fruits,0.2,3000,6500,5000,14-Oct-22,14-10-2022 00:00
Himachal Pradesh,Chamba,Chamba,Royal Delicious,Fruits,0.41,5000,7000,6000,14-Oct-22,14-10-2022 00:00
Himachal Pradesh,Hamirpur,Hamirpur,Other,Fruits,1.3,6000,9000,7500,14-Oct-22,14-10-2022 00:00
Himachal Pradesh,Kangra,Kangra,Other,Fruits,2.1,3000,5000,4000,14-Oct-22,14-10-2022 00:00
Himachal Pradesh,Kangra,Kangra(Baijnath),Apple,Fruits,0.2,5000,8000,7000,14-Oct-22,14-10-2022 00:00
Himachal Pradesh,Kangra,Kangra(Jaisinghpur),Apple,Fruits,0.08,3500,6500,5000,14-Oct-22,14-10-2022 00:00
Himachal Pradesh,Kangra,Kangra(Nagrota Bagwan),American,Fruits,0.4,3000,5000,4000,14-Oct-22,14-10-2022 00:00
Himachal Pradesh,Kullu,Kullu,Other,Fruits,0.9,2000,4000,3000,14-Oct-22,14-10-2022 00:00
Himachal Pradesh,Kullu,Kullu(Chauri Bihal),Apple,Fruits,1.2,800,4000,2800,14-Oct-22,14-10-2022 00:00
Himachal Pradesh,Kullu,Kullu(Patli Kuhal),Other,Fruits,10.8,1000,3800,2800,14-Oct-22,14-10-2022 00:00
Himachal Pradesh,Mandi,Mandi(Mandi),Apple,Fruits,1.2,2000,6600,5000,14-Oct-22,14-10-2022 00:00
Himachal Pradesh,Kangra,Palampur,Kullu Royal Delicious,Fruits,1.08,3000,7000,5000,14-Oct-22,14-10-2022 00:00
Himachal Pradesh,Kangra,Palampur,Apple,Fruits,1.08,5500,6500,6000,14-Oct-22,14-10-2022 00:00
Himachal Pradesh,Sirmore,Paonta Sahib,Kasmir/Shimla - II,Fruits,1.2,4000,6000,5000,14-Oct-22,14-10-2022 00:00
Himachal Pradesh,Shimla,Shimla,Golden,Fruits,2.0,2000,2500,2125,14-Oct-22,14-10-2022 00:00
Himachal Pradesh,Shimla,Shimla,Royal Delicious,Fruits,2.0,1500,5000,3500,14-Oct-22,14-10-2022 00:00
Himachal Pradesh,Solan,Solan,Apple,Fruits,180.5,2000,9500,6000,14-Oct-22,14-10-2022 00:00
Himachal Pradesh,Una,Una,Delicious,Fruits,5.4,4000,7000,5500,14-Oct-22,14-10-2022 00:00
NCT of Delhi,Delhi,Azadpur,Golden,Fruits,4445.4,2000,4500,3500,14-Oct-22,14-10-2022 00:00
NCT of Delhi,Delhi,Azadpur,Kullu Royal Delicious,Fruits,4445.4,1500,7500,3770,14-Oct-22,14-10-2022 00:00
NCT of Delhi,Delhi,Azadpur,Royal Delicious,Fruits,4445.4,2000,8000,5260,14-Oct-22,14-10-2022 00:00
Odisha,Mayurbhanja,Karanjia,Other,Fruits,0.05,16000,18000,17000,14-Oct-22,14-10-2022 00:00
Odisha,Mayurbhanja,Karanjia,Other,Fruits,0.05,13000,15000,14000,14-Oct-22,14-10-2022 00:00
NCT of Delhi,Delhi,Azadpur,Delicious,Fruits,4445.4,1400,7000,3167,14-Oct-22,14-10-2022 00:00
West Bengal,Kolkata,Mechua,Apple,Fruits,136.8,5000,6000,5600,14-Oct-22,14-10-2022 00:00
West Bengal,Kolkata,Mechua,Apple,Fruits,137.0,8000,8600,8000,15-Oct-22,15-10-2022 00:00
West Bengal,Kolkata,Mechua,Apple,Fruits,137.0,7000,7800,7400,15-Oct-22,15-10-2022 00:00
Himachal Pradesh,Shimla,Shimla,Royal Delicious,Fruits,4.0,1500,5000,3250,15-Oct-22,15-10-2022 00:00
Himachal Pradesh,Shimla,Shimla,Golden,Fruits,4.0,1500,4000,2500,15-Oct-22,15-10-2022 00:00
Himachal Pradesh,Shimla,Rohroo,Royal Delicious,Fruits,179.04,1500,5500,4000,15-Oct-22,15-10-2022 00:00
Himachal Pradesh,Kangra,Palampur,Apple,Fruits,1.9,5500,6500,6000,15-Oct-22,15-10-2022 00:00
Himachal Pradesh,Kangra,Palampur,Kullu Royal Delicious,Fruits,1.9,3000,7000,5000,15-Oct-22,15-10-2022 00:00
Himachal Pradesh,Mandi,Mandi(Mandi),Apple,Fruits,1.6,2000,6000,5000,15-Oct-22,15-10-2022 00:00
Himachal Pradesh,Kullu,Kullu,Other,Fruits,0.4,2000,4000,2500,15-Oct-22,15-10-2022 00:00
Himachal Pradesh,Kangra,Kangra(Nagrota Bagwan),American,Fruits,0.4,3000,6000,4500,15-Oct-22,15-10-2022 00:00
Himachal Pradesh,Kangra,Kangra(Jaisinghpur),Apple,Fruits,0.1,3500,7000,5250,15-Oct-22,15-10-2022 00:00
Himachal Pradesh,Kangra,Kangra,Other,Fruits,2.2,3000,6000,4500,15-Oct-22,15-10-2022 00:00
Himachal Pradesh,Hamirpur,Hamirpur(Nadaun),Other,Fruits,0.8,6000,9000,7500,15-Oct-22,15-10-2022 00:00
Himachal Pradesh,Hamirpur,Hamirpur,Other,Fruits,1.0,6000,9000,7500,15-Oct-22,15-10-2022 00:00
Himachal Pradesh,Chamba,Chamba,Royal Delicious,Fruits,1.0,5000,7000,6000,15-Oct-22,15-10-2022 00:00
Himachal Pradesh,Bilaspur,Bilaspur,Apple,Fruits,0.2,3500,6500,5000,15-Oct-22,15-10-2022 00:00
Himachal Pradesh,Solan,Solan,Apple,Fruits,87.24,2000,8500,5500,15-Oct-22,15-10-2022 00:00
Himachal Pradesh,Una,Una,Other,Fruits,3.0,4500,7000,5800,15-Oct-22,15-10-2022 00:00
NCT of Delhi,Delhi,Azadpur,Golden,Fruits,5221.5,2000,4500,3500,15-Oct-22,15-10-2022 00:00
NCT of Delhi,Delhi,Azadpur,Delicious,Fruits,5221.5,1400,7000,3167,15-Oct-22,15-10-2022 00:00
NCT of Delhi,Delhi,Azadpur,Kullu Royal Delicious,Fruits,5221.5,1500,7500,3807,15-Oct-22,15-10-2022 00:00
NCT of Delhi,Delhi,Azadpur,Royal Delicious,Fruits,5221.5,2000,9000,5440,15-Oct-22,15-10-2022 00:00
Odisha,Mayurbhanja,Karanjia,Other,Fruits,0.05,13000,15000,14000,15-Oct-22,15-10-2022 00:00
Odisha,Mayurbhanja,Karanjia,Other,Fruits,0.05,16000,18000,17000,15-Oct-22,15-10-2022 00:00
West Bengal,Kolkata,Mechua,Apple,Fruits,137.0,6000,6609,6400,15-Oct-22,15-10-2022 00:00
West Bengal,Kolkata,Mechua,Apple,Fruits,135.0,8000,8700,8000,16-Oct-22,16-10-2022 00:00
Himachal Pradesh,Shimla,Rohroo,Royal Delicious,Fruits,47.3,1500,6000,4250,16-Oct-22,16-10-2022 00:00
Himachal Pradesh,Kullu,Kullu(Patli Kuhal),Other,Fruits,11.5,1000,4000,3000,16-Oct-22,16-10-2022 00:00
Himachal Pradesh,Kullu,Kullu(Chauri Bihal),Apple,Fruits,1.5,1000,4000,3000,16-Oct-22,16-10-2022 00:00
Himachal Pradesh,Kullu,Bhuntar,Apple,Fruits,1.2,1000,4500,2500,16-Oct-22,16-10-2022 00:00
Himachal Pradesh,Kullu,Bandrol,Delicious,Fruits,14.5,1100,5500,3200,16-Oct-22,16-10-2022 00:00
West Bengal,Kolkata,Mechua,Apple,Fruits,135.0,7000,7500,7000,16-Oct-22,16-10-2022 00:00
Odisha,Mayurbhanja,Karanjia,Other,Fruits,0.07,16000,18000,17000,16-Oct-22,16-10-2022 00:00
Odisha,Mayurbhanja,Karanjia,Other,Fruits,0.07,13000,15000,14000,16-Oct-22,16-10-2022 00:00
West Bengal,Kolkata,Mechua,Apple,Fruits,135.0,6000,6700,6400,16-Oct-22,16-10-2022 00:00
West Bengal,Kolkata,Mechua,Apple,Fruits,135.4,8000,9000,8000,17-Oct-22,17-10-2022 00:00
West Bengal,Kolkata,Mechua,Apple,Fruits,135.4,7000,7600,7400,17-Oct-22,17-10-2022 00:00
Himachal Pradesh,Shimla,Rohroo,Royal Delicious,Fruits,112.08,1500,6000,4000,17-Oct-22,17-10-2022 00:00
Himachal Pradesh,Sirmore,Paonta Sahib,Kasmir/Shimla - II,Fruits,1.2,2500,3500,3000,17-Oct-22,17-10-2022 00:00
Himachal Pradesh,Sirmore,Paonta Sahib,Kasmir/Shimla - II,Fruits,1.2,4000,6000,5000,17-Oct-22,17-10-2022 00:00
Himachal Pradesh,Kangra,Palampur,Apple,Fruits,1.8,5500,6500,6000,17-Oct-22,17-10-2022 00:00
Himachal Pradesh,Kangra,Palampur,Kullu Royal Delicious,Fruits,1.8,3500,7500,5500,17-Oct-22,17-10-2022 00:00
Himachal Pradesh,Mandi,Mandi(Mandi),Apple,Fruits,2.2,2000,6500,5000,17-Oct-22,17-10-2022 00:00
Himachal Pradesh,Kullu,Kullu(Patli Kuhal),Other,Fruits,9.5,1000,4000,3000,17-Oct-22,17-10-2022 00:00
Himachal Pradesh,Kullu,Kullu(Chauri Bihal),Apple,Fruits,0.5,1000,4300,3300,17-Oct-22,17-10-2022 00:00
Himachal Pradesh,Kullu,Kullu,Other,Fruits,0.8,2000,4000,3000,17-Oct-22,17-10-2022 00:00
Himachal Pradesh,Kangra,Kangra(Nagrota Bagwan),American,Fruits,0.4,3000,6000,4500,17-Oct-22,17-10-2022 00:00
Himachal Pradesh,Kangra,Kangra(Jaisinghpur),Apple,Fruits,0.1,3500,7000,5250,17-Oct-22,17-10-2022 00:00
Himachal Pradesh,Kangra,Kangra,Other,Fruits,2.2,3000,6000,4500,17-Oct-22,17-10-2022 00:00
Himachal Pradesh,Hamirpur,Hamirpur(Nadaun),Other,Fruits,0.6,6000,9000,7500,17-Oct-22,17-10-2022 00:00
Himachal Pradesh,Hamirpur,Hamirpur,Other,Fruits,0.8,6000,9000,7500,17-Oct-22,17-10-2022 00:00
Himachal Pradesh,Mandi,Dhanotu (Mandi),Royal Delicious,Fruits,0.9,1500,6500,4000,17-Oct-22,17-10-2022 00:00
Himachal Pradesh,Shimla,Shimla,Golden,Fruits,4.5,1500,4000,2500,17-Oct-22,17-10-2022 00:00
Himachal Pradesh,Shimla,Shimla,Royal Delicious,Fruits,4.5,1500,5000,3250,17-Oct-22,17-10-2022 00:00
Himachal Pradesh,Solan,Solan,Apple,Fruits,149.12,2000,9300,6000,17-Oct-22,17-10-2022 00:00
Himachal Pradesh,Una,Una,Kullu Royal Delicious,Fruits,3.8,4000,7000,5500,17-Oct-22,17-10-2022 00:00
Himachal Pradesh,Chamba,Chamba,Royal Delicious,Fruits,0.2,5000,7000,6000,17-Oct-22,17-10-2022 00:00
Himachal Pradesh,Kullu,Bhuntar,Apple,Fruits,1.6,1000,4000,2000,17-Oct-22,17-10-2022 00:00
Himachal Pradesh,Kullu,Bandrol,Delicious,Fruits,11.5,1100,5200,3000,17-Oct-22,17-10-2022 00:00
Odisha,Mayurbhanja,Karanjia,Other,Fruits,0.05,13000,15000,14000,17-Oct-22,17-10-2022 00:00
Odisha,Mayurbhanja,Karanjia,Other,Fruits,0.05,16000,18000,17000,17-Oct-22,17-10-2022 00:00
NCT of Delhi,Delhi,Azadpur,Royal Delicious,Fruits,3033.9,2000,9000,5440,17-Oct-22,17-10-2022 00:00
NCT of Delhi,Delhi,Azadpur,Kullu Royal Delicious,Fruits,3033.9,1500,7500,3807,17-Oct-22,17-10-2022 00:00
NCT of Delhi,Delhi,Azadpur,Golden,Fruits,3033.9,2000,4500,3500,17-Oct-22,17-10-2022 00:00
NCT of Delhi,Delhi,Azadpur,Delicious,Fruits,3033.9,1400,7000,3167,17-Oct-22,17-10-2022 00:00
West Bengal,Kolkata,Mechua,Apple,Fruits,135.4,6000,6500,6400,17-Oct-22,17-10-2022 00:00
West Bengal,Kolkata,Mechua,Apple,Fruits,135.6,7000,9000,8000,18-Oct-22,18-10-2022 00:00
West Bengal,Kolkata,Mechua,Other,Fruits,135.6,6000,6800,6500,18-Oct-22,18-10-2022 00:00
Himachal Pradesh,Kangra,Palampur,Kullu Royal Delicious,Fruits,1.08,3500,7500,5500,18-Oct-22,18-10-2022 00:00
Himachal Pradesh,Sirmore,Nahan,Other,Fruits,0.35,4000,6000,5000,18-Oct-22,18-10-2022 00:00
Himachal Pradesh,Mandi,Mandi(Mandi),Apple,Fruits,1.3,2000,6300,5000,18-Oct-22,18-10-2022 00:00
Himachal Pradesh,Kullu,Kullu(Patli Kuhal),Other,Fruits,7.6,800,3800,2800,18-Oct-22,18-10-2022 00:00
Himachal Pradesh,Kullu,Kullu(Chauri Bihal),Apple,Fruits,1.1,1000,5000,3000,18-Oct-22,18-10-2022 00:00
Himachal Pradesh,Kullu,Kullu,Other,Fruits,0.5,2000,4000,3500,18-Oct-22,18-10-2022 00:00
Himachal Pradesh,Kangra,Kangra(Nagrota Bagwan),American,Fruits,0.3,3000,6000,4500,18-Oct-22,18-10-2022 00:00
Himachal Pradesh,Kangra,Palampur,Apple,Fruits,1.08,5500,6500,6000,18-Oct-22,18-10-2022 00:00
Himachal Pradesh,Kangra,Kangra(Jaisinghpur),Apple,Fruits,0.08,3500,7000,5250,18-Oct-22,18-10-2022 00:00
Himachal Pradesh,Kangra,Kangra,Other,Fruits,1.9,3000,6000,4500,18-Oct-22,18-10-2022 00:00
Himachal Pradesh,Hamirpur,Hamirpur(Nadaun),Other,Fruits,0.5,6000,9000,7500,18-Oct-22,18-10-2022 00:00
Himachal Pradesh,Hamirpur,Hamirpur,Other,Fruits,1.0,6000,9000,7500,18-Oct-22,18-10-2022 00:00
Himachal Pradesh,Mandi,Dhanotu (Mandi),Royal Delicious,Fruits,1.4,1500,6000,3750,18-Oct-22,18-10-2022 00:00
Himachal Pradesh,Bilaspur,Bilaspur,Apple,Fruits,0.3,4000,7000,5500,18-Oct-22,18-10-2022 00:00
Himachal Pradesh,Kullu,Bhuntar,Apple,Fruits,1.8,1000,4500,2500,18-Oct-22,18-10-2022 00:00
Himachal Pradesh,Kullu,Bandrol,Delicious,Fruits,5.5,900,4500,3000,18-Oct-22,18-10-2022 00:00
Himachal Pradesh,Kangra,Kangra(Baijnath),Apple,Fruits,0.3,5000,7000,6000,18-Oct-22,18-10-2022 00:00
Himachal Pradesh,Sirmore,Paonta Sahib,Kasmir/Shimla - II,Fruits,0.85,5000,6000,5500,18-Oct-22,18-10-2022 00:00
Himachal Pradesh,Shimla,Rohroo,Royal Delicious,Fruits,104.56,1500,6500,4500,18-Oct-22,18-10-2022 00:00
Himachal Pradesh,Shimla,Shimla,Royal Delicious,Fruits,6.0,1500,5500,4250,18-Oct-22,18-10-2022 00:00
Himachal Pradesh,Una,Una,Kullu Royal Delicious,Fruits,3.3,3500,7000,5500,18-Oct-22,18-10-2022 00:00
Himachal Pradesh,Solan,Solan,Apple,Fruits,134.36,2000,9300,5500,18-Oct-22,18-10-2022 00:00
NCT of Delhi,Delhi,Azadpur,Delicious,Fruits,3202.9,1600,8000,3371,18-Oct-22,18-10-2022 00:00
NCT of Delhi,Delhi,Azadpur,Golden,Fruits,3202.9,2000,4500,3500,18-Oct-22,18-10-2022 00:00
NCT of Delhi,Delhi,Azadpur,Kullu Royal Delicious,Fruits,3202.9,1600,8000,3778,18-Oct-22,18-10-2022 00:00
NCT of Delhi,Delhi,Azadpur,Royal Delicious,Fruits,3202.9,2000,9000,5400,18-Oct-22,18-10-2022 00:00
Odisha,Mayurbhanja,Karanjia,Other,Fruits,0.06,13000,15000,14000,18-Oct-22,18-10-2022 00:00
Odisha,Mayurbhanja,Karanjia,Other,Fruits,0.06,16000,18000,17000,18-Oct-22,18-10-2022 00:00
West Bengal,Kolkata,Mechua,Other,Fruits,135.6,5000,5600,5000,18-Oct-22,18-10-2022 00:00
West Bengal,Kolkata,Mechua,Apple,Fruits,137.5,7000,8000,8000,19-Oct-22,19-10-2022 00:00
West Bengal,Kolkata,Mechua,Apple,Fruits,137.5,6000,6600,6400,19-Oct-22,19-10-2022 00:00
Himachal Pradesh,Kullu,Kullu(Chauri Bihal),Apple,Fruits,1.3,1000,5000,3000,19-Oct-22,19-10-2022 00:00
Himachal Pradesh,Kullu,Kullu,Other,Fruits,0.6,1500,3500,3000,19-Oct-22,19-10-2022 00:00
Himachal Pradesh,Kangra,Kangra(Nagrota Bagwan),American,Fruits,0.4,3000,6000,4500,19-Oct-22,19-10-2022 00:00
Himachal Pradesh,Kangra,Kangra(Jaisinghpur),Apple,Fruits,0.08,3500,7000,5250,19-Oct-22,19-10-2022 00:00
Himachal Pradesh,Kangra,Kangra(Baijnath),Apple,Fruits,0.3,4000,7000,5000,19-Oct-22,19-10-2022 00:00
Himachal Pradesh,Kangra,Kangra,Other,Fruits,1.6,3000,6000,4500,19-Oct-22,19-10-2022 00:00
Himachal Pradesh,Hamirpur,Hamirpur(Nadaun),Other,Fruits,0.6,6000,9000,7500,19-Oct-22,19-10-2022 00:00
Himachal Pradesh,Kullu,Kullu(Patli Kuhal),Other,Fruits,1.8,1000,4200,3200,19-Oct-22,19-10-2022 00:00
Himachal Pradesh,Hamirpur,Hamirpur,Other,Fruits,0.8,6000,9000,7500,19-Oct-22,19-10-2022 00:00
Himachal Pradesh,Bilaspur,Bilaspur,Apple,Fruits,0.3,4000,7000,5000,19-Oct-22,19-10-2022 00:00
Himachal Pradesh,Kullu,Bhuntar,Apple,Fruits,1.5,1000,5000,3000,19-Oct-22,19-10-2022 00:00
Himachal Pradesh,Kullu,Bandrol,Delicious,Fruits,7.2,800,4000,3000,19-Oct-22,19-10-2022 00:00
Himachal Pradesh,Chamba,Chamba,Royal Delicious,Fruits,0.2,5000,6000,5500,19-Oct-22,19-10-2022 00:00
Himachal Pradesh,Mandi,Mandi(Mandi),Apple,Fruits,1.3,2000,6500,5000,19-Oct-22,19-10-2022 00:00
Himachal Pradesh,Kangra,Palampur,Apple,Fruits,1.6,5500,6500,6000,19-Oct-22,19-10-2022 00:00
Himachal Pradesh,Kangra,Palampur,Kullu Royal Delicious,Fruits,1.6,3500,7500,5500,19-Oct-22,19-10-2022 00:00
Himachal Pradesh,Una,Una,Other,Fruits,3.3,3500,6500,5000,19-Oct-22,19-10-2022 00:00
Himachal Pradesh,Solan,Solan,Apple,Fruits,132.34,2000,9800,6000,19-Oct-22,19-10-2022 00:00
Himachal Pradesh,Shimla,Shimla,Royal Delicious,Fruits,3.0,1500,5000,3000,19-Oct-22,19-10-2022 00:00
Himachal Pradesh,Shimla,Shimla,Golden,Fruits,3.0,1000,3500,1750,19-Oct-22,19-10-2022 00:00
Himachal Pradesh,Una,Santoshgarh,Other,Fruits,0.33,4000,7500,5750,19-Oct-22,19-10-2022 00:00
Himachal Pradesh,Shimla,Rohroo,Royal Delicious,Fruits,27.76,1500,6000,3900,19-Oct-22,19-10-2022 00:00
Himachal Pradesh,Sirmore,Paonta Sahib,Kasmir/Shimla - II,Fruits,1.2,3000,6000,5000,19-Oct-22,19-10-2022 00:00
NCT of Delhi,Delhi,Azadpur,Delicious,Fruits,4539.5,667,7000,3038,19-Oct-22,19-10-2022 00:00
NCT of Delhi,Delhi,Azadpur,Golden,Fruits,4539.5,2000,4500,3500,19-Oct-22,19-10-2022 00:00
NCT of Delhi,Delhi,Azadpur,Royal Delicious,Fruits,4539.5,2000,9000,5400,19-Oct-22,19-10-2022 00:00
NCT of Delhi,Delhi,Azadpur,Kullu Royal Delicious,Fruits,4539.5,1600,8000,3778,19-Oct-22,19-10-2022 00:00
Odisha,Mayurbhanja,Karanjia,Other,Fruits,0.05,13000,15000,14000,19-Oct-22,19-10-2022 00:00
Odisha,Mayurbhanja,Karanjia,Other,Fruits,0.05,16000,18000,17000,19-Oct-22,19-10-2022 00:00
West Bengal,Kolkata,Mechua,Apple,Fruits,137.5,4000,5600,5000,19-Oct-22,19-10-2022 00:00
West Bengal,Kolkata,Mechua,Apple,Fruits,137.8,7000,8000,8000,20-Oct-22,20-10-2022 00:00
West Bengal,Kolkata,Mechua,Apple,Fruits,137.8,6000,6700,6500,20-Oct-22,20-10-2022 00:00
Himachal Pradesh,Shimla,Rohroo,Royal Delicious,Fruits,47.64,1500,7500,5000,20-Oct-22,20-10-2022 00:00
Himachal Pradesh,Kangra,Palampur,Apple,Fruits,1.3,5500,6500,6000,20-Oct-22,20-10-2022 00:00
Himachal Pradesh,Kangra,Palampur,Kullu Royal Delicious,Fruits,1.3,3500,7000,5250,20-Oct-22,20-10-2022 00:00
Himachal Pradesh,Mandi,Mandi(Mandi),Apple,Fruits,0.9,3700,6000,5000,20-Oct-22,20-10-2022 00:00
Himachal Pradesh,Kullu,Kullu(Patli Kuhal),Other,Fruits,1.8,1000,4100,3100,20-Oct-22,20-10-2022 00:00
Himachal Pradesh,Kangra,Kangra(Nagrota Bagwan),American,Fruits,0.4,3000,6000,4500,20-Oct-22,20-10-2022 00:00
Himachal Pradesh,Una,Santoshgarh,Other,Fruits,0.32,3000,8000,5500,20-Oct-22,20-10-2022 00:00
Himachal Pradesh,Kangra,Kangra(Jaisinghpur),Apple,Fruits,0.12,3000,7000,5000,20-Oct-22,20-10-2022 00:00
Himachal Pradesh,Kangra,Kangra,Other,Fruits,1.5,4000,8000,6000,20-Oct-22,20-10-2022 00:00
Himachal Pradesh,Hamirpur,Hamirpur(Nadaun),Other,Fruits,0.5,5000,9000,7000,20-Oct-22,20-10-2022 00:00
Himachal Pradesh,Hamirpur,Hamirpur,Other,Fruits,0.8,6000,9000,7500,20-Oct-22,20-10-2022 00:00
Himachal Pradesh,Mandi,Dhanotu (Mandi),Royal Delicious,Fruits,1.0,1500,6000,3750,20-Oct-22,20-10-2022 00:00
Himachal Pradesh,Chamba,Chamba,Royal Delicious,Fruits,0.2,5000,7000,6000,20-Oct-22,20-10-2022 00:00
Himachal Pradesh,Bilaspur,Bilaspur,Apple,Fruits,0.2,4000,7500,5500,20-Oct-22,20-10-2022 00:00
Himachal Pradesh,Kangra,Kangra(Baijnath),Apple,Fruits,0.3,4000,6000,5000,20-Oct-22,20-10-2022 00:00
Himachal Pradesh,Kullu,Bhuntar,Apple,Fruits,1.9,1000,4000,2000,20-Oct-22,20-10-2022 00:00
Himachal Pradesh,Shimla,Shimla,Royal Delicious,Fruits,4.0,1500,5000,3000,20-Oct-22,20-10-2022 00:00
Himachal Pradesh,Una,Una,Kullu Royal Delicious,Fruits,3.3,4000,6000,5000,20-Oct-22,20-10-2022 00:00
Himachal Pradesh,Solan,Solan,Apple,Fruits,98.74,3000,8800,6000,20-Oct-22,20-10-2022 00:00
Himachal Pradesh,Kullu,Bandrol,Delicious,Fruits,6.5,1000,3800,2400,20-Oct-22,20-10-2022 00:00
Odisha,Gajapati,Parlakhemundi,Other,Fruits,5.0,8000,10000,10000,20-Oct-22,20-10-2022 00:00
Odisha,Mayurbhanja,Karanjia,Other,Fruits,0.06,13000,15000,14000,20-Oct-22,20-10-2022 00:00
Odisha,Mayurbhanja,Karanjia,Other,Fruits,0.06,16000,18000,17000,20-Oct-22,20-10-2022 00:00
NCT of Delhi,Delhi,Azadpur,Royal Delicious,Fruits,3691.6,2000,9000,5400,20-Oct-22,20-10-2022 00:00
NCT of Delhi,Delhi,Azadpur,Kullu Royal Delicious,Fruits,3691.6,1600,8000,3778,20-Oct-22,20-10-2022 00:00
NCT of Delhi,Delhi,Azadpur,Golden,Fruits,3691.6,2000,4500,3500,20-Oct-22,20-10-2022 00:00
NCT of Delhi,Delhi,Azadpur,Delicious,Fruits,3691.6,667,7000,3038,20-Oct-22,20-10-2022 00:00
West Bengal,Kolkata,Mechua,Apple,Fruits,137.8,4000,5600,5000,20-Oct-22,20-10-2022 00:00
West Bengal,Kolkata,Mechua,Apple,Fruits,137.0,7000,9000,8000,21-Oct-22,21-10-2022 00:00
West Bengal,Kolkata,Mechua,Apple,Fruits,137.0,6000,6800,6400,21-Oct-22,21-10-2022 00:00
Himachal Pradesh,Kullu,Bandrol,Delicious,Fruits,2.7,1000,3600,2800,21-Oct-22,21-10-2022 00:00
Himachal Pradesh,Kullu,Bhuntar,Apple,Fruits,2.3,1000,4000,2500,21-Oct-22,21-10-2022 00:00
Himachal Pradesh,Mandi,Dhanotu (Mandi),Royal Delicious,Fruits,0.9,1500,6000,3750,21-Oct-22,21-10-2022 00:00
Himachal Pradesh,Hamirpur,Hamirpur,Other,Fruits,1.2,6000,9000,7500,21-Oct-22,21-10-2022 00:00
Himachal Pradesh,Hamirpur,Hamirpur(Nadaun),Other,Fruits,0.8,6000,9000,7500,21-Oct-22,21-10-2022 00:00
Himachal Pradesh,Kangra,Kangra,Other,Fruits,1.5,3000,6000,4500,21-Oct-22,21-10-2022 00:00
Himachal Pradesh,Kangra,Kangra(Baijnath),Apple,Fruits,0.3,5000,7000,6000,21-Oct-22,21-10-2022 00:00
Himachal Pradesh,Kangra,Kangra(Jaisinghpur),Apple,Fruits,0.08,4000,7000,5500,21-Oct-22,21-10-2022 00:00
Himachal Pradesh,Kangra,Kangra(Nagrota Bagwan),American,Fruits,0.4,3000,6000,4500,21-Oct-22,21-10-2022 00:00
Himachal Pradesh,Kullu,Kullu(Chauri Bihal),Apple,Fruits,0.8,1000,4000,3000,21-Oct-22,21-10-2022 00:00
Himachal Pradesh,Mandi,Mandi(Mandi),Apple,Fruits,1.0,2000,6500,5000,21-Oct-22,21-10-2022 00:00
Himachal Pradesh,Sirmore,Nahan,Other,Fruits,0.52,4000,7000,5000,21-Oct-22,21-10-2022 00:00
Himachal Pradesh,Kangra,Palampur,Kullu Royal Delicious,Fruits,1.2,4000,7500,5750,21-Oct-22,21-10-2022 00:00
Himachal Pradesh,Kangra,Palampur,Apple,Fruits,1.2,5500,6500,6000,21-Oct-22,21-10-2022 00:00
Himachal Pradesh,Sirmore,Paonta Sahib,Kasmir/Shimla - II,Fruits,0.85,4000,6000,5000,21-Oct-22,21-10-2022 00:00
Himachal Pradesh,Shimla,Rohroo,Royal Delicious,Fruits,48.74,1500,7500,5000,21-Oct-22,21-10-2022 00:00
Himachal Pradesh,Una,Una,Kullu Royal Delicious,Fruits,3.2,4000,6000,5000,21-Oct-22,21-10-2022 00:00
Himachal Pradesh,Shimla,Shimla,Royal Delicious,Fruits,4.0,1750,5250,3750,21-Oct-22,21-10-2022 00:00
Himachal Pradesh,Shimla,Shimla,Golden,Fruits,4.0,1250,3750,2500,21-Oct-22,21-10-2022 00:00
Himachal Pradesh,Una,Santoshgarh,Other,Fruits,0.33,3500,8500,6000,21-Oct-22,21-10-2022 00:00
NCT of Delhi,Delhi,Azadpur,Delicious,Fruits,4803.6,667,7000,3038,21-Oct-22,21-10-2022 00:00
NCT of Delhi,Delhi,Azadpur,Golden,Fruits,4803.6,2000,4500,3500,21-Oct-22,21-10-2022 00:00
NCT of Delhi,Delhi,Azadpur,Kullu Royal Delicious,Fruits,4803.6,1600,8000,3778,21-Oct-22,21-10-2022 00:00
NCT of Delhi,Delhi,Azadpur,Royal Delicious,Fruits,4803.6,2000,9000,5400,21-Oct-22,21-10-2022 00:00
Odisha,Mayurbhanja,Karanjia,Other,Fruits,0.06,16000,18000,17000,21-Oct-22,21-10-2022 00:00
Odisha,Mayurbhanja,Karanjia,Other,Fruits,0.06,13000,15000,14000,21-Oct-22,21-10-2022 00:00
West Bengal,Kolkata,Mechua,Apple,Fruits,137.0,5000,5800,5600,21-Oct-22,21-10-2022 00:00
West Bengal,Kolkata,Mechua,Apple,Fruits,137.4,7000,8000,7000,22-Oct-22,22-10-2022 00:00
Himachal Pradesh,Mandi,Dhanotu (Mandi),Royal Delicious,Fruits,1.0,1500,5500,3500,22-Oct-22,22-10-2022 00:00
Himachal Pradesh,Hamirpur,Hamirpur,Delicious,Fruits,1.0,7000,8000,7500,22-Oct-22,22-10-2022 00:00
Himachal Pradesh,Hamirpur,Hamirpur,Royal Delicious,Fruits,1.0,5000,7000,6000,22-Oct-22,22-10-2022 00:00
Himachal Pradesh,Hamirpur,Hamirpur(Nadaun),Other,Fruits,0.6,5000,8000,6500,22-Oct-22,22-10-2022 00:00
Himachal Pradesh,Kangra,Kangra,Other,Fruits,2.0,3000,6000,4500,22-Oct-22,22-10-2022 00:00
Himachal Pradesh,Kangra,Kangra(Baijnath),Apple,Fruits,0.3,5000,7000,6000,22-Oct-22,22-10-2022 00:00
Himachal Pradesh,Kangra,Kangra(Jaisinghpur),Apple,Fruits,0.1,4000,7000,5500,22-Oct-22,22-10-2022 00:00
Himachal Pradesh,Kangra,Kangra(Nagrota Bagwan),American,Fruits,0.4,3000,6000,4500,22-Oct-22,22-10-2022 00:00
Himachal Pradesh,Mandi,Mandi(Mandi),Apple,Fruits,0.7,2000,7000,5000,22-Oct-22,22-10-2022 00:00
Himachal Pradesh,Kangra,Palampur,Apple,Fruits,1.7,4000,7000,5500,22-Oct-22,22-10-2022 00:00
Himachal Pradesh,Sirmore,Paonta Sahib,Kasmir/Shimla - II,Fruits,0.85,4000,6000,5000,22-Oct-22,22-10-2022 00:00
Himachal Pradesh,Shimla,Rohroo,Royal Delicious,Fruits,46.8,2000,7500,5000,22-Oct-22,22-10-2022 00:00
Himachal Pradesh,Shimla,Shimla,Royal Delicious,Fruits,4.0,1500,5000,3500,22-Oct-22,22-10-2022 00:00
Himachal Pradesh,Una,Una,Other,Fruits,4.3,3000,7000,5000,22-Oct-22,22-10-2022 00:00
Himachal Pradesh,Bilaspur,Bilaspur,Apple,Fruits,0.2,4000,8000,5500,22-Oct-22,22-10-2022 00:00
West Bengal,Kolkata,Mechua,Apple,Fruits,137.4,6000,6600,6400,22-Oct-22,22-10-2022 00:00
NCT of Delhi,Delhi,Azadpur,Delicious,Fruits,2800.1,667,7000,3038,22-Oct-22,22-10-2022 00:00
NCT of Delhi,Delhi,Azadpur,Golden,Fruits,2800.1,2000,4500,3500,22-Oct-22,22-10-2022 00:00
NCT of Delhi,Delhi,Azadpur,Kullu Royal Delicious,Fruits,2800.1,1600,8000,3864,22-Oct-22,22-10-2022 00:00
NCT of Delhi,Delhi,Azadpur,Royal Delicious,Fruits,2800.1,2000,9000,5400,22-Oct-22,22-10-2022 00:00
West Bengal,Kolkata,Mechua,Apple,Fruits,137.4,4000,5600,5000,22-Oct-22,22-10-2022 00:00
West Bengal,Kolkata,Mechua,Apple,Fruits,137.0,7000,9000,8000,23-Oct-22,23-10-2022 00:00
West Bengal,Kolkata,Mechua,Apple,Fruits,137.0,6000,6800,6600,23-Oct-22,23-10-2022 00:00
Himachal Pradesh,Kullu,Kullu(Chauri Bihal),Apple,Fruits,1.0,1000,5000,2500,23-Oct-22,23-10-2022 00:00
Himachal Pradesh,Kullu,Bhuntar,Apple,Fruits,2.5,1000,4000,2000,23-Oct-22,23-10-2022 00:00
Himachal Pradesh,Kullu,Bandrol,Delicious,Fruits,1.8,1200,3400,2300,23-Oct-22,23-10-2022 00:00
West Bengal,Kolkata,Mechua,Apple,Fruits,137.0,5000,5800,5600,23-Oct-22,23-10-2022 00:00
West Bengal,Kolkata,Mechua,Apple,Fruits,137.2,8000,10000,8000,24-Oct-22,24-10-2022 00:00
West Bengal,Kolkata,Mechua,Apple,Fruits,137.2,7000,7500,7000,24-Oct-22,24-10-2022 00:00
Himachal Pradesh,Kullu,Bhuntar,Apple,Fruits,0.6,1000,4000,2000,24-Oct-22,24-10-2022 00:00
Himachal Pradesh,Bilaspur,Bilaspur,Apple,Fruits,0.2,4000,7000,5000,24-Oct-22,24-10-2022 00:00
Himachal Pradesh,Chamba,Chamba,Royal Delicious,Fruits,0.66,5000,6000,5500,24-Oct-22,24-10-2022 00:00
Himachal Pradesh,Mandi,Dhanotu (Mandi),Royal Delicious,Fruits,1.4,1500,5000,3250,24-Oct-22,24-10-2022 00:00
Himachal Pradesh,Kangra,Kangra,Other,Fruits,1.6,3000,6000,4500,24-Oct-22,24-10-2022 00:00
Himachal Pradesh,Kullu,Kullu(Chauri Bihal),Apple,Fruits,1.2,1000,4000,2500,24-Oct-22,24-10-2022 00:00
Himachal Pradesh,Shimla,Rohroo,Royal Delicious,Fruits,47.26,1500,6500,4750,24-Oct-22,24-10-2022 00:00
Himachal Pradesh,Shimla,Shimla,Golden,Fruits,3.6,1500,4000,2250,24-Oct-22,24-10-2022 00:00
Himachal Pradesh,Shimla,Shimla,Royal Delicious,Fruits,3.6,2000,5500,4000,24-Oct-22,24-10-2022 00:00
Odisha,Mayurbhanja,Karanjia,Other,Fruits,0.05,15000,17000,16000,24-Oct-22,24-10-2022 00:00
NCT of Delhi,Delhi,Azadpur,Delicious,Fruits,1655.3,667,7000,3038,24-Oct-22,24-10-2022 00:00
NCT of Delhi,Delhi,Azadpur,Golden,Fruits,1655.3,2000,4500,3500,24-Oct-22,24-10-2022 00:00
NCT of Delhi,Delhi,Azadpur,Kullu Royal Delicious,Fruits,1655.3,1600,8000,3807,24-Oct-22,24-10-2022 00:00
NCT of Delhi,Delhi,Azadpur,Royal Delicious,Fruits,1655.3,2000,9000,5400,24-Oct-22,24-10-2022 00:00
Odisha,Mayurbhanja,Karanjia,Other,Fruits,0.05,13000,15000,14000,24-Oct-22,24-10-2022 00:00
West Bengal,Kolkata,Mechua,Apple,Fruits,137.2,6000,6800,6500,24-Oct-22,24-10-2022 00:00
West Bengal,Kolkata,Mechua,Apple,Fruits,136.8,8000,10000,9000,25-Oct-22,25-10-2022 00:00
West Bengal,Kolkata,Mechua,Apple,Fruits,136.8,7000,7800,7400,25-Oct-22,25-10-2022 00:00
Himachal Pradesh,Kullu,Bandrol,Delicious,Fruits,1.2,1000,2500,1700,25-Oct-22,25-10-2022 00:00
Himachal Pradesh,Bilaspur,Bilaspur,Apple,Fruits,0.2,4000,7000,5500,25-Oct-22,25-10-2022 00:00
Himachal Pradesh,Kullu,Kullu(Chauri Bihal),Apple,Fruits,0.3,2000,4000,3000,25-Oct-22,25-10-2022 00:00
Himachal Pradesh,Mandi,Mandi(Mandi),Apple,Fruits,0.05,5000,7000,6000,25-Oct-22,25-10-2022 00:00
Himachal Pradesh,Una,Santoshgarh,Other,Fruits,0.31,3500,7500,5500,25-Oct-22,25-10-2022 00:00
Himachal Pradesh,Una,Una,Delicious,Fruits,1.7,3000,7000,5000,25-Oct-22,25-10-2022 00:00
Odisha,Mayurbhanja,Karanjia,Other,Fruits,0.05,15000,17000,16000,25-Oct-22,25-10-2022 00:00
Odisha,Mayurbhanja,Karanjia,Other,Fruits,0.05,13000,15000,14000,25-Oct-22,25-10-2022 00:00
West Bengal,Kolkata,Mechua,Apple,Fruits,136.8,6000,6800,6400,25-Oct-22,25-10-2022 00:00
West Bengal,Kolkata,Mechua,Apple,Fruits,136.0,7000,9000,8000,26-Oct-22,26-10-2022 00:00
Himachal Pradesh,Kullu,Bandrol,Delicious,Fruits,0.8,800,2000,1400,26-Oct-22,26-10-2022 00:00
Himachal Pradesh,Kullu,Bhuntar,Apple,Fruits,0.5,1000,4000,2500,26-Oct-22,26-10-2022 00:00
Himachal Pradesh,Bilaspur,Bilaspur,Apple,Fruits,0.3,4000,7000,5000,26-Oct-22,26-10-2022 00:00
Himachal Pradesh,Mandi,Dhanotu (Mandi),Royal Delicious,Fruits,0.8,2000,6000,4000,26-Oct-22,26-10-2022 00:00
Himachal Pradesh,Kangra,Kangra,Other,Fruits,1.4,3000,5000,4000,26-Oct-22,26-10-2022 00:00
Himachal Pradesh,Kangra,Kangra(Baijnath),Apple,Fruits,0.3,5000,6500,6000,26-Oct-22,26-10-2022 00:00
Himachal Pradesh,Kangra,Kangra(Jaisinghpur),Apple,Fruits,0.12,4000,7000,5500,26-Oct-22,26-10-2022 00:00
Himachal Pradesh,Kangra,Kangra(Nagrota Bagwan),American,Fruits,0.3,3000,5000,4000,26-Oct-22,26-10-2022 00:00
Himachal Pradesh,Mandi,Mandi(Mandi),Apple,Fruits,1.2,2000,9000,6000,26-Oct-22,26-10-2022 00:00
Himachal Pradesh,Kangra,Palampur,Kullu Royal Delicious,Fruits,1.5,4000,7000,5500,26-Oct-22,26-10-2022 00:00
Himachal Pradesh,Kangra,Palampur,Apple,Fruits,1.5,5000,7000,6000,26-Oct-22,26-10-2022 00:00
Himachal Pradesh,Shimla,Rohroo,Royal Delicious,Fruits,18.36,1500,6500,4000,26-Oct-22,26-10-2022 00:00
Himachal Pradesh,Shimla,Shimla,Royal Delicious,Fruits,3.0,1500,5500,4000,26-Oct-22,26-10-2022 00:00
Himachal Pradesh,Una,Una,Delicious,Fruits,4.4,3000,7000,5000,26-Oct-22,26-10-2022 00:00
Himachal Pradesh,Una,Una,Other,Fruits,4.4,3000,7000,5000,26-Oct-22,26-10-2022 00:00
Himachal Pradesh,Kullu,Kullu(Chauri Bihal),Apple,Fruits,0.9,1000,4200,3000,26-Oct-22,26-10-2022 00:00
West Bengal,Kolkata,Mechua,Apple,Fruits,136.0,6000,6800,6500,26-Oct-22,26-10-2022 00:00
NCT of Delhi,Delhi,Azadpur,Delicious,Fruits,2855.3,667,5000,2895,26-Oct-22,26-10-2022 00:00
NCT of Delhi,Delhi,Azadpur,Golden,Fruits,2855.3,3000,6000,4250,26-Oct-22,26-10-2022 00:00
NCT of Delhi,Delhi,Azadpur,Kullu Royal Delicious,Fruits,2855.3,1400,7000,3725,26-Oct-22,26-10-2022 00:00
NCT of Delhi,Delhi,Azadpur,Royal Delicious,Fruits,2855.3,2000,9000,5440,26-Oct-22,26-10-2022 00:00
Odisha,Mayurbhanja,Karanjia,Other,Fruits,0.06,15000,17000,16000,26-Oct-22,26-10-2022 00:00
Odisha,Mayurbhanja,Karanjia,Other,Fruits,0.06,13000,15000,14000,26-Oct-22,26-10-2022 00:00
West Bengal,Kolkata,Mechua,Apple,Fruits,136.0,5000,5600,5400,26-Oct-22,26-10-2022 00:00
West Bengal,Kolkata,Mechua,Apple,Fruits,134.8,7000,8000,8000,27-Oct-22,27-10-2022 00:00
West Bengal,Kolkata,Mechua,Apple,Fruits,134.8,6000,6700,6400,27-Oct-22,27-10-2022 00:00
Himachal Pradesh,Mandi,Dhanotu (Mandi),Royal Delicious,Fruits,0.7,4000,5500,4750,27-Oct-22,27-10-2022 00:00
Himachal Pradesh,Hamirpur,Hamirpur,Delicious,Fruits,1.0,6500,9000,7750,27-Oct-22,27-10-2022 00:00
Himachal Pradesh,Hamirpur,Hamirpur(Nadaun),Delicious,Fruits,0.52,6500,7500,7000,27-Oct-22,27-10-2022 00:00
Himachal Pradesh,Kangra,Kangra,Other,Fruits,0.8,3000,5000,4000,27-Oct-22,27-10-2022 00:00
Himachal Pradesh,Kangra,Kangra(Baijnath),Apple,Fruits,0.3,5000,7000,6000,27-Oct-22,27-10-2022 00:00
Himachal Pradesh,Kangra,Kangra(Jaisinghpur),Apple,Fruits,0.08,3500,7000,5250,27-Oct-22,27-10-2022 00:00
Himachal Pradesh,Kangra,Kangra(Nagrota Bagwan),American,Fruits,0.3,3000,5000,4000,27-Oct-22,27-10-2022 00:00
Himachal Pradesh,Mandi,Mandi(Mandi),Apple,Fruits,0.8,2000,9000,6000,27-Oct-22,27-10-2022 00:00
Himachal Pradesh,Sirmore,Nahan,Other,Fruits,0.5,5000,7000,6000,27-Oct-22,27-10-2022 00:00
Himachal Pradesh,Kangra,Palampur,Kullu Royal Delicious,Fruits,1.4,3500,8000,5750,27-Oct-22,27-10-2022 00:00
Himachal Pradesh,Kangra,Palampur,Apple,Fruits,1.4,5000,7000,6000,27-Oct-22,27-10-2022 00:00
Himachal Pradesh,Sirmore,Paonta Sahib,Kasmir/Shimla - II,Fruits,0.65,4000,6000,5000,27-Oct-22,27-10-2022 00:00
Himachal Pradesh,Shimla,Rohroo,Royal Delicious,Fruits,28.96,1500,5000,3000,27-Oct-22,27-10-2022 00:00
Himachal Pradesh,Shimla,Shimla,Golden,Fruits,3.2,1500,4000,2500,27-Oct-22,27-10-2022 00:00
Himachal Pradesh,Chamba,Chamba,Royal Delicious,Fruits,0.3,5000,6000,5500,27-Oct-22,27-10-2022 00:00
Himachal Pradesh,Shimla,Shimla,Royal Delicious,Fruits,3.2,2000,5500,4500,27-Oct-22,27-10-2022 00:00
Himachal Pradesh,Una,Una,Other,Fruits,3.0,4000,6000,5000,27-Oct-22,27-10-2022 00:00
Himachal Pradesh,Solan,Solan,Apple,Fruits,25.2,3000,9000,6000,27-Oct-22,27-10-2022 00:00
Himachal Pradesh,Bilaspur,Bilaspur,Apple,Fruits,0.3,4000,7000,5000,27-Oct-22,27-10-2022 00:00
Himachal Pradesh,Kullu,Bhuntar,Apple,Fruits,1.1,1000,4000,2000,27-Oct-22,27-10-2022 00:00
Himachal Pradesh,Kullu,Bandrol,Delicious,Fruits,0.4,1000,1800,1400,27-Oct-22,27-10-2022 00:00
NCT of Delhi,Delhi,Azadpur,Delicious,Fruits,1079.0,667,7000,3095,27-Oct-22,27-10-2022 00:00
NCT of Delhi,Delhi,Azadpur,Golden,Fruits,1079.0,3000,6000,4250,27-Oct-22,27-10-2022 00:00
NCT of Delhi,Delhi,Azadpur,Kullu Royal Delicious,Fruits,1079.0,1400,7000,3725,27-Oct-22,27-10-2022 00:00
NCT of Delhi,Delhi,Azadpur,Royal Delicious,Fruits,1079.0,2000,9000,5440,27-Oct-22,27-10-2022 00:00
Odisha,Mayurbhanja,Karanjia,Other,Fruits,0.06,15000,17000,16000,27-Oct-22,27-10-2022 00:00
Odisha,Mayurbhanja,Karanjia,Other,Fruits,0.06,13000,15000,14000,27-Oct-22,27-10-2022 00:00
West Bengal,Kolkata,Mechua,Apple,Fruits,134.8,5000,5800,5600,27-Oct-22,27-10-2022 00:00
West Bengal,Kolkata,Mechua,Apple,Fruits,137.5,7000,9000,8000,28-Oct-22,28-10-2022 00:00
West Bengal,Kolkata,Mechua,Apple,Fruits,137.5,6000,6800,6500,28-Oct-22,28-10-2022 00:00
Himachal Pradesh,Una,Una,Other,Fruits,4.0,3500,7000,5000,28-Oct-22,28-10-2022 00:00
Himachal Pradesh,Solan,Solan,Apple,Fruits,48.06,2000,7000,5000,28-Oct-22,28-10-2022 00:00
Himachal Pradesh,Shimla,Shimla,Royal Delicious,Fruits,4.0,2500,7500,4750,28-Oct-22,28-10-2022 00:00
Himachal Pradesh,Shimla,Rohroo,Royal Delicious,Fruits,24.2,1500,6000,3500,28-Oct-22,28-10-2022 00:00
Himachal Pradesh,Sirmore,Paonta Sahib,Kasmir/Shimla - II,Fruits,0.6,4000,6000,5000,28-Oct-22,28-10-2022 00:00
Himachal Pradesh,Kangra,Palampur,Apple,Fruits,1.2,5000,7000,6000,28-Oct-22,28-10-2022 00:00
Himachal Pradesh,Kangra,Palampur,Kullu Royal Delicious,Fruits,1.2,3500,8000,5750,28-Oct-22,28-10-2022 00:00
Himachal Pradesh,Sirmore,Nahan,Other,Fruits,0.35,4000,6000,5000,28-Oct-22,28-10-2022 00:00
Himachal Pradesh,Mandi,Mandi(Mandi),Apple,Fruits,0.9,3500,8000,6000,28-Oct-22,28-10-2022 00:00
Himachal Pradesh,Kullu,Kullu(Chauri Bihal),Apple,Fruits,0.3,1000,4000,2500,28-Oct-22,28-10-2022 00:00
Himachal Pradesh,Kangra,Kangra(Jaisinghpur),Apple,Fruits,0.12,3500,7000,5250,28-Oct-22,28-10-2022 00:00
Himachal Pradesh,Kangra,Kangra(Baijnath),Apple,Fruits,0.3,3000,6000,5000,28-Oct-22,28-10-2022 00:00
Himachal Pradesh,Kangra,Kangra,Other,Fruits,0.6,3000,6000,4500,28-Oct-22,28-10-2022 00:00
Himachal Pradesh,Hamirpur,Hamirpur(Nadaun),Other,Fruits,0.6,5000,8000,6500,28-Oct-22,28-10-2022 00:00
Himachal Pradesh,Hamirpur,Hamirpur,Royal Delicious,Fruits,0.9,5000,7000,6000,28-Oct-22,28-10-2022 00:00
Himachal Pradesh,Mandi,Dhanotu (Mandi),Royal Delicious,Fruits,0.9,1000,5000,3000,28-Oct-22,28-10-2022 00:00
Himachal Pradesh,Chamba,Chamba,Royal Delicious,Fruits,0.3,5000,6000,5500,28-Oct-22,28-10-2022 00:00
Himachal Pradesh,Kullu,Bhuntar,Apple,Fruits,0.4,1000,4000,2000,28-Oct-22,28-10-2022 00:00
Himachal Pradesh,Kullu,Bandrol,Delicious,Fruits,0.2,1000,2500,1700,28-Oct-22,28-10-2022 00:00
Himachal Pradesh,Bilaspur,Bilaspur,Apple,Fruits,0.3,4000,7000,4500,28-Oct-22,28-10-2022 00:00
Odisha,Mayurbhanja,Karanjia,Other,Fruits,0.05,13000,15000,14000,28-Oct-22,28-10-2022 00:00
Odisha,Mayurbhanja,Karanjia,Other,Fruits,0.05,15000,17000,16000,28-Oct-22,28-10-2022 00:00
NCT of Delhi,Delhi,Azadpur,Royal Delicious,Fruits,4319.8,2000,8000,5300,28-Oct-22,28-10-2022 00:00
NCT of Delhi,Delhi,Azadpur,Kullu Royal Delicious,Fruits,4319.8,1400,7000,3697,28-Oct-22,28-10-2022 00:00
NCT of Delhi,Delhi,Azadpur,Golden,Fruits,4319.8,2000,4500,3500,28-Oct-22,28-10-2022 00:00
NCT of Delhi,Delhi,Azadpur,Delicious,Fruits,4319.8,533,7000,2962,28-Oct-22,28-10-2022 00:00
West Bengal,Kolkata,Mechua,Apple,Fruits,137.5,5000,5800,5600,28-Oct-22,28-10-2022 00:00
West Bengal,Kolkata,Mechua,Apple,Fruits,135.6,7000,8000,8000,29-Oct-22,29-10-2022 00:00
West Bengal,Kolkata,Mechua,Apple,Fruits,135.6,6000,6400,6000,29-Oct-22,29-10-2022 00:00
Himachal Pradesh,Solan,Solan,Apple,Fruits,52.02,2500,5000,5000,29-Oct-22,29-10-2022 00:00
Himachal Pradesh,Shimla,Shimla,Royal Delicious,Fruits,4.0,2000,5500,3500,29-Oct-22,29-10-2022 00:00
Himachal Pradesh,Shimla,Rohroo,Royal Delicious,Fruits,17.0,1500,5000,3250,29-Oct-22,29-10-2022 00:00
Himachal Pradesh,Sirmore,Paonta Sahib,Kasmir/Shimla - II,Fruits,0.45,5000,7000,6000,29-Oct-22,29-10-2022 00:00
Himachal Pradesh,Kangra,Palampur,Apple,Fruits,1.4,5000,7000,6000,29-Oct-22,29-10-2022 00:00
Himachal Pradesh,Kangra,Palampur,Kullu Royal Delicious,Fruits,1.4,3500,8000,5750,29-Oct-22,29-10-2022 00:00
Himachal Pradesh,Una,Una,Other,Fruits,4.0,4000,10000,7000,29-Oct-22,29-10-2022 00:00
Himachal Pradesh,Sirmore,Nahan,Other,Fruits,0.2,4000,6000,5000,29-Oct-22,29-10-2022 00:00
Himachal Pradesh,Kangra,Kangra(Jaisinghpur),Apple,Fruits,0.1,3500,7000,5250,29-Oct-22,29-10-2022 00:00
Himachal Pradesh,Kangra,Kangra(Baijnath),Apple,Fruits,0.2,5000,7000,6000,29-Oct-22,29-10-2022 00:00
Himachal Pradesh,Kangra,Kangra,Other,Fruits,0.5,3000,6000,4500,29-Oct-22,29-10-2022 00:00
Himachal Pradesh,Hamirpur,Hamirpur(Nadaun),Other,Fruits,0.6,5000,8000,6500,29-Oct-22,29-10-2022 00:00
Himachal Pradesh,Hamirpur,Hamirpur,Royal Delicious,Fruits,0.8,5000,7000,6000,29-Oct-22,29-10-2022 00:00
Himachal Pradesh,Hamirpur,Hamirpur,Delicious,Fruits,0.8,7000,8000,7500,29-Oct-22,29-10-2022 00:00
Himachal Pradesh,Mandi,Mandi(Mandi),Apple,Fruits,0.6,2000,7800,6000,29-Oct-22,29-10-2022 00:00
Himachal Pradesh,Mandi,Dhanotu (Mandi),Royal Delicious,Fruits,0.8,2000,7000,4500,29-Oct-22,29-10-2022 00:00
Himachal Pradesh,Bilaspur,Bilaspur,Apple,Fruits,0.3,4000,7000,5500,29-Oct-22,29-10-2022 00:00
Odisha,Mayurbhanja,Karanjia,Other,Fruits,0.06,13000,15000,14000,29-Oct-22,29-10-2022 00:00
Odisha,Mayurbhanja,Karanjia,Other,Fruits,0.06,15000,17000,16000,29-Oct-22,29-10-2022 00:00
NCT of Delhi,Delhi,Azadpur,Royal Delicious,Fruits,3962.9,2000,8000,5300,29-Oct-22,29-10-2022 00:00
NCT of Delhi,Delhi,Azadpur,Kullu Royal Delicious,Fruits,3962.9,1400,7000,3697,29-Oct-22,29-10-2022 00:00
NCT of Delhi,Delhi,Azadpur,Golden,Fruits,3962.9,2000,4500,3500,29-Oct-22,29-10-2022 00:00
NCT of Delhi,Delhi,Azadpur,Delicious,Fruits,3962.9,533,7000,2962,29-Oct-22,29-10-2022 00:00
West Bengal,Kolkata,Mechua,Apple,Fruits,135.6,5000,5400,5400,29-Oct-22,29-10-2022 00:00
West Bengal,Kolkata,Mechua,Apple,Fruits,134.8,8000,8600,8000,30-Oct-22,30-10-2022 00:00
West Bengal,Kolkata,Mechua,Apple,Fruits,134.8,7000,7400,7000,30-Oct-22,30-10-2022 00:00
Himachal Pradesh,Shimla,Rohroo,Royal Delicious,Fruits,26.84,1500,6500,4000,30-Oct-22,30-10-2022 00:00
Himachal Pradesh,Kullu,Kullu(Chauri Bihal),Apple,Fruits,0.6,3500,4000,3800,30-Oct-22,30-10-2022 00:00
Himachal Pradesh,Kangra,Kangra(Baijnath),Apple,Fruits,0.2,4000,6000,5000,30-Oct-22,30-10-2022 00:00
Himachal Pradesh,Kullu,Bhuntar,Apple,Fruits,0.8,1000,4000,2500,30-Oct-22,30-10-2022 00:00
Himachal Pradesh,Kullu,Bandrol,Delicious,Fruits,0.7,1000,3200,2200,30-Oct-22,30-10-2022 00:00
Odisha,Mayurbhanja,Karanjia,Other,Fruits,0.06,13000,15000,14000,30-Oct-22,30-10-2022 00:00
Odisha,Mayurbhanja,Karanjia,Other,Fruits,0.06,15000,17000,16000,30-Oct-22,30-10-2022 00:00
West Bengal,Kolkata,Mechua,Apple,Fruits,134.8,5000,6400,6000,30-Oct-22,30-10-2022 00:00
West Bengal,Kolkata,Mechua,Apple,Fruits,134.5,7000,8000,8000,31-Oct-22,31-10-2022 00:00
West Bengal,Kolkata,Mechua,Apple,Fruits,134.5,6000,6500,6000,31-Oct-22,31-10-2022 00:00
Himachal Pradesh,Kangra,Palampur,Kullu Royal Delicious,Fruits,1.22,3000,7500,5250,31-Oct-22,31-10-2022 00:00
Himachal Pradesh,Kangra,Palampur,Apple,Fruits,1.22,5000,7000,6000,31-Oct-22,31-10-2022 00:00
Himachal Pradesh,Shimla,Rohroo,Royal Delicious,Fruits,10.66,1500,6250,3500,31-Oct-22,31-10-2022 00:00
Himachal Pradesh,Una,Santoshgarh,Other,Fruits,0.32,4000,8000,6000,31-Oct-22,31-10-2022 00:00
Himachal Pradesh,Shimla,Shimla,Golden,Fruits,3.0,1000,4750,2500,31-Oct-22,31-10-2022 00:00
Himachal Pradesh,Shimla,Shimla,Royal Delicious,Fruits,3.0,1500,5500,3750,31-Oct-22,31-10-2022 00:00
Himachal Pradesh,Solan,Solan,Apple,Fruits,18.72,2500,5500,5000,31-Oct-22,31-10-2022 00:00
Himachal Pradesh,Una,Una,Other,Fruits,4.5,4000,12000,8000,31-Oct-22,31-10-2022 00:00
Himachal Pradesh,Mandi,Mandi(Mandi),Apple,Fruits,0.9,2000,10000,6000,31-Oct-22,31-10-2022 00:00
Himachal Pradesh,Kullu,Kullu(Chauri Bihal),Apple,Fruits,0.7,1300,4000,3000,31-Oct-22,31-10-2022 00:00
Himachal Pradesh,Kangra,Kangra(Baijnath),Apple,Fruits,0.2,5000,7000,6000,31-Oct-22,31-10-2022 00:00
Himachal Pradesh,Kangra,Kangra(Jaisinghpur),Apple,Fruits,0.09,3500,7500,5500,31-Oct-22,31-10-2022 00:00
Himachal Pradesh,Kullu,Bhuntar,Apple,Fruits,0.6,1000,3000,1500,31-Oct-22,31-10-2022 00:00
Himachal Pradesh,Bilaspur,Bilaspur,Apple,Fruits,0.3,4000,7000,5500,31-Oct-22,31-10-2022 00:00
Himachal Pradesh,Chamba,Chamba,Royal Delicious,Fruits,0.2,6000,6500,6250,31-Oct-22,31-10-2022 00:00
Himachal Pradesh,Mandi,Dhanotu (Mandi),Royal Delicious,Fruits,1.0,2000,10000,6000,31-Oct-22,31-10-2022 00:00
Himachal Pradesh,Hamirpur,Hamirpur,Delicious,Fruits,0.9,7000,8000,7500,31-Oct-22,31-10-2022 00:00
Himachal Pradesh,Hamirpur,Hamirpur,Royal Delicious,Fruits,0.9,5000,7000,6000,31-Oct-22,31-10-2022 00:00
Himachal Pradesh,Hamirpur,Hamirpur(Nadaun),Other,Fruits,0.5,5000,8000,6500,31-Oct-22,31-10-2022 00:00
Himachal Pradesh,Kangra,Kangra,Other,Fruits,0.4,3000,6000,4500,31-Oct-22,31-10-2022 00:00
NCT of Delhi,Delhi,Azadpur,Delicious,Fruits,2979.9,533,7000,2962,31-Oct-22,31-10-2022 00:00
NCT of Delhi,Delhi,Azadpur,Golden,Fruits,2979.9,3000,6000,4250,31-Oct-22,31-10-2022 00:00
NCT of Delhi,Delhi,Azadpur,Kullu Royal Delicious,Fruits,2979.9,1400,7000,3697,31-Oct-22,31-10-2022 00:00
NCT of Delhi,Delhi,Azadpur,Royal Delicious,Fruits,2979.9,2000,8000,5300,31-Oct-22,31-10-2022 00:00
Odisha,Mayurbhanja,Karanjia,Other,Fruits,0.06,16000,18000,17000,31-Oct-22,31-10-2022 00:00
Odisha,Mayurbhanja,Karanjia,Other,Fruits,0.06,13000,15000,14000,31-Oct-22,31-10-2022 00:00
West Bengal,Kolkata,Mechua,Apple,Fruits,134.5,5000,5600,5600,31-Oct-22,31-10-2022 00:00
West Bengal,Kolkata,Mechua,Apple,Fruits,134.0,7000,8000,8000,01-Nov-22,01-11-2022 00:00
Himachal Pradesh,Hamirpur,Hamirpur,Royal Delicious,Fruits,0.9,7000,8000,7500,01-Nov-22,01-11-2022 00:00
Himachal Pradesh,Kangra,Kangra,Other,Fruits,0.5,4000,6000,5000,01-Nov-22,01-11-2022 00:00
Himachal Pradesh,Kangra,Kangra(Baijnath),Apple,Fruits,0.3,6000,7000,7000,01-Nov-22,01-11-2022 00:00
Himachal Pradesh,Kangra,Kangra(Jaisinghpur),Apple,Fruits,0.09,3500,7500,5500,01-Nov-22,01-11-2022 00:00
Himachal Pradesh,Mandi,Mandi(Mandi),Apple,Fruits,1.1,3000,8500,6000,01-Nov-22,01-11-2022 00:00
Himachal Pradesh,Sirmore,Nahan,Other,Fruits,0.35,4000,5000,4500,01-Nov-22,01-11-2022 00:00
Himachal Pradesh,Kangra,Palampur,Kullu Royal Delicious,Fruits,1.34,3000,7500,5250,01-Nov-22,01-11-2022 00:00
Himachal Pradesh,Kangra,Palampur,Apple,Fruits,1.34,5000,7000,6000,01-Nov-22,01-11-2022 00:00
Himachal Pradesh,Sirmore,Paonta Sahib,Kasmir/Shimla - II,Fruits,0.65,4000,6000,5000,01-Nov-22,01-11-2022 00:00
Himachal Pradesh,Una,Santoshgarh,Other,Fruits,0.32,4500,7500,6000,01-Nov-22,01-11-2022 00:00
Himachal Pradesh,Shimla,Shimla,Royal Delicious,Fruits,2.0,2000,5000,3000,01-Nov-22,01-11-2022 00:00
Himachal Pradesh,Una,Una,Other,Fruits,3.9,4000,12000,8000,01-Nov-22,01-11-2022 00:00
Himachal Pradesh,Hamirpur,Hamirpur,Delicious,Fruits,0.9,7000,8000,7500,01-Nov-22,01-11-2022 00:00
Himachal Pradesh,Mandi,Dhanotu (Mandi),Royal Delicious,Fruits,0.8,2000,8000,5000,01-Nov-22,01-11-2022 00:00
Himachal Pradesh,Chamba,Chamba,Royal Delicious,Fruits,0.1,6000,6500,6250,01-Nov-22,01-11-2022 00:00
Himachal Pradesh,Bilaspur,Bilaspur,Apple,Fruits,0.2,4000,7000,5500,01-Nov-22,01-11-2022 00:00
Himachal Pradesh,Kullu,Bhuntar,Apple,Fruits,0.6,1000,4000,2000,01-Nov-22,01-11-2022 00:00
NCT of Delhi,Delhi,Azadpur,Golden,Fruits,2202.2,3000,6000,4250,01-Nov-22,01-11-2022 00:00
NCT of Delhi,Delhi,Azadpur,Kullu Royal Delicious,Fruits,2202.2,1400,7000,3697,01-Nov-22,01-11-2022 00:00
NCT of Delhi,Delhi,Azadpur,Royal Delicious,Fruits,2202.2,2000,7500,5120,01-Nov-22,01-11-2022 00:00
Odisha,Mayurbhanja,Karanjia,Other,Fruits,0.07,15000,17000,16000,01-Nov-22,01-11-2022 00:00
Odisha,Mayurbhanja,Karanjia,Other,Fruits,0.07,13000,15000,14000,01-Nov-22,01-11-2022 00:00
NCT of Delhi,Delhi,Azadpur,Delicious,Fruits,2202.2,533,7000,2962,01-Nov-22,01-11-2022 00:00
West Bengal,Kolkata,Mechua,Apple,Fruits,134.0,6000,6600,6000,01-Nov-22,01-11-2022 00:00
West Bengal,Kolkata,Mechua,Apple,Fruits,134.0,5000,5800,5600,01-Nov-22,01-11-2022 00:00
West Bengal,Kolkata,Mechua,Apple,Fruits,134.8,7000,8400,7000,02-Nov-22,02-11-2022 00:00
West Bengal,Kolkata,Mechua,Apple,Fruits,134.8,6000,6500,6000,02-Nov-22,02-11-2022 00:00
Himachal Pradesh,Una,Una,Other,Fruits,3.6,4000,10000,7000,02-Nov-22,02-11-2022 00:00
Himachal Pradesh,Solan,Solan,Apple,Fruits,15.14,2500,6800,5000,02-Nov-22,02-11-2022 00:00
Himachal Pradesh,Shimla,Shimla,Royal Delicious,Fruits,3.2,2000,5500,3500,02-Nov-22,02-11-2022 00:00
Himachal Pradesh,Kangra,Palampur,Apple,Fruits,1.0,6000,7000,6500,02-Nov-22,02-11-2022 00:00
Himachal Pradesh,Kangra,Palampur,Kullu Royal Delicious,Fruits,1.0,3000,7500,5250,02-Nov-22,02-11-2022 00:00
Himachal Pradesh,Sirmore,Nahan,Other,Fruits,0.2,4000,6000,5000,02-Nov-22,02-11-2022 00:00
Himachal Pradesh,Mandi,Mandi(Mandi),Apple,Fruits,1.4,3000,8000,5000,02-Nov-22,02-11-2022 00:00
Himachal Pradesh,Kullu,Kullu(Chauri Bihal),Apple,Fruits,0.9,700,4000,2700,02-Nov-22,02-11-2022 00:00
Himachal Pradesh,Kangra,Kangra(Jaisinghpur),Apple,Fruits,0.08,3500,7500,5500,02-Nov-22,02-11-2022 00:00
Himachal Pradesh,Sirmore,Paonta Sahib,Kasmir/Shimla - II,Fruits,0.65,5000,6000,5500,02-Nov-22,02-11-2022 00:00
Himachal Pradesh,Kangra,Kangra,Other,Fruits,0.6,4000,6000,5000,02-Nov-22,02-11-2022 00:00
Himachal Pradesh,Hamirpur,Hamirpur(Nadaun),Other,Fruits,0.6,7000,8000,7500,02-Nov-22,02-11-2022 00:00
Himachal Pradesh,Hamirpur,Hamirpur,Royal Delicious,Fruits,0.8,7000,8000,7500,02-Nov-22,02-11-2022 00:00
Himachal Pradesh,Mandi,Dhanotu (Mandi),Royal Delicious,Fruits,0.9,2000,9000,5500,02-Nov-22,02-11-2022 00:00
Himachal Pradesh,Bilaspur,Bilaspur,Apple,Fruits,0.6,4000,7000,5000,02-Nov-22,02-11-2022 00:00
Himachal Pradesh,Kullu,Bhuntar,Apple,Fruits,1.2,1000,4000,2000,02-Nov-22,02-11-2022 00:00
Odisha,Mayurbhanja,Karanjia,Other,Fruits,0.06,13000,15000,14000,02-Nov-22,02-11-2022 00:00
Odisha,Mayurbhanja,Karanjia,Other,Fruits,0.06,15000,17000,16000,02-Nov-22,02-11-2022 00:00
NCT of Delhi,Delhi,Azadpur,Royal Delicious,Fruits,3896.9,1600,8000,4820,02-Nov-22,02-11-2022 00:00
NCT of Delhi,Delhi,Azadpur,Kullu Royal Delicious,Fruits,3896.9,1400,7000,3282,02-Nov-22,02-11-2022 00:00
NCT of Delhi,Delhi,Azadpur,Golden,Fruits,3896.9,2000,5000,3250,02-Nov-22,02-11-2022 00:00
NCT of Delhi,Delhi,Azadpur,Delicious,Fruits,3896.9,533,6000,2758,02-Nov-22,02-11-2022 00:00
West Bengal,Kolkata,Mechua,Apple,Fruits,134.8,5000,5800,5600,02-Nov-22,02-11-2022 00:00
West Bengal,Kolkata,Mechua,Apple,Fruits,134.6,7000,8000,8000,03-Nov-22,03-11-2022 00:00
Himachal Pradesh,Solan,Solan,Apple,Fruits,30.24,2500,6500,5000,03-Nov-22,03-11-2022 00:00
Himachal Pradesh,Una,Una,Other,Fruits,3.3,4000,11000,7500,03-Nov-22,03-11-2022 00:00
Himachal Pradesh,Kangra,Palampur,Apple,Fruits,1.1,4000,7500,6000,03-Nov-22,03-11-2022 00:00
Himachal Pradesh,Mandi,Mandi(Mandi),Apple,Fruits,0.9,3000,5000,4000,03-Nov-22,03-11-2022 00:00
Himachal Pradesh,Kullu,Kullu(Chauri Bihal),Apple,Fruits,0.5,1000,3000,2000,03-Nov-22,03-11-2022 00:00
Himachal Pradesh,Kangra,Kangra(Jaisinghpur),Apple,Fruits,0.07,4000,7500,5800,03-Nov-22,03-11-2022 00:00
Himachal Pradesh,Kangra,Kangra,Other,Fruits,0.6,4000,6000,5000,03-Nov-22,03-11-2022 00:00
Himachal Pradesh,Mandi,Dhanotu (Mandi),Royal Delicious,Fruits,1.0,2000,8000,5000,03-Nov-22,03-11-2022 00:00
Himachal Pradesh,Chamba,Chamba,Royal Delicious,Fruits,0.2,5500,6000,5750,03-Nov-22,03-11-2022 00:00
Himachal Pradesh,Bilaspur,Bilaspur,Apple,Fruits,0.6,4000,7000,5000,03-Nov-22,03-11-2022 00:00
Himachal Pradesh,Kullu,Bhuntar,Apple,Fruits,0.8,1000,4000,2000,03-Nov-22,03-11-2022 00:00
NCT of Delhi,Delhi,Azadpur,Delicious,Fruits,3693.6,533,5600,2738,03-Nov-22,03-11-2022 00:00
NCT of Delhi,Delhi,Azadpur,Kullu Royal Delicious,Fruits,3693.6,1400,7000,3372,03-Nov-22,03-11-2022 00:00
NCT of Delhi,Delhi,Azadpur,Royal Delicious,Fruits,3693.6,1600,8000,4780,03-Nov-22,03-11-2022 00:00
West Bengal,Kolkata,Mechua,Apple,Fruits,134.6,6000,6400,6000,03-Nov-22,03-11-2022 00:00
West Bengal,Kolkata,Mechua,Apple,Fruits,134.6,5000,5600,5400,03-Nov-22,03-11-2022 00:00
West Bengal,Kolkata,Mechua,Apple,Fruits,133.0,7000,8000,7400,04-Nov-22,04-11-2022 00:00
West Bengal,Kolkata,Mechua,Apple,Fruits,133.0,6000,6400,6000,04-Nov-22,04-11-2022 00:00
Himachal Pradesh,Una,Una,Other,Fruits,3.5,4000,10000,7000,04-Nov-22,04-11-2022 00:00
Himachal Pradesh,Solan,Solan,Apple,Fruits,8.02,2500,9000,5000,04-Nov-22,04-11-2022 00:00
Himachal Pradesh,Shimla,Shimla,Royal Delicious,Fruits,0.4,2000,5500,3500,04-Nov-22,04-11-2022 00:00
Himachal Pradesh,Sirmore,Paonta Sahib,Kasmir/Shimla - II,Fruits,0.85,5000,6000,5500,04-Nov-22,04-11-2022 00:00
Himachal Pradesh,Kangra,Palampur,Apple,Fruits,0.8,6000,7000,6500,04-Nov-22,04-11-2022 00:00
Himachal Pradesh,Kangra,Palampur,Kullu Royal Delicious,Fruits,0.8,5000,7000,6000,04-Nov-22,04-11-2022 00:00
Himachal Pradesh,Sirmore,Nahan,Other,Fruits,0.25,4000,5000,4500,04-Nov-22,04-11-2022 00:00
Himachal Pradesh,Mandi,Mandi(Mandi),Apple,Fruits,1.2,3300,8500,6000,04-Nov-22,04-11-2022 00:00
Himachal Pradesh,Kullu,Kullu(Chauri Bihal),Apple,Fruits,0.4,2000,4300,3000,04-Nov-22,04-11-2022 00:00
Himachal Pradesh,Kangra,Kangra(Jaisinghpur),Apple,Fruits,0.05,5000,7000,6000,04-Nov-22,04-11-2022 00:00
Himachal Pradesh,Hamirpur,Hamirpur(Nadaun),Other,Fruits,0.6,7000,8000,7500,04-Nov-22,04-11-2022 00:00
Himachal Pradesh,Kangra,Kangra,Other,Fruits,0.6,3000,4000,3500,04-Nov-22,04-11-2022 00:00
Himachal Pradesh,Hamirpur,Hamirpur,Royal Delicious,Fruits,0.9,7000,8000,7500,04-Nov-22,04-11-2022 00:00
Himachal Pradesh,Mandi,Dhanotu (Mandi),Royal Delicious,Fruits,0.7,4000,8000,6000,04-Nov-22,04-11-2022 00:00
Himachal Pradesh,Bilaspur,Bilaspur,Apple,Fruits,0.4,4000,7000,5000,04-Nov-22,04-11-2022 00:00
Himachal Pradesh,Kullu,Bhuntar,Apple,Fruits,1.4,1000,4500,2500,04-Nov-22,04-11-2022 00:00
Odisha,Mayurbhanja,Karanjia,Other,Fruits,0.05,13000,15000,14000,04-Nov-22,04-11-2022 00:00
Odisha,Mayurbhanja,Karanjia,Other,Fruits,0.05,15000,17000,16000,04-Nov-22,04-11-2022 00:00
NCT of Delhi,Delhi,Azadpur,Royal Delicious,Fruits,2944.6,1600,8000,4740,04-Nov-22,04-11-2022 00:00
NCT of Delhi,Delhi,Azadpur,Kullu Royal Delicious,Fruits,2944.6,1400,7000,3372,04-Nov-22,04-11-2022 00:00
NCT of Delhi,Delhi,Azadpur,Delicious,Fruits,2944.6,533,5600,2738,04-Nov-22,04-11-2022 00:00
West Bengal,Kolkata,Mechua,Apple,Fruits,133.0,5000,5600,5400,04-Nov-22,04-11-2022 00:00
West Bengal,Kolkata,Mechua,Apple,Fruits,133.6,7000,8000,8000,05-Nov-22,05-11-2022 00:00
Himachal Pradesh,Solan,Solan,Apple,Fruits,23.0,2500,9000,5000,05-Nov-22,05-11-2022 00:00
Himachal Pradesh,Shimla,Shimla,Royal Delicious,Fruits,2.6,2000,5500,3500,05-Nov-22,05-11-2022 00:00
Himachal Pradesh,Sirmore,Paonta Sahib,Kasmir/Shimla - II,Fruits,0.6,4000,6000,5000,05-Nov-22,05-11-2022 00:00
Himachal Pradesh,Kangra,Palampur,Kullu Royal Delicious,Fruits,0.7,5000,7000,6000,05-Nov-22,05-11-2022 00:00
Himachal Pradesh,Kangra,Palampur,Apple,Fruits,0.7,6000,8000,7000,05-Nov-22,05-11-2022 00:00
Himachal Pradesh,Mandi,Dhanotu (Mandi),Royal Delicious,Fruits,0.6,4000,6000,5000,05-Nov-22,05-11-2022 00:00
Himachal Pradesh,Hamirpur,Hamirpur,Royal Delicious,Fruits,0.8,7000,8000,7500,05-Nov-22,05-11-2022 00:00
Himachal Pradesh,Hamirpur,Hamirpur(Nadaun),Other,Fruits,0.6,7000,8000,7500,05-Nov-22,05-11-2022 00:00
Himachal Pradesh,Kangra,Kangra,Other,Fruits,0.6,3000,6000,4500,05-Nov-22,05-11-2022 00:00
Himachal Pradesh,Kangra,Kangra(Jaisinghpur),Apple,Fruits,0.08,5000,7500,6250,05-Nov-22,05-11-2022 00:00
Himachal Pradesh,Mandi,Mandi(Mandi),Apple,Fruits,0.8,3000,8000,6000,05-Nov-22,05-11-2022 00:00
Odisha,Mayurbhanja,Karanjia,Other,Fruits,0.07,13000,15000,14000,05-Nov-22,05-11-2022 00:00
Odisha,Mayurbhanja,Karanjia,Other,Fruits,0.07,15000,17000,16000,05-Nov-22,05-11-2022 00:00
NCT of Delhi,Delhi,Azadpur,Royal Delicious,Fruits,4397.0,1600,8000,4740,05-Nov-22,05-11-2022 00:00
NCT of Delhi,Delhi,Azadpur,Kullu Royal Delicious,Fruits,4397.0,1400,7000,3372,05-Nov-22,05-11-2022 00:00
NCT of Delhi,Delhi,Azadpur,Delicious,Fruits,4397.0,533,5600,2705,05-Nov-22,05-11-2022 00:00
West Bengal,Kolkata,Mechua,Apple,Fruits,133.6,6000,6400,6400,05-Nov-22,05-11-2022 00:00
West Bengal,Kolkata,Mechua,Apple,Fruits,133.6,5000,5600,5400,05-Nov-22,05-11-2022 00:00
West Bengal,Kolkata,Mechua,Apple,Fruits,133.0,7000,8000,8000,06-Nov-22,06-11-2022 00:00
West Bengal,Kolkata,Mechua,Apple,Fruits,133.0,6000,6400,6400,06-Nov-22,06-11-2022 00:00
Himachal Pradesh,Kullu,Kullu(Chauri Bihal),Apple,Fruits,0.3,1500,2500,2000,06-Nov-22,06-11-2022 00:00
Himachal Pradesh,Kullu,Bhuntar,Apple,Fruits,0.4,2000,4500,3200,06-Nov-22,06-11-2022 00:00
Odisha,Mayurbhanja,Karanjia,Other,Fruits,0.06,13000,15000,14000,06-Nov-22,06-11-2022 00:00
Odisha,Mayurbhanja,Karanjia,Other,Fruits,0.06,15000,17000,16000,06-Nov-22,06-11-2022 00:00
West Bengal,Kolkata,Mechua,Apple,Fruits,133.0,5000,5800,5400,06-Nov-22,06-11-2022 00:00
West Bengal,Kolkata,Mechua,Apple,Fruits,130.0,7000,8000,8000,07-Nov-22,07-11-2022 00:00
Himachal Pradesh,Kangra,Kangra(Baijnath),Apple,Fruits,0.4,5000,7000,6000,07-Nov-22,07-11-2022 00:00
Himachal Pradesh,Kangra,Kangra(Jaisinghpur),Apple,Fruits,0.08,5000,7500,6250,07-Nov-22,07-11-2022 00:00
Himachal Pradesh,Kullu,Kullu(Chauri Bihal),Apple,Fruits,0.2,1200,4000,3200,07-Nov-22,07-11-2022 00:00
Himachal Pradesh,Mandi,Mandi(Mandi),Apple,Fruits,1.4,3200,8000,6000,07-Nov-22,07-11-2022 00:00
Himachal Pradesh,Kangra,Palampur,Kullu Royal Delicious,Fruits,0.84,5000,7000,6000,07-Nov-22,07-11-2022 00:00
Himachal Pradesh,Kangra,Palampur,Apple,Fruits,0.84,6000,8000,7000,07-Nov-22,07-11-2022 00:00
Himachal Pradesh,Sirmore,Paonta Sahib,Kasmir/Shimla - II,Fruits,0.65,5000,6000,5500,07-Nov-22,07-11-2022 00:00
Himachal Pradesh,Shimla,Shimla,Royal Delicious,Fruits,1.4,2000,5000,3000,07-Nov-22,07-11-2022 00:00
Himachal Pradesh,Solan,Solan,Apple,Fruits,14.76,2500,5500,5000,07-Nov-22,07-11-2022 00:00
Himachal Pradesh,Una,Una,Other,Fruits,4.8,4000,10000,7000,07-Nov-22,07-11-2022 00:00
Himachal Pradesh,Kangra,Kangra,Other,Fruits,0.7,3000,6000,4500,07-Nov-22,07-11-2022 00:00
Himachal Pradesh,Hamirpur,Hamirpur(Nadaun),Other,Fruits,0.5,7000,8000,7500,07-Nov-22,07-11-2022 00:00
Himachal Pradesh,Hamirpur,Hamirpur,Other,Fruits,1.0,7000,8000,7500,07-Nov-22,07-11-2022 00:00
Himachal Pradesh,Mandi,Dhanotu (Mandi),Royal Delicious,Fruits,0.8,1500,5000,3250,07-Nov-22,07-11-2022 00:00
Himachal Pradesh,Bilaspur,Bilaspur,Apple,Fruits,0.4,4000,7000,5000,07-Nov-22,07-11-2022 00:00
West Bengal,Kolkata,Mechua,Apple,Fruits,130.0,6000,6800,6500,07-Nov-22,07-11-2022 00:00
Odisha,Mayurbhanja,Karanjia,Other,Fruits,0.04,13000,15000,14000,07-Nov-22,07-11-2022 00:00
Odisha,Mayurbhanja,Karanjia,Other,Fruits,0.04,15000,17000,16000,07-Nov-22,07-11-2022 00:00
NCT of Delhi,Delhi,Azadpur,Royal Delicious,Fruits,2881.7,1600,8000,4617,07-Nov-22,07-11-2022 00:00
NCT of Delhi,Delhi,Azadpur,Kullu Royal Delicious,Fruits,2881.7,1300,6500,3327,07-Nov-22,07-11-2022 00:00
NCT of Delhi,Delhi,Azadpur,Delicious,Fruits,2881.7,533,5000,2586,07-Nov-22,07-11-2022 00:00
West Bengal,Kolkata,Mechua,Apple,Fruits,130.0,5000,5800,5600,07-Nov-22,07-11-2022 00:00
West Bengal,Kolkata,Mechua,Apple,Fruits,133.4,7000,8000,8000,08-Nov-22,08-11-2022 00:00
Himachal Pradesh,Hamirpur,Hamirpur(Nadaun),Other,Fruits,0.6,7000,8000,7500,08-Nov-22,08-11-2022 00:00
Himachal Pradesh,Kangra,Kangra(Baijnath),Apple,Fruits,0.1,6000,7000,7000,08-Nov-22,08-11-2022 00:00
Himachal Pradesh,Mandi,Mandi(Mandi),Apple,Fruits,0.3,3000,7000,5000,08-Nov-22,08-11-2022 00:00
Himachal Pradesh,Una,Santoshgarh,Other,Fruits,0.3,4200,8000,6100,08-Nov-22,08-11-2022 00:00
Himachal Pradesh,Una,Una,Other,Fruits,3.4,4000,12000,8000,08-Nov-22,08-11-2022 00:00
Himachal Pradesh,Hamirpur,Hamirpur,Other,Fruits,0.8,7000,8000,7500,08-Nov-22,08-11-2022 00:00
Himachal Pradesh,Mandi,Dhanotu (Mandi),Royal Delicious,Fruits,0.9,4000,5000,4500,08-Nov-22,08-11-2022 00:00
Himachal Pradesh,Chamba,Chamba,Royal Delicious,Fruits,0.2,5500,6000,5750,08-Nov-22,08-11-2022 00:00
West Bengal,Kolkata,Mechua,Apple,Fruits,133.4,6000,6500,6400,08-Nov-22,08-11-2022 00:00
NCT of Delhi,Delhi,Azadpur,Delicious,Fruits,3101.5,533,5000,2586,08-Nov-22,08-11-2022 00:00
NCT of Delhi,Delhi,Azadpur,Kullu Royal Delicious,Fruits,3101.5,1300,6500,3327,08-Nov-22,08-11-2022 00:00
NCT of Delhi,Delhi,Azadpur,Royal Delicious,Fruits,3101.5,1600,8000,4617,08-Nov-22,08-11-2022 00:00
West Bengal,Kolkata,Mechua,Apple,Fruits,133.4,5000,5600,5400,08-Nov-22,08-11-2022 00:00
West Bengal,Kolkata,Mechua,Apple,Fruits,140.0,7000,8000,7600,09-Nov-22,09-11-2022 00:00
West Bengal,Kolkata,Mechua,Apple,Fruits,140.0,6000,6400,6400,09-Nov-22,09-11-2022 00:00
Himachal Pradesh,Hamirpur,Hamirpur(Nadaun),Other,Fruits,0.6,7000,8000,7500,09-Nov-22,09-11-2022 00:00
Himachal Pradesh,Kangra,Kangra,Other,Fruits,0.6,3000,6000,4500,09-Nov-22,09-11-2022 00:00
Himachal Pradesh,Kangra,Kangra(Baijnath),Apple,Fruits,0.2,5000,7000,6000,09-Nov-22,09-11-2022 00:00
Himachal Pradesh,Kangra,Kangra(Jaisinghpur),Apple,Fruits,0.04,6500,7500,7000,09-Nov-22,09-11-2022 00:00
Himachal Pradesh,Kullu,Kullu(Chauri Bihal),Apple,Fruits,0.6,3000,4000,3500,09-Nov-22,09-11-2022 00:00
Himachal Pradesh,Mandi,Mandi(Mandi),Apple,Fruits,0.6,3000,7500,5000,09-Nov-22,09-11-2022 00:00
Himachal Pradesh,Sirmore,Nahan,Other,Fruits,0.2,4000,6000,5000,09-Nov-22,09-11-2022 00:00
Himachal Pradesh,Kangra,Palampur,Apple,Fruits,0.5,6000,8000,7000,09-Nov-22,09-11-2022 00:00
Himachal Pradesh,Sirmore,Paonta Sahib,Kasmir/Shimla - II,Fruits,0.55,4000,6000,5000,09-Nov-22,09-11-2022 00:00
Himachal Pradesh,Una,Santoshgarh,Other,Fruits,0.33,4000,7500,5750,09-Nov-22,09-11-2022 00:00
Himachal Pradesh,Shimla,Shimla,Royal Delicious,Fruits,1.8,1500,5000,2750,09-Nov-22,09-11-2022 00:00
Himachal Pradesh,Solan,Solan,Apple,Fruits,32.0,2500,6500,5000,09-Nov-22,09-11-2022 00:00
Himachal Pradesh,Una,Una,Other,Fruits,4.0,5000,10000,7500,09-Nov-22,09-11-2022 00:00
Himachal Pradesh,Hamirpur,Hamirpur,Royal Delicious,Fruits,1.0,7000,8000,7500,09-Nov-22,09-11-2022 00:00
Himachal Pradesh,Mandi,Dhanotu (Mandi),Royal Delicious,Fruits,1.0,4000,5000,4500,09-Nov-22,09-11-2022 00:00
Himachal Pradesh,Bilaspur,Bilaspur,Apple,Fruits,0.2,4000,7000,7000,09-Nov-22,09-11-2022 00:00
Himachal Pradesh,Chamba,Chamba,Royal Delicious,Fruits,0.2,5500,6000,5750,09-Nov-22,09-11-2022 00:00
NCT of Delhi,Delhi,Azadpur,Royal Delicious,Fruits,1540.7,1600,8000,4617,09-Nov-22,09-11-2022 00:00
NCT of Delhi,Delhi,Azadpur,Kullu Royal Delicious,Fruits,1540.7,1300,6500,3327,09-Nov-22,09-11-2022 00:00
NCT of Delhi,Delhi,Azadpur,Delicious,Fruits,1540.7,533,5000,2586,09-Nov-22,09-11-2022 00:00
West Bengal,Kolkata,Mechua,Apple,Fruits,140.0,5000,5600,5600,09-Nov-22,09-11-2022 00:00
Himachal Pradesh,Sirmore,Paonta Sahib,Kasmir/Shimla - II,Fruits,0.56,4000,5000,5000,10-Nov-22,10-11-2022 00:00
Himachal Pradesh,Solan,Solan,Apple,Fruits,0.98,2500,5000,4000,10-Nov-22,10-11-2022 00:00
Himachal Pradesh,Una,Una,Other,Fruits,3.8,4000,12000,8000,10-Nov-22,10-11-2022 00:00
Himachal Pradesh,Kangra,Palampur,Apple,Fruits,0.8,5000,6000,5500,10-Nov-22,10-11-2022 00:00
Himachal Pradesh,Sirmore,Nahan,Other,Fruits,0.25,4000,6000,5000,10-Nov-22,10-11-2022 00:00
Himachal Pradesh,Kangra,Kangra,Other,Fruits,0.6,3000,6000,4500,10-Nov-22,10-11-2022 00:00
Himachal Pradesh,Bilaspur,Bilaspur,Apple,Fruits,0.4,4000,7000,5500,10-Nov-22,10-11-2022 00:00
Himachal Pradesh,Chamba,Chamba,Royal Delicious,Fruits,0.2,6000,6500,6250,10-Nov-22,10-11-2022 00:00
Himachal Pradesh,Mandi,Dhanotu (Mandi),Royal Delicious,Fruits,0.7,5000,5000,5000,10-Nov-22,10-11-2022 00:00
Himachal Pradesh,Hamirpur,Hamirpur,Other,Fruits,0.8,7000,8000,7500,10-Nov-22,10-11-2022 00:00
Himachal Pradesh,Hamirpur,Hamirpur(Nadaun),Other,Fruits,0.6,7000,8000,7500,10-Nov-22,10-11-2022 00:00
Himachal Pradesh,Kangra,Kangra(Jaisinghpur),Apple,Fruits,0.07,5000,6000,5500,10-Nov-22,10-11-2022 00:00
NCT of Delhi,Delhi,Azadpur,Delicious,Fruits,2022.0,533,5000,2586,10-Nov-22,10-11-2022 00:00
NCT of Delhi,Delhi,Azadpur,Kullu Royal Delicious,Fruits,2022.0,1300,6500,3327,10-Nov-22,10-11-2022 00:00
NCT of Delhi,Delhi,Azadpur,Royal Delicious,Fruits,2022.0,1600,8000,4617,10-Nov-22,10-11-2022 00:00
Himachal Pradesh,Bilaspur,Bilaspur,Apple,Fruits,0.4,4000,7000,5500,11-Nov-22,11-11-2022 00:00
Himachal Pradesh,Chamba,Chamba,Royal Delicious,Fruits,0.16,6000,6500,6250,11-Nov-22,11-11-2022 00:00
Himachal Pradesh,Mandi,Dhanotu (Mandi),Royal Delicious,Fruits,0.5,2000,5000,3500,11-Nov-22,11-11-2022 00:00
Himachal Pradesh,Hamirpur,Hamirpur,Other,Fruits,0.85,7000,8000,7500,11-Nov-22,11-11-2022 00:00
Himachal Pradesh,Hamirpur,Hamirpur(Nadaun),Other,Fruits,0.6,7000,8000,7500,11-Nov-22,11-11-2022 00:00
Himachal Pradesh,Kangra,Kangra,Other,Fruits,0.7,3000,6000,4500,11-Nov-22,11-11-2022 00:00
Himachal Pradesh,Kangra,Kangra(Baijnath),Apple,Fruits,0.2,5000,7000,6000,11-Nov-22,11-11-2022 00:00
Himachal Pradesh,Kangra,Kangra(Jaisinghpur),Apple,Fruits,0.14,6500,7000,6750,11-Nov-22,11-11-2022 00:00
Himachal Pradesh,Mandi,Mandi(Mandi),Apple,Fruits,0.6,3000,4500,4000,11-Nov-22,11-11-2022 00:00
Himachal Pradesh,Kangra,Palampur,Apple,Fruits,0.6,6000,7000,6500,11-Nov-22,11-11-2022 00:00
Himachal Pradesh,Sirmore,Paonta Sahib,Kasmir/Shimla - II,Fruits,0.6,4000,5000,4500,11-Nov-22,11-11-2022 00:00
Himachal Pradesh,Shimla,Shimla,Royal Delicious,Fruits,0.8,2000,2500,2100,11-Nov-22,11-11-2022 00:00
Himachal Pradesh,Solan,Solan,Apple,Fruits,1.42,2500,5500,5000,11-Nov-22,11-11-2022 00:00
Himachal Pradesh,Una,Una,Other,Fruits,3.8,4500,12000,8500,11-Nov-22,11-11-2022 00:00
West Bengal,Kolkata,Mechua,Apple,Fruits,130.0,6400,8000,7000,12-Nov-22,12-11-2022 00:00
West Bengal,Kolkata,Mechua,Apple,Fruits,130.0,5000,6000,5600,12-Nov-22,12-11-2022 00:00
West Bengal,Kolkata,Mechua,Apple,Fruits,130.0,4000,4800,4600,12-Nov-22,12-11-2022 00:00
Himachal Pradesh,Bilaspur,Bilaspur,Apple,Fruits,0.2,4000,7000,5000,13-Nov-22,13-11-2022 00:00
West Bengal,Kolkata,Mechua,Apple,Fruits,128.0,6500,8000,7000,13-Nov-22,13-11-2022 00:00
West Bengal,Kolkata,Mechua,Apple,Fruits,128.0,5000,6000,5600,13-Nov-22,13-11-2022 00:00
West Bengal,Kolkata,Mechua,Apple,Fruits,128.0,4000,5800,4600,13-Nov-22,13-11-2022 00:00
Himachal Pradesh,Bilaspur,Bilaspur,Apple,Fruits,0.4,4000,7000,5000,14-Nov-22,14-11-2022 00:00
Himachal Pradesh,Chamba,Chamba,Royal Delicious,Fruits,0.2,6000,6500,6250,14-Nov-22,14-11-2022 00:00
Himachal Pradesh,Mandi,Dhanotu (Mandi),Royal Delicious,Fruits,0.5,3000,8000,5500,14-Nov-22,14-11-2022 00:00
Himachal Pradesh,Hamirpur,Hamirpur,Delicious,Fruits,0.7,7000,8000,7500,14-Nov-22,14-11-2022 00:00
Himachal Pradesh,Hamirpur,Hamirpur,Royal Delicious,Fruits,0.7,6000,7000,6500,14-Nov-22,14-11-2022 00:00
Himachal Pradesh,Hamirpur,Hamirpur(Nadaun),Other,Fruits,0.5,6000,7000,6500,14-Nov-22,14-11-2022 00:00
Himachal Pradesh,Kangra,Kangra,Other,Fruits,0.7,4000,7000,5500,14-Nov-22,14-11-2022 00:00
Himachal Pradesh,Kangra,Kangra(Baijnath),Apple,Fruits,0.2,5000,6000,6000,14-Nov-22,14-11-2022 00:00
Himachal Pradesh,Kangra,Kangra(Jaisinghpur),Apple,Fruits,0.06,7000,7500,7250,14-Nov-22,14-11-2022 00:00
Himachal Pradesh,Mandi,Mandi(Mandi),Apple,Fruits,1.8,3000,11000,8000,14-Nov-22,14-11-2022 00:00
Himachal Pradesh,Kangra,Palampur,Apple,Fruits,0.8,6000,7500,6750,14-Nov-22,14-11-2022 00:00
Himachal Pradesh,Sirmore,Paonta Sahib,Kasmir/Shimla - II,Fruits,0.52,5000,6000,5500,14-Nov-22,14-11-2022 00:00
Himachal Pradesh,Shimla,Shimla,Royal Delicious,Fruits,1.6,2500,5500,3250,14-Nov-22,14-11-2022 00:00
Himachal Pradesh,Solan,Solan,Apple,Fruits,30.44,2500,5500,5000,14-Nov-22,14-11-2022 00:00
Himachal Pradesh,Una,Una,Other,Fruits,3.1,5000,10000,7500,14-Nov-22,14-11-2022 00:00
Odisha,Mayurbhanja,Karanjia,Other,Fruits,0.06,15000,17000,16000,14-Nov-22,14-11-2022 00:00
Odisha,Mayurbhanja,Karanjia,Other,Fruits,0.06,13000,15000,14000,14-Nov-22,14-11-2022 00:00
West Bengal,Kolkata,Mechua,Apple,Fruits,134.0,6400,8000,7000,14-Nov-22,14-11-2022 00:00
West Bengal,Kolkata,Mechua,Apple,Fruits,134.0,5000,6000,5600,14-Nov-22,14-11-2022 00:00
West Bengal,Kolkata,Mechua,Apple,Fruits,134.0,4000,4600,4600,14-Nov-22,14-11-2022 00:00
Himachal Pradesh,Bilaspur,Bilaspur,Apple,Fruits,0.4,4000,7000,5000,15-Nov-22,15-11-2022 00:00
Himachal Pradesh,Chamba,Chamba,Royal Delicious,Fruits,0.76,5500,6000,5750,15-Nov-22,15-11-2022 00:00
Himachal Pradesh,Hamirpur,Hamirpur,Delicious,Fruits,0.7,7000,8000,7500,15-Nov-22,15-11-2022 00:00
Himachal Pradesh,Hamirpur,Hamirpur,Other,Fruits,0.7,6000,7000,6500,15-Nov-22,15-11-2022 00:00
Himachal Pradesh,Hamirpur,Hamirpur(Nadaun),Other,Fruits,0.5,6000,7000,6500,15-Nov-22,15-11-2022 00:00
Himachal Pradesh,Kangra,Kangra,Other,Fruits,0.8,4000,7000,5500,15-Nov-22,15-11-2022 00:00
Himachal Pradesh,Kangra,Kangra(Baijnath),Apple,Fruits,0.3,4000,6500,5000,15-Nov-22,15-11-2022 00:00
Himachal Pradesh,Kangra,Kangra(Jaisinghpur),Apple,Fruits,0.05,7000,7500,7250,15-Nov-22,15-11-2022 00:00
Himachal Pradesh,Sirmore,Nahan,Other,Fruits,0.25,3500,5000,4000,15-Nov-22,15-11-2022 00:00
Himachal Pradesh,Kangra,Palampur,Apple,Fruits,0.8,6000,7500,6750,15-Nov-22,15-11-2022 00:00
Himachal Pradesh,Solan,Solan,Apple,Fruits,0.26,2500,5500,5000,15-Nov-22,15-11-2022 00:00
Himachal Pradesh,Una,Una,Other,Fruits,3.2,4500,11000,8000,15-Nov-22,15-11-2022 00:00
NCT of Delhi,Delhi,Azadpur,Delicious,Fruits,2634.6,533,6000,3620,15-Nov-22,15-11-2022 00:00
NCT of Delhi,Delhi,Azadpur,Kullu Royal Delicious,Fruits,2634.6,1300,6500,3327,15-Nov-22,15-11-2022 00:00
NCT of Delhi,Delhi,Azadpur,Royal Delicious,Fruits,2634.6,1600,8000,4617,15-Nov-22,15-11-2022 00:00
Odisha,Mayurbhanja,Karanjia,Other,Fruits,0.05,15000,17000,16000,15-Nov-22,15-11-2022 00:00
Odisha,Mayurbhanja,Karanjia,Other,Fruits,0.05,13000,15000,14000,15-Nov-22,15-11-2022 00:00
West Bengal,Kolkata,Mechua,Apple,Fruits,127.0,6400,8000,7000,15-Nov-22,15-11-2022 00:00
West Bengal,Kolkata,Mechua,Apple,Fruits,127.0,5000,6000,5600,15-Nov-22,15-11-2022 00:00
West Bengal,Kolkata,Mechua,Apple,Fruits,127.0,4000,5800,4600,15-Nov-22,15-11-2022 00:00
Himachal Pradesh,Bilaspur,Bilaspur,Apple,Fruits,0.2,4000,7000,5000,16-Nov-22,16-11-2022 00:00
Himachal Pradesh,Mandi,Dhanotu (Mandi),Royal Delicious,Fruits,0.5,2500,5000,4250,16-Nov-22,16-11-2022 00:00
Himachal Pradesh,Hamirpur,Hamirpur,Other,Fruits,0.85,6000,8000,7000,16-Nov-22,16-11-2022 00:00
Himachal Pradesh,Hamirpur,Hamirpur(Nadaun),Other,Fruits,0.5,6000,8000,7000,16-Nov-22,16-11-2022 00:00
Himachal Pradesh,Kangra,Kangra,Other,Fruits,0.8,4000,7000,5500,16-Nov-22,16-11-2022 00:00
Himachal Pradesh,Kangra,Kangra(Baijnath),Apple,Fruits,0.2,5000,7000,6000,16-Nov-22,16-11-2022 00:00
Himachal Pradesh,Kangra,Kangra(Jaisinghpur),Apple,Fruits,0.1,7000,7500,7250,16-Nov-22,16-11-2022 00:00
Himachal Pradesh,Kullu,Kullu(Chauri Bihal),Apple,Fruits,0.01,1500,2000,1800,16-Nov-22,16-11-2022 00:00
Himachal Pradesh,Sirmore,Nahan,Other,Fruits,0.2,5000,8000,7000,16-Nov-22,16-11-2022 00:00
Himachal Pradesh,Kangra,Palampur,Apple,Fruits,0.8,6000,7500,6750,16-Nov-22,16-11-2022 00:00
Himachal Pradesh,Sirmore,Paonta Sahib,Kasmir/Shimla - II,Fruits,0.56,4000,5000,4500,16-Nov-22,16-11-2022 00:00
Himachal Pradesh,Solan,Solan,Apple,Fruits,3.08,2500,6300,5000,16-Nov-22,16-11-2022 00:00
Himachal Pradesh,Una,Una,Other,Fruits,2.9,4000,10000,7000,16-Nov-22,16-11-2022 00:00
NCT of Delhi,Delhi,Azadpur,Delicious,Fruits,1881.0,1200,6000,3620,16-Nov-22,16-11-2022 00:00
NCT of Delhi,Delhi,Azadpur,Kullu Royal Delicious,Fruits,1881.0,1300,6500,3327,16-Nov-22,16-11-2022 00:00
NCT of Delhi,Delhi,Azadpur,Royal Delicious,Fruits,1881.0,1600,8000,4617,16-Nov-22,16-11-2022 00:00
Odisha,Mayurbhanja,Karanjia,Other,Fruits,0.07,15000,17000,16000,16-Nov-22,16-11-2022 00:00
Odisha,Mayurbhanja,Karanjia,Other,Fruits,0.07,13000,15000,14000,16-Nov-22,16-11-2022 00:00
West Bengal,Kolkata,Mechua,Apple,Fruits,126.0,6500,8000,7000,16-Nov-22,16-11-2022 00:00
West Bengal,Kolkata,Mechua,Apple,Fruits,126.0,5000,6000,5600,16-Nov-22,16-11-2022 00:00
West Bengal,Kolkata,Mechua,Apple,Fruits,126.0,4000,4800,4600,16-Nov-22,16-11-2022 00:00
Himachal Pradesh,Bilaspur,Bilaspur,Apple,Fruits,0.3,4000,7000,5000,17 Nov 2022,2022-11-17 00:00:00
Himachal Pradesh,Chamba,Chamba,Royal Delicious,Fruits,0.4,5500,6000,5750,17 Nov 2022,2022-11-17 00:00:00
Himachal Pradesh,Mandi,Dhanotu (Mandi),Royal Delicious,Fruits,0.6,3000,7000,5000,17 Nov 2022,2022-11-17 00:00:00
Himachal Pradesh,Hamirpur,Hamirpur,Delicious,Fruits,0.75,7000,8000,7500,17 Nov 2022,2022-11-17 00:00:00
Himachal Pradesh,Hamirpur,Hamirpur,Royal Delicious,Fruits,0.75,6000,7000,6500,17 Nov 2022,2022-11-17 00:00:00
Himachal Pradesh,Hamirpur,Hamirpur(Nadaun),Other,Fruits,0.5,6000,8000,7000,17 Nov 2022,2022-11-17 00:00:00
Himachal Pradesh,Kangra,Kangra,Other,Fruits,0.8,4000,7000,5500,17 Nov 2022,2022-11-17 00:00:00
Himachal Pradesh,Kangra,Kangra(Baijnath),Apple,Fruits,0.3,5000,7000,6000,17 Nov 2022,2022-11-17 00:00:00
Himachal Pradesh,Kangra,Kangra(Jaisinghpur),Apple,Fruits,0.05,6500,9000,7750,17 Nov 2022,2022-11-17 00:00:00
Himachal Pradesh,Mandi,Mandi(Mandi),Apple,Fruits,1.2,3000,9000,6000,17 Nov 2022,2022-11-17 00:00:00
Himachal Pradesh,Sirmore,Nahan,Other,Fruits,0.2,6000,0,7000,17 Nov 2022,2022-11-17 00:00:00
Himachal Pradesh,Kangra,Palampur,Apple,Fruits,1.2,6500,8500,7500,17 Nov 2022,2022-11-17 00:00:00
Himachal Pradesh,Sirmore,Paonta Sahib,Kasmir/Shimla - II,Fruits,0.45,4000,5000,4500,17 Nov 2022,2022-11-17 00:00:00
Himachal Pradesh,Shimla,Shimla,Royal Delicious,Fruits,1.0,1500,5500,3750,17 Nov 2022,2022-11-17 00:00:00
Himachal Pradesh,Solan,Solan,Apple,Fruits,1.24,2500,5000,4500,17 Nov 2022,2022-11-17 00:00:00
Himachal Pradesh,Una,Una,Other,Fruits,3.0,5000,16000,11000,17 Nov 2022,2022-11-17 00:00:00
NCT of Delhi,Delhi,Azadpur,Delicious,Fruits,670.3,533,5000,2816,17 Nov 2022,2022-11-17 00:00:00
NCT of Delhi,Delhi,Azadpur,Kullu Royal Delicious,Fruits,670.3,1300,6500,3327,17 Nov 2022,2022-11-17 00:00:00
NCT of Delhi,Delhi,Azadpur,Royal Delicious,Fruits,670.3,1600,8000,4617,17 Nov 2022,2022-11-17 00:00:00
West Bengal,Kolkata,Mechua,Apple,Fruits,126.0,8000,10000,9000,17 Nov 2022,2022-11-17 00:00:00
West Bengal,Kolkata,Mechua,Apple,Fruits,126.0,7000,7600,7600,17 Nov 2022,2022-11-17 00:00:00
West Bengal,Kolkata,Mechua,Apple,Fruits,126.0,5000,6800,6000,17 Nov 2022,2022-11-17 00:00:00
Himachal Pradesh,Bilaspur,Bilaspur,Apple,Fruits,0.4,4000,7000,6000,18 Nov 2022,2022-11-18 00:00:00
Himachal Pradesh,Mandi,Dhanotu (Mandi),Royal Delicious,Fruits,0.5,3000,7000,5000,18 Nov 2022,2022-11-18 00:00:00
Himachal Pradesh,Hamirpur,Hamirpur,Delicious,Fruits,0.8,7000,8000,7500,18 Nov 2022,2022-11-18 00:00:00
Himachal Pradesh,Hamirpur,Hamirpur,Royal Delicious,Fruits,0.8,6000,7000,6500,18 Nov 2022,2022-11-18 00:00:00
Himachal Pradesh,Hamirpur,Hamirpur(Nadaun),Other,Fruits,0.6,7000,8000,7500,18 Nov 2022,2022-11-18 00:00:00
Himachal Pradesh,Kangra,Kangra,Other,Fruits,1.0,4000,6000,5000,18 Nov 2022,2022-11-18 00:00:00
Himachal Pradesh,Kangra,Kangra(Baijnath),Apple,Fruits,0.6,5000,7000,6000,18 Nov 2022,2022-11-18 00:00:00
Himachal Pradesh,Kangra,Kangra(Jaisinghpur),Apple,Fruits,0.05,6500,9000,7750,18 Nov 2022,2022-11-18 00:00:00
Himachal Pradesh,Kullu,Kullu(Chauri Bihal),Apple,Fruits,0.1,2500,3000,2800,18 Nov 2022,2022-11-18 00:00:00
Himachal Pradesh,Mandi,Mandi(Mandi),Apple,Fruits,0.7,3500,9000,6000,18 Nov 2022,2022-11-18 00:00:00
Himachal Pradesh,Sirmore,Nahan,Other,Fruits,0.41,4000,5000,4500,18 Nov 2022,2022-11-18 00:00:00
Himachal Pradesh,Kangra,Palampur,Apple,Fruits,0.6,6500,8500,7500,18 Nov 2022,2022-11-18 00:00:00
Himachal Pradesh,Sirmore,Paonta Sahib,Kasmir/Shimla - II,Fruits,0.56,4000,6000,5000,18 Nov 2022,2022-11-18 00:00:00
Himachal Pradesh,Shimla,Shimla,Royal Delicious,Fruits,1.2,4000,4500,4100,18 Nov 2022,2022-11-18 00:00:00
Himachal Pradesh,Solan,Solan,Apple,Fruits,1.28,2500,5000,4500,18 Nov 2022,2022-11-18 00:00:00
Himachal Pradesh,Una,Una,Other,Fruits,3.1,4500,6000,5200,18 Nov 2022,2022-11-18 00:00:00
NCT of Delhi,Delhi,Azadpur,Delicious,Fruits,1254.9,533,4286,2816,18 Nov 2022,2022-11-18 00:00:00
NCT of Delhi,Delhi,Azadpur,Kullu Royal Delicious,Fruits,1254.9,1100,5500,3327,18 Nov 2022,2022-11-18 00:00:00
NCT of Delhi,Delhi,Azadpur,Royal Delicious,Fruits,1254.9,1800,9000,4850,18 Nov 2022,2022-11-18 00:00:00
Odisha,Mayurbhanja,Karanjia,Other,Fruits,0.05,15000,17000,16000,18 Nov 2022,2022-11-18 00:00:00
Odisha,Mayurbhanja,Karanjia,Other,Fruits,0.05,13000,15000,14000,18 Nov 2022,2022-11-18 00:00:00
West Bengal,Kolkata,Mechua,Apple,Fruits,126.5,8000,10000,9000,18 Nov 2022,2022-11-18 00:00:00
West Bengal,Kolkata,Mechua,Apple,Fruits,126.5,7000,7800,7500,18 Nov 2022,2022-11-18 00:00:00
West Bengal,Kolkata,Mechua,Apple,Fruits,126.5,5000,6700,6000,18 Nov 2022,2022-11-18 00:00:00
Himachal Pradesh,Bilaspur,Bilaspur,Apple,Fruits,0.3,4000,7000,5000,19 Nov 2022,2022-11-19 00:00:00
Himachal Pradesh,Chamba,Chamba,Royal Delicious,Fruits,0.2,5500,6000,5750,19 Nov 2022,2022-11-19 00:00:00
Himachal Pradesh,Mandi,Dhanotu (Mandi),Royal Delicious,Fruits,0.5,5000,7000,6000,19 Nov 2022,2022-11-19 00:00:00
Himachal Pradesh,Kangra,Kangra,Other,Fruits,0.8,4000,6000,5000,19 Nov 2022,2022-11-19 00:00:00
Himachal Pradesh,Kangra,Kangra(Jaisinghpur),Apple,Fruits,0.06,7500,9000,8250,19 Nov 2022,2022-11-19 00:00:00
Himachal Pradesh,Mandi,Mandi(Mandi),Apple,Fruits,0.5,3000,4000,3500,19 Nov 2022,2022-11-19 00:00:00
Himachal Pradesh,Sirmore,Nahan,Other,Fruits,0.2,5000,0,6000,19 Nov 2022,2022-11-19 00:00:00
Himachal Pradesh,Kangra,Palampur,Apple,Fruits,0.8,7000,8500,7750,19 Nov 2022,2022-11-19 00:00:00
Himachal Pradesh,Sirmore,Paonta Sahib,Kasmir/Shimla - II,Fruits,0.65,4000,5000,4500,19 Nov 2022,2022-11-19 00:00:00
Himachal Pradesh,Solan,Solan,Apple,Fruits,1.78,2500,5000,4500,19 Nov 2022,2022-11-19 00:00:00
Himachal Pradesh,Una,Una,Other,Fruits,4.3,4000,10000,7500,19 Nov 2022,2022-11-19 00:00:00
NCT of Delhi,Delhi,Azadpur,Delicious,Fruits,2430.1,1200,6000,3620,19 Nov 2022,2022-11-19 00:00:00
NCT of Delhi,Delhi,Azadpur,Kullu Royal Delicious,Fruits,2430.1,1300,6500,3327,19 Nov 2022,2022-11-19 00:00:00
NCT of Delhi,Delhi,Azadpur,Royal Delicious,Fruits,2430.1,1300,6500,3327,19 Nov 2022,2022-11-19 00:00:00
Odisha,Mayurbhanja,Karanjia,Other,Fruits,0.06,15000,17000,16000,19 Nov 2022,2022-11-19 00:00:00
Odisha,Mayurbhanja,Karanjia,Other,Fruits,0.06,13000,15000,14000,19 Nov 2022,2022-11-19 00:00:00
West Bengal,Kolkata,Mechua,Apple,Fruits,126.0,8000,10000,9000,19 Nov 2022,2022-11-19 00:00:00
West Bengal,Kolkata,Mechua,Apple,Fruits,126.0,7000,7800,7600,19 Nov 2022,2022-11-19 00:00:00
West Bengal,Kolkata,Mechua,Apple,Fruits,126.0,5000,6400,6000,19 Nov 2022,2022-11-19 00:00:00
West Bengal,Kolkata,Mechua,Apple,Fruits,125.6,8400,10000,9000,20 Nov 2022,2022-11-20 00:00:00
West Bengal,Kolkata,Mechua,Apple,Fruits,125.6,7000,7600,7600,20 Nov 2022,2022-11-20 00:00:00
West Bengal,Kolkata,Mechua,Apple,Fruits,125.6,5000,6000,5600,20 Nov 2022,2022-11-20 00:00:00
Himachal Pradesh,Bilaspur,Bilaspur,Apple,Fruits,0.3,4000,8000,6000,21 Nov 2022,2022-11-21 00:00:00
Himachal Pradesh,Mandi,Dhanotu (Mandi),Royal Delicious,Fruits,0.7,2500,5000,3750,21 Nov 2022,2022-11-21 00:00:00
Himachal Pradesh,Hamirpur,Hamirpur,Delicious,Fruits,0.8,6500,7500,7000,21 Nov 2022,2022-11-21 00:00:00
Himachal Pradesh,Hamirpur,Hamirpur(Nadaun),Delicious,Fruits,0.5,6500,7500,7000,21 Nov 2022,2022-11-21 00:00:00
Himachal Pradesh,Kangra,Kangra,Other,Fruits,0.4,4000,6000,5000,21 Nov 2022,2022-11-21 00:00:00
Himachal Pradesh,Kangra,Kangra(Jaisinghpur),Apple,Fruits,0.08,7500,8000,7750,21 Nov 2022,2022-11-21 00:00:00
Himachal Pradesh,Mandi,Mandi(Mandi),Apple,Fruits,1.2,3000,9500,6000,21 Nov 2022,2022-11-21 00:00:00
Himachal Pradesh,Kangra,Palampur,Apple,Fruits,0.9,7000,8500,7750,21 Nov 2022,2022-11-21 00:00:00
Himachal Pradesh,Sirmore,Paonta Sahib,Kasmir/Shimla - II,Fruits,0.5,4000,5000,4500,21 Nov 2022,2022-11-21 00:00:00
Himachal Pradesh,Solan,Solan,Apple,Fruits,2.38,2500,5000,4500,21 Nov 2022,2022-11-21 00:00:00
Himachal Pradesh,Una,Una,Delicious,Fruits,3.0,3500,12000,7800,21 Nov 2022,2022-11-21 00:00:00
NCT of Delhi,Delhi,Azadpur,Delicious,Fruits,2527.6,1000,4600,3620,21 Nov 2022,2022-11-21 00:00:00
NCT of Delhi,Delhi,Azadpur,Kullu Royal Delicious,Fruits,2527.6,1300,6500,3327,21 Nov 2022,2022-11-21 00:00:00
NCT of Delhi,Delhi,Azadpur,Royal Delicious,Fruits,2527.6,1800,9000,4850,21 Nov 2022,2022-11-21 00:00:00
Himachal Pradesh,Bilaspur,Bilaspur,Apple,Fruits,0.3,4000,8000,5500,22 Nov 2022,2022-11-22 00:00:00
Himachal Pradesh,Chamba,Chamba,Royal Delicious,Fruits,0.2,6000,6500,6250,22 Nov 2022,2022-11-22 00:00:00
Himachal Pradesh,Mandi,Dhanotu (Mandi),Royal Delicious,Fruits,0.5,3200,4000,4000,22 Nov 2022,2022-11-22 00:00:00
Himachal Pradesh,Hamirpur,Hamirpur,Other,Fruits,0.8,6500,8000,7200,22 Nov 2022,2022-11-22 00:00:00
Himachal Pradesh,Hamirpur,Hamirpur(Nadaun),Other,Fruits,0.5,6500,8000,7200,22 Nov 2022,2022-11-22 00:00:00
Himachal Pradesh,Kangra,Kangra,Other,Fruits,0.7,4000,7000,5500,22 Nov 2022,2022-11-22 00:00:00
Himachal Pradesh,Kangra,Kangra(Baijnath),Apple,Fruits,0.1,5000,7000,6000,22 Nov 2022,2022-11-22 00:00:00
Himachal Pradesh,Kangra,Kangra(Jaisinghpur),Apple,Fruits,0.05,7500,8000,7750,22 Nov 2022,2022-11-22 00:00:00
Himachal Pradesh,Mandi,Mandi(Mandi),Apple,Fruits,0.5,3000,9000,6000,22 Nov 2022,2022-11-22 00:00:00
Himachal Pradesh,Sirmore,Nahan,Other,Fruits,0.35,4000,5000,4500,22 Nov 2022,2022-11-22 00:00:00
Himachal Pradesh,Kangra,Palampur,Apple,Fruits,0.6,7000,8500,7750,22 Nov 2022,2022-11-22 00:00:00
Himachal Pradesh,Sirmore,Paonta Sahib,Kasmir/Shimla - II,Fruits,0.45,4000,5000,4500,22 Nov 2022,2022-11-22 00:00:00
Himachal Pradesh,Una,Santoshgarh,Other,Fruits,0.29,4000,8000,6000,22 Nov 2022,2022-11-22 00:00:00
Himachal Pradesh,Solan,Solan,Apple,Fruits,0.16,2500,8000,5000,22 Nov 2022,2022-11-22 00:00:00
Himachal Pradesh,Una,Una,Other,Fruits,3.8,4000,10000,7000,22 Nov 2022,2022-11-22 00:00:00
NCT of Delhi,Delhi,Azadpur,Delicious,Fruits,1952.0,1200,6000,3620,22 Nov 2022,2022-11-22 00:00:00
NCT of Delhi,Delhi,Azadpur,Kullu Royal Delicious,Fruits,1952.0,1300,6500,3327,22 Nov 2022,2022-11-22 00:00:00
NCT of Delhi,Delhi,Azadpur,Royal Delicious,Fruits,1952.0,1800,9000,4850,22 Nov 2022,2022-11-22 00:00:00
West Bengal,Kolkata,Mechua,Apple,Fruits,126.0,8000,10000,9000,22 Nov 2022,2022-11-22 00:00:00
West Bengal,Kolkata,Mechua,Apple,Fruits,126.0,7000,7800,7600,22 Nov 2022,2022-11-22 00:00:00
West Bengal,Kolkata,Mechua,Apple,Fruits,126.0,5000,6800,6000,22 Nov 2022,2022-11-22 00:00:00
Himachal Pradesh,Chamba,Chamba,Royal Delicious,Fruits,0.25,5500,6000,5750,23 Nov 2022,2022-11-23 00:00:00
Himachal Pradesh,Hamirpur,Hamirpur,Other,Fruits,0.7,6500,8000,7200,23 Nov 2022,2022-11-23 00:00:00
Himachal Pradesh,Hamirpur,Hamirpur(Nadaun),Other,Fruits,0.5,6500,8000,7200,23 Nov 2022,2022-11-23 00:00:00
Himachal Pradesh,Kangra,Kangra,Other,Fruits,0.5,4000,7000,5500,23 Nov 2022,2022-11-23 00:00:00
Himachal Pradesh,Kangra,Kangra(Baijnath),Apple,Fruits,0.2,6000,7000,7000,23 Nov 2022,2022-11-23 00:00:00
Himachal Pradesh,Kangra,Kangra(Jaisinghpur),Apple,Fruits,0.1,7500,8000,7750,23 Nov 2022,2022-11-23 00:00:00
Himachal Pradesh,Mandi,Mandi(Mandi),Apple,Fruits,1.2,3000,9000,5000,23 Nov 2022,2022-11-23 00:00:00
Himachal Pradesh,Sirmore,Nahan,Other,Fruits,0.2,4000,5000,4500,23 Nov 2022,2022-11-23 00:00:00
Himachal Pradesh,Kangra,Palampur,Apple,Fruits,0.5,7000,8500,7750,23 Nov 2022,2022-11-23 00:00:00
Himachal Pradesh,Sirmore,Paonta Sahib,Kasmir/Shimla - II,Fruits,0.5,4000,5000,4500,23 Nov 2022,2022-11-23 00:00:00
Himachal Pradesh,Una,Santoshgarh,Other,Fruits,0.33,4500,7500,6000,23 Nov 2022,2022-11-23 00:00:00
Himachal Pradesh,Solan,Solan,Apple,Fruits,3.68,2500,8000,5000,23 Nov 2022,2022-11-23 00:00:00
Himachal Pradesh,Una,Una,Other,Fruits,2.7,4000,10000,7000,23 Nov 2022,2022-11-23 00:00:00
West Bengal,Kolkata,Mechua,Apple,Fruits,127.0,8000,10000,9000,23 Nov 2022,2022-11-23 00:00:00
West Bengal,Kolkata,Mechua,Apple,Fruits,127.0,7000,7800,7400,23 Nov 2022,2022-11-23 00:00:00
West Bengal,Kolkata,Mechua,Apple,Fruits,127.0,5000,6400,6000,23 Nov 2022,2022-11-23 00:00:00
Himachal Pradesh,Chamba,Chamba,Royal Delicious,Fruits,0.2,4500,5000,4750,24 Nov 2022,2022-11-24 00:00:00
Himachal Pradesh,Hamirpur,Hamirpur,Other,Fruits,0.6,6000,8000,7000,24 Nov 2022,2022-11-24 00:00:00
Himachal Pradesh,Hamirpur,Hamirpur(Nadaun),Other,Fruits,0.4,6500,8000,7200,24 Nov 2022,2022-11-24 00:00:00
Himachal Pradesh,Kangra,Kangra,Other,Fruits,0.8,4000,7000,5500,24 Nov 2022,2022-11-24 00:00:00
Himachal Pradesh,Kangra,Kangra(Baijnath),Apple,Fruits,0.4,5000,7000,6000,24 Nov 2022,2022-11-24 00:00:00
Himachal Pradesh,Kangra,Kangra(Jaisinghpur),Apple,Fruits,0.1,7500,8000,7750,24 Nov 2022,2022-11-24 00:00:00
Himachal Pradesh,Kullu,Kullu(Chauri Bihal),Apple,Fruits,0.4,2000,6000,3000,24 Nov 2022,2022-11-24 00:00:00
Himachal Pradesh,Mandi,Mandi(Mandi),Apple,Fruits,1.1,3500,8700,6000,24 Nov 2022,2022-11-24 00:00:00
Himachal Pradesh,Sirmore,Nahan,Other,Fruits,0.4,4000,5000,4500,24 Nov 2022,2022-11-24 00:00:00
Himachal Pradesh,Kangra,Palampur,Apple,Fruits,0.9,7000,8500,7750,24 Nov 2022,2022-11-24 00:00:00
Himachal Pradesh,Una,Santoshgarh,Other,Fruits,0.29,4500,7500,6000,24 Nov 2022,2022-11-24 00:00:00
Himachal Pradesh,Solan,Solan,Apple,Fruits,2.06,2500,8000,5000,24 Nov 2022,2022-11-24 00:00:00
Himachal Pradesh,Una,Una,Other,Fruits,3.3,4000,10000,7000,24 Nov 2022,2022-11-24 00:00:00
NCT of Delhi,Delhi,Azadpur,Delicious,Fruits,1514.2,1200,6000,3606,24 Nov 2022,2022-11-24 00:00:00
NCT of Delhi,Delhi,Azadpur,Kullu Royal Delicious,Fruits,1514.2,1300,6500,3327,24 Nov 2022,2022-11-24 00:00:00
NCT of Delhi,Delhi,Azadpur,Royal Delicious,Fruits,1514.2,1800,9000,4850,24 Nov 2022,2022-11-24 00:00:00
West Bengal,Kolkata,Mechua,Apple,Fruits,125.6,8000,10000,9000,24 Nov 2022,2022-11-24 00:00:00
West Bengal,Kolkata,Mechua,Apple,Fruits,125.6,7000,7600,7600,24 Nov 2022,2022-11-24 00:00:00
West Bengal,Kolkata,Mechua,Other,Fruits,125.6,5000,6600,6000,24 Nov 2022,2022-11-24 00:00:00
Himachal Pradesh,Chamba,Chamba,Royal Delicious,Fruits,0.2,4500,5000,4750,25 Nov 2022,2022-11-25 00:00:00
Himachal Pradesh,Hamirpur,Hamirpur,Other,Fruits,0.8,6500,8000,7200,25 Nov 2022,2022-11-25 00:00:00
Himachal Pradesh,Kangra,Kangra,Other,Fruits,0.7,4000,7000,5500,25 Nov 2022,2022-11-25 00:00:00
Himachal Pradesh,Kangra,Kangra(Baijnath),Apple,Fruits,0.4,5000,7000,6000,25 Nov 2022,2022-11-25 00:00:00
Himachal Pradesh,Kangra,Kangra(Jaisinghpur),Apple,Fruits,0.08,7500,8000,7750,25 Nov 2022,2022-11-25 00:00:00
Himachal Pradesh,Mandi,Mandi(Mandi),Apple,Fruits,1.6,3000,8500,6000,25 Nov 2022,2022-11-25 00:00:00
Himachal Pradesh,Kangra,Palampur,Apple,Fruits,0.6,7000,8500,7750,25 Nov 2022,2022-11-25 00:00:00
Himachal Pradesh,Shimla,Shimla,Golden,Fruits,0.6,3000,6000,4250,25 Nov 2022,2022-11-25 00:00:00
Himachal Pradesh,Solan,Solan,Apple,Fruits,2.72,2500,8000,5000,25 Nov 2022,2022-11-25 00:00:00
Himachal Pradesh,Una,Una,Other,Fruits,3.0,4000,10000,7000,25 Nov 2022,2022-11-25 00:00:00
NCT of Delhi,Delhi,Azadpur,Delicious,Fruits,1870.6,1200,6000,3606,25 Nov 2022,2022-11-25 00:00:00
NCT of Delhi,Delhi,Azadpur,Kullu Royal Delicious,Fruits,1870.6,1300,6500,3327,25 Nov 2022,2022-11-25 00:00:00
NCT of Delhi,Delhi,Azadpur,Royal Delicious,Fruits,1870.6,1800,9000,4850,25 Nov 2022,2022-11-25 00:00:00
West Bengal,Kolkata,Mechua,Apple,Fruits,125.6,8600,10000,9000,25 Nov 2022,2022-11-25 00:00:00
West Bengal,Kolkata,Mechua,Apple,Fruits,125.6,7000,7800,7500,25 Nov 2022,2022-11-25 00:00:00
West Bengal,Kolkata,Mechua,Apple,Fruits,125.6,5000,6000,5600,25 Nov 2022,2022-11-25 00:00:00
Himachal Pradesh,Hamirpur,Hamirpur,Other,Fruits,0.7,7000,8000,7500,26 Nov 2022,2022-11-26 00:00:00
Himachal Pradesh,Hamirpur,Hamirpur(Nadaun),Other,Fruits,0.4,7000,8000,7500,26 Nov 2022,2022-11-26 00:00:00
Himachal Pradesh,Kangra,Kangra,Other,Fruits,0.8,4000,7000,5500,26 Nov 2022,2022-11-26 00:00:00
Himachal Pradesh,Kangra,Kangra(Baijnath),Apple,Fruits,0.2,6000,7000,7000,26 Nov 2022,2022-11-26 00:00:00
Himachal Pradesh,Kangra,Kangra(Jaisinghpur),Apple,Fruits,0.06,7500,8000,7800,26 Nov 2022,2022-11-26 00:00:00
Himachal Pradesh,Mandi,Mandi(Mandi),Apple,Fruits,1.0,3000,8500,5000,26 Nov 2022,2022-11-26 00:00:00
Himachal Pradesh,Kangra,Palampur,Apple,Fruits,0.8,7000,8500,8000,26 Nov 2022,2022-11-26 00:00:00
Himachal Pradesh,Solan,Solan,Apple,Fruits,1.58,2500,8000,5000,26 Nov 2022,2022-11-26 00:00:00
Himachal Pradesh,Una,Una,Other,Fruits,3.5,4000,10000,7000,26 Nov 2022,2022-11-26 00:00:00
West Bengal,Kolkata,Mechua,Apple,Fruits,125.7,8500,10000,9000,26 Nov 2022,2022-11-26 00:00:00
West Bengal,Kolkata,Mechua,Apple,Fruits,125.7,7000,7800,7500,26 Nov 2022,2022-11-26 00:00:00
West Bengal,Kolkata,Mechua,Apple,Fruits,125.7,5000,7500,6000,26 Nov 2022,2022-11-26 00:00:00
West Bengal,Kolkata,Mechua,Apple,Fruits,126.0,8500,10000,9000,27 Nov 2022,2022-11-27 00:00:00
West Bengal,Kolkata,Mechua,Apple,Fruits,126.0,7000,8000,7600,27 Nov 2022,2022-11-27 00:00:00
West Bengal,Kolkata,Mechua,Apple,Fruits,126.0,5400,6000,5800,27 Nov 2022,2022-11-27 00:00:00
Himachal Pradesh,Bilaspur,Bilaspur,Apple,Fruits,0.3,4000,8000,5000,28 Nov 2022,2022-11-28 00:00:00
Himachal Pradesh,Chamba,Chamba,Royal Delicious,Fruits,0.71,4000,4500,4250,28 Nov 2022,2022-11-28 00:00:00
Himachal Pradesh,Hamirpur,Hamirpur,Delicious,Fruits,0.5,6000,8000,7000,28 Nov 2022,2022-11-28 00:00:00
Himachal Pradesh,Hamirpur,Hamirpur(Nadaun),Delicious,Fruits,0.4,6000,8000,7000,28 Nov 2022,2022-11-28 00:00:00
Himachal Pradesh,Kangra,Kangra(Baijnath),Apple,Fruits,0.5,6000,7000,7000,28 Nov 2022,2022-11-28 00:00:00
Himachal Pradesh,Kangra,Kangra(Jaisinghpur),Apple,Fruits,0.08,7500,8500,8000,28 Nov 2022,2022-11-28 00:00:00
Himachal Pradesh,Mandi,Mandi(Mandi),Apple,Fruits,2.3,3000,8500,6000,28 Nov 2022,2022-11-28 00:00:00
Himachal Pradesh,Kangra,Palampur,Apple,Fruits,1.0,7000,8000,7500,28 Nov 2022,2022-11-28 00:00:00
Himachal Pradesh,Sirmore,Paonta Sahib,Kasmir/Shimla - II,Fruits,0.6,4000,6000,5000,28 Nov 2022,2022-11-28 00:00:00
Himachal Pradesh,Una,Santoshgarh,Other,Fruits,0.33,4000,7500,5750,28 Nov 2022,2022-11-28 00:00:00
Himachal Pradesh,Shimla,Shimla,Golden,Fruits,0.5,3000,6000,3900,28 Nov 2022,2022-11-28 00:00:00
Himachal Pradesh,Solan,Solan,Apple,Fruits,3.76,5000,6000,5500,28 Nov 2022,2022-11-28 00:00:00
Himachal Pradesh,Una,Una,Other,Fruits,3.8,5000,14000,9000,28 Nov 2022,2022-11-28 00:00:00
NCT of Delhi,Delhi,Azadpur,Delicious,Fruits,1905.8,1200,6000,3606,28 Nov 2022,2022-11-28 00:00:00
NCT of Delhi,Delhi,Azadpur,Kullu Royal Delicious,Fruits,1905.8,1300,6500,3327,28 Nov 2022,2022-11-28 00:00:00
NCT of Delhi,Delhi,Azadpur,Royal Delicious,Fruits,1905.8,1800,9000,4850,28 Nov 2022,2022-11-28 00:00:00
Odisha,Mayurbhanja,Karanjia,Other,Fruits,0.06,15000,17000,16000,28 Nov 2022,2022-11-28 00:00:00
Odisha,Mayurbhanja,Karanjia,Other,Fruits,0.06,13000,15000,14000,28 Nov 2022,2022-11-28 00:00:00
West Bengal,Kolkata,Mechua,Apple,Fruits,125.4,8500,10000,9000,28 Nov 2022,2022-11-28 00:00:00
West Bengal,Kolkata,Mechua,Apple,Fruits,125.4,7000,8000,7600,28 Nov 2022,2022-11-28 00:00:00
West Bengal,Kolkata,Mechua,Apple,Fruits,125.4,5400,6000,5800,28 Nov 2022,2022-11-28 00:00:00
Himachal Pradesh,Bilaspur,Bilaspur,Apple,Fruits,0.3,4000,10000,6000,29 Nov 2022,2022-11-29 00:00:00
Himachal Pradesh,Chamba,Chamba,Royal Delicious,Fruits,0.3,4000,4500,4250,29 Nov 2022,2022-11-29 00:00:00
Himachal Pradesh,Mandi,Dhanotu (Mandi),Royal Delicious,Fruits,0.8,3700,5000,4250,29 Nov 2022,2022-11-29 00:00:00
Himachal Pradesh,Hamirpur,Hamirpur,Delicious,Fruits,0.75,7000,8000,7500,29 Nov 2022,2022-11-29 00:00:00
Himachal Pradesh,Kangra,Kangra(Baijnath),Apple,Fruits,3.5,5000,7000,6000,29 Nov 2022,2022-11-29 00:00:00
Himachal Pradesh,Kangra,Kangra(Jaisinghpur),Apple,Fruits,0.08,7500,8500,8000,29 Nov 2022,2022-11-29 00:00:00
Himachal Pradesh,Mandi,Mandi(Mandi),Apple,Fruits,0.8,3000,8000,6000,29 Nov 2022,2022-11-29 00:00:00
Himachal Pradesh,Kangra,Palampur,Apple,Fruits,1.2,7000,8000,7500,29 Nov 2022,2022-11-29 00:00:00
Himachal Pradesh,Una,Santoshgarh,Other,Fruits,0.29,4500,8000,6250,29 Nov 2022,2022-11-29 00:00:00
Himachal Pradesh,Solan,Solan,Apple,Fruits,0.08,5000,8000,6000,29 Nov 2022,2022-11-29 00:00:00
NCT of Delhi,Delhi,Azadpur,Delicious,Fruits,2714.7,1200,6000,3606,29 Nov 2022,2022-11-29 00:00:00
NCT of Delhi,Delhi,Azadpur,Kullu Royal Delicious,Fruits,2714.7,1300,6500,3327,29 Nov 2022,2022-11-29 00:00:00
NCT of Delhi,Delhi,Azadpur,Royal Delicious,Fruits,2714.7,1800,9000,4783,29 Nov 2022,2022-11-29 00:00:00
Odisha,Mayurbhanja,Karanjia,Other,Fruits,0.05,15000,17000,16000,29 Nov 2022,2022-11-29 00:00:00
Odisha,Mayurbhanja,Karanjia,Other,Fruits,0.05,13000,15000,14000,29 Nov 2022,2022-11-29 00:00:00
West Bengal,Kolkata,Mechua,Apple,Fruits,125.0,8000,10000,9000,29 Nov 2022,2022-11-29 00:00:00
West Bengal,Kolkata,Mechua,Apple,Fruits,125.0,7000,7700,7500,29 Nov 2022,2022-11-29 00:00:00
West Bengal,Kolkata,Mechua,Apple,Fruits,125.0,5000,6000,5800,29 Nov 2022,2022-11-29 00:00:00
Himachal Pradesh,Mandi,Dhanotu (Mandi),Royal Delicious,Fruits,0.7,5000,6000,5500,30 Nov 2022,2022-11-30 00:00:00
Himachal Pradesh,Hamirpur,Hamirpur,Delicious,Fruits,0.8,7000,8000,7500,30 Nov 2022,2022-11-30 00:00:00
Himachal Pradesh,Hamirpur,Hamirpur(Nadaun),Delicious,Fruits,0.5,7000,8000,7500,30 Nov 2022,2022-11-30 00:00:00
Himachal Pradesh,Kangra,Kangra,Other,Fruits,0.6,4000,7000,5500,30 Nov 2022,2022-11-30 00:00:00
Himachal Pradesh,Kangra,Kangra(Jaisinghpur),Apple,Fruits,0.05,5500,8500,7000,30 Nov 2022,2022-11-30 00:00:00
Himachal Pradesh,Mandi,Mandi(Mandi),Apple,Fruits,1.1,3500,8000,6000,30 Nov 2022,2022-11-30 00:00:00
Himachal Pradesh,Kangra,Palampur,Apple,Fruits,0.8,5000,8000,6500,30 Nov 2022,2022-11-30 00:00:00
Himachal Pradesh,Shimla,Shimla,Golden,Fruits,0.24,2500,5500,3750,30 Nov 2022,2022-11-30 00:00:00
Himachal Pradesh,Solan,Solan,Apple,Fruits,2.56,5500,6000,6000,30 Nov 2022,2022-11-30 00:00:00
Himachal Pradesh,Una,Una,Other,Fruits,2.5,4000,12000,8000,30 Nov 2022,2022-11-30 00:00:00
NCT of Delhi,Delhi,Azadpur,Delicious,Fruits,2228.7,1200,6000,3606,30 Nov 2022,2022-11-30 00:00:00
NCT of Delhi,Delhi,Azadpur,Kullu Royal Delicious,Fruits,2228.7,1300,6500,3327,30 Nov 2022,2022-11-30 00:00:00
NCT of Delhi,Delhi,Azadpur,Royal Delicious,Fruits,2228.7,1800,9000,4783,30 Nov 2022,2022-11-30 00:00:00
Odisha,Mayurbhanja,Karanjia,Other,Fruits,0.06,15000,17000,16000,30 Nov 2022,2022-11-30 00:00:00
Odisha,Mayurbhanja,Karanjia,Other,Fruits,0.06,13000,15000,14000,30 Nov 2022,2022-11-30 00:00:00
West Bengal,Kolkata,Mechua,Apple,Fruits,126.0,8200,10000,9000,30 Nov 2022,2022-11-30 00:00:00
West Bengal,Kolkata,Mechua,Apple,Fruits,126.0,7400,7800,7500,30 Nov 2022,2022-11-30 00:00:00
West Bengal,Kolkata,Mechua,Apple,Fruits,126.0,5600,6500,6000,30 Nov 2022,2022-11-30 00:00:00
Himachal Pradesh,Mandi,Dhanotu (Mandi),Royal Delicious,Fruits,0.6,3500,6000,4750,01 Dec 2022,2022-12-01 00:00:00
Himachal Pradesh,Kangra,Kangra,Other,Fruits,0.7,4000,7000,5500,01 Dec 2022,2022-12-01 00:00:00
Himachal Pradesh,Kangra,Kangra(Baijnath),Apple,Fruits,0.2,6000,7000,7000,01 Dec 2022,2022-12-01 00:00:00
Himachal Pradesh,Kangra,Kangra(Jaisinghpur),Apple,Fruits,0.05,5500,8500,7000,01 Dec 2022,2022-12-01 00:00:00
Himachal Pradesh,Kangra,Kangra(Nagrota Bagwan),American,Fruits,0.1,4000,6000,5000,01 Dec 2022,2022-12-01 00:00:00
Himachal Pradesh,Mandi,Mandi(Mandi),Apple,Fruits,0.6,3000,6000,5000,01 Dec 2022,2022-12-01 00:00:00
Himachal Pradesh,Sirmore,Nahan,Other,Fruits,0.7,3000,5000,4000,01 Dec 2022,2022-12-01 00:00:00
Himachal Pradesh,Kangra,Palampur,Apple,Fruits,9.0,5000,8000,6500,01 Dec 2022,2022-12-01 00:00:00
Himachal Pradesh,Sirmore,Paonta Sahib,Kasmir/Shimla - II,Fruits,0.8,4000,5000,4500,01 Dec 2022,2022-12-01 00:00:00
Himachal Pradesh,Solan,Solan,Apple,Fruits,0.86,6000,7000,6500,01 Dec 2022,2022-12-01 00:00:00
Himachal Pradesh,Una,Una,Other,Fruits,3.9,4000,10000,7000,01 Dec 2022,2022-12-01 00:00:00
NCT of Delhi,Delhi,Azadpur,Delicious,Fruits,2719.4,1200,6000,3606,01 Dec 2022,2022-12-01 00:00:00
NCT of Delhi,Delhi,Azadpur,Kullu Royal Delicious,Fruits,2719.4,1300,6500,3327,01 Dec 2022,2022-12-01 00:00:00
NCT of Delhi,Delhi,Azadpur,Royal Delicious,Fruits,2719.4,1800,9000,4783,01 Dec 2022,2022-12-01 00:00:00
Odisha,Mayurbhanja,Karanjia,Other,Fruits,0.07,14000,16000,15000,01 Dec 2022,2022-12-01 00:00:00
Odisha,Mayurbhanja,Karanjia,Other,Fruits,0.07,13000,15000,14000,01 Dec 2022,2022-12-01 00:00:00
West Bengal,Kolkata,Mechua,Apple,Fruits,125.0,8500,10600,9400,01 Dec 2022,2022-12-01 00:00:00
West Bengal,Kolkata,Mechua,Apple,Fruits,125.0,7000,7800,7400,01 Dec 2022,2022-12-01 00:00:00
West Bengal,Kolkata,Mechua,Apple,Fruits,125.0,5000,6000,5500,01 Dec 2022,2022-12-01 00:00:00
Himachal Pradesh,Chamba,Chamba,Royal Delicious,Fruits,0.14,4000,4500,4250,02 Dec 2022,2022-12-02 00:00:00
Himachal Pradesh,Mandi,Dhanotu (Mandi),Royal Delicious,Fruits,0.5,3800,6000,4900,02 Dec 2022,2022-12-02 00:00:00
Himachal Pradesh,Hamirpur,Hamirpur,Delicious,Fruits,0.8,7000,8000,7500,02 Dec 2022,2022-12-02 00:00:00
Himachal Pradesh,Hamirpur,Hamirpur(Nadaun),Delicious,Fruits,0.5,7000,8000,7500,02 Dec 2022,2022-12-02 00:00:00
Himachal Pradesh,Kangra,Kangra,Other,Fruits,0.7,4000,7000,5500,02 Dec 2022,2022-12-02 00:00:00
Himachal Pradesh,Kangra,Kangra(Baijnath),Apple,Fruits,0.4,6000,7000,7000,02 Dec 2022,2022-12-02 00:00:00
Himachal Pradesh,Kangra,Kangra(Jaisinghpur),Apple,Fruits,0.06,5500,8500,7000,02 Dec 2022,2022-12-02 00:00:00
Himachal Pradesh,Kangra,Kangra(Nagrota Bagwan),American,Fruits,0.2,4000,6000,5000,02 Dec 2022,2022-12-02 00:00:00
Himachal Pradesh,Mandi,Mandi(Mandi),Apple,Fruits,0.9,2700,4500,4000,02 Dec 2022,2022-12-02 00:00:00
Himachal Pradesh,Kangra,Palampur,Apple,Fruits,0.8,5000,8000,6500,02 Dec 2022,2022-12-02 00:00:00
Himachal Pradesh,Sirmore,Paonta Sahib,Kasmir/Shimla - II,Fruits,0.8,3500,5500,4500,02 Dec 2022,2022-12-02 00:00:00
Himachal Pradesh,Una,Santoshgarh,Other,Fruits,0.32,4000,7500,5750,02 Dec 2022,2022-12-02 00:00:00
Himachal Pradesh,Solan,Solan,Apple,Fruits,1.64,6000,8500,7000,02 Dec 2022,2022-12-02 00:00:00
Himachal Pradesh,Una,Una,Delicious,Fruits,2.6,4500,10000,7000,02 Dec 2022,2022-12-02 00:00:00
NCT of Delhi,Delhi,Azadpur,Delicious,Fruits,954.4,1200,6000,3606,02 Dec 2022,2022-12-02 00:00:00
NCT of Delhi,Delhi,Azadpur,Kullu Royal Delicious,Fruits,954.4,1300,6500,3327,02 Dec 2022,2022-12-02 00:00:00
NCT of Delhi,Delhi,Azadpur,Royal Delicious,Fruits,954.4,1800,9000,4783,02 Dec 2022,2022-12-02 00:00:00
Odisha,Mayurbhanja,Karanjia,Other,Fruits,0.05,14000,16000,15000,02 Dec 2022,2022-12-02 00:00:00
Odisha,Mayurbhanja,Karanjia,Other,Fruits,0.05,13000,15000,14000,02 Dec 2022,2022-12-02 00:00:00
West Bengal,Kolkata,Mechua,Apple,Fruits,126.0,8500,10600,9400,02 Dec 2022,2022-12-02 00:00:00
West Bengal,Kolkata,Mechua,Apple,Fruits,126.0,7000,7800,7400,02 Dec 2022,2022-12-02 00:00:00
West Bengal,Kolkata,Mechua,Apple,Fruits,126.0,5000,6000,5500,02 Dec 2022,2022-12-02 00:00:00
Himachal Pradesh,Bilaspur,Bilaspur,Apple,Fruits,0.2,4000,10000,5500,03 Dec 2022,2022-12-03 00:00:00
Himachal Pradesh,Shimla,Shimla,Golden,Fruits,0.3,2500,6000,3500,03 Dec 2022,2022-12-03 00:00:00
Himachal Pradesh,Una,Santoshgarh,Other,Fruits,0.29,3500,8000,5750,03 Dec 2022,2022-12-03 00:00:00
Himachal Pradesh,Sirmore,Paonta Sahib,Kasmir/Shimla - II,Fruits,0.2,500000,500000,500000,03 Dec 2022,2022-12-03 00:00:00
Himachal Pradesh,Kangra,Palampur,Apple,Fruits,1.2,5000,8000,6500,03 Dec 2022,2022-12-03 00:00:00
Himachal Pradesh,Sirmore,Nahan,Other,Fruits,0.1,500000,700000,600000,03 Dec 2022,2022-12-03 00:00:00
Himachal Pradesh,Mandi,Mandi(Mandi),Apple,Fruits,0.8,3200,4500,4000,03 Dec 2022,2022-12-03 00:00:00
Himachal Pradesh,Solan,Solan,Apple,Fruits,1.36,6000,8000,7000,03 Dec 2022,2022-12-03 00:00:00
Himachal Pradesh,Kangra,Kangra(Nagrota Bagwan),American,Fruits,0.2,4000,6000,5000,03 Dec 2022,2022-12-03 00:00:00
Himachal Pradesh,Kangra,Kangra(Baijnath),Apple,Fruits,0.2,5000,7000,6000,03 Dec 2022,2022-12-03 00:00:00
Himachal Pradesh,Kangra,Kangra,Other,Fruits,0.6,4000,7000,5500,03 Dec 2022,2022-12-03 00:00:00
Himachal Pradesh,Hamirpur,Hamirpur(Nadaun),Delicious,Fruits,0.5,7000,8000,7500,03 Dec 2022,2022-12-03 00:00:00
Himachal Pradesh,Hamirpur,Hamirpur,Delicious,Fruits,0.8,7000,8000,7500,03 Dec 2022,2022-12-03 00:00:00
Himachal Pradesh,Mandi,Dhanotu (Mandi),Royal Delicious,Fruits,0.6,4000,6000,5000,03 Dec 2022,2022-12-03 00:00:00
Himachal Pradesh,Chamba,Chamba,Royal Delicious,Fruits,0.68,4000,4500,4250,03 Dec 2022,2022-12-03 00:00:00
Himachal Pradesh,Kangra,Kangra(Jaisinghpur),Apple,Fruits,0.1,5500,8500,7000,03 Dec 2022,2022-12-03 00:00:00
Himachal Pradesh,Una,Una,Other,Fruits,3.3,5000,10000,7500,03 Dec 2022,2022-12-03 00:00:00
NCT of Delhi,Delhi,Azadpur,Delicious,Fruits,2747.3,1200,6000,3606,03 Dec 2022,2022-12-03 00:00:00
NCT of Delhi,Delhi,Azadpur,Kullu Royal Delicious,Fruits,2747.3,1300,6500,3327,03 Dec 2022,2022-12-03 00:00:00
NCT of Delhi,Delhi,Azadpur,Royal Delicious,Fruits,2747.3,1800,9000,4783,03 Dec 2022,2022-12-03 00:00:00
Odisha,Mayurbhanja,Karanjia,Other,Fruits,0.06,14000,16000,15000,03 Dec 2022,2022-12-03 00:00:00
Odisha,Mayurbhanja,Karanjia,Other,Fruits,0.06,13000,15000,14000,03 Dec 2022,2022-12-03 00:00:00
West Bengal,Kolkata,Mechua,Apple,Fruits,125.6,8500,10000,9000,03 Dec 2022,2022-12-03 00:00:00
West Bengal,Kolkata,Mechua,Apple,Fruits,125.6,7000,7800,7400,03 Dec 2022,2022-12-03 00:00:00
West Bengal,Kolkata,Mechua,Apple,Fruits,125.6,5000,6000,5600,03 Dec 2022,2022-12-03 00:00:00
Odisha,Mayurbhanja,Karanjia,Other,Fruits,0.04,13000,15000,14000,04 Dec 2022,2022-12-04 00:00:00
Odisha,Mayurbhanja,Karanjia,Other,Fruits,0.04,12000,14000,13000,04 Dec 2022,2022-12-04 00:00:00
West Bengal,Kolkata,Mechua,Apple,Fruits,126.0,8000,9000,8000,04 Dec 2022,2022-12-04 00:00:00
West Bengal,Kolkata,Mechua,Apple,Fruits,126.0,7000,7600,7400,04 Dec 2022,2022-12-04 00:00:00
West Bengal,Kolkata,Mechua,Apple,Fruits,126.0,5000,6200,6000,04 Dec 2022,2022-12-04 00:00:00
Himachal Pradesh,Bilaspur,Bilaspur,Apple,Fruits,0.3,4000,10000,5000,05 Dec 2022,2022-12-05 00:00:00
Himachal Pradesh,Chamba,Chamba,Royal Delicious,Fruits,0.4,4000,4500,4250,05 Dec 2022,2022-12-05 00:00:00
Himachal Pradesh,Mandi,Dhanotu (Mandi),Royal Delicious,Fruits,0.7,4000,5000,4500,05 Dec 2022,2022-12-05 00:00:00
Himachal Pradesh,Hamirpur,Hamirpur,Other,Fruits,0.5,7500,8500,8000,05 Dec 2022,2022-12-05 00:00:00
Himachal Pradesh,Hamirpur,Hamirpur(Nadaun),Other,Fruits,0.6,7000,8000,7500,05 Dec 2022,2022-12-05 00:00:00
Himachal Pradesh,Kangra,Kangra,Other,Fruits,0.8,5000,7000,6000,05 Dec 2022,2022-12-05 00:00:00
Himachal Pradesh,Kangra,Kangra(Baijnath),Apple,Fruits,0.2,4000,7000,6000,05 Dec 2022,2022-12-05 00:00:00
Himachal Pradesh,Kangra,Kangra(Jaisinghpur),Apple,Fruits,0.07,5500,9500,7500,05 Dec 2022,2022-12-05 00:00:00
Himachal Pradesh,Kangra,Kangra(Nagrota Bagwan),American,Fruits,0.2,4000,6000,5000,05 Dec 2022,2022-12-05 00:00:00
Himachal Pradesh,Mandi,Mandi(Mandi),Apple,Fruits,1.4,3500,8000,6000,05 Dec 2022,2022-12-05 00:00:00
Himachal Pradesh,Kangra,Palampur,Apple,Fruits,1.0,5000,9000,7000,05 Dec 2022,2022-12-05 00:00:00
Himachal Pradesh,Sirmore,Paonta Sahib,Kasmir/Shimla - II,Fruits,0.3,400000,600000,500000,05 Dec 2022,2022-12-05 00:00:00
Himachal Pradesh,Shimla,Shimla,Golden,Fruits,0.2,2000,6000,3250,05 Dec 2022,2022-12-05 00:00:00
Himachal Pradesh,Solan,Solan,Apple,Fruits,2.32,6000,7000,6500,05 Dec 2022,2022-12-05 00:00:00
Himachal Pradesh,Una,Una,Other,Fruits,3.3,4000,15000,10500,05 Dec 2022,2022-12-05 00:00:00
Odisha,Mayurbhanja,Karanjia,Other,Fruits,0.06,13000,15000,14000,05 Dec 2022,2022-12-05 00:00:00
Odisha,Mayurbhanja,Karanjia,Other,Fruits,0.06,12000,14000,13000,05 Dec 2022,2022-12-05 00:00:00
West Bengal,Kolkata,Mechua,Apple,Fruits,128.0,8000,9000,8000,05 Dec 2022,2022-12-05 00:00:00
West Bengal,Kolkata,Mechua,Apple,Fruits,128.0,7000,7600,7600,05 Dec 2022,2022-12-05 00:00:00
West Bengal,Kolkata,Mechua,Apple,Fruits,128.0,5000,6000,6000,05 Dec 2022,2022-12-05 00:00:00
Himachal Pradesh,Bilaspur,Bilaspur,Apple,Fruits,0.2,4000,10000,8000,06 Dec 2022,2022-12-06 00:00:00
Himachal Pradesh,Chamba,Chamba,Royal Delicious,Fruits,0.2,4500,5000,4750,06 Dec 2022,2022-12-06 00:00:00
Himachal Pradesh,Mandi,Dhanotu (Mandi),Royal Delicious,Fruits,0.8,4000,5200,4600,06 Dec 2022,2022-12-06 00:00:00
Himachal Pradesh,Hamirpur,Hamirpur,Other,Fruits,1.0,7000,9000,8000,06 Dec 2022,2022-12-06 00:00:00
Himachal Pradesh,Hamirpur,Hamirpur(Nadaun),Other,Fruits,0.5,7000,9000,8000,06 Dec 2022,2022-12-06 00:00:00
Himachal Pradesh,Kangra,Kangra,Other,Fruits,0.8,5000,7000,6000,06 Dec 2022,2022-12-06 00:00:00
Himachal Pradesh,Kangra,Kangra(Baijnath),Apple,Fruits,0.2,5000,7000,6000,06 Dec 2022,2022-12-06 00:00:00
Himachal Pradesh,Kangra,Kangra(Jaisinghpur),Apple,Fruits,0.06,5500,9500,7500,06 Dec 2022,2022-12-06 00:00:00
Himachal Pradesh,Mandi,Mandi(Mandi),Apple,Fruits,0.7,3500,8000,6000,06 Dec 2022,2022-12-06 00:00:00
Himachal Pradesh,Sirmore,Nahan,Other,Fruits,0.1,500000,700000,600000,06 Dec 2022,2022-12-06 00:00:00
Himachal Pradesh,Kangra,Palampur,Apple,Fruits,1.2,5000,9000,7000,06 Dec 2022,2022-12-06 00:00:00
Himachal Pradesh,Sirmore,Paonta Sahib,Kasmir/Shimla - II,Fruits,0.2,300000,500000,400000,06 Dec 2022,2022-12-06 00:00:00
Himachal Pradesh,Una,Una,Other,Fruits,2.7,4000,14000,9000,06 Dec 2022,2022-12-06 00:00:00
Odisha,Mayurbhanja,Karanjia,Other,Fruits,0.05,13000,15000,14000,06 Dec 2022,2022-12-06 00:00:00
Odisha,Mayurbhanja,Karanjia,Other,Fruits,0.05,12000,14000,13000,06 Dec 2022,2022-12-06 00:00:00
West Bengal,Kolkata,Mechua,Apple,Fruits,127.0,8000,9000,8000,06 Dec 2022,2022-12-06 00:00:00
West Bengal,Kolkata,Mechua,Apple,Fruits,127.0,7000,7800,7600,06 Dec 2022,2022-12-06 00:00:00
West Bengal,Kolkata,Mechua,Apple,Fruits,127.0,5000,6000,6000,06 Dec 2022,2022-12-06 00:00:00
Himachal Pradesh,Bilaspur,Bilaspur,Apple,Fruits,0.2,4000,10000,6000,07 Dec 2022,2022-12-07 00:00:00
Himachal Pradesh,Mandi,Dhanotu (Mandi),Royal Delicious,Fruits,0.6,4000,5500,4750,07 Dec 2022,2022-12-07 00:00:00
Himachal Pradesh,Hamirpur,Hamirpur(Nadaun),Other,Fruits,0.5,7000,8000,7500,07 Dec 2022,2022-12-07 00:00:00
Himachal Pradesh,Kangra,Kangra,Other,Fruits,0.8,5000,7000,6000,07 Dec 2022,2022-12-07 00:00:00
Himachal Pradesh,Kangra,Kangra(Baijnath),Apple,Fruits,0.2,6000,7000,6000,07 Dec 2022,2022-12-07 00:00:00
Himachal Pradesh,Kangra,Kangra(Jaisinghpur),Apple,Fruits,0.06,5500,8500,7000,07 Dec 2022,2022-12-07 00:00:00
Himachal Pradesh,Kangra,Kangra(Nagrota Bagwan),American,Fruits,0.2,5000,8000,6500,07 Dec 2022,2022-12-07 00:00:00
Himachal Pradesh,Mandi,Mandi(Mandi),Apple,Fruits,1.2,3600,5000,4000,07 Dec 2022,2022-12-07 00:00:00
Himachal Pradesh,Kangra,Palampur,Apple,Fruits,0.8,5000,8000,6500,07 Dec 2022,2022-12-07 00:00:00
Himachal Pradesh,Sirmore,Paonta Sahib,Kasmir/Shimla - II,Fruits,0.2,500000,700000,600000,07 Dec 2022,2022-12-07 00:00:00
Himachal Pradesh,Solan,Solan,Apple,Fruits,1.38,5500,6000,6000,07 Dec 2022,2022-12-07 00:00:00
Himachal Pradesh,Una,Una,Other,Fruits,2.6,4000,15000,9500,07 Dec 2022,2022-12-07 00:00:00
Odisha,Mayurbhanja,Karanjia,Other,Fruits,0.04,13000,15000,14000,07 Dec 2022,2022-12-07 00:00:00
Odisha,Mayurbhanja,Karanjia,Other,Fruits,0.04,12000,14000,13000,07 Dec 2022,2022-12-07 00:00:00
Himachal Pradesh,Chamba,Chamba,Royal Delicious,Fruits,0.7,4500,5000,4750,08 Dec 2022,2022-12-08 00:00:00
Himachal Pradesh,Mandi,Dhanotu (Mandi),Royal Delicious,Fruits,0.5,5000,5500,5250,08 Dec 2022,2022-12-08 00:00:00
Himachal Pradesh,Hamirpur,Hamirpur,Other,Fruits,0.7,7000,8000,7500,08 Dec 2022,2022-12-08 00:00:00
Himachal Pradesh,Hamirpur,Hamirpur(Nadaun),Other,Fruits,0.5,7000,8000,7500,08 Dec 2022,2022-12-08 00:00:00
Himachal Pradesh,Kangra,Kangra,Other,Fruits,0.8,5000,7000,6000,08 Dec 2022,2022-12-08 00:00:00
Himachal Pradesh,Kangra,Kangra(Baijnath),Apple,Fruits,0.2,4000,6000,5000,08 Dec 2022,2022-12-08 00:00:00
Himachal Pradesh,Kangra,Kangra(Jaisinghpur),Apple,Fruits,0.07,5500,6500,6000,08 Dec 2022,2022-12-08 00:00:00
Himachal Pradesh,Kangra,Kangra(Nagrota Bagwan),American,Fruits,0.1,5000,8000,6500,08 Dec 2022,2022-12-08 00:00:00
Himachal Pradesh,Mandi,Mandi(Mandi),Apple,Fruits,1.4,4000,7000,5000,08 Dec 2022,2022-12-08 00:00:00
Himachal Pradesh,Sirmore,Nahan,Other,Fruits,0.1,500000,700000,600000,08 Dec 2022,2022-12-08 00:00:00
Himachal Pradesh,Kangra,Palampur,Apple,Fruits,1.2,5000,8000,6500,08 Dec 2022,2022-12-08 00:00:00
Himachal Pradesh,Sirmore,Paonta Sahib,Kasmir/Shimla - II,Fruits,0.46,500000,700000,600000,08 Dec 2022,2022-12-08 00:00:00
Himachal Pradesh,Solan,Solan,Apple,Fruits,1.64,5500,8000,6000,08 Dec 2022,2022-12-08 00:00:00
Himachal Pradesh,Una,Una,Delicious,Fruits,3.1,4500,14000,9000,08 Dec 2022,2022-12-08 00:00:00
West Bengal,Kolkata,Mechua,Apple,Fruits,126.0,8000,9000,8000,08 Dec 2022,2022-12-08 00:00:00
West Bengal,Kolkata,Mechua,Apple,Fruits,126.0,7000,7600,7400,08 Dec 2022,2022-12-08 00:00:00
West Bengal,Kolkata,Mechua,Apple,Fruits,126.0,5600,6000,6000,08 Dec 2022,2022-12-08 00:00:00
Himachal Pradesh,Bilaspur,Bilaspur,Apple,Fruits,0.3,4000,10000,5000,09 Dec 2022,2022-12-09 00:00:00
Himachal Pradesh,Chamba,Chamba,Royal Delicious,Fruits,0.36,4000,4500,4250,09 Dec 2022,2022-12-09 00:00:00
Himachal Pradesh,Mandi,Dhanotu (Mandi),Royal Delicious,Fruits,0.6,4000,4500,4250,09 Dec 2022,2022-12-09 00:00:00
Himachal Pradesh,Hamirpur,Hamirpur,Other,Fruits,0.8,7000,8000,7500,09 Dec 2022,2022-12-09 00:00:00
Himachal Pradesh,Hamirpur,Hamirpur(Nadaun),Other,Fruits,0.4,7000,8000,7500,09 Dec 2022,2022-12-09 00:00:00
Himachal Pradesh,Kangra,Kangra,Other,Fruits,0.4,5000,8000,6500,09 Dec 2022,2022-12-09 00:00:00
Himachal Pradesh,Kangra,Kangra(Baijnath),Apple,Fruits,0.3,5000,7000,6000,09 Dec 2022,2022-12-09 00:00:00
Himachal Pradesh,Kangra,Kangra(Jaisinghpur),Apple,Fruits,0.05,5500,8500,6800,09 Dec 2022,2022-12-09 00:00:00
Himachal Pradesh,Kangra,Kangra(Nagrota Bagwan),American,Fruits,0.2,5000,8000,6500,09 Dec 2022,2022-12-09 00:00:00
Himachal Pradesh,Mandi,Mandi(Mandi),Apple,Fruits,1.0,3000,5000,4000,09 Dec 2022,2022-12-09 00:00:00
Himachal Pradesh,Kangra,Palampur,Apple,Fruits,0.8,5000,8000,6500,09 Dec 2022,2022-12-09 00:00:00
Himachal Pradesh,Shimla,Shimla,Golden,Fruits,0.2,3000,6000,3750,09 Dec 2022,2022-12-09 00:00:00
Himachal Pradesh,Solan,Solan,Apple,Fruits,1.22,5500,8000,6000,09 Dec 2022,2022-12-09 00:00:00
Himachal Pradesh,Una,Una,Delicious,Fruits,2.6,4000,10000,7000,09 Dec 2022,2022-12-09 00:00:00
West Bengal,Kolkata,Mechua,Apple,Fruits,125.0,8000,9000,8000,09 Dec 2022,2022-12-09 00:00:00
West Bengal,Kolkata,Mechua,Apple,Fruits,125.0,7000,7600,7500,09 Dec 2022,2022-12-09 00:00:00
West Bengal,Kolkata,Mechua,Apple,Fruits,125.0,5600,6000,6000,09 Dec 2022,2022-12-09 00:00:00
Himachal Pradesh,Una,Una,Delicious,Fruits,3.1,4000,10000,7000,10 Dec 2022,2022-12-10 00:00:00
Odisha,Mayurbhanja,Karanjia,Other,Fruits,0.06,13000,15000,14000,10 Dec 2022,2022-12-10 00:00:00
Odisha,Mayurbhanja,Karanjia,Other,Fruits,0.06,12000,14000,13000,10 Dec 2022,2022-12-10 00:00:00
West Bengal,Kolkata,Mechua,Apple,Fruits,124.0,8000,9000,8000,10 Dec 2022,2022-12-10 00:00:00
West Bengal,Kolkata,Mechua,Apple,Fruits,124.0,7000,7800,7600,10 Dec 2022,2022-12-10 00:00:00
West Bengal,Kolkata,Mechua,Apple,Fruits,124.0,5600,6400,6000,10 Dec 2022,2022-12-10 00:00:00
Odisha,Mayurbhanja,Karanjia,Other,Fruits,0.07,13000,15000,14000,11 Dec 2022,2022-12-11 00:00:00
Odisha,Mayurbhanja,Karanjia,Other,Fruits,0.07,12000,14000,13000,11 Dec 2022,2022-12-11 00:00:00
West Bengal,Kolkata,Mechua,Apple,Fruits,124.0,8000,9000,8000,11 Dec 2022,2022-12-11 00:00:00
West Bengal,Kolkata,Mechua,Apple,Fruits,124.0,7000,7800,7400,11 Dec 2022,2022-12-11 00:00:00
West Bengal,Kolkata,Mechua,Apple,Fruits,124.0,5600,6400,6000,11 Dec 2022,2022-12-11 00:00:00
Himachal Pradesh,Bilaspur,Bilaspur,Apple,Fruits,0.2,4000,10000,7500,12 Dec 2022,2022-12-12 00:00:00
Himachal Pradesh,Chamba,Chamba,Royal Delicious,Fruits,0.8,4000,4500,4250,12 Dec 2022,2022-12-12 00:00:00
Himachal Pradesh,Mandi,Dhanotu (Mandi),Royal Delicious,Fruits,0.7,4000,13000,8500,12 Dec 2022,2022-12-12 00:00:00
Himachal Pradesh,Hamirpur,Hamirpur,Other,Fruits,1.0,8000,9000,8500,12 Dec 2022,2022-12-12 00:00:00
Himachal Pradesh,Hamirpur,Hamirpur(Nadaun),Other,Fruits,0.6,8000,9000,8500,12 Dec 2022,2022-12-12 00:00:00
Himachal Pradesh,Kangra,Kangra,Other,Fruits,0.5,5000,7000,6000,12 Dec 2022,2022-12-12 00:00:00
Himachal Pradesh,Kangra,Kangra(Baijnath),Apple,Fruits,0.2,5000,6000,6000,12 Dec 2022,2022-12-12 00:00:00
Himachal Pradesh,Kangra,Kangra(Jaisinghpur),Apple,Fruits,0.07,5500,8500,7000,12 Dec 2022,2022-12-12 00:00:00
Himachal Pradesh,Kangra,Kangra(Nagrota Bagwan),American,Fruits,0.2,5000,8000,6500,12 Dec 2022,2022-12-12 00:00:00
Himachal Pradesh,Mandi,Mandi(Mandi),Apple,Fruits,1.6,3500,5000,4000,12 Dec 2022,2022-12-12 00:00:00
Himachal Pradesh,Kangra,Palampur,Apple,Fruits,1.2,5000,8000,6500,12 Dec 2022,2022-12-12 00:00:00
Himachal Pradesh,Una,Santoshgarh,Other,Fruits,0.33,4000,8000,6000,12 Dec 2022,2022-12-12 00:00:00
Himachal Pradesh,Shimla,Shimla,Golden,Fruits,0.24,3000,4500,3500,12 Dec 2022,2022-12-12 00:00:00
Himachal Pradesh,Solan,Solan,Apple,Fruits,1.8,6000,8000,7000,12 Dec 2022,2022-12-12 00:00:00
Himachal Pradesh,Una,Una,Delicious,Fruits,2.8,4000,10000,7000,12 Dec 2022,2022-12-12 00:00:00
Odisha,Mayurbhanja,Karanjia,Other,Fruits,0.05,13000,15000,14000,12 Dec 2022,2022-12-12 00:00:00
Odisha,Mayurbhanja,Karanjia,Other,Fruits,0.05,12000,14000,13000,12 Dec 2022,2022-12-12 00:00:00
West Bengal,Kolkata,Mechua,Apple,Fruits,127.0,8000,9000,8000,12 Dec 2022,2022-12-12 00:00:00
West Bengal,Kolkata,Mechua,Apple,Fruits,127.0,7000,7800,7500,12 Dec 2022,2022-12-12 00:00:00
West Bengal,Kolkata,Mechua,Apple,Fruits,127.0,5600,6000,6000,12 Dec 2022,2022-12-12 00:00:00
Himachal Pradesh,Chamba,Chamba,Royal Delicious,Fruits,0.2,4000,4500,4250,13 Dec 2022,2022-12-13 00:00:00
Himachal Pradesh,Mandi,Dhanotu (Mandi),Royal Delicious,Fruits,0.5,4000,6000,5000,13 Dec 2022,2022-12-13 00:00:00
Himachal Pradesh,Hamirpur,Hamirpur,Royal Delicious,Fruits,0.8,8000,9000,8500,13 Dec 2022,2022-12-13 00:00:00
Himachal Pradesh,Hamirpur,Hamirpur(Nadaun),Other,Fruits,0.4,8000,9000,8500,13 Dec 2022,2022-12-13 00:00:00
Himachal Pradesh,Kangra,Kangra,Other,Fruits,0.6,5000,7000,6000,13 Dec 2022,2022-12-13 00:00:00
Himachal Pradesh,Kangra,Kangra(Baijnath),Apple,Fruits,0.2,5000,7000,6000,13 Dec 2022,2022-12-13 00:00:00
Himachal Pradesh,Kangra,Kangra(Jaisinghpur),Apple,Fruits,0.08,5500,8500,7000,13 Dec 2022,2022-12-13 00:00:00
Himachal Pradesh,Kangra,Palampur,Apple,Fruits,1.0,5000,8000,6500,13 Dec 2022,2022-12-13 00:00:00
Himachal Pradesh,Una,Santoshgarh,Other,Fruits,0.33,4500,8000,6250,13 Dec 2022,2022-12-13 00:00:00
Himachal Pradesh,Shimla,Shimla,Golden,Fruits,0.4,3000,6000,3750,13 Dec 2022,2022-12-13 00:00:00
Himachal Pradesh,Solan,Solan,Apple,Fruits,0.14,6000,8000,6500,13 Dec 2022,2022-12-13 00:00:00
Himachal Pradesh,Una,Una,Delicious,Fruits,2.6,4000,10000,7000,13 Dec 2022,2022-12-13 00:00:00
NCT of Delhi,Delhi,Azadpur,Delicious,Fruits,1305.6,1200,6000,3606,13 Dec 2022,2022-12-13 00:00:00
NCT of Delhi,Delhi,Azadpur,Kullu Royal Delicious,Fruits,1305.6,1300,6500,3305,13 Dec 2022,2022-12-13 00:00:00
NCT of Delhi,Delhi,Azadpur,Royal Delicious,Fruits,1305.6,1800,9000,3952,13 Dec 2022,2022-12-13 00:00:00
West Bengal,Kolkata,Mechua,Apple,Fruits,126.5,8000,9000,8000,13 Dec 2022,2022-12-13 00:00:00
West Bengal,Kolkata,Mechua,Apple,Fruits,126.5,7000,7800,7500,13 Dec 2022,2022-12-13 00:00:00
West Bengal,Kolkata,Mechua,Apple,Fruits,126.5,5600,6000,6000,13 Dec 2022,2022-12-13 00:00:00
Himachal Pradesh,Mandi,Dhanotu (Mandi),Royal Delicious,Fruits,0.6,5000,5500,5250,14 Dec 2022,2022-12-14 00:00:00
Himachal Pradesh,Hamirpur,Hamirpur,Other,Fruits,0.7,8000,9000,8500,14 Dec 2022,2022-12-14 00:00:00
Himachal Pradesh,Hamirpur,Hamirpur(Nadaun),Other,Fruits,0.4,8000,9000,8500,14 Dec 2022,2022-12-14 00:00:00
Himachal Pradesh,Kangra,Kangra,Other,Fruits,0.4,5000,7000,6000,14 Dec 2022,2022-12-14 00:00:00
Himachal Pradesh,Kangra,Kangra(Baijnath),Apple,Fruits,0.3,5000,6000,6000,14 Dec 2022,2022-12-14 00:00:00
Himachal Pradesh,Kangra,Kangra(Jaisinghpur),Apple,Fruits,0.06,6000,11000,8500,14 Dec 2022,2022-12-14 00:00:00
Himachal Pradesh,Kangra,Kangra(Nagrota Bagwan),American,Fruits,0.2,5000,8000,6500,14 Dec 2022,2022-12-14 00:00:00
Himachal Pradesh,Sirmore,Nahan,Other,Fruits,0.1,500000,700000,600000,14 Dec 2022,2022-12-14 00:00:00
Himachal Pradesh,Kangra,Palampur,Apple,Fruits,0.8,5000,10000,7500,14 Dec 2022,2022-12-14 00:00:00
Himachal Pradesh,Sirmore,Paonta Sahib,Kasmir/Shimla - II,Fruits,0.3,300000,500000,400000,14 Dec 2022,2022-12-14 00:00:00
Himachal Pradesh,Shimla,Shimla,Golden,Fruits,0.3,2000,6000,3500,14 Dec 2022,2022-12-14 00:00:00
Himachal Pradesh,Solan,Solan,Apple,Fruits,2.76,6000,8500,6500,14 Dec 2022,2022-12-14 00:00:00
Himachal Pradesh,Una,Una,Delicious,Fruits,3.0,4000,10000,7000,14 Dec 2022,2022-12-14 00:00:00
NCT of Delhi,Delhi,Azadpur,Delicious,Fruits,967.2,1200,6000,3606,14 Dec 2022,2022-12-14 00:00:00
NCT of Delhi,Delhi,Azadpur,Kullu Royal Delicious,Fruits,967.2,1300,6500,3305,14 Dec 2022,2022-12-14 00:00:00
NCT of Delhi,Delhi,Azadpur,Royal Delicious,Fruits,967.2,1800,9000,4650,14 Dec 2022,2022-12-14 00:00:00
Himachal Pradesh,Bilaspur,Bilaspur,Apple,Fruits,0.2,4000,10000,5000,15 Dec 2022,2022-12-15 00:00:00
Himachal Pradesh,Mandi,Dhanotu (Mandi),Royal Delicious,Fruits,0.7,4000,4500,4250,15 Dec 2022,2022-12-15 00:00:00
Himachal Pradesh,Hamirpur,Hamirpur,Other,Fruits,0.65,8000,9000,8500,15 Dec 2022,2022-12-15 00:00:00
Himachal Pradesh,Hamirpur,Hamirpur(Nadaun),Other,Fruits,0.5,8000,9000,8500,15 Dec 2022,2022-12-15 00:00:00
Himachal Pradesh,Kangra,Kangra,Other,Fruits,0.5,5000,7000,6000,15 Dec 2022,2022-12-15 00:00:00
Himachal Pradesh,Kangra,Kangra(Baijnath),Apple,Fruits,0.2,5000,7000,6000,15 Dec 2022,2022-12-15 00:00:00
Himachal Pradesh,Kangra,Kangra(Jaisinghpur),Apple,Fruits,0.08,6000,11000,8500,15 Dec 2022,2022-12-15 00:00:00
Himachal Pradesh,Kangra,Kangra(Nagrota Bagwan),American,Fruits,0.2,5000,7000,6000,15 Dec 2022,2022-12-15 00:00:00
Himachal Pradesh,Mandi,Mandi(Mandi),Apple,Fruits,0.9,3200,5000,4000,15 Dec 2022,2022-12-15 00:00:00
Himachal Pradesh,Kangra,Palampur,Apple,Fruits,1.2,5000,10000,7500,15 Dec 2022,2022-12-15 00:00:00
Himachal Pradesh,Solan,Solan,Apple,Fruits,1.68,6000,7000,6500,15 Dec 2022,2022-12-15 00:00:00
Himachal Pradesh,Una,Una,Delicious,Fruits,2.3,4000,10000,7000,15 Dec 2022,2022-12-15 00:00:00
Odisha,Mayurbhanja,Karanjia,Other,Fruits,0.06,13000,15000,14000,15 Dec 2022,2022-12-15 00:00:00
Odisha,Mayurbhanja,Karanjia,Other,Fruits,0.06,12000,14000,13000,15 Dec 2022,2022-12-15 00:00:00
West Bengal,Kolkata,Mechua,Apple,Fruits,126.4,8000,9000,8000,15 Dec 2022,2022-12-15 00:00:00
West Bengal,Kolkata,Mechua,Apple,Fruits,126.4,7000,7800,7500,15 Dec 2022,2022-12-15 00:00:00
West Bengal,Kolkata,Mechua,Apple,Fruits,126.4,5600,6000,6000,15 Dec 2022,2022-12-15 00:00:00
Himachal Pradesh,Chamba,Chamba,Royal Delicious,Fruits,0.2,4000,4500,4250,16 Dec 2022,2022-12-16 00:00:00
Himachal Pradesh,Mandi,Dhanotu (Mandi),Royal Delicious,Fruits,0.5,5000,5500,5250,16 Dec 2022,2022-12-16 00:00:00
Himachal Pradesh,Hamirpur,Hamirpur,Other,Fruits,0.7,8000,9000,8500,16 Dec 2022,2022-12-16 00:00:00
Himachal Pradesh,Kangra,Kangra,Other,Fruits,0.5,5000,7000,6000,16 Dec 2022,2022-12-16 00:00:00
Himachal Pradesh,Kangra,Kangra(Baijnath),Apple,Fruits,0.2,4000,6000,5000,16 Dec 2022,2022-12-16 00:00:00
Himachal Pradesh,Kangra,Kangra(Jaisinghpur),Apple,Fruits,0.1,6000,11000,8500,16 Dec 2022,2022-12-16 00:00:00
Himachal Pradesh,Kangra,Kangra(Nagrota Bagwan),American,Fruits,0.2,5000,7000,6000,16 Dec 2022,2022-12-16 00:00:00
Himachal Pradesh,Mandi,Mandi(Mandi),Apple,Fruits,0.8,3500,10000,8000,16 Dec 2022,2022-12-16 00:00:00
Himachal Pradesh,Kangra,Palampur,Apple,Fruits,0.8,5000,10000,7500,16 Dec 2022,2022-12-16 00:00:00
Himachal Pradesh,Shimla,Shimla,Golden,Fruits,0.16,2000,5000,3000,16 Dec 2022,2022-12-16 00:00:00
Himachal Pradesh,Una,Una,Delicious,Fruits,1.9,4000,10000,7000,16 Dec 2022,2022-12-16 00:00:00
NCT of Delhi,Delhi,Azadpur,Delicious,Fruits,668.2,1120,5600,3583,16 Dec 2022,2022-12-16 00:00:00
NCT of Delhi,Delhi,Azadpur,Kullu Royal Delicious,Fruits,668.2,1200,6000,3249,16 Dec 2022,2022-12-16 00:00:00
NCT of Delhi,Delhi,Azadpur,Royal Delicious,Fruits,668.2,1800,9000,4650,16 Dec 2022,2022-12-16 00:00:00
West Bengal,Kolkata,Mechua,Apple,Fruits,126.5,8000,9000,8000,16 Dec 2022,2022-12-16 00:00:00
West Bengal,Kolkata,Mechua,Apple,Fruits,126.5,7000,7600,7400,16 Dec 2022,2022-12-16 00:00:00
West Bengal,Kolkata,Mechua,Apple,Fruits,126.5,5600,6000,6000,16 Dec 2022,2022-12-16 00:00:00
Himachal Pradesh,Chamba,Chamba,Royal Delicious,Fruits,0.15,4500,5000,4750,17 Dec 2022,2022-12-17 00:00:00
Himachal Pradesh,Mandi,Dhanotu (Mandi),Royal Delicious,Fruits,0.5,4000,6000,5000,17 Dec 2022,2022-12-17 00:00:00
Himachal Pradesh,Hamirpur,Hamirpur,Other,Fruits,0.7,8000,9000,8500,17 Dec 2022,2022-12-17 00:00:00
Himachal Pradesh,Hamirpur,Hamirpur(Nadaun),Other,Fruits,0.45,8000,9000,8500,17 Dec 2022,2022-12-17 00:00:00
Himachal Pradesh,Kangra,Kangra,Other,Fruits,0.8,5000,7000,6000,17 Dec 2022,2022-12-17 00:00:00
Himachal Pradesh,Kangra,Kangra(Baijnath),Apple,Fruits,0.3,5000,7000,6000,17 Dec 2022,2022-12-17 00:00:00
Himachal Pradesh,Kangra,Kangra(Jaisinghpur),Apple,Fruits,0.1,6500,9000,7750,17 Dec 2022,2022-12-17 00:00:00
Himachal Pradesh,Kangra,Palampur,Apple,Fruits,1.0,5000,8000,6500,17 Dec 2022,2022-12-17 00:00:00
Himachal Pradesh,Una,Una,Delicious,Fruits,1.8,4000,15000,9500,17 Dec 2022,2022-12-17 00:00:00
NCT of Delhi,Delhi,Azadpur,Delicious,Fruits,1259.5,1200,5600,3543,17 Dec 2022,2022-12-17 00:00:00
NCT of Delhi,Delhi,Azadpur,Kullu Royal Delicious,Fruits,1259.5,4500,6000,4500,17 Dec 2022,2022-12-17 00:00:00
NCT of Delhi,Delhi,Azadpur,Royal Delicious,Fruits,1259.5,1800,9000,5067,17 Dec 2022,2022-12-17 00:00:00
Odisha,Mayurbhanja,Karanjia,Other,Fruits,0.07,13000,15000,14000,17 Dec 2022,2022-12-17 00:00:00
Odisha,Mayurbhanja,Karanjia,Other,Fruits,0.07,12000,14000,13000,17 Dec 2022,2022-12-17 00:00:00
West Bengal,Kolkata,Mechua,Apple,Fruits,127.5,8000,9000,8400,18 Dec 2022,2022-12-18 00:00:00
West Bengal,Kolkata,Mechua,Apple,Fruits,127.5,7000,7600,7400,18 Dec 2022,2022-12-18 00:00:00
West Bengal,Kolkata,Mechua,Apple,Fruits,127.5,5600,6000,6000,18 Dec 2022,2022-12-18 00:00:00
Himachal Pradesh,Chamba,Chamba,Royal Delicious,Fruits,0.7,4500,5000,4750,19 Dec 2022,2022-12-19 00:00:00
Himachal Pradesh,Mandi,Dhanotu (Mandi),Royal Delicious,Fruits,0.7,3600,6000,4800,19 Dec 2022,2022-12-19 00:00:00
Himachal Pradesh,Hamirpur,Hamirpur,Other,Fruits,0.8,8000,9000,8500,19 Dec 2022,2022-12-19 00:00:00
Himachal Pradesh,Hamirpur,Hamirpur(Nadaun),Other,Fruits,0.5,8000,9000,8500,19 Dec 2022,2022-12-19 00:00:00
Himachal Pradesh,Kangra,Kangra,Other,Fruits,0.8,5000,7000,6000,19 Dec 2022,2022-12-19 00:00:00
Himachal Pradesh,Kangra,Kangra(Baijnath),Apple,Fruits,0.2,5000,7000,6000,19 Dec 2022,2022-12-19 00:00:00
Himachal Pradesh,Kangra,Kangra(Jaisinghpur),Apple,Fruits,0.1,6500,9000,7750,19 Dec 2022,2022-12-19 00:00:00
Himachal Pradesh,Kangra,Palampur,Apple,Fruits,1.0,5000,8000,6500,19 Dec 2022,2022-12-19 00:00:00
Himachal Pradesh,Solan,Solan,Apple,Fruits,2.72,6000,7500,6500,19 Dec 2022,2022-12-19 00:00:00
Himachal Pradesh,Una,Una,Delicious,Fruits,2.6,4000,15000,9500,19 Dec 2022,2022-12-19 00:00:00
Himachal Pradesh,Chamba,Chamba,Royal Delicious,Fruits,0.2,4500,5000,4750,20 Dec 2022,2022-12-20 00:00:00
Himachal Pradesh,Mandi,Dhanotu (Mandi),Royal Delicious,Fruits,0.5,3500,5000,4250,20 Dec 2022,2022-12-20 00:00:00
Himachal Pradesh,Hamirpur,Hamirpur,Other,Fruits,0.8,8000,9000,8500,20 Dec 2022,2022-12-20 00:00:00
Himachal Pradesh,Hamirpur,Hamirpur(Nadaun),Other,Fruits,0.4,8000,9000,8500,20 Dec 2022,2022-12-20 00:00:00
Himachal Pradesh,Kangra,Kangra,Other,Fruits,0.7,5000,7000,6000,20 Dec 2022,2022-12-20 00:00:00
Himachal Pradesh,Kangra,Kangra(Jaisinghpur),Apple,Fruits,0.06,6500,9000,7750,20 Dec 2022,2022-12-20 00:00:00
Himachal Pradesh,Kangra,Kangra(Nagrota Bagwan),American,Fruits,0.2,5000,7000,6000,20 Dec 2022,2022-12-20 00:00:00
Himachal Pradesh,Mandi,Mandi(Mandi),Apple,Fruits,1.2,3500,11000,8000,20 Dec 2022,2022-12-20 00:00:00
Himachal Pradesh,Kangra,Palampur,Apple,Fruits,1.0,5000,8000,6500,20 Dec 2022,2022-12-20 00:00:00
Himachal Pradesh,Sirmore,Paonta Sahib,Kasmir/Shimla - II,Fruits,0.3,500000,700000,600000,20 Dec 2022,2022-12-20 00:00:00
Himachal Pradesh,Solan,Solan,Apple,Fruits,0.24,6000,7500,6500,20 Dec 2022,2022-12-20 00:00:00
Himachal Pradesh,Una,Una,Delicious,Fruits,3.0,4000,16000,10000,20 Dec 2022,2022-12-20 00:00:00
Odisha,Mayurbhanja,Karanjia,Other,Fruits,0.06,13000,15000,14000,20 Dec 2022,2022-12-20 00:00:00
Odisha,Mayurbhanja,Karanjia,Other,Fruits,0.06,12000,14000,13000,20 Dec 2022,2022-12-20 00:00:00
West Bengal,Kolkata,Mechua,Apple,Fruits,128.0,8000,9000,8000,20 Dec 2022,2022-12-20 00:00:00
West Bengal,Kolkata,Mechua,Apple,Fruits,128.0,7000,7800,7500,20 Dec 2022,2022-12-20 00:00:00
West Bengal,Kolkata,Mechua,Apple,Fruits,128.0,5600,6000,6000,20 Dec 2022,2022-12-20 00:00:00
Himachal Pradesh,Hamirpur,Hamirpur,Other,Fruits,0.8,8000,9000,8500,21 Dec 2022,2022-12-21 00:00:00
Himachal Pradesh,Hamirpur,Hamirpur(Nadaun),Other,Fruits,0.4,8000,9000,8500,21 Dec 2022,2022-12-21 00:00:00
Himachal Pradesh,Kangra,Kangra,Other,Fruits,0.4,5000,7000,6000,21 Dec 2022,2022-12-21 00:00:00
Himachal Pradesh,Kangra,Kangra(Jaisinghpur),Apple,Fruits,0.08,6500,9000,7750,21 Dec 2022,2022-12-21 00:00:00
Himachal Pradesh,Kangra,Palampur,Apple,Fruits,1.2,6500,9000,7750,21 Dec 2022,2022-12-21 00:00:00
Himachal Pradesh,Solan,Solan,Apple,Fruits,1.86,5000,8000,6000,21 Dec 2022,2022-12-21 00:00:00
Himachal Pradesh,Una,Una,Delicious,Fruits,2.9,4000,12000,8000,21 Dec 2022,2022-12-21 00:00:00
NCT of Delhi,Delhi,Azadpur,Delicious,Fruits,2338.5,1200,6000,3543,21 Dec 2022,2022-12-21 00:00:00
NCT of Delhi,Delhi,Azadpur,Kullu Royal Delicious,Fruits,2338.5,2000,6000,4000,21 Dec 2022,2022-12-21 00:00:00
NCT of Delhi,Delhi,Azadpur,Royal Delicious,Fruits,2338.5,1800,9000,5067,21 Dec 2022,2022-12-21 00:00:00
Odisha,Mayurbhanja,Karanjia,Other,Fruits,0.05,13000,15000,14000,21 Dec 2022,2022-12-21 00:00:00
Odisha,Mayurbhanja,Karanjia,Other,Fruits,0.05,12000,14000,13000,21 Dec 2022,2022-12-21 00:00:00
West Bengal,Kolkata,Mechua,Apple,Fruits,130.0,8000,9000,8000,21 Dec 2022,2022-12-21 00:00:00
West Bengal,Kolkata,Mechua,Apple,Fruits,130.0,7000,7500,7000,21 Dec 2022,2022-12-21 00:00:00
West Bengal,Kolkata,Mechua,Apple,Fruits,130.0,5000,6000,5600,21 Dec 2022,2022-12-21 00:00:00
Himachal Pradesh,Mandi,Dhanotu (Mandi),Royal Delicious,Fruits,0.4,5000,6500,5750,22 Dec 2022,2022-12-22 00:00:00
Himachal Pradesh,Hamirpur,Hamirpur,Other,Fruits,0.6,8000,9000,8500,22 Dec 2022,2022-12-22 00:00:00
Himachal Pradesh,Hamirpur,Hamirpur(Nadaun),Other,Fruits,0.4,8000,9000,8500,22 Dec 2022,2022-12-22 00:00:00
Himachal Pradesh,Kangra,Kangra,Other,Fruits,0.7,5000,7000,6000,22 Dec 2022,2022-12-22 00:00:00
Himachal Pradesh,Kangra,Kangra(Baijnath),Apple,Fruits,0.2,6000,7000,7000,22 Dec 2022,2022-12-22 00:00:00
Himachal Pradesh,Kangra,Kangra(Jaisinghpur),Apple,Fruits,0.08,6500,9000,7750,22 Dec 2022,2022-12-22 00:00:00
Himachal Pradesh,Kangra,Palampur,Apple,Fruits,1.2,6000,8000,7000,22 Dec 2022,2022-12-22 00:00:00
Himachal Pradesh,Sirmore,Paonta Sahib,Kasmir/Shimla - II,Fruits,0.2,500000,700000,600000,22 Dec 2022,2022-12-22 00:00:00
Himachal Pradesh,Solan,Solan,Apple,Fruits,0.94,6000,9000,6000,22 Dec 2022,2022-12-22 00:00:00
Himachal Pradesh,Una,Una,Delicious,Fruits,2.3,4000,12500,8000,22 Dec 2022,2022-12-22 00:00:00
NCT of Delhi,Delhi,Azadpur,Delicious,Fruits,567.3,1200,6000,3543,22 Dec 2022,2022-12-22 00:00:00
NCT of Delhi,Delhi,Azadpur,Kullu Royal Delicious,Fruits,567.3,2000,6000,4000,22 Dec 2022,2022-12-22 00:00:00
NCT of Delhi,Delhi,Azadpur,Royal Delicious,Fruits,567.3,2000,10000,5217,22 Dec 2022,2022-12-22 00:00:00
Odisha,Mayurbhanja,Karanjia,Other,Fruits,0.07,13000,15000,14000,22 Dec 2022,2022-12-22 00:00:00
Odisha,Mayurbhanja,Karanjia,Other,Fruits,0.07,12000,14000,13000,22 Dec 2022,2022-12-22 00:00:00
West Bengal,Kolkata,Mechua,Apple,Fruits,132.0,8000,9000,8000,22 Dec 2022,2022-12-22 00:00:00
West Bengal,Kolkata,Mechua,Apple,Fruits,132.0,7000,7400,7000,22 Dec 2022,2022-12-22 00:00:00
West Bengal,Kolkata,Mechua,Apple,Fruits,132.0,5000,6000,5600,22 Dec 2022,2022-12-22 00:00:00
Himachal Pradesh,Chamba,Chamba,Royal Delicious,Fruits,0.2,4500,5000,4750,23 Dec 2022,2022-12-23 00:00:00
Himachal Pradesh,Mandi,Dhanotu (Mandi),Royal Delicious,Fruits,0.6,4500,4500,4500,23 Dec 2022,2022-12-23 00:00:00
Himachal Pradesh,Hamirpur,Hamirpur,Other,Fruits,0.8,8000,9000,8500,23 Dec 2022,2022-12-23 00:00:00
Himachal Pradesh,Hamirpur,Hamirpur(Nadaun),Other,Fruits,0.4,8000,9000,8500,23 Dec 2022,2022-12-23 00:00:00
Himachal Pradesh,Kangra,Kangra,Other,Fruits,0.6,5000,7000,6000,23 Dec 2022,2022-12-23 00:00:00
Himachal Pradesh,Kangra,Kangra(Baijnath),Apple,Fruits,0.2,5000,7000,6000,23 Dec 2022,2022-12-23 00:00:00
Himachal Pradesh,Kangra,Kangra(Jaisinghpur),Apple,Fruits,0.06,6500,9000,7750,23 Dec 2022,2022-12-23 00:00:00
Himachal Pradesh,Mandi,Mandi(Mandi),Apple,Fruits,0.7,3500,10200,8000,23 Dec 2022,2022-12-23 00:00:00
Himachal Pradesh,Kangra,Palampur,Apple,Fruits,1.0,6000,8000,7000,23 Dec 2022,2022-12-23 00:00:00
Himachal Pradesh,Solan,Solan,Apple,Fruits,1.4,6000,9000,6000,23 Dec 2022,2022-12-23 00:00:00
Himachal Pradesh,Una,Una,Delicious,Fruits,2.6,4500,13000,8000,23 Dec 2022,2022-12-23 00:00:00
Odisha,Mayurbhanja,Karanjia,Other,Fruits,0.06,13000,15000,14000,23 Dec 2022,2022-12-23 00:00:00
Odisha,Mayurbhanja,Karanjia,Other,Fruits,0.06,12000,14000,13000,23 Dec 2022,2022-12-23 00:00:00
West Bengal,Kolkata,Mechua,Apple,Fruits,150.0,7000,9000,8000,23 Dec 2022,2022-12-23 00:00:00
West Bengal,Kolkata,Mechua,Apple,Fruits,150.0,6000,6800,6500,23 Dec 2022,2022-12-23 00:00:00
West Bengal,Kolkata,Mechua,Apple,Fruits,150.0,5000,5800,5600,23 Dec 2022,2022-12-23 00:00:00
Himachal Pradesh,Chamba,Chamba,Royal Delicious,Fruits,0.8,4500,5000,4750,24 Dec 2022,2022-12-24 00:00:00
Himachal Pradesh,Mandi,Dhanotu (Mandi),Royal Delicious,Fruits,0.5,4000,4500,4250,24 Dec 2022,2022-12-24 00:00:00
Himachal Pradesh,Hamirpur,Hamirpur(Nadaun),Other,Fruits,0.4,8000,9000,8500,24 Dec 2022,2022-12-24 00:00:00
Himachal Pradesh,Kangra,Kangra,Other,Fruits,0.5,5000,7000,6000,24 Dec 2022,2022-12-24 00:00:00
Himachal Pradesh,Kangra,Kangra(Baijnath),Apple,Fruits,0.2,5000,7000,6000,24 Dec 2022,2022-12-24 00:00:00
Himachal Pradesh,Kangra,Kangra(Jaisinghpur),Apple,Fruits,0.1,6500,9000,7500,24 Dec 2022,2022-12-24 00:00:00
Himachal Pradesh,Mandi,Mandi(Mandi),Apple,Fruits,0.5,3500,6000,5000,24 Dec 2022,2022-12-24 00:00:00
Himachal Pradesh,Kangra,Palampur,Apple,Fruits,1.0,6000,8000,7000,24 Dec 2022,2022-12-24 00:00:00
Himachal Pradesh,Solan,Solan,Apple,Fruits,1.24,6000,8000,6000,24 Dec 2022,2022-12-24 00:00:00
Himachal Pradesh,Una,Una,Delicious,Fruits,2.2,4000,13000,8000,24 Dec 2022,2022-12-24 00:00:00
NCT of Delhi,Delhi,Azadpur,Delicious,Fruits,1767.0,1200,6000,3543,24 Dec 2022,2022-12-24 00:00:00
NCT of Delhi,Delhi,Azadpur,Kullu Royal Delicious,Fruits,1767.0,2000,6000,4000,24 Dec 2022,2022-12-24 00:00:00
NCT of Delhi,Delhi,Azadpur,Royal Delicious,Fruits,1767.0,2200,11000,5517,24 Dec 2022,2022-12-24 00:00:00
Odisha,Mayurbhanja,Karanjia,Other,Fruits,0.05,13000,15000,14000,24 Dec 2022,2022-12-24 00:00:00
Odisha,Mayurbhanja,Karanjia,Other,Fruits,0.05,12000,14000,13000,24 Dec 2022,2022-12-24 00:00:00
Odisha,Mayurbhanja,Karanjia,Other,Fruits,0.06,13000,15000,14000,25 Dec 2022,2022-12-25 00:00:00
Odisha,Mayurbhanja,Karanjia,Other,Fruits,0.06,12000,14000,13000,25 Dec 2022,2022-12-25 00:00:00
West Bengal,Kolkata,Mechua,Apple,Fruits,153.0,7000,9000,8000,25 Dec 2022,2022-12-25 00:00:00
West Bengal,Kolkata,Mechua,Apple,Fruits,153.0,6000,6800,6400,25 Dec 2022,2022-12-25 00:00:00
West Bengal,Kolkata,Mechua,Apple,Fruits,153.0,5000,5800,5600,25 Dec 2022,2022-12-25 00:00:00
Himachal Pradesh,Mandi,Dhanotu (Mandi),Royal Delicious,Fruits,0.5,4000,5000,4500,26 Dec 2022,2022-12-26 00:00:00
Himachal Pradesh,Hamirpur,Hamirpur,Other,Fruits,2.5,8000,9000,8500,26 Dec 2022,2022-12-26 00:00:00
Himachal Pradesh,Hamirpur,Hamirpur(Nadaun),Other,Fruits,0.4,8000,9000,8500,26 Dec 2022,2022-12-26 00:00:00
Himachal Pradesh,Kangra,Kangra,Other,Fruits,0.5,5000,7000,6000,26 Dec 2022,2022-12-26 00:00:00
Himachal Pradesh,Kangra,Kangra(Baijnath),Apple,Fruits,0.2,5000,6000,6000,26 Dec 2022,2022-12-26 00:00:00
Himachal Pradesh,Kangra,Kangra(Jaisinghpur),Apple,Fruits,0.08,7800,9000,8400,26 Dec 2022,2022-12-26 00:00:00
Himachal Pradesh,Kangra,Palampur,Apple,Fruits,1.0,7500,8500,8000,26 Dec 2022,2022-12-26 00:00:00
Himachal Pradesh,Sirmore,Paonta Sahib,Kasmir/Shimla - II,Fruits,0.5,5000,0,6000,26 Dec 2022,2022-12-26 00:00:00
Himachal Pradesh,Solan,Solan,Apple,Fruits,3.38,6000,8000,6000,26 Dec 2022,2022-12-26 00:00:00
Himachal Pradesh,Una,Una,Delicious,Fruits,3.0,4000,15000,9500,26 Dec 2022,2022-12-26 00:00:00
Odisha,Mayurbhanja,Karanjia,Other,Fruits,0.05,13000,15000,14000,26 Dec 2022,2022-12-26 00:00:00
Odisha,Mayurbhanja,Karanjia,Other,Fruits,0.05,12000,14000,13000,26 Dec 2022,2022-12-26 00:00:00
West Bengal,Kolkata,Mechua,Apple,Fruits,156.0,7000,9000,8000,26 Dec 2022,2022-12-26 00:00:00
West Bengal,Kolkata,Mechua,Apple,Fruits,156.0,6000,6700,6400,26 Dec 2022,2022-12-26 00:00:00
West Bengal,Kolkata,Mechua,Apple,Fruits,156.0,5000,5600,5400,26 Dec 2022,2022-12-26 00:00:00
Himachal Pradesh,Chamba,Chamba,Royal Delicious,Fruits,0.1,5000,5500,5250,27 Dec 2022,2022-12-27 00:00:00
Himachal Pradesh,Hamirpur,Hamirpur,Other,Fruits,0.6,8000,9000,8500,27 Dec 2022,2022-12-27 00:00:00
Himachal Pradesh,Kangra,Kangra,Other,Fruits,0.4,5000,7000,6000,27 Dec 2022,2022-12-27 00:00:00
Himachal Pradesh,Kangra,Kangra(Baijnath),Apple,Fruits,0.2,5000,7000,6000,27 Dec 2022,2022-12-27 00:00:00
Himachal Pradesh,Kangra,Kangra(Jaisinghpur),Apple,Fruits,0.08,7000,9000,8000,27 Dec 2022,2022-12-27 00:00:00
Himachal Pradesh,Kangra,Palampur,Apple,Fruits,1.2,6500,8500,7500,27 Dec 2022,2022-12-27 00:00:00
Himachal Pradesh,Una,Una,Delicious,Fruits,2.4,4000,14000,9000,27 Dec 2022,2022-12-27 00:00:00
Odisha,Mayurbhanja,Karanjia,Other,Fruits,0.06,13000,15000,14000,27 Dec 2022,2022-12-27 00:00:00
Odisha,Mayurbhanja,Karanjia,Other,Fruits,0.06,12000,14000,13000,27 Dec 2022,2022-12-27 00:00:00
West Bengal,Kolkata,Mechua,Apple,Fruits,154.0,7000,9000,8000,27 Dec 2022,2022-12-27 00:00:00
West Bengal,Kolkata,Mechua,Apple,Fruits,154.0,6000,6600,6400,27 Dec 2022,2022-12-27 00:00:00
West Bengal,Kolkata,Mechua,Apple,Fruits,154.0,5000,5600,5400,27 Dec 2022,2022-12-27 00:00:00
Himachal Pradesh,Bilaspur,Bilaspur,Apple,Fruits,0.2,4000,10000,5000,28 Dec 2022,2022-12-28 00:00:00
Himachal Pradesh,Chamba,Chamba,Royal Delicious,Fruits,0.21,5000,5500,5250,28 Dec 2022,2022-12-28 00:00:00
Himachal Pradesh,Mandi,Dhanotu (Mandi),Royal Delicious,Fruits,0.4,4000,5000,4500,28 Dec 2022,2022-12-28 00:00:00
Himachal Pradesh,Hamirpur,Hamirpur,Other,Fruits,0.8,8000,9000,8500,28 Dec 2022,2022-12-28 00:00:00
Himachal Pradesh,Hamirpur,Hamirpur(Nadaun),Other,Fruits,0.4,8000,9000,8500,28 Dec 2022,2022-12-28 00:00:00
Himachal Pradesh,Kangra,Kangra,Other,Fruits,0.5,5000,7000,6000,28 Dec 2022,2022-12-28 00:00:00
Himachal Pradesh,Kangra,Kangra(Jaisinghpur),Apple,Fruits,0.08,7000,9000,8000,28 Dec 2022,2022-12-28 00:00:00
Himachal Pradesh,Kangra,Kangra(Nagrota Bagwan),American,Fruits,0.2,5000,7000,6000,28 Dec 2022,2022-12-28 00:00:00
Himachal Pradesh,Sirmore,Nahan,Other,Fruits,1.0,8000,10000,9000,28 Dec 2022,2022-12-28 00:00:00
Himachal Pradesh,Kangra,Palampur,Apple,Fruits,1.0,6500,8500,7500,28 Dec 2022,2022-12-28 00:00:00
Himachal Pradesh,Sirmore,Paonta Sahib,Kasmir/Shimla - II,Fruits,0.6,300000,600000,450000,28 Dec 2022,2022-12-28 00:00:00
Himachal Pradesh,Solan,Solan,Apple,Fruits,2.9,4000,6000,5000,28 Dec 2022,2022-12-28 00:00:00
Himachal Pradesh,Una,Una,Delicious,Fruits,2.5,4000,14000,9000,28 Dec 2022,2022-12-28 00:00:00
Odisha,Mayurbhanja,Karanjia,Other,Fruits,0.07,13000,15000,14000,28 Dec 2022,2022-12-28 00:00:00
Odisha,Mayurbhanja,Karanjia,Other,Fruits,0.07,12000,14000,13000,28 Dec 2022,2022-12-28 00:00:00
West Bengal,Kolkata,Mechua,Apple,Fruits,160.0,7000,9000,8000,28 Dec 2022,2022-12-28 00:00:00
West Bengal,Kolkata,Mechua,Apple,Fruits,160.0,6000,6800,6500,28 Dec 2022,2022-12-28 00:00:00
West Bengal,Kolkata,Mechua,Apple,Fruits,160.0,5000,5600,5400,28 Dec 2022,2022-12-28 00:00:00
Himachal Pradesh,Bilaspur,Bilaspur,Apple,Fruits,0.4,4000,10000,6000,29 Dec 2022,2022-12-29 00:00:00
Himachal Pradesh,Mandi,Dhanotu (Mandi),Royal Delicious,Fruits,0.3,4000,16000,10000,29 Dec 2022,2022-12-29 00:00:00
Himachal Pradesh,Hamirpur,Hamirpur,Other,Fruits,0.7,8000,9000,8500,29 Dec 2022,2022-12-29 00:00:00
Himachal Pradesh,Hamirpur,Hamirpur(Nadaun),Other,Fruits,0.4,8000,9000,8500,29 Dec 2022,2022-12-29 00:00:00
Himachal Pradesh,Kangra,Kangra,Other,Fruits,0.6,5000,7000,6000,29 Dec 2022,2022-12-29 00:00:00
Himachal Pradesh,Kangra,Kangra(Jaisinghpur),Apple,Fruits,0.06,7000,9000,8000,29 Dec 2022,2022-12-29 00:00:00
Himachal Pradesh,Kangra,Kangra(Nagrota Bagwan),American,Fruits,0.1,5000,7000,6000,29 Dec 2022,2022-12-29 00:00:00
Himachal Pradesh,Sirmore,Nahan,Other,Fruits,0.35,8000,10000,9000,29 Dec 2022,2022-12-29 00:00:00
Himachal Pradesh,Kangra,Palampur,Apple,Fruits,0.8,6500,8500,7500,29 Dec 2022,2022-12-29 00:00:00
Himachal Pradesh,Sirmore,Paonta Sahib,Kasmir/Shimla - II,Fruits,0.45,400000,600000,500000,29 Dec 2022,2022-12-29 00:00:00
Himachal Pradesh,Una,Una,Delicious,Fruits,2.3,4000,10000,7000,29 Dec 2022,2022-12-29 00:00:00
Odisha,Mayurbhanja,Karanjia,Other,Fruits,0.05,13000,15000,14000,29 Dec 2022,2022-12-29 00:00:00
Odisha,Mayurbhanja,Karanjia,Other,Fruits,0.05,12000,14000,13000,29 Dec 2022,2022-12-29 00:00:00
West Bengal,Kolkata,Mechua,Apple,Fruits,165.0,7000,9000,8000,29 Dec 2022,2022-12-29 00:00:00
West Bengal,Kolkata,Mechua,Apple,Fruits,165.0,6000,6800,6500,29 Dec 2022,2022-12-29 00:00:00
West Bengal,Kolkata,Mechua,Apple,Fruits,165.0,5000,5600,5400,29 Dec 2022,2022-12-29 00:00:00
Himachal Pradesh,Bilaspur,Bilaspur,Apple,Fruits,0.2,4000,10000,6000,30 Dec 2022,2022-12-30 00:00:00
Himachal Pradesh,Mandi,Dhanotu (Mandi),Royal Delicious,Fruits,0.5,5000,13000,9000,30 Dec 2022,2022-12-30 00:00:00
Himachal Pradesh,Hamirpur,Hamirpur,Other,Fruits,0.7,8000,9000,8500,30 Dec 2022,2022-12-30 00:00:00
Himachal Pradesh,Hamirpur,Hamirpur(Nadaun),Other,Fruits,0.3,8000,9000,8500,30 Dec 2022,2022-12-30 00:00:00
Himachal Pradesh,Kangra,Kangra,Other,Fruits,0.4,5000,7000,6000,30 Dec 2022,2022-12-30 00:00:00
Himachal Pradesh,Kangra,Kangra(Jaisinghpur),Apple,Fruits,0.08,7000,9000,8000,30 Dec 2022,2022-12-30 00:00:00
Himachal Pradesh,Kangra,Kangra(Nagrota Bagwan),American,Fruits,0.2,5000,7000,6000,30 Dec 2022,2022-12-30 00:00:00
Himachal Pradesh,Mandi,Mandi(Mandi),Apple,Fruits,0.6,3000,8000,6000,30 Dec 2022,2022-12-30 00:00:00
Himachal Pradesh,Kangra,Palampur,Apple,Fruits,0.8,6500,8500,7500,30 Dec 2022,2022-12-30 00:00:00
Himachal Pradesh,Solan,Solan,Apple,Fruits,1.16,4000,6000,6000,30 Dec 2022,2022-12-30 00:00:00
Himachal Pradesh,Una,Una,Delicious,Fruits,2.0,4000,13000,8500,30 Dec 2022,2022-12-30 00:00:00
NCT of Delhi,Delhi,Azadpur,Delicious,Fruits,848.7,1200,6000,3543,30 Dec 2022,2022-12-30 00:00:00
NCT of Delhi,Delhi,Azadpur,Kullu Royal Delicious,Fruits,848.7,2000,6000,4000,30 Dec 2022,2022-12-30 00:00:00
NCT of Delhi,Delhi,Azadpur,Royal Delicious,Fruits,848.7,2000,10000,5367,30 Dec 2022,2022-12-30 00:00:00
West Bengal,Kolkata,Mechua,Apple,Fruits,164.2,8000,9000,8000,30 Dec 2022,2022-12-30 00:00:00
West Bengal,Kolkata,Mechua,Apple,Fruits,164.2,6000,6700,6400,30 Dec 2022,2022-12-30 00:00:00
West Bengal,Kolkata,Mechua,Apple,Fruits,164.2,5000,5600,5400,30 Dec 2022,2022-12-30 00:00:00
Himachal Pradesh,Chamba,Chamba,Royal Delicious,Fruits,0.25,5000,5500,5250,31 Dec 2022,2022-12-31 00:00:00
Himachal Pradesh,Mandi,Dhanotu (Mandi),Royal Delicious,Fruits,0.5,5000,12000,8500,31 Dec 2022,2022-12-31 00:00:00
Himachal Pradesh,Kangra,Kangra,Other,Fruits,0.5,5000,7000,6000,31 Dec 2022,2022-12-31 00:00:00
Himachal Pradesh,Kangra,Kangra(Jaisinghpur),Apple,Fruits,0.1,7000,9000,8000,31 Dec 2022,2022-12-31 00:00:00
Himachal Pradesh,Kangra,Kangra(Nagrota Bagwan),American,Fruits,0.2,5000,7000,6000,31 Dec 2022,2022-12-31 00:00:00
Himachal Pradesh,Kangra,Palampur,Apple,Fruits,1.0,6500,8500,7500,31 Dec 2022,2022-12-31 00:00:00
Himachal Pradesh,Solan,Solan,Apple,Fruits,0.94,4000,6000,5000,31 Dec 2022,2022-12-31 00:00:00
Himachal Pradesh,Una,Una,Other,Fruits,2.9,4000,13000,8500,31 Dec 2022,2022-12-31 00:00:00
West Bengal,Kolkata,Mechua,Apple,Fruits,164.5,8000,9000,8000,01 Jan 2023,2023-01-01 00:00:00
West Bengal,Kolkata,Mechua,Apple,Fruits,164.5,6000,7000,6500,01 Jan 2023,2023-01-01 00:00:00
West Bengal,Kolkata,Mechua,Apple,Fruits,164.5,5000,5800,5600,01 Jan 2023,2023-01-01 00:00:00
Himachal Pradesh,Chamba,Chamba,Royal Delicious,Fruits,0.6,5000,5500,5250,02 Jan 2023,2023-01-02 00:00:00
Himachal Pradesh,Mandi,Dhanotu (Mandi),Royal Delicious,Fruits,0.4,5000,12000,8500,02 Jan 2023,2023-01-02 00:00:00
Himachal Pradesh,Hamirpur,Hamirpur,Other,Fruits,0.7,8000,10000,9000,02 Jan 2023,2023-01-02 00:00:00
Himachal Pradesh,Kangra,Kangra,Other,Fruits,0.5,5000,8000,6500,02 Jan 2023,2023-01-02 00:00:00
Himachal Pradesh,Kangra,Kangra(Jaisinghpur),Apple,Fruits,0.08,7000,9000,8000,02 Jan 2023,2023-01-02 00:00:00
Himachal Pradesh,Kangra,Palampur,Apple,Fruits,1.0,6500,8500,7500,02 Jan 2023,2023-01-02 00:00:00
Himachal Pradesh,Sirmore,Paonta Sahib,Kasmir/Shimla - II,Fruits,0.3,50000,700000,600000,02 Jan 2023,2023-01-02 00:00:00
Himachal Pradesh,Solan,Solan,Apple,Fruits,2.4,5000,9200,6000,02 Jan 2023,2023-01-02 00:00:00
Himachal Pradesh,Una,Una,Delicious,Fruits,3.1,4000,13000,8500,02 Jan 2023,2023-01-02 00:00:00
NCT of Delhi,Delhi,Azadpur,Delicious,Fruits,879.0,1400,7000,3941,02 Jan 2023,2023-01-02 00:00:00
NCT of Delhi,Delhi,Azadpur,Kullu Royal Delicious,Fruits,879.0,2000,6000,4000,02 Jan 2023,2023-01-02 00:00:00
NCT of Delhi,Delhi,Azadpur,Royal Delicious,Fruits,879.0,2000,10000,5367,02 Jan 2023,2023-01-02 00:00:00
Himachal Pradesh,Chamba,Chamba,Royal Delicious,Fruits,0.8,5000,5500,5250,03 Jan 2023,2023-01-03 00:00:00
Himachal Pradesh,Mandi,Dhanotu (Mandi),Royal Delicious,Fruits,0.4,5000,15000,9500,03 Jan 2023,2023-01-03 00:00:00
Himachal Pradesh,Kangra,Kangra,Other,Fruits,0.4,5000,8000,6500,03 Jan 2023,2023-01-03 00:00:00
Himachal Pradesh,Kangra,Kangra(Baijnath),Apple,Fruits,0.3,5000,6000,6000,03 Jan 2023,2023-01-03 00:00:00
Himachal Pradesh,Kangra,Kangra(Jaisinghpur),Apple,Fruits,0.06,7000,9000,8000,03 Jan 2023,2023-01-03 00:00:00
Himachal Pradesh,Kangra,Kangra(Nagrota Bagwan),American,Fruits,0.2,5000,8000,6500,03 Jan 2023,2023-01-03 00:00:00
Himachal Pradesh,Kangra,Palampur,Apple,Fruits,1.0,6500,8500,7500,03 Jan 2023,2023-01-03 00:00:00
Himachal Pradesh,Sirmore,Paonta Sahib,Kasmir/Shimla - II,Fruits,0.3,500000,700000,600000,03 Jan 2023,2023-01-03 00:00:00
Himachal Pradesh,Solan,Solan,Apple,Fruits,0.04,5000,9200,6000,03 Jan 2023,2023-01-03 00:00:00
Himachal Pradesh,Una,Una,Other,Fruits,2.5,4000,13000,9000,03 Jan 2023,2023-01-03 00:00:00
NCT of Delhi,Delhi,Azadpur,Delicious,Fruits,1091.4,1400,7000,3941,03 Jan 2023,2023-01-03 00:00:00
NCT of Delhi,Delhi,Azadpur,Kullu Royal Delicious,Fruits,1091.4,2000,6000,4000,03 Jan 2023,2023-01-03 00:00:00
NCT of Delhi,Delhi,Azadpur,Royal Delicious,Fruits,1091.4,2000,10000,5367,03 Jan 2023,2023-01-03 00:00:00
Odisha,Mayurbhanja,Karanjia,Other,Fruits,0.06,13000,15000,14000,03 Jan 2023,2023-01-03 00:00:00
Odisha,Mayurbhanja,Karanjia,Other,Fruits,0.06,12000,14000,13000,03 Jan 2023,2023-01-03 00:00:00
West Bengal,Kolkata,Mechua,Apple,Fruits,165.8,8000,10000,9000,03 Jan 2023,2023-01-03 00:00:00
West Bengal,Kolkata,Mechua,Apple,Fruits,165.8,6000,7000,6500,03 Jan 2023,2023-01-03 00:00:00
West Bengal,Kolkata,Mechua,Apple,Fruits,165.8,5000,5700,5400,03 Jan 2023,2023-01-03 00:00:00
Himachal Pradesh,Bilaspur,Bilaspur,Apple,Fruits,0.2,4500,10000,6500,04 Jan 2023,2023-01-04 00:00:00
Himachal Pradesh,Hamirpur,Hamirpur,Other,Fruits,0.5,8000,10000,9000,04 Jan 2023,2023-01-04 00:00:00
Himachal Pradesh,Hamirpur,Hamirpur(Nadaun),Other,Fruits,0.35,8000,10000,9000,04 Jan 2023,2023-01-04 00:00:00
Himachal Pradesh,Kangra,Kangra,Other,Fruits,0.5,5000,8000,6500,04 Jan 2023,2023-01-04 00:00:00
Himachal Pradesh,Kangra,Kangra(Baijnath),Apple,Fruits,0.3,5000,7000,6000,04 Jan 2023,2023-01-04 00:00:00
Himachal Pradesh,Kangra,Kangra(Jaisinghpur),Apple,Fruits,0.08,7000,9000,8000,04 Jan 2023,2023-01-04 00:00:00
Himachal Pradesh,Kangra,Kangra(Nagrota Bagwan),American,Fruits,0.2,5000,8000,6500,04 Jan 2023,2023-01-04 00:00:00
Himachal Pradesh,Mandi,Mandi(Mandi),Apple,Fruits,1.2,3500,8000,6000,04 Jan 2023,2023-01-04 00:00:00
Himachal Pradesh,Sirmore,Nahan,Other,Fruits,0.2,600000,800000,700000,04 Jan 2023,2023-01-04 00:00:00
Himachal Pradesh,Kangra,Palampur,Apple,Fruits,1.2,6500,8500,7500,04 Jan 2023,2023-01-04 00:00:00
Himachal Pradesh,Sirmore,Paonta Sahib,Kasmir/Shimla - II,Fruits,0.4,500000,700000,600000,04 Jan 2023,2023-01-04 00:00:00
Himachal Pradesh,Solan,Solan,Apple,Fruits,1.12,5000,10000,6000,04 Jan 2023,2023-01-04 00:00:00
Himachal Pradesh,Una,Una,Delicious,Fruits,2.5,4000,14000,9000,04 Jan 2023,2023-01-04 00:00:00
NCT of Delhi,Delhi,Azadpur,Delicious,Fruits,1172.5,1400,7000,3941,04 Jan 2023,2023-01-04 00:00:00
NCT of Delhi,Delhi,Azadpur,Kullu Royal Delicious,Fruits,1172.5,2000,6000,4000,04 Jan 2023,2023-01-04 00:00:00
NCT of Delhi,Delhi,Azadpur,Royal Delicious,Fruits,1172.5,2000,10000,5367,04 Jan 2023,2023-01-04 00:00:00
Odisha,Mayurbhanja,Karanjia,Other,Fruits,0.07,13000,15000,14000,04 Jan 2023,2023-01-04 00:00:00
Odisha,Mayurbhanja,Karanjia,Other,Fruits,0.07,12000,14000,13000,04 Jan 2023,2023-01-04 00:00:00
West Bengal,Kolkata,Mechua,Apple,Fruits,170.0,8000,10000,9000,04 Jan 2023,2023-01-04 00:00:00
West Bengal,Kolkata,Mechua,Apple,Fruits,170.0,6000,7000,6400,04 Jan 2023,2023-01-04 00:00:00
West Bengal,Kolkata,Mechua,Apple,Fruits,170.0,5000,5800,5500,04 Jan 2023,2023-01-04 00:00:00
Himachal Pradesh,Bilaspur,Bilaspur,Apple,Fruits,0.2,4500,10000,6000,05 Jan 2023,2023-01-05 00:00:00
Himachal Pradesh,Hamirpur,Hamirpur,Other,Fruits,0.6,8000,10000,9000,05 Jan 2023,2023-01-05 00:00:00
Himachal Pradesh,Hamirpur,Hamirpur(Nadaun),Other,Fruits,0.4,8000,10000,9000,05 Jan 2023,2023-01-05 00:00:00
Himachal Pradesh,Kangra,Kangra,Other,Fruits,0.4,6000,8000,7000,05 Jan 2023,2023-01-05 00:00:00
Himachal Pradesh,Kangra,Kangra(Jaisinghpur),Apple,Fruits,0.08,7000,9000,8000,05 Jan 2023,2023-01-05 00:00:00
Himachal Pradesh,Kangra,Kangra(Nagrota Bagwan),American,Fruits,0.1,6000,8000,7000,05 Jan 2023,2023-01-05 00:00:00
Himachal Pradesh,Sirmore,Nahan,Other,Fruits,0.2,600000,800000,700000,05 Jan 2023,2023-01-05 00:00:00
Himachal Pradesh,Kangra,Palampur,Apple,Fruits,1.2,6500,8500,7500,05 Jan 2023,2023-01-05 00:00:00
Himachal Pradesh,Sirmore,Paonta Sahib,Kasmir/Shimla - II,Fruits,0.2,500000,700000,600000,05 Jan 2023,2023-01-05 00:00:00
Himachal Pradesh,Solan,Solan,Apple,Fruits,0.52,5000,10000,6000,05 Jan 2023,2023-01-05 00:00:00
Himachal Pradesh,Una,Una,Delicious,Fruits,2.2,4000,14000,9000,05 Jan 2023,2023-01-05 00:00:00
NCT of Delhi,Delhi,Azadpur,Delicious,Fruits,724.0,1400,7000,3941,05 Jan 2023,2023-01-05 00:00:00
NCT of Delhi,Delhi,Azadpur,Kullu Royal Delicious,Fruits,724.0,2000,6000,4000,05 Jan 2023,2023-01-05 00:00:00
NCT of Delhi,Delhi,Azadpur,Royal Delicious,Fruits,724.0,2000,10000,5367,05 Jan 2023,2023-01-05 00:00:00
Odisha,Mayurbhanja,Karanjia,Other,Fruits,0.05,3100,3300,3200,05 Jan 2023,2023-01-05 00:00:00
Odisha,Mayurbhanja,Karanjia,Other,Fruits,0.05,2850,3000,2900,05 Jan 2023,2023-01-05 00:00:00
West Bengal,Kolkata,Mechua,Apple,Fruits,172.0,8000,10000,8600,05 Jan 2023,2023-01-05 00:00:00
West Bengal,Kolkata,Mechua,Apple,Fruits,172.0,6000,7000,6500,05 Jan 2023,2023-01-05 00:00:00
Himachal Pradesh,Bilaspur,Bilaspur,Apple,Fruits,0.1,4500,10000,6000,06 Jan 2023,2023-01-06 00:00:00
Himachal Pradesh,Hamirpur,Hamirpur,Other,Fruits,0.6,8000,10000,9000,06 Jan 2023,2023-01-06 00:00:00
Himachal Pradesh,Hamirpur,Hamirpur(Nadaun),Other,Fruits,0.3,8000,10000,9000,06 Jan 2023,2023-01-06 00:00:00
Himachal Pradesh,Kangra,Kangra,Other,Fruits,0.4,6000,8000,7000,06 Jan 2023,2023-01-06 00:00:00
Himachal Pradesh,Kangra,Kangra(Baijnath),Apple,Fruits,0.4,4000,6000,5000,06 Jan 2023,2023-01-06 00:00:00
Himachal Pradesh,Kangra,Kangra(Jaisinghpur),Apple,Fruits,0.06,7000,9000,8000,06 Jan 2023,2023-01-06 00:00:00
Himachal Pradesh,Kangra,Kangra(Nagrota Bagwan),American,Fruits,0.2,6000,8000,7000,06 Jan 2023,2023-01-06 00:00:00
Himachal Pradesh,Mandi,Mandi(Mandi),Apple,Fruits,1.4,3000,10000,6000,06 Jan 2023,2023-01-06 00:00:00
Himachal Pradesh,Kangra,Palampur,Apple,Fruits,1.0,6500,8500,7500,06 Jan 2023,2023-01-06 00:00:00
Himachal Pradesh,Una,Una,Delicious,Fruits,2.9,4000,16000,10000,06 Jan 2023,2023-01-06 00:00:00
Odisha,Mayurbhanja,Karanjia,Other,Fruits,0.05,13000,15000,14000,06 Jan 2023,2023-01-06 00:00:00
Odisha,Mayurbhanja,Karanjia,Other,Fruits,0.05,12000,14000,13000,06 Jan 2023,2023-01-06 00:00:00
West Bengal,Kolkata,Mechua,Apple,Fruits,174.0,8000,9600,8400,06 Jan 2023,2023-01-06 00:00:00
West Bengal,Kolkata,Mechua,Apple,Fruits,174.0,6000,7000,6400,06 Jan 2023,2023-01-06 00:00:00
West Bengal,Kolkata,Mechua,Apple,Fruits,174.0,5000,5600,5400,06 Jan 2023,2023-01-06 00:00:00
Himachal Pradesh,Chamba,Chamba,Royal Delicious,Fruits,0.5,5000,5500,5250,07 Jan 2023,2023-01-07 00:00:00
Himachal Pradesh,Hamirpur,Hamirpur,Other,Fruits,0.7,8000,10000,9000,07 Jan 2023,2023-01-07 00:00:00
Himachal Pradesh,Hamirpur,Hamirpur(Nadaun),Other,Fruits,0.32,8000,10000,9000,07 Jan 2023,2023-01-07 00:00:00
Himachal Pradesh,Kangra,Kangra(Jaisinghpur),Apple,Fruits,0.08,7500,11000,9000,07 Jan 2023,2023-01-07 00:00:00
Himachal Pradesh,Mandi,Mandi(Mandi),Apple,Fruits,0.4,4000,16500,5000,07 Jan 2023,2023-01-07 00:00:00
Himachal Pradesh,Sirmore,Nahan,Other,Fruits,0.52,4000,6000,5000,07 Jan 2023,2023-01-07 00:00:00
Himachal Pradesh,Kangra,Palampur,Apple,Fruits,1.0,7000,10000,8500,07 Jan 2023,2023-01-07 00:00:00
Himachal Pradesh,Sirmore,Paonta Sahib,Kasmir/Shimla - II,Fruits,0.4,4000,6000,5000,07 Jan 2023,2023-01-07 00:00:00
Himachal Pradesh,Solan,Solan,Apple,Fruits,0.9,6000,7000,6500,07 Jan 2023,2023-01-07 00:00:00
Himachal Pradesh,Una,Una,Delicious,Fruits,2.3,4000,10000,7000,07 Jan 2023,2023-01-07 00:00:00
Odisha,Mayurbhanja,Karanjia,Other,Fruits,0.06,13000,15000,14000,07 Jan 2023,2023-01-07 00:00:00
Odisha,Mayurbhanja,Karanjia,Other,Fruits,0.06,12000,14000,13000,07 Jan 2023,2023-01-07 00:00:00
Himachal Pradesh,Una,Santoshgarh,Kasmir/Shimla - II,Fruits,0.33,3500,7000,5250,08 Jan 2023,2023-01-08 00:00:00
Odisha,Mayurbhanja,Karanjia,Other,Fruits,0.06,13000,15000,14000,08 Jan 2023,2023-01-08 00:00:00
Odisha,Mayurbhanja,Karanjia,Other,Fruits,0.06,12000,14000,13000,08 Jan 2023,2023-01-08 00:00:00
West Bengal,Kolkata,Mechua,Apple,Fruits,172.0,8000,9800,8500,08 Jan 2023,2023-01-08 00:00:00
West Bengal,Kolkata,Mechua,Apple,Fruits,172.0,6000,7000,6400,08 Jan 2023,2023-01-08 00:00:00
West Bengal,Kolkata,Mechua,Apple,Fruits,172.0,5000,5800,5400,08 Jan 2023,2023-01-08 00:00:00
