State Name,District Name,Market Name,Variety,Group,Arrivals (Tonnes),Min Price (Rs./Quintal),Max Price (Rs./Quintal),Modal Price (Rs./Quintal),Reported Date,Date
West Bengal,Kolkata,Mechua,Other,Fruits,37.9,2100,3300,2700,01 Sep 2021,2021-09-01
West Bengal,Kolkata,Mechua,Other,Fruits,38.9,2100,3300,2800,02 Sep 2021,2021-09-02
West Bengal,Kolkata,Mechua,Other,Fruits,37.9,2200,3300,2800,03 Sep 2021,2021-09-03
West Bengal,Kolkata,Mechua,Other,Fruits,35.9,2100,3300,2700,04 Sep 2021,2021-09-04
West Bengal,Kolkata,Mechua,Other,Fruits,38.9,2100,3300,2700,06 Sep 2021,2021-09-06
West Bengal,Kolkata,Mechua,Other,Fruits,38.6,2100,3300,2700,07 Sep 2021,2021-09-07
West Bengal,Kolkata,Mechua,Other,Fruits,37.9,2100,3300,2800,08 Sep 2021,2021-09-08
West Bengal,Kolkata,Mechua,Other,Fruits,37.8,2100,3300,2800,09 Sep 2021,2021-09-09
West Bengal,Kolkata,Mechua,Other,Fruits,36.7,2000,3200,2700,10 Sep 2021,2021-09-10
West Bengal,Kolkata,Mechua,Other,Fruits,37.6,2100,3200,2700,11 Sep 2021,2021-09-11
West Bengal,Kolkata,Mechua,Other,Fruits,38.9,2200,3300,2800,12 Sep 2021,2021-09-12
West Bengal,Kolkata,Mechua,Other,Fruits,37.9,2100,3100,2700,13 Sep 2021,2021-09-13
West Bengal,Kolkata,Mechua,Other,Fruits,35.9,2000,3100,2700,14 Sep 2021,2021-09-14
West Bengal,Kolkata,Mechua,Other,Fruits,36.8,2100,3200,2700,15 Sep 2021,2021-09-15
West Bengal,Kolkata,Mechua,Other,Fruits,36.9,2100,3000,2600,28 Sep 2021,2021-09-28
West Bengal,Darjeeling,Siliguri,Other,Fruits,37.0,2200,2600,2400,29 Sep 2021,2021-09-29
West Bengal,Darjeeling,Siliguri,Other,Fruits,36.0,2200,2600,2400,30 Sep 2021,2021-09-30
West Bengal,Kolkata,Mechua,Other,Fruits,38.7,2000,3200,2700,30 Sep 2021,2021-09-30
West Bengal,Darjeeling,Siliguri,Other,Fruits,41.0,2000,2400,2200,01 Jan 2022,2022-01-01 00:00:00
West Bengal,Kolkata,Mechua,Other,Fruits,39.7,2200,3300,2700,02 Jan 2022,2022-01-02 00:00:00
West Bengal,Darjeeling,Siliguri,Other,Fruits,42.0,2000,2400,2200,03 Jan 2022,2022-01-03 00:00:00
West Bengal,Kolkata,Mechua,Other,Fruits,37.5,2300,3300,2800,03 Jan 2022,2022-01-03 00:00:00
West Bengal,Darjeeling,Siliguri,Other,Fruits,43.0,2000,2400,2200,04 Jan 2022,2022-01-04 00:00:00
West Bengal,Darjeeling,Siliguri,Other,Fruits,44.0,1800,2200,2000,05 Jan 2022,2022-01-05 00:00:00
West Bengal,Kolkata,Mechua,Other,Fruits,39.7,2400,3400,2800,06 Jan 2022,2022-01-06 00:00:00
West Bengal,Darjeeling,Siliguri,Other,Fruits,45.0,1800,2200,2000,06 Jan 2022,2022-01-06 00:00:00
West Bengal,Kolkata,Mechua,Other,Fruits,39.5,2300,3300,2800,07 Jan 2022,2022-01-07 00:00:00
West Bengal,Kolkata,Mechua,Other,Fruits,35.9,2100,3300,2700,08 Jan 2022,2022-01-08 00:00:00
West Bengal,Darjeeling,Siliguri,Other,Fruits,42.0,2000,2400,2200,08 Jan 2022,2022-01-08 00:00:00
West Bengal,Darjeeling,Siliguri,Other,Fruits,41.0,2000,2400,2200,10 Jan 2022,2022-01-10 00:00:00
West Bengal,Kolkata,Mechua,Other,Fruits,39.7,2300,3300,2800,10 Jan 2022,2022-01-10 00:00:00
West Bengal,Kolkata,Mechua,Other,Fruits,39.4,2300,3300,2700,11 Jan 2022,2022-01-11 00:00:00
West Bengal,Darjeeling,Siliguri,Other,Fruits,42.0,1800,2200,2000,11 Jan 2022,2022-01-11 00:00:00
West Bengal,Kolkata,Mechua,Other,Fruits,39.7,2300,3300,2800,12 Jan 2022,2022-01-12 00:00:00
West Bengal,Darjeeling,Siliguri,Other,Fruits,41.0,1800,2200,2000,12 Jan 2022,2022-01-12 00:00:00
West Bengal,Kolkata,Mechua,Other,Fruits,39.5,2300,3300,2800,13 Jan 2022,2022-01-13 00:00:00
West Bengal,Darjeeling,Siliguri,Other,Fruits,42.0,1800,2200,2000,13 Jan 2022,2022-01-13 00:00:00
West Bengal,Kolkata,Mechua,Other,Fruits,39.4,2300,3400,2800,14 Jan 2022,2022-01-14 00:00:00
West Bengal,Darjeeling,Siliguri,Other,Fruits,43.0,1800,2200,2000,14 Jan 2022,2022-01-14 00:00:00
West Bengal,Darjeeling,Siliguri,Other,Fruits,44.0,1800,2200,2000,15 Jan 2022,2022-01-15 00:00:00
West Bengal,Kolkata,Mechua,Other,Fruits,39.6,2300,3300,2800,16 Jan 2022,2022-01-16 00:00:00
West Bengal,Darjeeling,Siliguri,Other,Fruits,45.0,1800,2200,2000,17 Jan 2022,2022-01-17 00:00:00
West Bengal,Darjeeling,Siliguri,Other,Fruits,46.0,1800,2200,2000,18 Jan 2022,2022-01-18 00:00:00
West Bengal,Darjeeling,Siliguri,Other,Fruits,45.0,1800,2200,2000,19 Jan 2022,2022-01-19 00:00:00
West Bengal,Darjeeling,Siliguri,Other,Fruits,46.0,1800,2200,2000,20 Jan 2022,2022-01-20 00:00:00
West Bengal,Darjeeling,Siliguri,Other,Fruits,44.0,1800,2200,2000,21 Jan 2022,2022-01-21 00:00:00
West Bengal,Darjeeling,Siliguri,Other,Fruits,45.0,1800,2200,2000,22 Jan 2022,2022-01-22 00:00:00
West Bengal,Kolkata,Mechua,Other,Fruits,39.4,2300,3300,2800,23 Jan 2022,2022-01-23 00:00:00
West Bengal,Darjeeling,Siliguri,Other,Fruits,46.0,1800,2200,2000,24 Jan 2022,2022-01-24 00:00:00
West Bengal,Kolkata,Mechua,Other,Fruits,36.9,2300,3300,2700,24 Jan 2022,2022-01-24 00:00:00
West Bengal,Darjeeling,Siliguri,Other,Fruits,45.0,1800,2200,2000,25 Jan 2022,2022-01-25 00:00:00
West Bengal,Kolkata,Mechua,Other,Fruits,39.7,2300,3300,2800,25 Jan 2022,2022-01-25 00:00:00
West Bengal,Darjeeling,Siliguri,Other,Fruits,42.0,1800,2200,2000,26 Jan 2022,2022-01-26 00:00:00
West Bengal,Kolkata,Mechua,Other,Fruits,32.9,2200,3200,2700,26 Jan 2022,2022-01-26 00:00:00
West Bengal,Kolkata,Mechua,Other,Fruits,39.7,2300,3300,2700,27 Jan 2022,2022-01-27 00:00:00
West Bengal,Darjeeling,Siliguri,Other,Fruits,44.0,1800,2200,2000,27 Jan 2022,2022-01-27 00:00:00
West Bengal,Darjeeling,Siliguri,Other,Fruits,45.0,1800,2200,2000,28 Jan 2022,2022-01-28 00:00:00
West Bengal,Kolkata,Mechua,Other,Fruits,38.4,2300,3300,2700,28 Jan 2022,2022-01-28 00:00:00
West Bengal,Kolkata,Mechua,Other,Fruits,38.3,2300,3300,2800,29 Jan 2022,2022-01-29 00:00:00
West Bengal,Darjeeling,Siliguri,Other,Fruits,43.0,1800,2200,2000,29 Jan 2022,2022-01-29 00:00:00
West Bengal,Darjeeling,Siliguri,Other,Fruits,44.0,1800,2200,2000,31 Jan 2022,2022-01-31 00:00:00
West Bengal,Kolkata,Mechua,Other,Fruits,39.7,2300,3300,2700,31 Jan 2022,2022-01-31 00:00:00
West Bengal,Kolkata,Mechua,Other,Fruits,39.6,2200,3400,2800,01 Feb 2022,2022-02-01 00:00:00
West Bengal,Darjeeling,Siliguri,Other,Fruits,45.0,1800,2200,2000,01 Feb 2022,2022-02-01 00:00:00
West Bengal,Darjeeling,Siliguri,Other,Fruits,46.0,1800,2200,2000,02 Feb 2022,2022-02-02 00:00:00
West Bengal,Kolkata,Mechua,Other,Fruits,39.7,2100,3400,2700,02 Feb 2022,2022-02-02 00:00:00
West Bengal,Kolkata,Mechua,Other,Fruits,39.8,2200,3300,2700,03 Feb 2022,2022-02-03 00:00:00
West Bengal,Darjeeling,Siliguri,Other,Fruits,45.0,1800,2200,2000,03 Feb 2022,2022-02-03 00:00:00
West Bengal,Kolkata,Mechua,Other,Fruits,39.2,2300,3300,2700,04 Feb 2022,2022-02-04 00:00:00
West Bengal,Kolkata,Mechua,Other,Fruits,39.1,2300,3300,2800,05 Feb 2022,2022-02-05 00:00:00
West Bengal,Darjeeling,Siliguri,Other,Fruits,46.0,1800,2200,2000,07 Feb 2022,2022-02-07 00:00:00
West Bengal,Darjeeling,Siliguri,Other,Fruits,42.0,1800,2200,2000,08 Feb 2022,2022-02-08 00:00:00
West Bengal,Darjeeling,Siliguri,Other,Fruits,43.0,1800,2200,2000,09 Feb 2022,2022-02-09 00:00:00
West Bengal,Kolkata,Mechua,Other,Fruits,39.4,2300,3300,2800,09 Feb 2022,2022-02-09 00:00:00
West Bengal,Kolkata,Mechua,Other,Fruits,38.7,2200,3300,2700,10 Feb 2022,2022-02-10 00:00:00
West Bengal,Darjeeling,Siliguri,Other,Fruits,44.0,1800,2200,2000,10 Feb 2022,2022-02-10 00:00:00
West Bengal,Darjeeling,Siliguri,Other,Fruits,45.0,1800,2200,2000,11 Feb 2022,2022-02-11 00:00:00
West Bengal,Kolkata,Mechua,Other,Fruits,39.4,2200,3300,2700,12 Feb 2022,2022-02-12 00:00:00
West Bengal,Kolkata,Mechua,Other,Fruits,39.7,2200,3300,2800,14 Feb 2022,2022-02-14 00:00:00
West Bengal,Darjeeling,Siliguri,Other,Fruits,43.0,1800,2200,2000,14 Feb 2022,2022-02-14 00:00:00
West Bengal,Kolkata,Mechua,Other,Fruits,39.1,2300,3400,2700,15 Feb 2022,2022-02-15 00:00:00
West Bengal,Darjeeling,Siliguri,Other,Fruits,44.0,1800,2200,2000,15 Feb 2022,2022-02-15 00:00:00
West Bengal,Kolkata,Mechua,Other,Fruits,38.9,2200,3300,2700,16 Feb 2022,2022-02-16 00:00:00
West Bengal,Darjeeling,Siliguri,Other,Fruits,45.0,1800,2200,2000,16 Feb 2022,2022-02-16 00:00:00
West Bengal,Kolkata,Mechua,Other,Fruits,39.7,2300,3300,2800,17 Feb 2022,2022-02-17 00:00:00
West Bengal,Darjeeling,Siliguri,Other,Fruits,44.0,1800,2200,2000,17 Feb 2022,2022-02-17 00:00:00
West Bengal,Darjeeling,Siliguri,Other,Fruits,45.0,1800,2200,2000,18 Feb 2022,2022-02-18 00:00:00
West Bengal,Kolkata,Mechua,Other,Fruits,39.1,2300,3300,2800,19 Feb 2022,2022-02-19 00:00:00
West Bengal,Darjeeling,Siliguri,Other,Fruits,43.0,1800,2200,2000,19 Feb 2022,2022-02-19 00:00:00
West Bengal,Kolkata,Mechua,Other,Fruits,32.9,2300,3300,2800,20 Feb 2022,2022-02-20 00:00:00
West Bengal,Kolkata,Mechua,Other,Fruits,39.9,2300,3200,2800,21 Feb 2022,2022-02-21 00:00:00
West Bengal,Darjeeling,Siliguri,Other,Fruits,44.0,1800,2200,2000,21 Feb 2022,2022-02-21 00:00:00
West Bengal,Darjeeling,Siliguri,Other,Fruits,45.0,1800,2200,2000,22 Feb 2022,2022-02-22 00:00:00
West Bengal,Kolkata,Mechua,Other,Fruits,39.2,2300,3300,2800,22 Feb 2022,2022-02-22 00:00:00
West Bengal,Darjeeling,Siliguri,Other,Fruits,44.0,1800,2200,2000,23 Feb 2022,2022-02-23 00:00:00
West Bengal,Kolkata,Mechua,Other,Fruits,38.9,2200,3300,2700,23 Feb 2022,2022-02-23 00:00:00
West Bengal,Kolkata,Mechua,Other,Fruits,39.2,2200,3300,2800,24 Feb 2022,2022-02-24 00:00:00
West Bengal,Darjeeling,Siliguri,Other,Fruits,43.0,1800,2200,2000,24 Feb 2022,2022-02-24 00:00:00
West Bengal,Kolkata,Mechua,Other,Fruits,39.4,2100,3300,2700,25 Feb 2022,2022-02-25 00:00:00
West Bengal,Darjeeling,Siliguri,Other,Fruits,42.0,1800,2200,2000,25 Feb 2022,2022-02-25 00:00:00
West Bengal,Kolkata,Mechua,Other,Fruits,37.3,2300,3300,2800,26 Feb 2022,2022-02-26 00:00:00
West Bengal,Darjeeling,Siliguri,Other,Fruits,41.0,1800,2200,2000,26 Feb 2022,2022-02-26 00:00:00
West Bengal,Darjeeling,Siliguri,Other,Fruits,42.0,1800,2200,2000,28 Feb 2022,2022-02-28 00:00:00
West Bengal,Kolkata,Mechua,Other,Fruits,39.2,2300,3300,2700,28 Feb 2022,2022-02-28 00:00:00
West Bengal,Darjeeling,Siliguri,Other,Fruits,38.0,1800,2200,2000,01 Mar 2022,2022-03-01 00:00:00
West Bengal,Kolkata,Mechua,Other,Fruits,39.7,2200,3300,2700,01 Mar 2022,2022-03-01 00:00:00
West Bengal,Darjeeling,Siliguri,Other,Fruits,37.0,1800,2200,2000,02 Mar 2022,2022-03-02 00:00:00
West Bengal,Kolkata,Mechua,Other,Fruits,39.3,2300,3300,2800,02 Mar 2022,2022-03-02 00:00:00
West Bengal,Darjeeling,Siliguri,Other,Fruits,39.0,1800,2200,2000,03 Mar 2022,2022-03-03 00:00:00
West Bengal,Kolkata,Mechua,Other,Fruits,38.5,2300,3300,2800,03 Mar 2022,2022-03-03 00:00:00
West Bengal,Darjeeling,Siliguri,Other,Fruits,41.0,1800,2200,2000,04 Mar 2022,2022-03-04 00:00:00
West Bengal,Kolkata,Mechua,Other,Fruits,39.3,2300,3300,2700,04 Mar 2022,2022-03-04 00:00:00
West Bengal,Kolkata,Mechua,Other,Fruits,37.3,2300,3300,2700,05 Mar 2022,2022-03-05 00:00:00
West Bengal,Darjeeling,Siliguri,Other,Fruits,38.0,1800,2200,2000,05 Mar 2022,2022-03-05 00:00:00
West Bengal,Kolkata,Mechua,Other,Fruits,39.4,2300,3300,2800,07 Mar 2022,2022-03-07 00:00:00
West Bengal,Darjeeling,Siliguri,Other,Fruits,41.0,1800,2200,2000,07 Mar 2022,2022-03-07 00:00:00
West Bengal,Darjeeling,Siliguri,Other,Fruits,42.0,1800,2200,2000,08 Mar 2022,2022-03-08 00:00:00
West Bengal,Kolkata,Mechua,Other,Fruits,32.9,2300,3300,2800,08 Mar 2022,2022-03-08 00:00:00
West Bengal,Kolkata,Mechua,Other,Fruits,39.4,2200,3200,2700,09 Mar 2022,2022-03-09 00:00:00
West Bengal,Darjeeling,Siliguri,Other,Fruits,43.0,1800,2200,2000,09 Mar 2022,2022-03-09 00:00:00
West Bengal,Darjeeling,Siliguri,Other,Fruits,44.0,1800,2200,2000,10 Mar 2022,2022-03-10 00:00:00
West Bengal,Kolkata,Mechua,Other,Fruits,39.6,2300,3300,2800,11 Mar 2022,2022-03-11 00:00:00
West Bengal,Darjeeling,Siliguri,Other,Fruits,45.0,1800,2200,2000,11 Mar 2022,2022-03-11 00:00:00
West Bengal,Darjeeling,Siliguri,Other,Fruits,43.0,1800,2200,2000,12 Mar 2022,2022-03-12 00:00:00
West Bengal,Kolkata,Mechua,Other,Fruits,39.4,2300,3300,2700,12 Mar 2022,2022-03-12 00:00:00
West Bengal,Kolkata,Mechua,Other,Fruits,35.9,2300,3300,2700,14 Mar 2022,2022-03-14 00:00:00
West Bengal,Darjeeling,Siliguri,Other,Fruits,44.0,1800,2200,2000,14 Mar 2022,2022-03-14 00:00:00
West Bengal,Kolkata,Mechua,Other,Fruits,39.7,2300,3200,2700,15 Mar 2022,2022-03-15 00:00:00
West Bengal,Darjeeling,Siliguri,Other,Fruits,45.0,1800,2200,2000,15 Mar 2022,2022-03-15 00:00:00
West Bengal,Darjeeling,Siliguri,Other,Fruits,46.0,1800,2200,2000,16 Mar 2022,2022-03-16 00:00:00
West Bengal,Darjeeling,Siliguri,Other,Fruits,45.0,1800,2200,2000,17 Mar 2022,2022-03-17 00:00:00
West Bengal,Darjeeling,Siliguri,Other,Fruits,46.0,1800,2200,2000,21 Mar 2022,2022-03-21 00:00:00
West Bengal,Darjeeling,Siliguri,Other,Fruits,45.0,1800,2200,2000,22 Mar 2022,2022-03-22 00:00:00
West Bengal,Kolkata,Mechua,Other,Fruits,39.4,2300,3300,2700,23 Mar 2022,2022-03-23 00:00:00
West Bengal,Darjeeling,Siliguri,Other,Fruits,43.0,1800,2200,2000,23 Mar 2022,2022-03-23 00:00:00
West Bengal,Kolkata,Mechua,Other,Fruits,39.3,2300,3300,2700,24 Mar 2022,2022-03-24 00:00:00
West Bengal,Darjeeling,Siliguri,Other,Fruits,44.0,1800,2200,2000,24 Mar 2022,2022-03-24 00:00:00
West Bengal,Kolkata,Mechua,Other,Fruits,38.3,2300,3200,2700,25 Mar 2022,2022-03-25 00:00:00
West Bengal,Darjeeling,Siliguri,Other,Fruits,43.0,1800,2200,2000,25 Mar 2022,2022-03-25 00:00:00
West Bengal,Darjeeling,Siliguri,Other,Fruits,41.0,1800,2200,2000,26 Mar 2022,2022-03-26 00:00:00
West Bengal,Kolkata,Mechua,Other,Fruits,39.3,2300,3300,2700,27 Mar 2022,2022-03-27 00:00:00
West Bengal,Darjeeling,Siliguri,Other,Fruits,42.0,1800,2200,2000,28 Mar 2022,2022-03-28 00:00:00
West Bengal,Kolkata,Mechua,Other,Fruits,39.7,2300,3300,2700,28 Mar 2022,2022-03-28 00:00:00
West Bengal,Darjeeling,Siliguri,Other,Fruits,43.0,1800,2200,2000,29 Mar 2022,2022-03-29 00:00:00
West Bengal,Kolkata,Mechua,Other,Fruits,39.4,2300,3400,2800,29 Mar 2022,2022-03-29 00:00:00
West Bengal,Kolkata,Mechua,Other,Fruits,37.9,2200,3400,2800,30 Mar 2022,2022-03-30 00:00:00
West Bengal,Darjeeling,Siliguri,Other,Fruits,41.0,2000,2400,2200,30 Mar 2022,2022-03-30 00:00:00
West Bengal,Darjeeling,Siliguri,Other,Fruits,42.0,2000,2400,2200,31 Mar 2022,2022-03-31 00:00:00
West Bengal,Kolkata,Mechua,Other,Fruits,36.9,2300,3300,2700,31 Mar 2022,2022-03-31 00:00:00
West Bengal,Kolkata,Mechua,Other,Fruits,38.6,2300,3300,2800,01 Apr 2022,2022-04-01 00:00:00
West Bengal,Kolkata,Mechua,Other,Fruits,39.7,2300,3400,2800,02 Apr 2022,2022-04-02 00:00:00
West Bengal,Kolkata,Mechua,Other,Fruits,39.6,2300,3300,2700,04 Apr 2022,2022-04-04 00:00:00
West Bengal,Kolkata,Mechua,Other,Fruits,37.4,2500,3400,2800,05 Apr 2022,2022-04-05 00:00:00
West Bengal,Darjeeling,Siliguri,Other,Fruits,38.0,2000,2400,2200,05 Apr 2022,2022-04-05 00:00:00
West Bengal,Darjeeling,Siliguri,Other,Fruits,39.0,2000,2400,2200,06 Apr 2022,2022-04-06 00:00:00
West Bengal,Kolkata,Mechua,Other,Fruits,39.6,2300,3400,2800,06 Apr 2022,2022-04-06 00:00:00
West Bengal,Darjeeling,Siliguri,Other,Fruits,41.0,2000,2400,2200,07 Apr 2022,2022-04-07 00:00:00
West Bengal,Darjeeling,Siliguri,Other,Fruits,38.0,2000,2400,2200,11 Apr 2022,2022-04-11 00:00:00
West Bengal,Darjeeling,Siliguri,Other,Fruits,39.0,2000,2400,2200,12 Apr 2022,2022-04-12 00:00:00
West Bengal,Darjeeling,Siliguri,Other,Fruits,41.0,2200,2800,2400,13 Apr 2022,2022-04-13 00:00:00
West Bengal,Kolkata,Mechua,Other,Fruits,39.3,2300,3400,2800,13 Apr 2022,2022-04-13 00:00:00
West Bengal,Kolkata,Mechua,Other,Fruits,39.7,2200,3400,2700,16 Apr 2022,2022-04-16 00:00:00
West Bengal,Darjeeling,Siliguri,Other,Fruits,38.0,2400,3000,2600,16 Apr 2022,2022-04-16 00:00:00
West Bengal,Darjeeling,Siliguri,Other,Fruits,37.0,2400,3000,2600,17 Apr 2022,2022-04-17 00:00:00
West Bengal,Kolkata,Mechua,Other,Fruits,39.3,2300,3400,2700,18 Apr 2022,2022-04-18 00:00:00
West Bengal,Darjeeling,Siliguri,Other,Fruits,39.0,2200,2600,2400,18 Apr 2022,2022-04-18 00:00:00
West Bengal,Darjeeling,Siliguri,Other,Fruits,40.0,3000,3500,3200,19 Apr 2022,2022-04-19 00:00:00
West Bengal,Kolkata,Mechua,Other,Fruits,39.7,2300,3300,2800,20 Apr 2022,2022-04-20 00:00:00
West Bengal,Darjeeling,Siliguri,Other,Fruits,41.0,3000,3500,3200,20 Apr 2022,2022-04-20 00:00:00
West Bengal,Kolkata,Mechua,Other,Fruits,38.7,2300,3500,2800,21 Apr 2022,2022-04-21 00:00:00
West Bengal,Darjeeling,Siliguri,Other,Fruits,42.0,3000,3500,3200,21 Apr 2022,2022-04-21 00:00:00
West Bengal,Darjeeling,Siliguri,Other,Fruits,41.0,3000,3500,3200,22 Apr 2022,2022-04-22 00:00:00
West Bengal,Kolkata,Mechua,Other,Fruits,37.9,2300,3300,2800,22 Apr 2022,2022-04-22 00:00:00
West Bengal,Darjeeling,Siliguri,Other,Fruits,39.0,3000,4000,3500,23 Apr 2022,2022-04-23 00:00:00
West Bengal,Kolkata,Mechua,Other,Fruits,39.5,2300,3400,2800,24 Apr 2022,2022-04-24 00:00:00
West Bengal,Darjeeling,Siliguri,Other,Fruits,38.0,3000,4000,3500,25 Apr 2022,2022-04-25 00:00:00
West Bengal,Kolkata,Mechua,Other,Fruits,39.3,2300,3400,2800,25 Apr 2022,2022-04-25 00:00:00
West Bengal,Darjeeling,Siliguri,Other,Fruits,39.0,3000,4000,3500,26 Apr 2022,2022-04-26 00:00:00
West Bengal,Kolkata,Mechua,Other,Fruits,39.7,2300,3500,2800,26 Apr 2022,2022-04-26 00:00:00
West Bengal,Darjeeling,Siliguri,Other,Fruits,38.0,3000,4000,3500,27 Apr 2022,2022-04-27 00:00:00
West Bengal,Darjeeling,Siliguri,Other,Fruits,39.0,2500,3500,3000,28 Apr 2022,2022-04-28 00:00:00
West Bengal,Darjeeling,Siliguri,Other,Fruits,41.0,2500,3500,3000,29 Apr 2022,2022-04-29 00:00:00
West Bengal,Kolkata,Mechua,Other,Fruits,39.3,2300,3400,2800,29 Apr 2022,2022-04-29 00:00:00
West Bengal,Darjeeling,Siliguri,Other,Fruits,42.0,2500,3500,3000,30 Apr 2022,2022-04-30 00:00:00
West Bengal,Kolkata,Mechua,Other,Fruits,38.5,2300,3500,2800,30 Apr 2022,2022-04-30 00:00:00
West Bengal,Darjeeling,Siliguri,Other,Fruits,43.0,2500,3500,3000,02 May 2022,2022-05-02 00:00:00
West Bengal,Darjeeling,Siliguri,Other,Fruits,41.0,2200,2600,2400,03 May 2022,2022-05-03 00:00:00
West Bengal,Kolkata,Mechua,Other,Fruits,38.4,2300,3300,2800,03 May 2022,2022-05-03 00:00:00
West Bengal,Darjeeling,Siliguri,Other,Fruits,42.0,2200,2600,2400,04 May 2022,2022-05-04 00:00:00
West Bengal,Kolkata,Mechua,Other,Fruits,39.4,2300,3400,2800,04 May 2022,2022-05-04 00:00:00
West Bengal,Darjeeling,Siliguri,Other,Fruits,43.0,2200,2600,2400,05 May 2022,2022-05-05 00:00:00
West Bengal,Kolkata,Mechua,Other,Fruits,39.2,2400,3500,2800,05 May 2022,2022-05-05 00:00:00
West Bengal,Darjeeling,Siliguri,Other,Fruits,42.0,2200,2600,2400,06 May 2022,2022-05-06 00:00:00
West Bengal,Darjeeling,Siliguri,Other,Fruits,41.0,2200,2600,2400,07 May 2022,2022-05-07 00:00:00
West Bengal,Darjeeling,Siliguri,Other,Fruits,42.0,2200,2600,2400,09 May 2022,2022-05-09 00:00:00
West Bengal,Kolkata,Mechua,Other,Fruits,39.6,2300,3400,2800,09 May 2022,2022-05-09 00:00:00
West Bengal,Darjeeling,Siliguri,Other,Fruits,43.0,2200,2600,2400,10 May 2022,2022-05-10 00:00:00
West Bengal,Kolkata,Mechua,Other,Fruits,39.5,2300,3400,2800,10 May 2022,2022-05-10 00:00:00
West Bengal,Kolkata,Mechua,Other,Fruits,37.4,2300,3400,2700,11 May 2022,2022-05-11 00:00:00
West Bengal,Darjeeling,Siliguri,Other,Fruits,42.0,2200,2600,2400,11 May 2022,2022-05-11 00:00:00
West Bengal,Darjeeling,Siliguri,Other,Fruits,43.0,2000,2400,2200,12 May 2022,2022-05-12 00:00:00
West Bengal,Kolkata,Mechua,Other,Fruits,39.3,2300,3400,2700,12 May 2022,2022-05-12 00:00:00
West Bengal,Darjeeling,Siliguri,Other,Fruits,44.0,2000,2400,2200,13 May 2022,2022-05-13 00:00:00
West Bengal,Kolkata,Mechua,Other,Fruits,39.6,2300,3400,2900,16 May 2022,2022-05-16 00:00:00
West Bengal,Darjeeling,Siliguri,Other,Fruits,41.0,2000,2400,2200,16 May 2022,2022-05-16 00:00:00
West Bengal,Kolkata,Mechua,Other,Fruits,39.4,2300,3400,2800,17 May 2022,2022-05-17 00:00:00
West Bengal,Darjeeling,Siliguri,Other,Fruits,42.0,2000,2400,2200,17 May 2022,2022-05-17 00:00:00
West Bengal,Kolkata,Mechua,Other,Fruits,37.9,2300,3400,2800,18 May 2022,2022-05-18 00:00:00
West Bengal,Darjeeling,Siliguri,Other,Fruits,43.0,2000,2400,2200,18 May 2022,2022-05-18 00:00:00
West Bengal,Darjeeling,Siliguri,Other,Fruits,44.0,2000,2400,2200,19 May 2022,2022-05-19 00:00:00
West Bengal,Darjeeling,Siliguri,Other,Fruits,45.0,2000,2400,2200,20 May 2022,2022-05-20 00:00:00
West Bengal,Kolkata,Mechua,Other,Fruits,39.7,2300,3400,2800,21 May 2022,2022-05-21 00:00:00
West Bengal,Kolkata,Mechua,Other,Fruits,39.4,2300,3400,2800,22 May 2022,2022-05-22 00:00:00
West Bengal,Kolkata,Mechua,Other,Fruits,36.9,2300,3400,2800,23 May 2022,2022-05-23 00:00:00
West Bengal,Darjeeling,Siliguri,Other,Fruits,42.0,2000,2400,2200,23 May 2022,2022-05-23 00:00:00
West Bengal,Darjeeling,Siliguri,Other,Fruits,43.0,2000,2400,2200,24 May 2022,2022-05-24 00:00:00
West Bengal,Kolkata,Mechua,Other,Fruits,39.7,2300,3500,2900,24 May 2022,2022-05-24 00:00:00
West Bengal,Kolkata,Mechua,Other,Fruits,38.4,2400,3400,2800,25 May 2022,2022-05-25 00:00:00
West Bengal,Darjeeling,Siliguri,Other,Fruits,44.0,2000,2400,2200,25 May 2022,2022-05-25 00:00:00
West Bengal,Darjeeling,Siliguri,Other,Fruits,45.0,2000,2400,2200,26 May 2022,2022-05-26 00:00:00
West Bengal,Kolkata,Mechua,Other,Fruits,39.3,2300,3400,2800,26 May 2022,2022-05-26 00:00:00
West Bengal,Darjeeling,Siliguri,Other,Fruits,44.0,2000,2400,2200,27 May 2022,2022-05-27 00:00:00
West Bengal,Kolkata,Mechua,Other,Fruits,39.4,2300,3400,2800,27 May 2022,2022-05-27 00:00:00
West Bengal,Kolkata,Mechua,Other,Fruits,37.4,2400,3300,2800,28 May 2022,2022-05-28 00:00:00
West Bengal,Darjeeling,Siliguri,Other,Fruits,42.0,2000,2400,2200,28 May 2022,2022-05-28 00:00:00
West Bengal,Darjeeling,Siliguri,Other,Fruits,43.0,2000,2400,2200,30 May 2022,2022-05-30 00:00:00
West Bengal,Kolkata,Mechua,Other,Fruits,39.3,2300,3400,2800,30 May 2022,2022-05-30 00:00:00
West Bengal,Darjeeling,Siliguri,Other,Fruits,44.0,2000,2400,2200,31 May 2022,2022-05-31 00:00:00
West Bengal,Kolkata,Mechua,Other,Fruits,37.6,2300,3400,2800,31 May 2022,2022-05-31 00:00:00
West Bengal,Kolkata,Mechua,Other,Fruits,39.4,2300,3400,2800,01 Jun 2022,2022-06-01 00:00:00
West Bengal,Darjeeling,Siliguri,Other,Fruits,45.0,2000,2400,2200,03 Jun 2022,2022-06-03 00:00:00
West Bengal,Kolkata,Mechua,Other,Fruits,39.3,2300,3400,2800,03 Jun 2022,2022-06-03 00:00:00
West Bengal,Darjeeling,Siliguri,Other,Fruits,42.0,2000,2400,2200,04 Jun 2022,2022-06-04 00:00:00
West Bengal,Darjeeling,Siliguri,Other,Fruits,43.0,2000,2400,2200,06 Jun 2022,2022-06-06 00:00:00
West Bengal,Darjeeling,Siliguri,Other,Fruits,44.0,2000,2400,2200,07 Jun 2022,2022-06-07 00:00:00
West Bengal,Kolkata,Mechua,Other,Fruits,39.4,2300,3400,2800,07 Jun 2022,2022-06-07 00:00:00
West Bengal,Darjeeling,Siliguri,Other,Fruits,45.0,2000,2400,2200,08 Jun 2022,2022-06-08 00:00:00
West Bengal,Kolkata,Mechua,Other,Fruits,39.3,2300,3400,2800,08 Jun 2022,2022-06-08 00:00:00
West Bengal,Kolkata,Mechua,Other,Fruits,39.4,2300,3400,2800,09 Jun 2022,2022-06-09 00:00:00
West Bengal,Darjeeling,Siliguri,Other,Fruits,43.0,2000,2400,2200,09 Jun 2022,2022-06-09 00:00:00
West Bengal,Kolkata,Mechua,Other,Fruits,36.4,2300,3400,2800,10 Jun 2022,2022-06-10 00:00:00
West Bengal,Darjeeling,Siliguri,Other,Fruits,42.0,2000,2400,2200,10 Jun 2022,2022-06-10 00:00:00
West Bengal,Kolkata,Mechua,Other,Fruits,39.5,2300,3400,2800,11 Jun 2022,2022-06-11 00:00:00
West Bengal,Darjeeling,Siliguri,Other,Fruits,41.0,2000,2400,2200,11 Jun 2022,2022-06-11 00:00:00
West Bengal,Darjeeling,Siliguri,Other,Fruits,42.0,2000,2400,2200,13 Jun 2022,2022-06-13 00:00:00
West Bengal,Kolkata,Mechua,Other,Fruits,32.9,2300,3300,2800,14 Jun 2022,2022-06-14 00:00:00
West Bengal,Darjeeling,Siliguri,Other,Fruits,43.0,2000,2400,2200,14 Jun 2022,2022-06-14 00:00:00
West Bengal,Darjeeling,Siliguri,Other,Fruits,44.0,2000,2400,2200,15 Jun 2022,2022-06-15 00:00:00
West Bengal,Darjeeling,Siliguri,Other,Fruits,45.0,2000,2400,2200,16 Jun 2022,2022-06-16 00:00:00
West Bengal,Darjeeling,Siliguri,Other,Fruits,43.0,2000,2400,2200,17 Jun 2022,2022-06-17 00:00:00
West Bengal,Darjeeling,Siliguri,Other,Fruits,41.0,2000,2400,2200,18 Jun 2022,2022-06-18 00:00:00
West Bengal,Darjeeling,Siliguri,Other,Fruits,42.0,2000,2400,2200,20 Jun 2022,2022-06-20 00:00:00
West Bengal,Darjeeling,Siliguri,Other,Fruits,38.0,2000,2400,2200,21 Jun 2022,2022-06-21 00:00:00
West Bengal,Darjeeling,Siliguri,Other,Fruits,39.0,2000,2400,2200,22 Jun 2022,2022-06-22 00:00:00
West Bengal,Darjeeling,Siliguri,Other,Fruits,41.0,2000,2400,2200,23 Jun 2022,2022-06-23 00:00:00
West Bengal,Kolkata,Mechua,Other,Fruits,39.6,2300,3300,2700,23 Jun 2022,2022-06-23 00:00:00
West Bengal,Darjeeling,Siliguri,Other,Fruits,42.0,2000,2400,2200,24 Jun 2022,2022-06-24 00:00:00
West Bengal,Darjeeling,Siliguri,Other,Fruits,41.0,2000,2400,2200,25 Jun 2022,2022-06-25 00:00:00
West Bengal,Darjeeling,Siliguri,Other,Fruits,42.0,2000,2400,2200,30 Jun 2022,2022-06-30 00:00:00
West Bengal,Darjeeling,Siliguri,Other,Fruits,41.0,2000,2400,2200,02 Jul 2022,2022-07-02 00:00:00
West Bengal,Darjeeling,Siliguri,Other,Fruits,42.0,2000,2400,2200,04 Jul 2022,2022-07-04 00:00:00
West Bengal,Darjeeling,Siliguri,Other,Fruits,43.0,2000,2400,2200,05 Jul 2022,2022-07-05 00:00:00
West Bengal,Darjeeling,Siliguri,Other,Fruits,44.0,2000,2400,2200,06 Jul 2022,2022-07-06 00:00:00
West Bengal,Darjeeling,Siliguri,Other,Fruits,45.0,2000,2400,2200,07 Jul 2022,2022-07-07 00:00:00
West Bengal,Darjeeling,Siliguri,Other,Fruits,42.0,2000,2400,2200,09 Jul 2022,2022-07-09 00:00:00
West Bengal,Darjeeling,Siliguri,Other,Fruits,41.0,2000,2400,2200,11 Jul 2022,2022-07-11 00:00:00
West Bengal,Darjeeling,Siliguri,Other,Fruits,42.0,2000,2400,2200,12 Jul 2022,2022-07-12 00:00:00
West Bengal,Darjeeling,Siliguri,Other,Fruits,40.0,2000,2400,2200,13 Jul 2022,2022-07-13 00:00:00
West Bengal,Darjeeling,Siliguri,Other,Fruits,41.0,2000,2400,2200,14 Jul 2022,2022-07-14 00:00:00
West Bengal,Darjeeling,Siliguri,Other,Fruits,42.0,2000,2400,2200,16 Jul 2022,2022-07-16 00:00:00
West Bengal,Kolkata,Mechua,Other,Fruits,39.4,2500,3000,2800,16 Jul 2022,2022-07-16 00:00:00
West Bengal,Kolkata,Mechua,Other,Fruits,39.7,2500,3000,2700,17 Jul 2022,2022-07-17 00:00:00
West Bengal,Kolkata,Mechua,Other,Fruits,39.4,2500,3000,2800,18 Jul 2022,2022-07-18 00:00:00
West Bengal,Kolkata,Mechua,Other,Fruits,34.1,2400,3000,2800,19 Jul 2022,2022-07-19 00:00:00
West Bengal,Darjeeling,Siliguri,Other,Fruits,43.0,2000,2400,2200,19 Jul 2022,2022-07-19 00:00:00
West Bengal,Kolkata,Mechua,Other,Fruits,38.6,2600,3000,2800,20 Jul 2022,2022-07-20 00:00:00
West Bengal,Darjeeling,Siliguri,Other,Fruits,42.0,2000,2400,2200,20 Jul 2022,2022-07-20 00:00:00
West Bengal,Darjeeling,Siliguri,Other,Fruits,43.0,2000,2400,2200,21 Jul 2022,2022-07-21 00:00:00
West Bengal,Kolkata,Mechua,Other,Fruits,39.4,2400,3000,2800,21 Jul 2022,2022-07-21 00:00:00
West Bengal,Kolkata,Mechua,Other,Fruits,38.4,2500,3000,2800,22 Jul 2022,2022-07-22 00:00:00
West Bengal,Darjeeling,Siliguri,Other,Fruits,44.0,2000,2400,2200,22 Jul 2022,2022-07-22 00:00:00
West Bengal,Darjeeling,Siliguri,Other,Fruits,42.0,2000,2400,2200,23 Jul 2022,2022-07-23 00:00:00
West Bengal,Kolkata,Mechua,Other,Fruits,38.5,2500,3000,2700,24 Jul 2022,2022-07-24 00:00:00
West Bengal,Kolkata,Mechua,Other,Fruits,384.1,2500,3000,2800,25 Jul 2022,2022-07-25 00:00:00
West Bengal,Darjeeling,Siliguri,Other,Fruits,43.5,2000,2400,2200,25 Jul 2022,2022-07-25 00:00:00
West Bengal,Darjeeling,Siliguri,Other,Fruits,44.0,2000,2400,2200,26 Jul 2022,2022-07-26 00:00:00
West Bengal,Kolkata,Mechua,Other,Fruits,382.4,2400,3000,2800,26 Jul 2022,2022-07-26 00:00:00
West Bengal,Kolkata,Mechua,Other,Fruits,383.2,2500,3000,2800,27 Jul 2022,2022-07-27 00:00:00
West Bengal,Darjeeling,Siliguri,Other,Fruits,43.0,2000,2400,2200,27 Jul 2022,2022-07-27 00:00:00
West Bengal,Darjeeling,Siliguri,Other,Fruits,44.0,2200,2400,2300,28 Jul 2022,2022-07-28 00:00:00
West Bengal,Kolkata,Mechua,Other,Fruits,382.5,2500,3000,2800,28 Jul 2022,2022-07-28 00:00:00
West Bengal,Kolkata,Mechua,Other,Fruits,382.8,2400,3000,2800,29 Jul 2022,2022-07-29 00:00:00
West Bengal,Kolkata,Mechua,Other,Fruits,382.6,2400,3000,2800,30 Jul 2022,2022-07-30 00:00:00
West Bengal,Kolkata,Mechua,Other,Fruits,375.6,2400,3000,2800,31 Jul 2022,2022-07-31 00:00:00
West Bengal,Darjeeling,Siliguri,Other,Fruits,43.5,2200,2400,2300,01 Aug 2022,2022-08-01 00:00:00
West Bengal,Kolkata,Mechua,Other,Fruits,374.2,2500,3000,2800,01 Aug 2022,2022-08-01 00:00:00
West Bengal,Kolkata,Mechua,Other,Fruits,374.0,2400,3000,2800,02 Aug 2022,2022-08-02 00:00:00
West Bengal,Darjeeling,Siliguri,Other,Fruits,44.0,2200,2400,2300,02 Aug 2022,2022-08-02 00:00:00
West Bengal,Darjeeling,Siliguri,Other,Fruits,43.5,2200,2400,2300,03 Aug 2022,2022-08-03 00:00:00
West Bengal,Kolkata,Mechua,Other,Fruits,365.8,2500,3000,2800,03 Aug 2022,2022-08-03 00:00:00
West Bengal,Darjeeling,Siliguri,Other,Fruits,42.0,2200,2400,2300,04 Aug 2022,2022-08-04 00:00:00
West Bengal,Kolkata,Mechua,Other,Fruits,382.4,2400,3000,2600,04 Aug 2022,2022-08-04 00:00:00
West Bengal,Darjeeling,Siliguri,Other,Fruits,43.0,2300,2500,2400,05 Aug 2022,2022-08-05 00:00:00
West Bengal,Kolkata,Mechua,Other,Fruits,363.0,2500,3000,2600,05 Aug 2022,2022-08-05 00:00:00
West Bengal,Darjeeling,Siliguri,Other,Fruits,43.5,2300,2500,2400,06 Aug 2022,2022-08-06 00:00:00
West Bengal,Kolkata,Mechua,Other,Fruits,362.0,2500,3000,2600,07 Aug 2022,2022-08-07 00:00:00
West Bengal,Darjeeling,Siliguri,Other,Fruits,44.0,2300,2500,2400,08 Aug 2022,2022-08-08 00:00:00
West Bengal,Kolkata,Mechua,Other,Fruits,363.5,2400,3000,2800,08 Aug 2022,2022-08-08 00:00:00
West Bengal,Darjeeling,Siliguri,Other,Fruits,45.0,2400,2600,2500,09 Aug 2022,2022-08-09 00:00:00
West Bengal,Kolkata,Mechua,Other,Fruits,356.0,2400,2800,2600,09 Aug 2022,2022-08-09 00:00:00
West Bengal,Kolkata,Mechua,Other,Fruits,345.0,2600,3000,2800,10 Aug 2022,2022-08-10 00:00:00
West Bengal,Darjeeling,Siliguri,Other,Fruits,44.5,2300,2500,2400,10 Aug 2022,2022-08-10 00:00:00
West Bengal,Kolkata,Mechua,Other,Fruits,305.6,2500,3000,2800,11 Aug 2022,2022-08-11 00:00:00
West Bengal,Darjeeling,Siliguri,Other,Fruits,44.0,2300,2500,2400,11 Aug 2022,2022-08-11 00:00:00
West Bengal,Kolkata,Mechua,Other,Fruits,346.2,2600,3000,2800,12 Aug 2022,2022-08-12 00:00:00
West Bengal,Darjeeling,Siliguri,Other,Fruits,45.0,2300,2500,2400,12 Aug 2022,2022-08-12 00:00:00
West Bengal,Kolkata,Mechua,Other,Fruits,345.0,2600,3000,2800,13 Aug 2022,2022-08-13 00:00:00
West Bengal,Kolkata,Mechua,Other,Fruits,350.0,2600,3000,2800,14 Aug 2022,2022-08-14 00:00:00
West Bengal,Kolkata,Mechua,Other,Fruits,34.3,2600,3000,2800,15 Aug 2022,2022-08-15 00:00:00
West Bengal,Kolkata,Mechua,Other,Fruits,343.5,2600,3000,2800,16 Aug 2022,2022-08-16 00:00:00
West Bengal,Darjeeling,Siliguri,Other,Fruits,44.5,2300,2500,2400,16 Aug 2022,2022-08-16 00:00:00
West Bengal,Kolkata,Mechua,Other,Fruits,342.0,2500,3000,2800,17 Aug 2022,2022-08-17 00:00:00
West Bengal,Darjeeling,Siliguri,Other,Fruits,44.0,2300,2500,2400,17 Aug 2022,2022-08-17 00:00:00
West Bengal,Kolkata,Mechua,Other,Fruits,342.4,2500,3000,2800,18 Aug 2022,2022-08-18 00:00:00
West Bengal,Darjeeling,Siliguri,Other,Fruits,46.0,2300,2500,2400,19 Aug 2022,2022-08-19 00:00:00
West Bengal,Kolkata,Mechua,Other,Fruits,341.8,2600,3000,2800,19 Aug 2022,2022-08-19 00:00:00
West Bengal,Kolkata,Mechua,Other,Fruits,342.0,2600,3000,2800,20 Aug 2022,2022-08-20 00:00:00
West Bengal,Darjeeling,Siliguri,Other,Fruits,45.0,2200,2400,2300,20 Aug 2022,2022-08-20 00:00:00
West Bengal,Kolkata,Mechua,Other,Fruits,343.0,2600,3000,2800,21 Aug 2022,2022-08-21 00:00:00
West Bengal,Kolkata,Mechua,Other,Fruits,342.0,2500,3000,2800,22 Aug 2022,2022-08-22 00:00:00
West Bengal,Darjeeling,Siliguri,Other,Fruits,46.0,2200,2400,2300,22 Aug 2022,2022-08-22 00:00:00
West Bengal,Kolkata,Mechua,Other,Fruits,345.0,2500,3000,2800,23 Aug 2022,2022-08-23 00:00:00
West Bengal,Darjeeling,Siliguri,Other,Fruits,45.0,2200,2400,2300,23 Aug 2022,2022-08-23 00:00:00
West Bengal,Darjeeling,Siliguri,Other,Fruits,46.0,2200,2400,2300,24 Aug 2022,2022-08-24 00:00:00
West Bengal,Kolkata,Mechua,Other,Fruits,324.0,2400,3000,2800,24 Aug 2022,2022-08-24 00:00:00
West Bengal,Darjeeling,Siliguri,Other,Fruits,46.5,2200,2400,2300,25 Aug 2022,2022-08-25 00:00:00
West Bengal,Kolkata,Mechua,Other,Fruits,338.0,2500,3000,2800,25 Aug 2022,2022-08-25 00:00:00
West Bengal,Darjeeling,Siliguri,Other,Fruits,46.0,2300,2500,2400,26 Aug 2022,2022-08-26 00:00:00
West Bengal,Kolkata,Mechua,Other,Fruits,320.0,2500,3000,2800,26 Aug 2022,2022-08-26 00:00:00
West Bengal,Kolkata,Mechua,Other,Fruits,310.0,2500,3000,2800,28 Aug 2022,2022-08-28 00:00:00
West Bengal,Darjeeling,Siliguri,Other,Fruits,45.0,2200,2400,2300,29 Aug 2022,2022-08-29 00:00:00
West Bengal,Darjeeling,Siliguri,Other,Fruits,45.5,2200,2400,2300,30 Aug 2022,2022-08-30 00:00:00
West Bengal,Kolkata,Mechua,Other,Fruits,320.0,2600,3000,2800,30 Aug 2022,2022-08-30 00:00:00
West Bengal,Darjeeling,Siliguri,Other,Fruits,46.0,2300,2500,2400,31 Aug 2022,2022-08-31 00:00:00
West Bengal,Kolkata,Mechua,Other,Fruits,323.0,2600,3000,2800,31 Aug 2022,2022-08-31 00:00:00
West Bengal,Kolkata,Mechua,Other,Fruits,324.0,2600,3000,2800,01 Sep 2022,2022-09-01 00:00:00
West Bengal,Kolkata,Mechua,Other,Fruits,322.0,2600,3000,2800,02 Sep 2022,2022-09-02 00:00:00
West Bengal,Kolkata,Mechua,Other,Fruits,321.0,2600,3000,2800,03 Sep 2022,2022-09-03 00:00:00
West Bengal,Kolkata,Mechua,Other,Fruits,298.0,2600,3000,2800,04 Sep 2022,2022-09-04 00:00:00
West Bengal,Darjeeling,Siliguri,Other,Fruits,46.0,2300,2500,2400,05 Sep 2022,2022-09-05 00:00:00
West Bengal,Kolkata,Mechua,Other,Fruits,321.0,2400,3000,2800,05 Sep 2022,2022-09-05 00:00:00
West Bengal,Kolkata,Mechua,Other,Fruits,320.0,2400,3000,2800,06 Sep 2022,2022-09-06 00:00:00
West Bengal,Darjeeling,Siliguri,Other,Fruits,45.5,2300,2500,2400,06 Sep 2022,2022-09-06 00:00:00
West Bengal,Darjeeling,Siliguri,Other,Fruits,46.5,2300,2500,2400,07 Sep 2022,2022-09-07 00:00:00
West Bengal,Kolkata,Mechua,Other,Fruits,325.0,2400,3000,2800,07 Sep 2022,2022-09-07 00:00:00
West Bengal,Darjeeling,Siliguri,Other,Fruits,47.0,2300,2500,2400,08 Sep 2022,2022-09-08 00:00:00
West Bengal,Kolkata,Mechua,Other,Fruits,324.2,2400,3000,2800,08 Sep 2022,2022-09-08 00:00:00
West Bengal,Kolkata,Mechua,Other,Fruits,324.0,2400,3000,2800,09 Sep 2022,2022-09-09 00:00:00
West Bengal,Darjeeling,Siliguri,Other,Fruits,47.5,2300,2500,2400,09 Sep 2022,2022-09-09 00:00:00
West Bengal,Kolkata,Mechua,Other,Fruits,320.0,2400,3000,2800,10 Sep 2022,2022-09-10 00:00:00
West Bengal,Darjeeling,Siliguri,Other,Fruits,47.0,2300,2500,2400,10 Sep 2022,2022-09-10 00:00:00
West Bengal,Kolkata,Mechua,Other,Fruits,322.4,2400,3000,2800,11 Sep 2022,2022-09-11 00:00:00
West Bengal,Kolkata,Mechua,Other,Fruits,324.5,2400,3000,2800,12 Sep 2022,2022-09-12 00:00:00
West Bengal,Darjeeling,Siliguri,Other,Fruits,46.0,2300,2500,2400,12 Sep 2022,2022-09-12 00:00:00
West Bengal,Kolkata,Mechua,Other,Fruits,324.2,2400,3000,2800,13 Sep 2022,2022-09-13 00:00:00
West Bengal,Darjeeling,Siliguri,Other,Fruits,47.0,2300,2500,2400,13 Sep 2022,2022-09-13 00:00:00
West Bengal,Kolkata,Mechua,Other,Fruits,312.0,2400,3000,2800,14 Sep 2022,2022-09-14 00:00:00
West Bengal,Darjeeling,Siliguri,Other,Fruits,46.0,2300,2500,2400,15 Sep 2022,2022-09-15 00:00:00
West Bengal,Kolkata,Mechua,Other,Fruits,312.4,3000,3700,3500,15 Sep 2022,2022-09-15 00:00:00
West Bengal,Kolkata,Mechua,Other,Fruits,312.8,3000,3800,3500,16 Sep 2022,2022-09-16 00:00:00
West Bengal,Darjeeling,Siliguri,Other,Fruits,46.5,2200,2500,2400,16 Sep 2022,2022-09-16 00:00:00
West Bengal,Kolkata,Mechua,Other,Fruits,312.7,3000,3600,3400,17 Sep 2022,2022-09-17 00:00:00
West Bengal,Darjeeling,Siliguri,Other,Fruits,46.0,2300,2500,2400,17 Sep 2022,2022-09-17 00:00:00
West Bengal,Kolkata,Mechua,Other,Fruits,312.6,3000,3800,3600,18 Sep 2022,2022-09-18 00:00:00
West Bengal,Darjeeling,Siliguri,Other,Fruits,46.5,2300,2500,2400,19 Sep 2022,2022-09-19 00:00:00
West Bengal,Kolkata,Mechua,Other,Fruits,302.0,3600,4000,4000,19 Sep 2022,2022-09-19 00:00:00
West Bengal,Darjeeling,Siliguri,Other,Fruits,46.0,2200,2400,2300,20 Sep 2022,2022-09-20 00:00:00
West Bengal,Kolkata,Mechua,Other,Fruits,312.0,3600,4000,4000,20 Sep 2022,2022-09-20 00:00:00
West Bengal,Darjeeling,Siliguri,Other,Fruits,46.5,2200,2400,2300,21 Sep 2022,2022-09-21 00:00:00
West Bengal,Kolkata,Mechua,Other,Fruits,312.6,3600,4000,4000,21 Sep 2022,2022-09-21 00:00:00
West Bengal,Kolkata,Mechua,Other,Fruits,320.0,3600,4000,4000,22 Sep 2022,2022-09-22 00:00:00
West Bengal,Kolkata,Mechua,Other,Fruits,321.0,3600,4000,4000,23 Sep 2022,2022-09-23 00:00:00
West Bengal,Kolkata,Mechua,Other,Fruits,322.4,3600,4000,4000,24 Sep 2022,2022-09-24 00:00:00
West Bengal,Kolkata,Mechua,Other,Fruits,322.0,3600,4000,4000,25 Sep 2022,2022-09-25 00:00:00
West Bengal,Kolkata,Mechua,Other,Fruits,322.4,3600,4000,4000,26 Sep 2022,2022-09-26 00:00:00
West Bengal,Darjeeling,Siliguri,Other,Fruits,47.0,2200,2400,2300,26 Sep 2022,2022-09-26 00:00:00
West Bengal,Kolkata,Mechua,Other,Fruits,322.5,3500,4000,4000,27 Sep 2022,2022-09-27 00:00:00
West Bengal,Darjeeling,Siliguri,Other,Fruits,46.5,2200,2400,2300,27 Sep 2022,2022-09-27 00:00:00
West Bengal,Darjeeling,Siliguri,Other,Fruits,47.5,2300,2500,2400,28 Sep 2022,2022-09-28 00:00:00
West Bengal,Kolkata,Mechua,Other,Fruits,320.0,3500,4000,4000,28 Sep 2022,2022-09-28 00:00:00
West Bengal,Kolkata,Mechua,Other,Fruits,310.0,3500,4000,4000,29 Sep 2022,2022-09-29 00:00:00
West Bengal,Kolkata,Mechua,Other,Fruits,320.0,3500,4000,4000,30 Sep 2022,2022-09-30 00:00:00
West Bengal,Kolkata,Mechua,Other,Fruits,300.0,3500,4000,4000,01 Oct 2022,2022-10-01 00:00:00
West Bengal,Kolkata,Mechua,Other,Fruits,305.0,3500,4000,4000,02 Oct 2022,2022-10-02 00:00:00
West Bengal,Kolkata,Mechua,Other,Fruits,300.0,3400,4000,3600,03 Oct 2022,2022-10-03 00:00:00
West Bengal,Kolkata,Mechua,Other,Fruits,306.0,3400,4000,3600,04 Oct 2022,2022-10-04 00:00:00
West Bengal,Kolkata,Mechua,Other,Fruits,209.0,3000,3600,3400,05 Oct 2022,2022-10-05 00:00:00
West Bengal,Kolkata,Mechua,Other,Fruits,206.0,3400,4000,3600,06 Oct 2022,2022-10-06 00:00:00
West Bengal,Kolkata,Mechua,Other,Fruits,298.0,3400,4000,3600,07 Oct 2022,2022-10-07 00:00:00
West Bengal,Kolkata,Mechua,Other,Fruits,304.0,3200,3600,3400,09 Oct 2022,2022-10-09 00:00:00
West Bengal,Kolkata,Mechua,Other,Fruits,306.0,2400,2800,2600,10 Oct 2022,2022-10-10 00:00:00
West Bengal,Darjeeling,Siliguri,Other,Fruits,48.0,2400,2600,2500,11 Oct 2022,2022-10-11 00:00:00
West Bengal,Kolkata,Mechua,Other,Fruits,306.5,2800,3000,2800,11 Oct 2022,2022-10-11 00:00:00
West Bengal,Darjeeling,Siliguri,Other,Fruits,47.0,2300,2500,2400,12 Oct 2022,2022-10-12 00:00:00
West Bengal,Kolkata,Mechua,Other,Fruits,306.0,2600,3000,2800,12 Oct 2022,2022-10-12 00:00:00
West Bengal,Kolkata,Mechua,Other,Fruits,305.6,2600,3000,2800,13 Oct 2022,2022-10-13 00:00:00
West Bengal,Darjeeling,Siliguri,Other,Fruits,46.5,2300,2500,2400,13 Oct 2022,2022-10-13 00:00:00
West Bengal,Kolkata,Mechua,Other,Fruits,306.2,2600,3000,2800,14 Oct 2022,2022-10-14 00:00:00
West Bengal,Darjeeling,Siliguri,Other,Fruits,48.0,2300,2500,2400,14 Oct 2022,2022-10-14 00:00:00
West Bengal,Kolkata,Mechua,Other,Fruits,306.0,2600,3000,2800,15 Oct 2022,2022-10-15 00:00:00
West Bengal,Darjeeling,Siliguri,Other,Fruits,47.0,2300,2500,2400,15 Oct 2022,2022-10-15 00:00:00
West Bengal,Kolkata,Mechua,Other,Fruits,305.0,2400,2800,2600,16 Oct 2022,2022-10-16 00:00:00
West Bengal,Kolkata,Mechua,Other,Fruits,305.4,2200,2400,2400,17 Oct 2022,2022-10-17 00:00:00
West Bengal,Darjeeling,Siliguri,Other,Fruits,46.0,2400,2600,2500,17 Oct 2022,2022-10-17 00:00:00
West Bengal,Kolkata,Mechua,Other,Fruits,305.5,2400,2600,2400,18 Oct 2022,2022-10-18 00:00:00
West Bengal,Darjeeling,Siliguri,Other,Fruits,46.5,2300,2500,2400,18 Oct 2022,2022-10-18 00:00:00
West Bengal,Darjeeling,Siliguri,Other,Fruits,47.0,2300,2500,2400,19 Oct 2022,2022-10-19 00:00:00
West Bengal,Kolkata,Mechua,Other,Fruits,305.6,2400,2600,2400,19 Oct 2022,2022-10-19 00:00:00
West Bengal,Kolkata,Mechua,Other,Fruits,305.8,2400,2600,2400,20 Oct 2022,2022-10-20 00:00:00
West Bengal,Kolkata,Mechua,Other,Fruits,305.6,2400,2600,2400,21 Oct 2022,2022-10-21 00:00:00
West Bengal,Kolkata,Mechua,Other,Fruits,304.0,2200,2600,2400,22 Oct 2022,2022-10-22 00:00:00
West Bengal,Kolkata,Mechua,Other,Fruits,306.0,2400,2600,2400,23 Oct 2022,2022-10-23 00:00:00
West Bengal,Kolkata,Mechua,Other,Fruits,303.4,2400,2600,2500,24 Oct 2022,2022-10-24 00:00:00
West Bengal,Kolkata,Mechua,Other,Fruits,305.2,2400,2600,2400,25 Oct 2022,2022-10-25 00:00:00
West Bengal,Kolkata,Mechua,Other,Fruits,302.1,2400,2600,2400,26 Oct 2022,2022-10-26 00:00:00
West Bengal,Kolkata,Mechua,Other,Fruits,304.5,2200,2600,2400,27 Oct 2022,2022-10-27 00:00:00
West Bengal,Kolkata,Mechua,Other,Fruits,304.6,2200,2400,2200,29 Oct 2022,2022-10-29 00:00:00
West Bengal,Kolkata,Mechua,Other,Fruits,305.2,2200,2600,2400,30 Oct 2022,2022-10-30 00:00:00
West Bengal,Kolkata,Mechua,Other,Fruits,304.8,2200,2400,2200,31 Oct 2022,2022-10-31 00:00:00
NCT of Delhi,Delhi,Azadpur,Khandesh,Fruits,7.6,1000,1400,1200,01 Jan 2022,2022-01-01 00:00:00
NCT of Delhi,Delhi,Azadpur,Khandesh,Fruits,5.4,1000,1400,1200,03 Jan 2022,2022-01-03 00:00:00
NCT of Delhi,Delhi,Azadpur,Khandesh,Fruits,4.5,1000,1400,1200,04 Jan 2022,2022-01-04 00:00:00
NCT of Delhi,Delhi,Azadpur,Khandesh,Fruits,5.5,1000,1200,1100,05 Jan 2022,2022-01-05 00:00:00
NCT of Delhi,Delhi,Azadpur,Khandesh,Fruits,4.9,600,800,700,07 Jan 2022,2022-01-07 00:00:00
NCT of Delhi,Delhi,Azadpur,Khandesh,Fruits,5.0,600,800,700,08 Jan 2022,2022-01-08 00:00:00
NCT of Delhi,Delhi,Azadpur,Khandesh,Fruits,3.6,600,800,700,10 Jan 2022,2022-01-10 00:00:00
NCT of Delhi,Delhi,Azadpur,Khandesh,Fruits,5.7,500,700,600,11 Jan 2022,2022-01-11 00:00:00
NCT of Delhi,Delhi,Azadpur,Khandesh,Fruits,7.5,500,700,600,12 Jan 2022,2022-01-12 00:00:00
NCT of Delhi,Delhi,Azadpur,Khandesh,Fruits,6.3,500,700,600,13 Jan 2022,2022-01-13 00:00:00
NCT of Delhi,Delhi,Azadpur,Khandesh,Fruits,3.6,500,700,600,14 Jan 2022,2022-01-14 00:00:00
NCT of Delhi,Delhi,Azadpur,Khandesh,Fruits,5.3,500,700,600,15 Jan 2022,2022-01-15 00:00:00
NCT of Delhi,Delhi,Azadpur,Khandesh,Fruits,1.7,500,700,600,17 Jan 2022,2022-01-17 00:00:00
NCT of Delhi,Delhi,Azadpur,Khandesh,Fruits,4.2,500,700,600,18 Jan 2022,2022-01-18 00:00:00
NCT of Delhi,Delhi,Azadpur,Khandesh,Fruits,2.0,500,700,600,19 Jan 2022,2022-01-19 00:00:00
NCT of Delhi,Delhi,Azadpur,Khandesh,Fruits,3.5,500,700,600,20 Jan 2022,2022-01-20 00:00:00
NCT of Delhi,Delhi,Azadpur,Khandesh,Fruits,5.4,500,700,600,21 Jan 2022,2022-01-21 00:00:00
NCT of Delhi,Delhi,Azadpur,Khandesh,Fruits,3.0,500,700,600,22 Jan 2022,2022-01-22 00:00:00
NCT of Delhi,Delhi,Azadpur,Khandesh,Fruits,5.7,700,1100,900,24 Jan 2022,2022-01-24 00:00:00
NCT of Delhi,Delhi,Azadpur,Khandesh,Fruits,5.6,700,1100,900,25 Jan 2022,2022-01-25 00:00:00
NCT of Delhi,Delhi,Azadpur,Khandesh,Fruits,4.2,700,1100,900,28 Jan 2022,2022-01-28 00:00:00
NCT of Delhi,Delhi,Azadpur,Khandesh,Fruits,7.4,700,1100,900,29 Jan 2022,2022-01-29 00:00:00
NCT of Delhi,Delhi,Azadpur,Khandesh,Fruits,6.0,700,1100,900,31 Jan 2022,2022-01-31 00:00:00
NCT of Delhi,Delhi,Azadpur,Khandesh,Fruits,8.3,800,1200,1000,01 Feb 2022,2022-02-01 00:00:00
NCT of Delhi,Delhi,Azadpur,Khandesh,Fruits,7.2,800,1200,1000,02 Feb 2022,2022-02-02 00:00:00
NCT of Delhi,Delhi,Azadpur,Khandesh,Fruits,5.4,800,1200,1000,03 Feb 2022,2022-02-03 00:00:00
NCT of Delhi,Delhi,Azadpur,Khandesh,Fruits,8.8,800,1200,1000,04 Feb 2022,2022-02-04 00:00:00
NCT of Delhi,Delhi,Azadpur,Khandesh,Fruits,4.4,1200,4000,2200,05 Feb 2022,2022-02-05 00:00:00
NCT of Delhi,Delhi,Azadpur,Khandesh,Fruits,3.4,800,1200,1000,07 Feb 2022,2022-02-07 00:00:00
NCT of Delhi,Delhi,Azadpur,Khandesh,Fruits,5.0,800,1200,1000,08 Feb 2022,2022-02-08 00:00:00
NCT of Delhi,Delhi,Azadpur,Khandesh,Fruits,6.0,800,1200,1000,09 Feb 2022,2022-02-09 00:00:00
NCT of Delhi,Delhi,Azadpur,Khandesh,Fruits,7.3,800,1200,1000,10 Feb 2022,2022-02-10 00:00:00
NCT of Delhi,Delhi,Azadpur,Khandesh,Fruits,7.1,800,1200,1000,11 Feb 2022,2022-02-11 00:00:00
NCT of Delhi,Delhi,Azadpur,Khandesh,Fruits,8.1,800,1200,1000,12 Feb 2022,2022-02-12 00:00:00
NCT of Delhi,Delhi,Azadpur,Khandesh,Fruits,8.0,800,1200,1000,15 Feb 2022,2022-02-15 00:00:00
NCT of Delhi,Delhi,Azadpur,Khandesh,Fruits,11.7,800,1200,1000,16 Feb 2022,2022-02-16 00:00:00
NCT of Delhi,Delhi,Azadpur,Khandesh,Fruits,8.0,800,1200,1000,17 Feb 2022,2022-02-17 00:00:00
NCT of Delhi,Delhi,Azadpur,Khandesh,Fruits,9.8,1000,1600,1500,18 Feb 2022,2022-02-18 00:00:00
NCT of Delhi,Delhi,Azadpur,Khandesh,Fruits,12.0,1400,2000,1800,19 Feb 2022,2022-02-19 00:00:00
NCT of Delhi,Delhi,Azadpur,Khandesh,Fruits,4.2,1400,2000,1800,21 Feb 2022,2022-02-21 00:00:00
NCT of Delhi,Delhi,Azadpur,Khandesh,Fruits,5.7,1400,2000,1800,22 Feb 2022,2022-02-22 00:00:00
NCT of Delhi,Delhi,Azadpur,Khandesh,Fruits,0.2,1500,2400,2000,23 Feb 2022,2022-02-23 00:00:00
NCT of Delhi,Delhi,Azadpur,Khandesh,Fruits,2.4,1500,2400,2000,24 Feb 2022,2022-02-24 00:00:00
NCT of Delhi,Delhi,Azadpur,Khandesh,Fruits,2.2,1500,2400,2000,25 Feb 2022,2022-02-25 00:00:00
NCT of Delhi,Delhi,Azadpur,Khandesh,Fruits,1.6,1500,2400,2000,26 Feb 2022,2022-02-26 00:00:00
NCT of Delhi,Delhi,Azadpur,Khandesh,Fruits,2.3,1500,2400,2000,28 Feb 2022,2022-02-28 00:00:00
NCT of Delhi,Delhi,Azadpur,Khandesh,Fruits,0.3,1500,2400,2000,01 Mar 2022,2022-03-01 00:00:00
NCT of Delhi,Delhi,Azadpur,Khandesh,Fruits,3.6,1500,2400,2000,02 Mar 2022,2022-03-02 00:00:00
NCT of Delhi,Delhi,Azadpur,Khandesh,Fruits,8.6,1500,2400,2000,03 Mar 2022,2022-03-03 00:00:00
NCT of Delhi,Delhi,Azadpur,Khandesh,Fruits,8.2,1500,2400,2000,04 Mar 2022,2022-03-04 00:00:00
NCT of Delhi,Delhi,Azadpur,Khandesh,Fruits,6.7,1500,2400,2000,05 Mar 2022,2022-03-05 00:00:00
NCT of Delhi,Delhi,Azadpur,Khandesh,Fruits,0.3,1500,2400,2000,07 Mar 2022,2022-03-07 00:00:00
NCT of Delhi,Delhi,Azadpur,Khandesh,Fruits,9.2,1500,2400,2000,08 Mar 2022,2022-03-08 00:00:00
NCT of Delhi,Delhi,Azadpur,Khandesh,Fruits,6.4,1500,2400,2000,09 Mar 2022,2022-03-09 00:00:00
NCT of Delhi,Delhi,Azadpur,Khandesh,Fruits,0.3,1500,2400,2000,10 Mar 2022,2022-03-10 00:00:00
NCT of Delhi,Delhi,Azadpur,Khandesh,Fruits,1.2,1500,2400,2000,11 Mar 2022,2022-03-11 00:00:00
NCT of Delhi,Delhi,Azadpur,Khandesh,Fruits,6.4,1500,2400,2000,12 Mar 2022,2022-03-12 00:00:00
NCT of Delhi,Delhi,Azadpur,Khandesh,Fruits,4.2,1500,2400,2000,14 Mar 2022,2022-03-14 00:00:00
NCT of Delhi,Delhi,Azadpur,Khandesh,Fruits,3.9,1500,2400,2000,15 Mar 2022,2022-03-15 00:00:00
NCT of Delhi,Delhi,Azadpur,Khandesh,Fruits,4.0,1500,2400,2000,16 Mar 2022,2022-03-16 00:00:00
NCT of Delhi,Delhi,Azadpur,Khandesh,Fruits,3.8,1500,2400,2000,17 Mar 2022,2022-03-17 00:00:00
NCT of Delhi,Delhi,Azadpur,Khandesh,Fruits,2.8,1500,2400,2000,19 Mar 2022,2022-03-19 00:00:00
NCT of Delhi,Delhi,Azadpur,Khandesh,Fruits,0.5,1500,2400,2000,21 Mar 2022,2022-03-21 00:00:00
NCT of Delhi,Delhi,Azadpur,Khandesh,Fruits,4.1,1500,2400,2000,22 Mar 2022,2022-03-22 00:00:00
NCT of Delhi,Delhi,Azadpur,Khandesh,Fruits,5.8,1500,2400,2000,23 Mar 2022,2022-03-23 00:00:00
NCT of Delhi,Delhi,Azadpur,Khandesh,Fruits,2.5,1500,2400,2000,24 Mar 2022,2022-03-24 00:00:00
NCT of Delhi,Delhi,Azadpur,Khandesh,Fruits,3.7,1500,2400,2000,25 Mar 2022,2022-03-25 00:00:00
NCT of Delhi,Delhi,Azadpur,Khandesh,Fruits,4.6,1500,2400,2000,26 Mar 2022,2022-03-26 00:00:00
NCT of Delhi,Delhi,Azadpur,Khandesh,Fruits,3.4,1500,2400,2000,28 Mar 2022,2022-03-28 00:00:00
NCT of Delhi,Delhi,Azadpur,Khandesh,Fruits,5.7,1500,2400,2000,29 Mar 2022,2022-03-29 00:00:00
NCT of Delhi,Delhi,Azadpur,Khandesh,Fruits,5.3,1500,2400,2000,30 Mar 2022,2022-03-30 00:00:00
NCT of Delhi,Delhi,Azadpur,Khandesh,Fruits,4.4,1500,2400,2000,31 Mar 2022,2022-03-31 00:00:00
NCT of Delhi,Delhi,Azadpur,Khandesh,Fruits,5.5,1500,2400,2000,01 Apr 2022,2022-04-01 00:00:00
NCT of Delhi,Delhi,Azadpur,Khandesh,Fruits,6.8,2000,2600,2400,02 Apr 2022,2022-04-02 00:00:00
NCT of Delhi,Delhi,Azadpur,Khandesh,Fruits,5.2,1800,2400,2000,04 Apr 2022,2022-04-04 00:00:00
NCT of Delhi,Delhi,Azadpur,Khandesh,Fruits,4.6,1800,2400,2000,05 Apr 2022,2022-04-05 00:00:00
NCT of Delhi,Delhi,Azadpur,Khandesh,Fruits,3.6,1800,2200,2000,06 Apr 2022,2022-04-06 00:00:00
NCT of Delhi,Delhi,Azadpur,Khandesh,Fruits,4.6,1800,2200,2000,07 Apr 2022,2022-04-07 00:00:00
NCT of Delhi,Delhi,Azadpur,Khandesh,Fruits,6.2,1800,2200,2000,08 Apr 2022,2022-04-08 00:00:00
NCT of Delhi,Delhi,Azadpur,Khandesh,Fruits,6.8,1800,2200,2000,09 Apr 2022,2022-04-09 00:00:00
NCT of Delhi,Delhi,Azadpur,Khandesh,Fruits,4.3,1600,2000,1800,11 Apr 2022,2022-04-11 00:00:00
NCT of Delhi,Delhi,Azadpur,Khandesh,Fruits,4.4,1600,2000,1800,12 Apr 2022,2022-04-12 00:00:00
NCT of Delhi,Delhi,Azadpur,Khandesh,Fruits,2.9,1600,2000,1800,13 Apr 2022,2022-04-13 00:00:00
NCT of Delhi,Delhi,Azadpur,Khandesh,Fruits,2.7,1600,2000,1800,14 Apr 2022,2022-04-14 00:00:00
NCT of Delhi,Delhi,Azadpur,Khandesh,Fruits,3.1,1600,2000,1800,15 Apr 2022,2022-04-15 00:00:00
NCT of Delhi,Delhi,Azadpur,Khandesh,Fruits,3.3,1600,2000,1800,16 Apr 2022,2022-04-16 00:00:00
NCT of Delhi,Delhi,Azadpur,Khandesh,Fruits,3.9,1400,1800,1600,19 Apr 2022,2022-04-19 00:00:00
NCT of Delhi,Delhi,Azadpur,Khandesh,Fruits,2.6,1400,1800,1600,20 Apr 2022,2022-04-20 00:00:00
NCT of Delhi,Delhi,Azadpur,Khandesh,Fruits,4.1,4000,6000,5000,21 Apr 2022,2022-04-21 00:00:00
NCT of Delhi,Delhi,Azadpur,Khandesh,Fruits,4.3,1400,1800,1600,22 Apr 2022,2022-04-22 00:00:00
NCT of Delhi,Delhi,Azadpur,Khandesh,Fruits,3.9,1600,2000,1800,23 Apr 2022,2022-04-23 00:00:00
NCT of Delhi,Delhi,Azadpur,Khandesh,Fruits,3.8,1600,2000,1800,25 Apr 2022,2022-04-25 00:00:00
NCT of Delhi,Delhi,Azadpur,Khandesh,Fruits,3.5,1600,2000,1800,26 Apr 2022,2022-04-26 00:00:00
NCT of Delhi,Delhi,Azadpur,Khandesh,Fruits,4.6,1600,2000,1800,28 Apr 2022,2022-04-28 00:00:00
NCT of Delhi,Delhi,Azadpur,Khandesh,Fruits,4.3,1600,2000,1800,29 Apr 2022,2022-04-29 00:00:00
NCT of Delhi,Delhi,Azadpur,Khandesh,Fruits,3.2,1600,2000,1800,30 Apr 2022,2022-04-30 00:00:00
NCT of Delhi,Delhi,Azadpur,Khandesh,Fruits,3.0,1600,2000,1800,02 May 2022,2022-05-02 00:00:00
NCT of Delhi,Delhi,Azadpur,Khandesh,Fruits,3.9,1600,2000,1800,03 May 2022,2022-05-03 00:00:00
NCT of Delhi,Delhi,Azadpur,Khandesh,Fruits,5.7,1600,2000,1800,04 May 2022,2022-05-04 00:00:00
NCT of Delhi,Delhi,Azadpur,Khandesh,Fruits,4.9,1600,2000,1800,05 May 2022,2022-05-05 00:00:00
NCT of Delhi,Delhi,Azadpur,Khandesh,Fruits,4.4,1600,2000,1800,06 May 2022,2022-05-06 00:00:00
NCT of Delhi,Delhi,Azadpur,Khandesh,Fruits,4.6,1600,2000,1800,07 May 2022,2022-05-07 00:00:00
NCT of Delhi,Delhi,Azadpur,Khandesh,Fruits,3.7,1600,2000,1800,09 May 2022,2022-05-09 00:00:00
NCT of Delhi,Delhi,Azadpur,Khandesh,Fruits,3.0,1600,2000,1800,10 May 2022,2022-05-10 00:00:00
NCT of Delhi,Delhi,Azadpur,Khandesh,Fruits,6.9,1600,2000,1800,11 May 2022,2022-05-11 00:00:00
NCT of Delhi,Delhi,Azadpur,Khandesh,Fruits,4.2,1600,2000,1800,12 May 2022,2022-05-12 00:00:00
NCT of Delhi,Delhi,Azadpur,Khandesh,Fruits,6.9,1800,2400,2200,13 May 2022,2022-05-13 00:00:00
NCT of Delhi,Delhi,Azadpur,Khandesh,Fruits,5.5,1800,2400,2200,14 May 2022,2022-05-14 00:00:00
NCT of Delhi,Delhi,Azadpur,Khandesh,Fruits,3.2,1800,2400,2200,16 May 2022,2022-05-16 00:00:00
NCT of Delhi,Delhi,Azadpur,Khandesh,Fruits,6.5,1800,2400,2200,17 May 2022,2022-05-17 00:00:00
NCT of Delhi,Delhi,Azadpur,Khandesh,Fruits,4.2,1800,2400,2200,18 May 2022,2022-05-18 00:00:00
NCT of Delhi,Delhi,Azadpur,Khandesh,Fruits,4.0,1800,2400,2200,19 May 2022,2022-05-19 00:00:00
NCT of Delhi,Delhi,Azadpur,Khandesh,Fruits,3.6,1800,2400,2200,20 May 2022,2022-05-20 00:00:00
NCT of Delhi,Delhi,Azadpur,Khandesh,Fruits,5.3,1800,2400,2200,21 May 2022,2022-05-21 00:00:00
NCT of Delhi,Delhi,Azadpur,Khandesh,Fruits,1.8,1800,2400,2200,23 May 2022,2022-05-23 00:00:00
NCT of Delhi,Delhi,Azadpur,Khandesh,Fruits,3.7,1800,2400,2200,24 May 2022,2022-05-24 00:00:00
NCT of Delhi,Delhi,Azadpur,Khandesh,Fruits,5.0,1800,2400,2200,25 May 2022,2022-05-25 00:00:00
NCT of Delhi,Delhi,Azadpur,Khandesh,Fruits,2.7,1800,2400,2200,26 May 2022,2022-05-26 00:00:00
NCT of Delhi,Delhi,Azadpur,Khandesh,Fruits,7.1,1800,2400,2200,27 May 2022,2022-05-27 00:00:00
NCT of Delhi,Delhi,Azadpur,Khandesh,Fruits,4.3,1800,2400,2200,28 May 2022,2022-05-28 00:00:00
NCT of Delhi,Delhi,Azadpur,Khandesh,Fruits,0.6,1800,2400,2200,30 May 2022,2022-05-30 00:00:00
NCT of Delhi,Delhi,Azadpur,Khandesh,Fruits,4.8,1800,2400,2200,31 May 2022,2022-05-31 00:00:00
NCT of Delhi,Delhi,Azadpur,Khandesh,Fruits,3.6,1800,2400,2200,01 Jun 2022,2022-06-01 00:00:00
NCT of Delhi,Delhi,Azadpur,Khandesh,Fruits,4.3,1800,2400,2200,02 Jun 2022,2022-06-02 00:00:00
NCT of Delhi,Delhi,Azadpur,Khandesh,Fruits,3.0,1800,2400,2200,03 Jun 2022,2022-06-03 00:00:00
NCT of Delhi,Delhi,Azadpur,Khandesh,Fruits,3.5,1800,2400,2200,04 Jun 2022,2022-06-04 00:00:00
NCT of Delhi,Delhi,Azadpur,Khandesh,Fruits,4.6,1800,2400,2200,06 Jun 2022,2022-06-06 00:00:00
NCT of Delhi,Delhi,Azadpur,Khandesh,Fruits,5.1,1800,2400,2200,07 Jun 2022,2022-06-07 00:00:00
NCT of Delhi,Delhi,Azadpur,Khandesh,Fruits,5.0,1800,2400,2200,09 Jun 2022,2022-06-09 00:00:00
NCT of Delhi,Delhi,Azadpur,Khandesh,Fruits,3.4,1800,2400,2200,10 Jun 2022,2022-06-10 00:00:00
NCT of Delhi,Delhi,Azadpur,Khandesh,Fruits,3.3,1800,2400,2200,11 Jun 2022,2022-06-11 00:00:00
NCT of Delhi,Delhi,Azadpur,Khandesh,Fruits,3.9,1800,2400,2200,13 Jun 2022,2022-06-13 00:00:00
NCT of Delhi,Delhi,Azadpur,Khandesh,Fruits,3.0,1800,2400,2200,14 Jun 2022,2022-06-14 00:00:00
NCT of Delhi,Delhi,Azadpur,Khandesh,Fruits,4.9,1800,2400,2200,15 Jun 2022,2022-06-15 00:00:00
NCT of Delhi,Delhi,Azadpur,Khandesh,Fruits,3.6,1800,2400,2200,16 Jun 2022,2022-06-16 00:00:00
NCT of Delhi,Delhi,Azadpur,Khandesh,Fruits,3.1,1800,2400,2200,17 Jun 2022,2022-06-17 00:00:00
NCT of Delhi,Delhi,Azadpur,Khandesh,Fruits,1.7,1800,2400,2200,18 Jun 2022,2022-06-18 00:00:00
NCT of Delhi,Delhi,Azadpur,Khandesh,Fruits,0.4,1800,2400,2200,20 Jun 2022,2022-06-20 00:00:00
NCT of Delhi,Delhi,Azadpur,Khandesh,Fruits,4.6,1800,2400,2200,21 Jun 2022,2022-06-21 00:00:00
NCT of Delhi,Delhi,Azadpur,Khandesh,Fruits,3.5,1800,2400,2200,22 Jun 2022,2022-06-22 00:00:00
NCT of Delhi,Delhi,Azadpur,Khandesh,Fruits,4.8,1800,2400,2200,23 Jun 2022,2022-06-23 00:00:00
NCT of Delhi,Delhi,Azadpur,Khandesh,Fruits,4.5,1800,2400,2200,24 Jun 2022,2022-06-24 00:00:00
NCT of Delhi,Delhi,Azadpur,Khandesh,Fruits,4.4,1800,2400,2200,25 Jun 2022,2022-06-25 00:00:00
NCT of Delhi,Delhi,Azadpur,Khandesh,Fruits,2.8,1800,2400,2200,27 Jun 2022,2022-06-27 00:00:00
NCT of Delhi,Delhi,Azadpur,Khandesh,Fruits,5.6,1800,2400,2200,28 Jun 2022,2022-06-28 00:00:00
NCT of Delhi,Delhi,Azadpur,Khandesh,Fruits,6.2,1800,2400,2200,29 Jun 2022,2022-06-29 00:00:00
NCT of Delhi,Delhi,Azadpur,Khandesh,Fruits,4.9,1800,2400,2200,30 Jun 2022,2022-06-30 00:00:00
NCT of Delhi,Delhi,Azadpur,Khandesh,Fruits,4.3,1800,2400,2200,01 Jul 2022,2022-07-01 00:00:00
NCT of Delhi,Delhi,Azadpur,Khandesh,Fruits,2.2,1800,2400,2200,04 Jul 2022,2022-07-04 00:00:00
NCT of Delhi,Delhi,Azadpur,Khandesh,Fruits,2.6,1800,2400,2200,06 Jul 2022,2022-07-06 00:00:00
NCT of Delhi,Delhi,Azadpur,Khandesh,Fruits,5.0,1800,2400,2200,07 Jul 2022,2022-07-07 00:00:00
NCT of Delhi,Delhi,Azadpur,Khandesh,Fruits,3.8,1800,2400,2200,08 Jul 2022,2022-07-08 00:00:00
NCT of Delhi,Delhi,Azadpur,Khandesh,Fruits,4.8,1800,2400,2200,09 Jul 2022,2022-07-09 00:00:00
NCT of Delhi,Delhi,Azadpur,Khandesh,Fruits,5.3,1800,2400,2200,11 Jul 2022,2022-07-11 00:00:00
NCT of Delhi,Delhi,Azadpur,Khandesh,Fruits,3.8,1800,2400,2200,12 Jul 2022,2022-07-12 00:00:00
NCT of Delhi,Delhi,Azadpur,Khandesh,Fruits,5.1,1800,2400,2200,13 Jul 2022,2022-07-13 00:00:00
NCT of Delhi,Delhi,Azadpur,Khandesh,Fruits,3.9,1800,2400,2200,14 Jul 2022,2022-07-14 00:00:00
NCT of Delhi,Delhi,Azadpur,Khandesh,Fruits,4.6,1800,2400,2200,15 Jul 2022,2022-07-15 00:00:00
NCT of Delhi,Delhi,Azadpur,Khandesh,Fruits,4.0,1800,2400,2200,16 Jul 2022,2022-07-16 00:00:00
NCT of Delhi,Delhi,Azadpur,Khandesh,Fruits,2.8,1800,2400,2200,18 Jul 2022,2022-07-18 00:00:00
NCT of Delhi,Delhi,Azadpur,Khandesh,Fruits,6.4,2200,2800,2600,19 Jul 2022,2022-07-19 00:00:00
NCT of Delhi,Delhi,Azadpur,Khandesh,Fruits,4.4,2200,2800,2600,20 Jul 2022,2022-07-20 00:00:00
NCT of Delhi,Delhi,Azadpur,Khandesh,Fruits,12.0,2600,3000,2800,21 Jul 2022,2022-07-21 00:00:00
NCT of Delhi,Delhi,Azadpur,Khandesh,Fruits,2.1,2600,3000,2800,22 Jul 2022,2022-07-22 00:00:00
NCT of Delhi,Delhi,Azadpur,Khandesh,Fruits,4.9,2600,3000,2800,23 Jul 2022,2022-07-23 00:00:00
NCT of Delhi,Delhi,Azadpur,Khandesh,Fruits,3.4,2600,3000,2800,25 Jul 2022,2022-07-25 00:00:00
NCT of Delhi,Delhi,Azadpur,Khandesh,Fruits,5.2,2600,3000,2800,26 Jul 2022,2022-07-26 00:00:00
NCT of Delhi,Delhi,Azadpur,Khandesh,Fruits,4.6,2600,3000,2800,27 Jul 2022,2022-07-27 00:00:00
NCT of Delhi,Delhi,Azadpur,Khandesh,Fruits,17.2,2600,3000,2800,28 Jul 2022,2022-07-28 00:00:00
NCT of Delhi,Delhi,Azadpur,Khandesh,Fruits,4.9,2600,3000,2800,29 Jul 2022,2022-07-29 00:00:00
NCT of Delhi,Delhi,Azadpur,Khandesh,Fruits,8.0,2600,2800,2700,30 Jul 2022,2022-07-30 00:00:00
NCT of Delhi,Delhi,Azadpur,Khandesh,Fruits,3.8,2600,2800,2700,01 Aug 2022,2022-08-01 00:00:00
NCT of Delhi,Delhi,Azadpur,Khandesh,Fruits,15.7,2600,2800,2700,02 Aug 2022,2022-08-02 00:00:00
NCT of Delhi,Delhi,Azadpur,Khandesh,Fruits,6.8,2600,2800,2700,03 Aug 2022,2022-08-03 00:00:00
NCT of Delhi,Delhi,Azadpur,Khandesh,Fruits,2.6,2600,2800,2700,04 Aug 2022,2022-08-04 00:00:00
NCT of Delhi,Delhi,Azadpur,Khandesh,Fruits,5.9,2600,2800,2700,05 Aug 2022,2022-08-05 00:00:00
NCT of Delhi,Delhi,Azadpur,Khandesh,Fruits,4.9,2300,2500,2400,06 Aug 2022,2022-08-06 00:00:00
NCT of Delhi,Delhi,Azadpur,Khandesh,Fruits,5.7,2300,2500,2400,08 Aug 2022,2022-08-08 00:00:00
NCT of Delhi,Delhi,Azadpur,Khandesh,Fruits,17.0,2300,2500,2400,09 Aug 2022,2022-08-09 00:00:00
NCT of Delhi,Delhi,Azadpur,Khandesh,Fruits,15.7,2300,2500,2400,10 Aug 2022,2022-08-10 00:00:00
NCT of Delhi,Delhi,Azadpur,Khandesh,Fruits,3.5,2300,2500,2400,11 Aug 2022,2022-08-11 00:00:00
NCT of Delhi,Delhi,Azadpur,Khandesh,Fruits,3.7,2300,2500,2400,12 Aug 2022,2022-08-12 00:00:00
NCT of Delhi,Delhi,Azadpur,Khandesh,Fruits,5.0,2300,2500,2400,13 Aug 2022,2022-08-13 00:00:00
NCT of Delhi,Delhi,Azadpur,Khandesh,Fruits,3.7,2300,2500,2400,15 Aug 2022,2022-08-15 00:00:00
NCT of Delhi,Delhi,Azadpur,Khandesh,Fruits,3.5,1900,2300,2000,16 Aug 2022,2022-08-16 00:00:00
NCT of Delhi,Delhi,Azadpur,Khandesh,Fruits,12.4,1900,2300,2000,17 Aug 2022,2022-08-17 00:00:00
NCT of Delhi,Delhi,Azadpur,Khandesh,Fruits,8.0,1700,2000,1800,18 Aug 2022,2022-08-18 00:00:00
NCT of Delhi,Delhi,Azadpur,Khandesh,Fruits,19.4,1700,2000,1800,19 Aug 2022,2022-08-19 00:00:00
NCT of Delhi,Delhi,Azadpur,Khandesh,Fruits,5.1,1600,1800,1700,20 Aug 2022,2022-08-20 00:00:00
NCT of Delhi,Delhi,Azadpur,Khandesh,Fruits,4.2,1600,1800,1700,22 Aug 2022,2022-08-22 00:00:00
NCT of Delhi,Delhi,Azadpur,Khandesh,Fruits,7.1,1600,1800,1700,23 Aug 2022,2022-08-23 00:00:00
NCT of Delhi,Delhi,Azadpur,Khandesh,Fruits,3.3,1200,1600,1400,24 Aug 2022,2022-08-24 00:00:00
NCT of Delhi,Delhi,Azadpur,Khandesh,Fruits,6.6,1200,1600,1400,25 Aug 2022,2022-08-25 00:00:00
NCT of Delhi,Delhi,Azadpur,Khandesh,Fruits,6.4,1200,1600,1400,26 Aug 2022,2022-08-26 00:00:00
NCT of Delhi,Delhi,Azadpur,Khandesh,Fruits,3.2,1200,1600,1400,27 Aug 2022,2022-08-27 00:00:00
NCT of Delhi,Delhi,Azadpur,Khandesh,Fruits,3.4,1200,1600,1400,29 Aug 2022,2022-08-29 00:00:00
NCT of Delhi,Delhi,Azadpur,Khandesh,Fruits,15.7,1200,1600,1400,30 Aug 2022,2022-08-30 00:00:00
NCT of Delhi,Delhi,Azadpur,Khandesh,Fruits,6.8,1200,1600,1400,31 Aug 2022,2022-08-31 00:00:00
NCT of Delhi,Delhi,Azadpur,Khandesh,Fruits,4.5,1200,1600,1400,01 Sep 2022,2022-09-01 00:00:00
NCT of Delhi,Delhi,Azadpur,Khandesh,Fruits,4.0,1200,1600,1400,02 Sep 2022,2022-09-02 00:00:00
NCT of Delhi,Delhi,Azadpur,Khandesh,Fruits,4.6,1200,1600,1400,03 Sep 2022,2022-09-03 00:00:00
NCT of Delhi,Delhi,Azadpur,Khandesh,Fruits,3.5,1200,1600,1400,05 Sep 2022,2022-09-05 00:00:00
NCT of Delhi,Delhi,Azadpur,Khandesh,Fruits,5.2,1200,1600,1400,06 Sep 2022,2022-09-06 00:00:00
NCT of Delhi,Delhi,Azadpur,Khandesh,Fruits,5.3,1200,1600,1400,07 Sep 2022,2022-09-07 00:00:00
NCT of Delhi,Delhi,Azadpur,Khandesh,Fruits,5.6,1200,1600,1400,08 Sep 2022,2022-09-08 00:00:00
NCT of Delhi,Delhi,Azadpur,Khandesh,Fruits,4.9,1200,1600,1400,09 Sep 2022,2022-09-09 00:00:00
NCT of Delhi,Delhi,Azadpur,Khandesh,Fruits,5.8,1200,1600,1400,10 Sep 2022,2022-09-10 00:00:00
NCT of Delhi,Delhi,Azadpur,Khandesh,Fruits,2.2,1200,1600,1400,12 Sep 2022,2022-09-12 00:00:00
NCT of Delhi,Delhi,Azadpur,Khandesh,Fruits,17.2,1200,1600,1400,13 Sep 2022,2022-09-13 00:00:00
NCT of Delhi,Delhi,Azadpur,Khandesh,Fruits,6.2,1200,1600,1400,14 Sep 2022,2022-09-14 00:00:00
NCT of Delhi,Delhi,Azadpur,Khandesh,Fruits,7.3,1200,1600,1400,15 Sep 2022,2022-09-15 00:00:00
NCT of Delhi,Delhi,Azadpur,Khandesh,Fruits,21.2,1200,1600,1400,16 Sep 2022,2022-09-16 00:00:00
NCT of Delhi,Delhi,Azadpur,Khandesh,Fruits,3.9,1000,1300,1200,17 Sep 2022,2022-09-17 00:00:00
NCT of Delhi,Delhi,Azadpur,Khandesh,Fruits,3.7,1000,1300,1200,19 Sep 2022,2022-09-19 00:00:00
NCT of Delhi,Delhi,Azadpur,Khandesh,Fruits,33.3,1000,1300,1200,20 Sep 2022,2022-09-20 00:00:00
NCT of Delhi,Delhi,Azadpur,Khandesh,Fruits,5.5,1000,1300,1200,21 Sep 2022,2022-09-21 00:00:00
NCT of Delhi,Delhi,Azadpur,Khandesh,Fruits,32.5,1000,1300,1200,22 Sep 2022,2022-09-22 00:00:00
NCT of Delhi,Delhi,Azadpur,Khandesh,Fruits,27.4,1000,1300,1200,23 Sep 2022,2022-09-23 00:00:00
NCT of Delhi,Delhi,Azadpur,Khandesh,Fruits,32.5,1000,1300,1200,24 Sep 2022,2022-09-24 00:00:00
NCT of Delhi,Delhi,Azadpur,Khandesh,Fruits,4.1,1400,1800,1600,26 Sep 2022,2022-09-26 00:00:00
NCT of Delhi,Delhi,Azadpur,Khandesh,Fruits,54.2,1400,1800,1600,27 Sep 2022,2022-09-27 00:00:00
NCT of Delhi,Delhi,Azadpur,Khandesh,Fruits,4.9,1400,1800,1600,28 Sep 2022,2022-09-28 00:00:00
NCT of Delhi,Delhi,Azadpur,Khandesh,Fruits,33.3,1400,1800,1600,29 Sep 2022,2022-09-29 00:00:00
NCT of Delhi,Delhi,Azadpur,Khandesh,Fruits,24.7,1400,1800,1600,30 Sep 2022,2022-09-30 00:00:00
NCT of Delhi,Delhi,Azadpur,Khandesh,Fruits,3.6,1400,1800,1600,01 Oct 2022,2022-10-01 00:00:00
NCT of Delhi,Delhi,Azadpur,Khandesh,Fruits,4.2,1400,1800,1600,03 Oct 2022,2022-10-03 00:00:00
NCT of Delhi,Delhi,Azadpur,Khandesh,Fruits,55.1,1400,1800,1600,04 Oct 2022,2022-10-04 00:00:00
NCT of Delhi,Delhi,Azadpur,Khandesh,Fruits,4.4,1400,1800,1600,05 Oct 2022,2022-10-05 00:00:00
NCT of Delhi,Delhi,Azadpur,Khandesh,Fruits,3.8,1400,1800,1600,06 Oct 2022,2022-10-06 00:00:00
NCT of Delhi,Delhi,Azadpur,Khandesh,Fruits,70.6,1400,1800,1600,07 Oct 2022,2022-10-07 00:00:00
NCT of Delhi,Delhi,Azadpur,Khandesh,Fruits,6.8,1400,1800,1600,08 Oct 2022,2022-10-08 00:00:00
NCT of Delhi,Delhi,Azadpur,Khandesh,Fruits,2.6,1000,1600,1400,10 Oct 2022,2022-10-10 00:00:00
NCT of Delhi,Delhi,Azadpur,Khandesh,Fruits,41.6,1000,1600,1400,11 Oct 2022,2022-10-11 00:00:00
NCT of Delhi,Delhi,Azadpur,Khandesh,Fruits,7.0,900,1600,1300,12 Oct 2022,2022-10-12 00:00:00
NCT of Delhi,Delhi,Azadpur,Khandesh,Fruits,20.3,1100,1700,1500,13 Oct 2022,2022-10-13 00:00:00
NCT of Delhi,Delhi,Azadpur,Khandesh,Fruits,5.1,1100,1700,1500,14 Oct 2022,2022-10-14 00:00:00
NCT of Delhi,Delhi,Azadpur,Khandesh,Fruits,5.4,1100,1700,1500,15 Oct 2022,2022-10-15 00:00:00
NCT of Delhi,Delhi,Azadpur,Khandesh,Fruits,3.3,1100,1700,1500,17 Oct 2022,2022-10-17 00:00:00
NCT of Delhi,Delhi,Azadpur,Khandesh,Fruits,51.3,1000,1600,1400,18 Oct 2022,2022-10-18 00:00:00
NCT of Delhi,Delhi,Azadpur,Khandesh,Fruits,6.0,1000,1600,1400,19 Oct 2022,2022-10-19 00:00:00
NCT of Delhi,Delhi,Azadpur,Khandesh,Fruits,35.5,1200,1700,1600,20 Oct 2022,2022-10-20 00:00:00
NCT of Delhi,Delhi,Azadpur,Khandesh,Fruits,8.0,1200,1700,1600,21 Oct 2022,2022-10-21 00:00:00
NCT of Delhi,Delhi,Azadpur,Khandesh,Fruits,29.2,1200,1700,1600,22 Oct 2022,2022-10-22 00:00:00
NCT of Delhi,Delhi,Azadpur,Khandesh,Fruits,3.4,1200,1700,1600,24 Oct 2022,2022-10-24 00:00:00
NCT of Delhi,Delhi,Azadpur,Khandesh,Fruits,3.3,1200,1700,1600,26 Oct 2022,2022-10-26 00:00:00
NCT of Delhi,Delhi,Azadpur,Khandesh,Fruits,18.4,1200,1700,1600,27 Oct 2022,2022-10-27 00:00:00
NCT of Delhi,Delhi,Azadpur,Khandesh,Fruits,4.1,1200,1700,1600,28 Oct 2022,2022-10-28 00:00:00
NCT of Delhi,Delhi,Azadpur,Khandesh,Fruits,6.4,1200,1700,1600,29 Oct 2022,2022-10-29 00:00:00
NCT of Delhi,Delhi,Azadpur,Khandesh,Fruits,0.9,1200,1700,1600,31 Oct 2022,2022-10-31 00:00:00
Odisha,Gajapati,Parlakhemundi,Other,Fruits,5.0,1500,2000,2000,04 Oct 2021,2021-10-04 00:00:00
Odisha,Gajapati,Parlakhemundi,Other,Fruits,7.0,2500,4000,4000,05 Oct 2021,2021-10-05 00:00:00
Odisha,Gajapati,Parlakhemundi,Other,Fruits,5.0,1500,2000,2000,10 Oct 2021,2021-10-10 00:00:00
Odisha,Gajapati,Parlakhemundi,Other,Fruits,3.0,2500,3000,3000,14 Oct 2021,2021-10-14 00:00:00
Odisha,Gajapati,Parlakhemundi,Other,Fruits,5.0,2500,3000,3000,23 Oct 2021,2021-10-23 00:00:00
Odisha,Gajapati,Parlakhemundi,Other,Fruits,3.0,4000,5000,5000,25 Oct 2021,2021-10-25 00:00:00
Odisha,Gajapati,Parlakhemundi,Other,Fruits,5.0,2500,3000,3000,30 Oct 2021,2021-10-30 00:00:00
Odisha,Gajapati,Parlakhemundi,Other,Fruits,5.0,2500,3000,3000,09 Jan 2022,2022-01-09 00:00:00
Odisha,Gajapati,Parlakhemundi,Other,Fruits,3.0,2500,3000,3000,13 Jan 2022,2022-01-13 00:00:00
Odisha,Gajapati,Parlakhemundi,Other,Fruits,4.0,2500,3000,3000,14 Jan 2022,2022-01-14 00:00:00
Odisha,Gajapati,Parlakhemundi,Other,Fruits,3.0,2500,3000,3000,15 Jan 2022,2022-01-15 00:00:00
Odisha,Gajapati,Parlakhemundi,Other,Fruits,4.0,1500,2000,2000,17 Jan 2022,2022-01-17 00:00:00
Odisha,Gajapati,Parlakhemundi,Other,Fruits,3.0,2500,3000,3000,20 Jan 2022,2022-01-20 00:00:00
Odisha,Gajapati,Parlakhemundi,Other,Fruits,5.0,2500,3000,3000,28 Jan 2022,2022-01-28 00:00:00
Odisha,Gajapati,Parlakhemundi,Other,Fruits,3.0,2500,3000,3000,30 Jan 2022,2022-01-30 00:00:00
Odisha,Angul,Angaura,Champa,Fruits,4.2,3000,4000,3500,05 Feb 2022,2022-02-05 00:00:00
Odisha,Gajapati,Parlakhemundi,Other,Fruits,5.0,2500,3000,3000,08 Feb 2022,2022-02-08 00:00:00
Odisha,Gajapati,Parlakhemundi,Other,Fruits,3.0,2500,3000,3000,12 Feb 2022,2022-02-12 00:00:00
Odisha,Gajapati,Parlakhemundi,Other,Fruits,4.0,2500,3000,3000,17 Feb 2022,2022-02-17 00:00:00
Odisha,Angul,Talcher,Champa,Fruits,3.5,3000,4000,3500,21 Feb 2022,2022-02-21 00:00:00
Odisha,Gajapati,Parlakhemundi,Other,Fruits,5.0,2500,3000,3000,27 Feb 2022,2022-02-27 00:00:00
Odisha,Gajapati,Parlakhemundi,Other,Fruits,4.0,2500,3000,3000,28 Feb 2022,2022-02-28 00:00:00
Odisha,Gajapati,Parlakhemundi,Other,Fruits,4.0,2500,3000,3000,01 Mar 2022,2022-03-01 00:00:00
Odisha,Angul,Talcher,Champa,Fruits,3.6,3500,4000,3800,01 Mar 2022,2022-03-01 00:00:00
Odisha,Gajapati,Parlakhemundi,Other,Fruits,3.0,2500,3000,3000,02 Mar 2022,2022-03-02 00:00:00
Odisha,Gajapati,Parlakhemundi,Other,Fruits,5.0,2500,3000,3000,04 Mar 2022,2022-03-04 00:00:00
Odisha,Gajapati,Parlakhemundi,Other,Fruits,4.0,1600,2000,2000,06 Mar 2022,2022-03-06 00:00:00
Odisha,Angul,Talcher,Champa,Fruits,2.0,3000,5000,4000,08 Mar 2022,2022-03-08 00:00:00
Odisha,Gajapati,Parlakhemundi,Other,Fruits,5.0,1500,2000,2000,11 Mar 2022,2022-03-11 00:00:00
Odisha,Gajapati,Kasinagar,Banana - Ripe,Fruits,5.0,1500,2000,2000,13 Mar 2022,2022-03-13 00:00:00
Odisha,Gajapati,Parlakhemundi,Other,Fruits,3.0,2500,3000,3000,13 Mar 2022,2022-03-13 00:00:00
Odisha,Gajapati,Parlakhemundi,Other,Fruits,5.0,2500,3000,3000,22 Mar 2022,2022-03-22 00:00:00
Odisha,Gajapati,Parlakhemundi,Other,Fruits,4.0,2500,3000,3000,24 Mar 2022,2022-03-24 00:00:00
Odisha,Gajapati,Parlakhemundi,Other,Fruits,3.0,2500,3000,3000,25 Mar 2022,2022-03-25 00:00:00
Odisha,Gajapati,Parlakhemundi,Other,Fruits,5.0,2500,3000,3000,28 Mar 2022,2022-03-28 00:00:00
Odisha,Gajapati,Parlakhemundi,Other,Fruits,4.0,2500,3000,3000,31 Mar 2022,2022-03-31 00:00:00
Odisha,Gajapati,Parlakhemundi,Other,Fruits,4.0,1500,2000,2000,01 Apr 2022,2022-04-01 00:00:00
Odisha,Gajapati,Kasinagar,Banana - Ripe,Fruits,5.0,2500,3000,3000,02 Apr 2022,2022-04-02 00:00:00
Odisha,Angul,Talcher,Champa,Fruits,3.5,3000,5000,4000,02 Apr 2022,2022-04-02 00:00:00
Odisha,Angul,Angaura,Champa,Fruits,2.5,3000,4000,3500,03 Apr 2022,2022-04-03 00:00:00
Odisha,Gajapati,Parlakhemundi,Other,Fruits,3.0,2000,4000,4000,03 Apr 2022,2022-04-03 00:00:00
Odisha,Gajapati,Parlakhemundi,Other,Fruits,4.0,2500,4000,4000,05 Apr 2022,2022-04-05 00:00:00
Odisha,Gajapati,Parlakhemundi,Other,Fruits,2.0,2500,3000,3000,07 Apr 2022,2022-04-07 00:00:00
Odisha,Angul,Talcher,Champa,Fruits,4.2,3000,5000,4000,09 Apr 2022,2022-04-09 00:00:00
Odisha,Malkangiri,Malkanagiri,Other,Fruits,5.0,700,700,700,11 Apr 2022,2022-04-11 00:00:00
Odisha,Angul,Talcher,Champa,Fruits,3.6,4000,5000,4500,14 Apr 2022,2022-04-14 00:00:00
Odisha,Gajapati,Parlakhemundi,Other,Fruits,5.0,2000,2500,2500,22 Apr 2022,2022-04-22 00:00:00
Odisha,Gajapati,Parlakhemundi,Other,Fruits,4.0,2500,3000,3000,23 Apr 2022,2022-04-23 00:00:00
Odisha,Gajapati,Parlakhemundi,Other,Fruits,3.0,2500,3000,3000,02 May 2022,2022-05-02 00:00:00
Odisha,Angul,Talcher,Champa,Fruits,4.6,5000,6000,5500,07 May 2022,2022-05-07 00:00:00
Odisha,Gajapati,Parlakhemundi,Other,Fruits,5.0,2500,3000,3000,10 May 2022,2022-05-10 00:00:00
Odisha,Gajapati,Parlakhemundi,Other,Fruits,3.0,2500,3000,3000,16 May 2022,2022-05-16 00:00:00
Odisha,Gajapati,Parlakhemundi,Other,Fruits,5.0,2500,3000,3000,21 May 2022,2022-05-21 00:00:00
Odisha,Gajapati,Parlakhemundi,Other,Fruits,3.0,2500,3000,3000,23 May 2022,2022-05-23 00:00:00
Odisha,Gajapati,Parlakhemundi,Other,Fruits,5.0,2500,4000,4000,27 May 2022,2022-05-27 00:00:00
Odisha,Gajapati,Parlakhemundi,Other,Fruits,4.0,2500,3000,3000,28 May 2022,2022-05-28 00:00:00
Odisha,Gajapati,Parlakhemundi,Other,Fruits,3.0,2500,3000,3000,30 May 2022,2022-05-30 00:00:00
Odisha,Gajapati,Parlakhemundi,Other,Fruits,5.0,2500,3000,3000,20 Jun 2022,2022-06-20 00:00:00
Odisha,Gajapati,Kasinagar,Banana - Ripe,Fruits,5.0,2500,3000,3000,29 Jun 2022,2022-06-29 00:00:00
Odisha,Gajapati,Parlakhemundi,Other,Fruits,5.0,2500,4000,4000,03 Jul 2022,2022-07-03 00:00:00
Odisha,Gajapati,Parlakhemundi,Other,Fruits,4.0,2500,3000,3000,04 Jul 2022,2022-07-04 00:00:00
Odisha,Angul,Talcher,Champa,Fruits,2.8,4000,6000,5000,08 Jul 2022,2022-07-08 00:00:00
Odisha,Gajapati,Parlakhemundi,Other,Fruits,5.0,2500,4000,4000,11 Jul 2022,2022-07-11 00:00:00
Odisha,Gajapati,Kasinagar,Banana - Ripe,Fruits,5.0,1500,2000,2000,14 Jul 2022,2022-07-14 00:00:00
Odisha,Gajapati,Parlakhemundi,Other,Fruits,3.0,2500,3000,3000,18 Jul 2022,2022-07-18 00:00:00
Odisha,Gajapati,Parlakhemundi,Other,Fruits,5.0,1500,2000,2000,31 Jul 2022,2022-07-31 00:00:00
Odisha,Gajapati,Parlakhemundi,Other,Fruits,3.0,2500,4000,4000,01 Aug 2022,2022-08-01 00:00:00
Odisha,Gajapati,Parlakhemundi,Other,Fruits,5.0,1500,2000,2000,29 Aug 2022,2022-08-29 00:00:00
Odisha,Gajapati,Kasinagar,Banana - Ripe,Fruits,5.0,1500,2000,2000,23 Sep 2022,2022-09-23 00:00:00
Odisha,Gajapati,Parlakhemundi,Other,Fruits,5.0,2500,3000,3000,24 Sep 2022,2022-09-24 00:00:00
Odisha,Gajapati,Parlakhemundi,Other,Fruits,4.0,2500,3000,3000,25 Sep 2022,2022-09-25 00:00:00
Odisha,Gajapati,Parlakhemundi,Other,Fruits,5.0,2500,3000,3000,30 Sep 2022,2022-09-30 00:00:00
Odisha,Gajapati,Parlakhemundi,Other,Fruits,5.0,2500,3000,3000,07 Oct 2022,2022-10-07 00:00:00
Odisha,Gajapati,Parlakhemundi,Other,Fruits,3.0,2500,3000,3000,08 Oct 2022,2022-10-08 00:00:00
Odisha,Gajapati,Parlakhemundi,Other,Fruits,5.0,2500,3000,3000,16 Oct 2022,2022-10-16 00:00:00
Odisha,Gajapati,Parlakhemundi,Other,Fruits,4.0,2500,3000,3000,17 Oct 2022,2022-10-17 00:00:00
Odisha,Gajapati,Kasinagar,Banana - Ripe,Fruits,5.0,1500,2000,2000,20 Oct 2022,2022-10-20 00:00:00
Odisha,Gajapati,Parlakhemundi,Other,Fruits,5.0,2500,3000,3000,23 Oct 2022,2022-10-23 00:00:00
Odisha,Gajapati,Parlakhemundi,Other,Fruits,4.0,2500,3000,3000,24 Oct 2022,2022-10-24 00:00:00
Odisha,Gajapati,Parlakhemundi,Other,Fruits,5.0,2500,3000,3000,28 Oct 2022,2022-10-28 00:00:00
Odisha,Gajapati,Parlakhemundi,Other,Fruits,4.0,2500,3000,3000,29 Oct 2022,2022-10-29 00:00:00
Odisha,Gajapati,Parlakhemundi,Other,Fruits,5.0,2500,3000,3000,31 Oct 2022,2022-10-31 00:00:00
Himachal Pradesh,Solan,Solan,Other,Fruits,1.5,1700,2700,2100,01 Sep 2021,2021-09-01 00:00:00
Himachal Pradesh,Mandi,Mandi(Mandi),Banana - Ripe,Fruits,0.8,4500,5800,5500,01 Sep 2021,2021-09-01 00:00:00
Himachal Pradesh,Mandi,Dhanotu (Mandi),Other,Fruits,2.5,1800,2200,2000,01 Sep 2021,2021-09-01 00:00:00
Himachal Pradesh,Kangra,Kangra,Other,Fruits,1.4,3000,3500,3250,02 Sep 2021,2021-09-02 00:00:00
Himachal Pradesh,Mandi,Dhanotu (Mandi),Other,Fruits,2.8,2000,2500,2250,02 Sep 2021,2021-09-02 00:00:00
Himachal Pradesh,Hamirpur,Hamirpur,Other,Fruits,2.2,2600,2700,2650,02 Sep 2021,2021-09-02 00:00:00
Himachal Pradesh,Sirmore,Paonta Sahib,Other,Fruits,0.5,2200,2800,2500,02 Sep 2021,2021-09-02 00:00:00
Himachal Pradesh,Mandi,Mandi(Mandi),Banana - Ripe,Fruits,3.9,2500,2900,2500,02 Sep 2021,2021-09-02 00:00:00
Himachal Pradesh,Kullu,Kullu,Other,Fruits,0.8,3200,3400,3300,02 Sep 2021,2021-09-02 00:00:00
Himachal Pradesh,Sirmore,Nahan,Other,Fruits,0.5,2200,2500,2400,02 Sep 2021,2021-09-02 00:00:00
Himachal Pradesh,Chamba,Chamba,Other,Fruits,2.4,3300,3500,3400,02 Sep 2021,2021-09-02 00:00:00
Himachal Pradesh,Mandi,Dhanotu (Mandi),Other,Fruits,3.1,2100,2500,2300,03 Sep 2021,2021-09-03 00:00:00
Himachal Pradesh,Kangra,Kangra(Jaisinghpur),Banana - Ripe,Fruits,0.2,6000,6500,6250,03 Sep 2021,2021-09-03 00:00:00
Himachal Pradesh,Mandi,Mandi(Mandi),Banana - Ripe,Fruits,5.2,2000,2800,2500,03 Sep 2021,2021-09-03 00:00:00
Himachal Pradesh,Sirmore,Nahan,Other,Fruits,0.25,2200,2500,2400,03 Sep 2021,2021-09-03 00:00:00
Himachal Pradesh,Sirmore,Paonta Sahib,Other,Fruits,0.45,2200,2600,2400,03 Sep 2021,2021-09-03 00:00:00
Himachal Pradesh,Chamba,Chamba,Other,Fruits,0.5,3300,3500,3400,03 Sep 2021,2021-09-03 00:00:00
Himachal Pradesh,Chamba,Chamba,Other,Fruits,2.2,3300,3500,3400,04 Sep 2021,2021-09-04 00:00:00
Himachal Pradesh,Mandi,Dhanotu (Mandi),Other,Fruits,2.4,2100,2500,2300,04 Sep 2021,2021-09-04 00:00:00
Himachal Pradesh,Mandi,Mandi(Mandi),Banana - Ripe,Fruits,4.9,1900,2300,2000,04 Sep 2021,2021-09-04 00:00:00
Himachal Pradesh,Hamirpur,Hamirpur,Other,Fruits,1.68,2650,2750,2700,04 Sep 2021,2021-09-04 00:00:00
Himachal Pradesh,Kangra,Kangra(Jassour),Other,Fruits,3.0,2700,2900,2800,04 Sep 2021,2021-09-04 00:00:00
Himachal Pradesh,Kullu,Kullu,Other,Fruits,1.0,2800,3000,2900,05 Sep 2021,2021-09-05 00:00:00
Himachal Pradesh,Solan,Solan,Other,Fruits,1.2,1700,2700,2100,05 Sep 2021,2021-09-05 00:00:00
Himachal Pradesh,Kangra,Kangra(Jaisinghpur),Banana - Ripe,Fruits,0.3,6000,6500,6250,06 Sep 2021,2021-09-06 00:00:00
Himachal Pradesh,Hamirpur,Hamirpur(Nadaun),Other,Fruits,2.0,2600,2700,2650,06 Sep 2021,2021-09-06 00:00:00
Himachal Pradesh,Mandi,Mandi(Mandi),Banana - Ripe,Fruits,4.7,2000,2300,2200,06 Sep 2021,2021-09-06 00:00:00
Himachal Pradesh,Kangra,Kangra(Jassour),Other,Fruits,2.7,2700,2900,2800,06 Sep 2021,2021-09-06 00:00:00
Himachal Pradesh,Kullu,Kullu,Other,Fruits,1.5,3100,3300,3200,06 Sep 2021,2021-09-06 00:00:00
Himachal Pradesh,Mandi,Dhanotu (Mandi),Other,Fruits,3.8,2000,2500,2250,06 Sep 2021,2021-09-06 00:00:00
Himachal Pradesh,Kullu,Bhuntar,Other,Fruits,1.6,2550,2610,2580,06 Sep 2021,2021-09-06 00:00:00
Himachal Pradesh,Kangra,Kangra,Other,Fruits,1.5,3000,3500,3250,06 Sep 2021,2021-09-06 00:00:00
Himachal Pradesh,Chamba,Chamba,Other,Fruits,2.7,3300,3500,3400,06 Sep 2021,2021-09-06 00:00:00
Himachal Pradesh,Solan,Solan,Other,Fruits,0.4,1700,2700,2100,07 Sep 2021,2021-09-07 00:00:00
Himachal Pradesh,Kullu,Bhuntar,Other,Fruits,2.5,2550,2580,2560,07 Sep 2021,2021-09-07 00:00:00
Himachal Pradesh,Hamirpur,Hamirpur,Other,Fruits,2.14,2600,2700,2650,07 Sep 2021,2021-09-07 00:00:00
Himachal Pradesh,Kangra,Kangra(Jassour),Other,Fruits,3.0,2700,2900,2800,07 Sep 2021,2021-09-07 00:00:00
Himachal Pradesh,Kangra,Kangra,Other,Fruits,1.4,3000,3500,3250,07 Sep 2021,2021-09-07 00:00:00
Himachal Pradesh,Kullu,Kullu,Other,Fruits,0.8,3000,3200,3100,07 Sep 2021,2021-09-07 00:00:00
Himachal Pradesh,Chamba,Chamba,Other,Fruits,1.8,3300,3500,3400,07 Sep 2021,2021-09-07 00:00:00
Himachal Pradesh,Kangra,Kangra(Jassour),Other,Fruits,2.7,2600,2800,2700,08 Sep 2021,2021-09-08 00:00:00
Himachal Pradesh,Kangra,Kangra(Baijnath),Banana - Ripe,Fruits,0.5,2700,3000,3000,08 Sep 2021,2021-09-08 00:00:00
Himachal Pradesh,Hamirpur,Hamirpur,Other,Fruits,2.0,2600,2700,2650,08 Sep 2021,2021-09-08 00:00:00
Himachal Pradesh,Kullu,Bhuntar,Other,Fruits,1.6,2550,2580,2560,08 Sep 2021,2021-09-08 00:00:00
Himachal Pradesh,Sirmore,Paonta Sahib,Other,Fruits,0.66,2500,3500,3000,08 Sep 2021,2021-09-08 00:00:00
Himachal Pradesh,Mandi,Mandi(Mandi),Banana - Ripe,Fruits,4.0,4000,5000,4500,08 Sep 2021,2021-09-08 00:00:00
Himachal Pradesh,Chamba,Chamba,Other,Fruits,0.5,3300,3500,3400,08 Sep 2021,2021-09-08 00:00:00
Himachal Pradesh,Kangra,Kangra,Other,Fruits,1.7,3000,3500,3250,08 Sep 2021,2021-09-08 00:00:00
Himachal Pradesh,Kullu,Kullu,Other,Fruits,1.0,3000,3200,3100,08 Sep 2021,2021-09-08 00:00:00
Himachal Pradesh,Mandi,Dhanotu (Mandi),Other,Fruits,2.8,2000,2500,2250,08 Sep 2021,2021-09-08 00:00:00
Himachal Pradesh,Sirmore,Nahan,Other,Fruits,0.3,2500,3000,2750,08 Sep 2021,2021-09-08 00:00:00
Himachal Pradesh,Solan,Solan,Other,Fruits,1.5,1700,2700,2100,08 Sep 2021,2021-09-08 00:00:00
Himachal Pradesh,Kangra,Kangra,Other,Fruits,1.3,3000,3500,3250,09 Sep 2021,2021-09-09 00:00:00
Himachal Pradesh,Kangra,Kangra(Jassour),Other,Fruits,0.3,2600,2800,2700,09 Sep 2021,2021-09-09 00:00:00
Himachal Pradesh,Kullu,Kullu,Other,Fruits,0.8,2800,3200,3000,09 Sep 2021,2021-09-09 00:00:00
Himachal Pradesh,Hamirpur,Hamirpur(Nadaun),Other,Fruits,1.8,2650,2750,2700,09 Sep 2021,2021-09-09 00:00:00
Himachal Pradesh,Hamirpur,Hamirpur,Other,Fruits,2.08,2600,2700,2650,09 Sep 2021,2021-09-09 00:00:00
Himachal Pradesh,Solan,Solan,Other,Fruits,1.7,1700,2700,2100,09 Sep 2021,2021-09-09 00:00:00
Himachal Pradesh,Mandi,Mandi(Mandi),Banana - Ripe,Fruits,4.2,2000,4600,4000,09 Sep 2021,2021-09-09 00:00:00
Himachal Pradesh,Kangra,Kangra(Jaisinghpur),Banana - Ripe,Fruits,0.1,6000,6500,6250,09 Sep 2021,2021-09-09 00:00:00
Himachal Pradesh,Sirmore,Paonta Sahib,Other,Fruits,0.95,2200,2500,2400,09 Sep 2021,2021-09-09 00:00:00
Himachal Pradesh,Kangra,Palampur,Banana - Ripe,Fruits,2.2,6000,6700,6350,09 Sep 2021,2021-09-09 00:00:00
Himachal Pradesh,Mandi,Dhanotu (Mandi),Other,Fruits,2.6,2100,2500,2300,09 Sep 2021,2021-09-09 00:00:00
Himachal Pradesh,Chamba,Chamba,Other,Fruits,2.3,3300,3500,3400,09 Sep 2021,2021-09-09 00:00:00
Himachal Pradesh,Kullu,Bhuntar,Other,Fruits,2.0,2550,2580,2570,10 Sep 2021,2021-09-10 00:00:00
Himachal Pradesh,Sirmore,Paonta Sahib,Other,Fruits,0.56,2200,2600,2400,10 Sep 2021,2021-09-10 00:00:00
Himachal Pradesh,Kangra,Kangra,Other,Fruits,1.4,3000,3500,3250,10 Sep 2021,2021-09-10 00:00:00
Himachal Pradesh,Kangra,Palampur,Banana - Ripe,Fruits,2.5,6000,6700,6350,10 Sep 2021,2021-09-10 00:00:00
Himachal Pradesh,Kullu,Kullu,Other,Fruits,1.5,3000,3300,3200,10 Sep 2021,2021-09-10 00:00:00
Himachal Pradesh,Hamirpur,Hamirpur(Nadaun),Other,Fruits,1.5,2600,2700,2650,10 Sep 2021,2021-09-10 00:00:00
Himachal Pradesh,Chamba,Chamba,Other,Fruits,2.6,3300,3500,3400,10 Sep 2021,2021-09-10 00:00:00
Himachal Pradesh,Sirmore,Nahan,Other,Fruits,0.4,2000,2600,2250,10 Sep 2021,2021-09-10 00:00:00
Himachal Pradesh,Mandi,Dhanotu (Mandi),Other,Fruits,2.8,2000,2500,2250,10 Sep 2021,2021-09-10 00:00:00
Himachal Pradesh,Mandi,Mandi(Mandi),Banana - Ripe,Fruits,6.0,4000,4600,4200,10 Sep 2021,2021-09-10 00:00:00
Himachal Pradesh,Kangra,Palampur,Banana - Ripe,Fruits,2.3,6000,6700,6350,11 Sep 2021,2021-09-11 00:00:00
Himachal Pradesh,Chamba,Chamba,Other,Fruits,2.3,3300,3500,3400,11 Sep 2021,2021-09-11 00:00:00
Himachal Pradesh,Kangra,Kangra(Baijnath),Banana - Ripe,Fruits,0.4,2700,3000,3000,11 Sep 2021,2021-09-11 00:00:00
Himachal Pradesh,Mandi,Mandi(Mandi),Banana - Ripe,Fruits,4.1,2000,4600,3000,11 Sep 2021,2021-09-11 00:00:00
Himachal Pradesh,Solan,Solan,Other,Fruits,0.8,1700,2700,2100,12 Sep 2021,2021-09-12 00:00:00
Himachal Pradesh,Kullu,Kullu,Other,Fruits,0.7,2800,3200,3100,12 Sep 2021,2021-09-12 00:00:00
Himachal Pradesh,Kangra,Kangra,Other,Fruits,1.6,2800,3000,2900,13 Sep 2021,2021-09-13 00:00:00
Himachal Pradesh,Mandi,Mandi(Mandi),Banana - Ripe,Fruits,7.4,2000,2700,2500,13 Sep 2021,2021-09-13 00:00:00
Himachal Pradesh,Hamirpur,Hamirpur,Other,Fruits,2.14,2650,2750,2700,13 Sep 2021,2021-09-13 00:00:00
Himachal Pradesh,Mandi,Dhanotu (Mandi),Other,Fruits,2.4,1900,2300,2100,13 Sep 2021,2021-09-13 00:00:00
Himachal Pradesh,Kullu,Kullu,Other,Fruits,0.8,3000,3300,3100,13 Sep 2021,2021-09-13 00:00:00
Himachal Pradesh,Kangra,Kangra(Jaisinghpur),Banana - Ripe,Fruits,0.3,6000,6200,6100,13 Sep 2021,2021-09-13 00:00:00
Himachal Pradesh,Kullu,Bhuntar,Other,Fruits,1.6,2550,2580,2570,13 Sep 2021,2021-09-13 00:00:00
Himachal Pradesh,Kangra,Palampur,Banana - Ripe,Fruits,2.5,6000,6000,6000,13 Sep 2021,2021-09-13 00:00:00
Himachal Pradesh,Kangra,Kangra(Jassour),Other,Fruits,2.5,2800,3000,2900,13 Sep 2021,2021-09-13 00:00:00
Himachal Pradesh,Solan,Solan,Other,Fruits,2.7,1700,2700,2100,13 Sep 2021,2021-09-13 00:00:00
Himachal Pradesh,Hamirpur,Hamirpur(Nadaun),Other,Fruits,1.6,2600,2700,2650,13 Sep 2021,2021-09-13 00:00:00
Himachal Pradesh,Kullu,Bhuntar,Other,Fruits,2.5,2550,2580,2560,14 Sep 2021,2021-09-14 00:00:00
Himachal Pradesh,Mandi,Mandi(Mandi),Banana - Ripe,Fruits,3.2,2000,2700,2500,14 Sep 2021,2021-09-14 00:00:00
Himachal Pradesh,Chamba,Chamba,Other,Fruits,2.4,3300,3500,3400,14 Sep 2021,2021-09-14 00:00:00
Himachal Pradesh,Kullu,Kullu,Other,Fruits,1.2,3000,3300,3200,14 Sep 2021,2021-09-14 00:00:00
Himachal Pradesh,Solan,Solan,Other,Fruits,0.5,1700,2700,2100,14 Sep 2021,2021-09-14 00:00:00
Himachal Pradesh,Mandi,Dhanotu (Mandi),Other,Fruits,2.2,1800,2400,2100,14 Sep 2021,2021-09-14 00:00:00
Himachal Pradesh,Hamirpur,Hamirpur,Other,Fruits,2.1,2600,2700,2650,14 Sep 2021,2021-09-14 00:00:00
Himachal Pradesh,Kangra,Kangra(Jaisinghpur),Banana - Ripe,Fruits,0.1,6000,6200,6100,14 Sep 2021,2021-09-14 00:00:00
Himachal Pradesh,Hamirpur,Hamirpur(Nadaun),Other,Fruits,1.9,2600,2700,2650,14 Sep 2021,2021-09-14 00:00:00
Himachal Pradesh,Kangra,Kangra(Jassour),Other,Fruits,2.4,2700,2900,2800,15 Sep 2021,2021-09-15 00:00:00
Himachal Pradesh,Solan,Solan,Other,Fruits,1.6,1700,2700,2100,15 Sep 2021,2021-09-15 00:00:00
Himachal Pradesh,Kangra,Kangra(Jaisinghpur),Banana - Ripe,Fruits,0.3,6000,6200,6100,15 Sep 2021,2021-09-15 00:00:00
Himachal Pradesh,Mandi,Dhanotu (Mandi),Other,Fruits,2.6,1900,2300,2100,15 Sep 2021,2021-09-15 00:00:00
Himachal Pradesh,Kullu,Kullu,Other,Fruits,1.0,3000,3200,3100,15 Sep 2021,2021-09-15 00:00:00
Himachal Pradesh,Mandi,Mandi(Mandi),Banana - Ripe,Fruits,4.7,1700,2300,2200,15 Sep 2021,2021-09-15 00:00:00
Himachal Pradesh,Kangra,Palampur,Banana - Ripe,Fruits,2.2,6000,6000,6000,15 Sep 2021,2021-09-15 00:00:00
Himachal Pradesh,Hamirpur,Hamirpur,Other,Fruits,2.22,2600,2700,2650,15 Sep 2021,2021-09-15 00:00:00
Himachal Pradesh,Hamirpur,Hamirpur(Nadaun),Other,Fruits,1.92,2600,2700,2650,15 Sep 2021,2021-09-15 00:00:00
Himachal Pradesh,Chamba,Chamba,Other,Fruits,2.0,3300,3500,3400,15 Sep 2021,2021-09-15 00:00:00
Himachal Pradesh,Kullu,Kullu,Other,Fruits,0.6,3300,3500,3400,16 Sep 2021,2021-09-16 00:00:00
Himachal Pradesh,Mandi,Dhanotu (Mandi),Other,Fruits,3.2,2000,2500,2250,16 Sep 2021,2021-09-16 00:00:00
Himachal Pradesh,Hamirpur,Hamirpur,Other,Fruits,2.08,2600,2700,2650,16 Sep 2021,2021-09-16 00:00:00
Himachal Pradesh,Kangra,Kangra(Jassour),Other,Fruits,0.3,2700,2900,2800,16 Sep 2021,2021-09-16 00:00:00
Himachal Pradesh,Kullu,Bhuntar,Other,Fruits,1.6,2520,2580,2550,16 Sep 2021,2021-09-16 00:00:00
Himachal Pradesh,Mandi,Mandi(Mandi),Banana - Ripe,Fruits,4.1,2000,2250,2200,16 Sep 2021,2021-09-16 00:00:00
Himachal Pradesh,Chamba,Chamba,Other,Fruits,3.0,3300,3500,3400,16 Sep 2021,2021-09-16 00:00:00
Himachal Pradesh,Sirmore,Paonta Sahib,Other,Fruits,0.65,2500,3000,2750,17 Sep 2021,2021-09-17 00:00:00
Himachal Pradesh,Kangra,Palampur,Banana - Ripe,Fruits,2.0,6000,6000,6000,17 Sep 2021,2021-09-17 00:00:00
Himachal Pradesh,Mandi,Mandi(Mandi),Banana - Ripe,Fruits,4.2,2000,2300,2200,17 Sep 2021,2021-09-17 00:00:00
Himachal Pradesh,Sirmore,Nahan,Other,Fruits,0.45,2200,2600,2400,17 Sep 2021,2021-09-17 00:00:00
Himachal Pradesh,Kullu,Kullu,Other,Fruits,0.5,3000,3200,3100,17 Sep 2021,2021-09-17 00:00:00
Himachal Pradesh,Kangra,Kangra(Jaisinghpur),Banana - Ripe,Fruits,0.4,6000,6200,6100,17 Sep 2021,2021-09-17 00:00:00
Himachal Pradesh,Mandi,Dhanotu (Mandi),Other,Fruits,2.3,2000,2300,2150,17 Sep 2021,2021-09-17 00:00:00
Himachal Pradesh,Kullu,Bhuntar,Other,Fruits,2.5,2550,2580,2570,17 Sep 2021,2021-09-17 00:00:00
Himachal Pradesh,Chamba,Chamba,Other,Fruits,3.2,3300,3500,3400,17 Sep 2021,2021-09-17 00:00:00
Himachal Pradesh,Kangra,Kangra,Other,Fruits,1.4,3200,3500,3350,17 Sep 2021,2021-09-17 00:00:00
Himachal Pradesh,Sirmore,Paonta Sahib,Other,Fruits,0.56,2500,3000,2700,18 Sep 2021,2021-09-18 00:00:00
Himachal Pradesh,Mandi,Dhanotu (Mandi),Other,Fruits,3.1,2300,2500,2400,18 Sep 2021,2021-09-18 00:00:00
Himachal Pradesh,Sirmore,Nahan,Other,Fruits,0.42,2200,2600,2400,18 Sep 2021,2021-09-18 00:00:00
Himachal Pradesh,Kangra,Kangra(Jassour),Other,Fruits,2.5,2700,2900,2800,18 Sep 2021,2021-09-18 00:00:00
Himachal Pradesh,Mandi,Mandi(Mandi),Banana - Ripe,Fruits,4.3,2000,2600,2500,18 Sep 2021,2021-09-18 00:00:00
Himachal Pradesh,Kangra,Kangra,Other,Fruits,1.5,3000,3500,3250,18 Sep 2021,2021-09-18 00:00:00
Himachal Pradesh,Chamba,Chamba,Other,Fruits,2.0,3300,3500,3400,18 Sep 2021,2021-09-18 00:00:00
Himachal Pradesh,Kullu,Kullu,Other,Fruits,1.0,2900,3200,3000,19 Sep 2021,2021-09-19 00:00:00
Himachal Pradesh,Mandi,Mandi(Mandi),Banana - Ripe,Fruits,7.1,2000,2300,2200,20 Sep 2021,2021-09-20 00:00:00
Himachal Pradesh,Mandi,Dhanotu (Mandi),Other,Fruits,3.4,2400,2500,2450,20 Sep 2021,2021-09-20 00:00:00
Himachal Pradesh,Hamirpur,Hamirpur(Nadaun),Other,Fruits,1.9,2600,2700,2650,20 Sep 2021,2021-09-20 00:00:00
Himachal Pradesh,Kangra,Kangra,Other,Fruits,1.4,3000,3500,3250,20 Sep 2021,2021-09-20 00:00:00
Himachal Pradesh,Kullu,Kullu,Other,Fruits,1.2,3100,3400,3200,20 Sep 2021,2021-09-20 00:00:00
Himachal Pradesh,Hamirpur,Hamirpur,Other,Fruits,2.1,2600,2700,2650,20 Sep 2021,2021-09-20 00:00:00
Himachal Pradesh,Sirmore,Paonta Sahib,Other,Fruits,0.75,3000,3500,3500,20 Sep 2021,2021-09-20 00:00:00
Himachal Pradesh,Chamba,Chamba,Other,Fruits,2.4,3300,3500,3400,20 Sep 2021,2021-09-20 00:00:00
Himachal Pradesh,Kangra,Kangra(Baijnath),Banana - Ripe,Fruits,0.5,2500,3000,3000,20 Sep 2021,2021-09-20 00:00:00
Himachal Pradesh,Kangra,Kangra(Jassour),Other,Fruits,3.0,2800,2900,2850,20 Sep 2021,2021-09-20 00:00:00
Himachal Pradesh,Hamirpur,Hamirpur,Other,Fruits,1.78,2600,2700,2650,21 Sep 2021,2021-09-21 00:00:00
Himachal Pradesh,Mandi,Mandi(Mandi),Banana - Ripe,Fruits,3.5,2000,2400,2200,21 Sep 2021,2021-09-21 00:00:00
Himachal Pradesh,Sirmore,Paonta Sahib,Other,Fruits,1.41,2500,3500,3000,21 Sep 2021,2021-09-21 00:00:00
Himachal Pradesh,Mandi,Dhanotu (Mandi),Other,Fruits,3.5,2400,2500,2450,21 Sep 2021,2021-09-21 00:00:00
Himachal Pradesh,Sirmore,Nahan,Other,Fruits,0.52,2200,2600,2400,21 Sep 2021,2021-09-21 00:00:00
Himachal Pradesh,Kullu,Bhuntar,Other,Fruits,1.6,2520,2580,2550,21 Sep 2021,2021-09-21 00:00:00
Himachal Pradesh,Kangra,Kangra,Other,Fruits,1.2,3000,3500,3250,21 Sep 2021,2021-09-21 00:00:00
Himachal Pradesh,Chamba,Chamba,Other,Fruits,2.3,2800,3000,2900,21 Sep 2021,2021-09-21 00:00:00
Himachal Pradesh,Kullu,Kullu,Other,Fruits,1.0,3000,3300,3100,21 Sep 2021,2021-09-21 00:00:00
Himachal Pradesh,Kangra,Kangra(Baijnath),Banana - Ripe,Fruits,0.3,2500,3000,3000,21 Sep 2021,2021-09-21 00:00:00
Himachal Pradesh,Kangra,Kangra(Jassour),Other,Fruits,2.5,2500,2800,2650,21 Sep 2021,2021-09-21 00:00:00
Himachal Pradesh,Kangra,Palampur,Banana - Ripe,Fruits,2.2,6000,6000,6000,21 Sep 2021,2021-09-21 00:00:00
Himachal Pradesh,Kangra,Kangra,Other,Fruits,1.5,2800,3000,2900,22 Sep 2021,2021-09-22 00:00:00
Himachal Pradesh,Kangra,Kangra(Jassour),Other,Fruits,2.6,2600,2800,2700,22 Sep 2021,2021-09-22 00:00:00
Himachal Pradesh,Kullu,Kullu,Other,Fruits,0.9,2800,3000,2900,22 Sep 2021,2021-09-22 00:00:00
Himachal Pradesh,Chamba,Chamba,Other,Fruits,3.5,3000,3200,3100,22 Sep 2021,2021-09-22 00:00:00
Himachal Pradesh,Hamirpur,Hamirpur(Nadaun),Other,Fruits,1.3,2600,2650,2650,22 Sep 2021,2021-09-22 00:00:00
Himachal Pradesh,Sirmore,Nahan,Other,Fruits,0.41,2200,2600,2400,22 Sep 2021,2021-09-22 00:00:00
Himachal Pradesh,Mandi,Mandi(Mandi),Banana - Ripe,Fruits,4.38,4000,4800,4500,22 Sep 2021,2021-09-22 00:00:00
Himachal Pradesh,Hamirpur,Hamirpur,Other,Fruits,1.82,2600,2650,2650,22 Sep 2021,2021-09-22 00:00:00
Himachal Pradesh,Kangra,Palampur,Banana - Ripe,Fruits,2.0,5500,6000,5750,22 Sep 2021,2021-09-22 00:00:00
Himachal Pradesh,Kangra,Kangra(Baijnath),Banana - Ripe,Fruits,0.4,2500,3000,3000,23 Sep 2021,2021-09-23 00:00:00
Himachal Pradesh,Mandi,Mandi(Mandi),Banana - Ripe,Fruits,4.6,2000,2300,2200,23 Sep 2021,2021-09-23 00:00:00
Himachal Pradesh,Kangra,Kangra(Jassour),Other,Fruits,0.2,2600,2800,2700,23 Sep 2021,2021-09-23 00:00:00
Himachal Pradesh,Kangra,Palampur,Banana - Ripe,Fruits,2.2,5500,6000,5750,23 Sep 2021,2021-09-23 00:00:00
Himachal Pradesh,Kullu,Bhuntar,Other,Fruits,3.3,2580,2610,2595,23 Sep 2021,2021-09-23 00:00:00
Himachal Pradesh,Sirmore,Nahan,Other,Fruits,0.6,2000,3000,2500,23 Sep 2021,2021-09-23 00:00:00
Himachal Pradesh,Kangra,Kangra,Other,Fruits,1.2,2800,3000,2900,23 Sep 2021,2021-09-23 00:00:00
Himachal Pradesh,Kangra,Palampur,Banana - Ripe,Fruits,2.0,3200,3500,3350,24 Sep 2021,2021-09-24 00:00:00
Himachal Pradesh,Chamba,Chamba,Other,Fruits,2.4,3000,3200,3100,24 Sep 2021,2021-09-24 00:00:00
Himachal Pradesh,Mandi,Dhanotu (Mandi),Other,Fruits,3.8,2200,2500,2350,24 Sep 2021,2021-09-24 00:00:00
Himachal Pradesh,Hamirpur,Hamirpur,Other,Fruits,1.8,2500,2800,2700,24 Sep 2021,2021-09-24 00:00:00
Himachal Pradesh,Hamirpur,Hamirpur(Nadaun),Other,Fruits,1.5,2400,2600,2500,24 Sep 2021,2021-09-24 00:00:00
Himachal Pradesh,Mandi,Mandi(Mandi),Banana - Ripe,Fruits,4.2,2000,2300,2200,24 Sep 2021,2021-09-24 00:00:00
Himachal Pradesh,Kangra,Kangra(Jassour),Other,Fruits,3.0,2600,2800,2700,24 Sep 2021,2021-09-24 00:00:00
Himachal Pradesh,Kullu,Kullu,Other,Fruits,1.1,2700,3000,2800,24 Sep 2021,2021-09-24 00:00:00
Himachal Pradesh,Kullu,Bhuntar,Other,Fruits,1.6,2520,2580,2550,24 Sep 2021,2021-09-24 00:00:00
Himachal Pradesh,Sirmore,Paonta Sahib,Other,Fruits,0.65,3000,4000,3500,25 Sep 2021,2021-09-25 00:00:00
Himachal Pradesh,Mandi,Dhanotu (Mandi),Other,Fruits,3.6,2200,2500,2350,25 Sep 2021,2021-09-25 00:00:00
Himachal Pradesh,Hamirpur,Hamirpur(Nadaun),Other,Fruits,1.7,2600,2700,2650,25 Sep 2021,2021-09-25 00:00:00
Himachal Pradesh,Sirmore,Nahan,Other,Fruits,0.41,2200,2600,2500,25 Sep 2021,2021-09-25 00:00:00
Himachal Pradesh,Chamba,Chamba,Other,Fruits,0.6,3000,3500,3250,25 Sep 2021,2021-09-25 00:00:00
Himachal Pradesh,Kangra,Kangra,Other,Fruits,1.6,3000,3500,3250,25 Sep 2021,2021-09-25 00:00:00
Himachal Pradesh,Mandi,Mandi(Mandi),Banana - Ripe,Fruits,5.0,1200,2300,2000,25 Sep 2021,2021-09-25 00:00:00
Himachal Pradesh,Hamirpur,Hamirpur,Other,Fruits,1.9,2600,2700,2650,25 Sep 2021,2021-09-25 00:00:00
Himachal Pradesh,Kullu,Bhuntar,Other,Fruits,3.3,2550,2580,2565,26 Sep 2021,2021-09-26 00:00:00
Himachal Pradesh,Mandi,Mandi(Mandi),Banana - Ripe,Fruits,7.35,1700,4600,3000,27 Sep 2021,2021-09-27 00:00:00
Himachal Pradesh,Kullu,Bhuntar,Other,Fruits,2.5,2520,2580,2550,27 Sep 2021,2021-09-27 00:00:00
Himachal Pradesh,Chamba,Chamba,Other,Fruits,2.6,3000,3200,3100,27 Sep 2021,2021-09-27 00:00:00
Himachal Pradesh,Hamirpur,Hamirpur(Nadaun),Other,Fruits,1.6,2600,2700,2650,27 Sep 2021,2021-09-27 00:00:00
Himachal Pradesh,Kangra,Kangra(Baijnath),Banana - Ripe,Fruits,0.5,2500,3000,3000,27 Sep 2021,2021-09-27 00:00:00
Himachal Pradesh,Kangra,Kangra(Jassour),Other,Fruits,2.8,2600,2800,2700,27 Sep 2021,2021-09-27 00:00:00
Himachal Pradesh,Hamirpur,Hamirpur,Other,Fruits,2.1,2600,2700,2650,27 Sep 2021,2021-09-27 00:00:00
Himachal Pradesh,Mandi,Dhanotu (Mandi),Other,Fruits,4.0,2200,2500,2350,27 Sep 2021,2021-09-27 00:00:00
Himachal Pradesh,Sirmore,Paonta Sahib,Other,Fruits,0.41,3000,4000,3500,27 Sep 2021,2021-09-27 00:00:00
Himachal Pradesh,Kangra,Kangra(Nagrota Bagwan),Amruthapani,Fruits,0.3,3000,3200,3100,28 Sep 2021,2021-09-28 00:00:00
Himachal Pradesh,Kullu,Kullu,Other,Fruits,1.5,2700,3000,2800,28 Sep 2021,2021-09-28 00:00:00
Himachal Pradesh,Kullu,Bhuntar,Other,Fruits,3.3,2550,2580,2565,28 Sep 2021,2021-09-28 00:00:00
Himachal Pradesh,Chamba,Chamba,Other,Fruits,2.0,3000,3200,3100,28 Sep 2021,2021-09-28 00:00:00
Himachal Pradesh,Kangra,Kangra,Other,Fruits,1.5,3000,3500,3250,28 Sep 2021,2021-09-28 00:00:00
Himachal Pradesh,Mandi,Dhanotu (Mandi),Other,Fruits,3.2,2000,2500,2250,28 Sep 2021,2021-09-28 00:00:00
Himachal Pradesh,Sirmore,Nahan,Other,Fruits,0.45,2000,2600,2400,28 Sep 2021,2021-09-28 00:00:00
Himachal Pradesh,Hamirpur,Hamirpur(Nadaun),Other,Fruits,1.3,2600,2700,2650,28 Sep 2021,2021-09-28 00:00:00
Himachal Pradesh,Mandi,Mandi(Mandi),Banana - Ripe,Fruits,3.7,1700,4600,3500,28 Sep 2021,2021-09-28 00:00:00
Himachal Pradesh,Hamirpur,Hamirpur,Other,Fruits,1.96,2600,2700,2650,28 Sep 2021,2021-09-28 00:00:00
Himachal Pradesh,Kangra,Kangra(Jaisinghpur),Banana - Ripe,Fruits,0.3,3300,3500,3400,28 Sep 2021,2021-09-28 00:00:00
Himachal Pradesh,Kangra,Kangra(Jassour),Other,Fruits,2.7,2600,2800,2700,28 Sep 2021,2021-09-28 00:00:00
Himachal Pradesh,Sirmore,Paonta Sahib,Other,Fruits,0.65,2500,3500,3000,28 Sep 2021,2021-09-28 00:00:00
Himachal Pradesh,Kangra,Kangra(Jassour),Other,Fruits,2.8,2600,2800,2700,29 Sep 2021,2021-09-29 00:00:00
Himachal Pradesh,Kullu,Bhuntar,Other,Fruits,4.1,2580,2640,2610,29 Sep 2021,2021-09-29 00:00:00
Himachal Pradesh,Mandi,Dhanotu (Mandi),Other,Fruits,4.4,2000,2500,2250,29 Sep 2021,2021-09-29 00:00:00
Himachal Pradesh,Kangra,Kangra(Baijnath),Banana - Ripe,Fruits,0.4,2700,3000,3000,29 Sep 2021,2021-09-29 00:00:00
Himachal Pradesh,Kullu,Kullu,Other,Fruits,1.0,2800,3000,2900,29 Sep 2021,2021-09-29 00:00:00
Himachal Pradesh,Kangra,Palampur,Banana - Ripe,Fruits,2.2,3200,3500,3350,29 Sep 2021,2021-09-29 00:00:00
Himachal Pradesh,Hamirpur,Hamirpur(Nadaun),Other,Fruits,1.6,2600,2700,2650,29 Sep 2021,2021-09-29 00:00:00
Himachal Pradesh,Sirmore,Nahan,Other,Fruits,0.42,2200,2500,2400,29 Sep 2021,2021-09-29 00:00:00
Himachal Pradesh,Mandi,Mandi(Mandi),Banana - Ripe,Fruits,4.67,1500,4800,3500,29 Sep 2021,2021-09-29 00:00:00
Himachal Pradesh,Hamirpur,Hamirpur,Other,Fruits,1.82,2600,2700,2650,29 Sep 2021,2021-09-29 00:00:00
Himachal Pradesh,Sirmore,Paonta Sahib,Other,Fruits,0.85,2500,3200,3000,29 Sep 2021,2021-09-29 00:00:00
Himachal Pradesh,Chamba,Chamba,Other,Fruits,2.5,3000,3200,3100,29 Sep 2021,2021-09-29 00:00:00
Himachal Pradesh,Kangra,Kangra(Jaisinghpur),Banana - Ripe,Fruits,0.2,3300,3500,3400,30 Sep 2021,2021-09-30 00:00:00
Himachal Pradesh,Kangra,Palampur,Banana - Ripe,Fruits,2.0,3200,3500,3350,30 Sep 2021,2021-09-30 00:00:00
Himachal Pradesh,Mandi,Dhanotu (Mandi),Other,Fruits,4.2,2200,2500,2350,30 Sep 2021,2021-09-30 00:00:00
Himachal Pradesh,Sirmore,Nahan,Other,Fruits,0.4,2000,2500,2250,30 Sep 2021,2021-09-30 00:00:00
Himachal Pradesh,Mandi,Mandi(Mandi),Banana - Ripe,Fruits,3.96,1000,4700,3000,30 Sep 2021,2021-09-30 00:00:00
Himachal Pradesh,Kangra,Kangra,Other,Fruits,0.9,3000,3500,3250,30 Sep 2021,2021-09-30 00:00:00
Himachal Pradesh,Kullu,Kullu,Other,Fruits,1.1,2800,3200,2900,30 Sep 2021,2021-09-30 00:00:00
Himachal Pradesh,Kangra,Kangra(Baijnath),Banana - Ripe,Fruits,0.5,2700,3000,3000,30 Sep 2021,2021-09-30 00:00:00
Himachal Pradesh,Kangra,Kangra(Jassour),Other,Fruits,0.3,2600,2800,2700,30 Sep 2021,2021-09-30 00:00:00
Himachal Pradesh,Chamba,Chamba,Other,Fruits,1.0,3000,3200,3100,30 Sep 2021,2021-09-30 00:00:00
Himachal Pradesh,Kullu,Bhuntar,Other,Fruits,3.3,2520,2580,2540,30 Sep 2021,2021-09-30 00:00:00
Himachal Pradesh,Hamirpur,Hamirpur,Other,Fruits,1.68,2600,2700,2650,01 Oct 2021,2021-10-01 00:00:00
Himachal Pradesh,Hamirpur,Hamirpur(Nadaun),Other,Fruits,1.4,2600,2700,2650,02 Oct 2021,2021-10-02 00:00:00
Himachal Pradesh,Hamirpur,Hamirpur,Other,Fruits,1.76,2600,2700,2650,02 Oct 2021,2021-10-02 00:00:00
Himachal Pradesh,Kangra,Kangra(Nagrota Bagwan),Amruthapani,Fruits,0.3,3000,3200,3100,04 Oct 2021,2021-10-04 00:00:00
Himachal Pradesh,Hamirpur,Hamirpur(Nadaun),Other,Fruits,1.9,2600,2700,2650,04 Oct 2021,2021-10-04 00:00:00
Himachal Pradesh,Kangra,Kangra,Other,Fruits,1.5,3000,3500,3250,04 Oct 2021,2021-10-04 00:00:00
Himachal Pradesh,Chamba,Chamba,Other,Fruits,2.0,3000,3200,3100,05 Oct 2021,2021-10-05 00:00:00
Himachal Pradesh,Hamirpur,Hamirpur(Nadaun),Other,Fruits,1.3,2600,2700,2650,05 Oct 2021,2021-10-05 00:00:00
Himachal Pradesh,Kangra,Kangra(Nagrota Bagwan),Amruthapani,Fruits,0.2,3000,3200,3100,05 Oct 2021,2021-10-05 00:00:00
Himachal Pradesh,Kangra,Kangra(Jassour),Other,Fruits,2.8,2700,2900,2800,05 Oct 2021,2021-10-05 00:00:00
Himachal Pradesh,Kullu,Kullu,Other,Fruits,1.0,3100,3300,3200,05 Oct 2021,2021-10-05 00:00:00
Himachal Pradesh,Hamirpur,Hamirpur,Other,Fruits,2.25,2600,2700,2650,05 Oct 2021,2021-10-05 00:00:00
Himachal Pradesh,Kullu,Bhuntar,Other,Fruits,2.0,2550,2580,2565,05 Oct 2021,2021-10-05 00:00:00
Himachal Pradesh,Kangra,Kangra,Other,Fruits,1.4,3000,3500,3250,05 Oct 2021,2021-10-05 00:00:00
Himachal Pradesh,Kullu,Bhuntar,Other,Fruits,1.6,2550,2580,2565,06 Oct 2021,2021-10-06 00:00:00
Himachal Pradesh,Chamba,Chamba,Other,Fruits,2.4,3000,3200,3100,06 Oct 2021,2021-10-06 00:00:00
Himachal Pradesh,Sirmore,Paonta Sahib,Other,Fruits,0.45,2500,4000,3500,06 Oct 2021,2021-10-06 00:00:00
Himachal Pradesh,Kangra,Kangra,Other,Fruits,1.3,3000,3200,3100,06 Oct 2021,2021-10-06 00:00:00
Himachal Pradesh,Kangra,Kangra(Jassour),Other,Fruits,2.9,2600,2800,2700,06 Oct 2021,2021-10-06 00:00:00
Himachal Pradesh,Sirmore,Nahan,Other,Fruits,0.42,3500,5000,4500,06 Oct 2021,2021-10-06 00:00:00
Himachal Pradesh,Hamirpur,Hamirpur,Other,Fruits,1.7,2600,2700,2650,06 Oct 2021,2021-10-06 00:00:00
Himachal Pradesh,Kullu,Kullu,Other,Fruits,1.3,3100,3300,3200,06 Oct 2021,2021-10-06 00:00:00
Himachal Pradesh,Mandi,Dhanotu (Mandi),Other,Fruits,4.5,2000,2500,2250,06 Oct 2021,2021-10-06 00:00:00
Himachal Pradesh,Hamirpur,Hamirpur(Nadaun),Other,Fruits,1.4,2600,2700,2650,06 Oct 2021,2021-10-06 00:00:00
Himachal Pradesh,Mandi,Mandi(Mandi),Banana - Ripe,Fruits,6.3,2000,2400,2200,07 Oct 2021,2021-10-07 00:00:00
Himachal Pradesh,Kangra,Kangra(Jassour),Other,Fruits,1.8,2700,2900,2800,07 Oct 2021,2021-10-07 00:00:00
Himachal Pradesh,Kullu,Bhuntar,Other,Fruits,2.5,2550,2580,2565,07 Oct 2021,2021-10-07 00:00:00
Himachal Pradesh,Hamirpur,Hamirpur,Other,Fruits,1.71,2600,2700,2650,07 Oct 2021,2021-10-07 00:00:00
Himachal Pradesh,Hamirpur,Hamirpur(Nadaun),Other,Fruits,1.3,2600,2700,2650,07 Oct 2021,2021-10-07 00:00:00
Himachal Pradesh,Mandi,Dhanotu (Mandi),Other,Fruits,5.0,2000,2500,2250,07 Oct 2021,2021-10-07 00:00:00
Himachal Pradesh,Sirmore,Paonta Sahib,Other,Fruits,0.82,2800,4000,3500,07 Oct 2021,2021-10-07 00:00:00
Himachal Pradesh,Sirmore,Nahan,Other,Fruits,0.35,2200,3000,2500,07 Oct 2021,2021-10-07 00:00:00
Himachal Pradesh,Chamba,Chamba,Other,Fruits,2.2,3000,3200,3100,07 Oct 2021,2021-10-07 00:00:00
Himachal Pradesh,Kangra,Kangra(Jassour),Other,Fruits,2.0,2700,2900,2800,08 Oct 2021,2021-10-08 00:00:00
Himachal Pradesh,Mandi,Dhanotu (Mandi),Other,Fruits,5.5,2000,2400,2200,08 Oct 2021,2021-10-08 00:00:00
Himachal Pradesh,Kangra,Kangra,Other,Fruits,1.6,3000,3200,3100,08 Oct 2021,2021-10-08 00:00:00
Himachal Pradesh,Chamba,Chamba,Other,Fruits,3.5,3000,3200,3100,08 Oct 2021,2021-10-08 00:00:00
Himachal Pradesh,Sirmore,Paonta Sahib,Other,Fruits,0.47,3000,4000,3500,08 Oct 2021,2021-10-08 00:00:00
Himachal Pradesh,Kullu,Bhuntar,Other,Fruits,5.0,2520,2580,2550,08 Oct 2021,2021-10-08 00:00:00
Himachal Pradesh,Sirmore,Nahan,Other,Fruits,0.45,2200,2600,2400,08 Oct 2021,2021-10-08 00:00:00
Himachal Pradesh,Hamirpur,Hamirpur,Other,Fruits,1.83,2600,2700,2650,08 Oct 2021,2021-10-08 00:00:00
Himachal Pradesh,Hamirpur,Hamirpur,Other,Fruits,1.7,2600,2700,2650,09 Oct 2021,2021-10-09 00:00:00
Himachal Pradesh,Hamirpur,Hamirpur(Nadaun),Other,Fruits,1.2,2600,2700,2650,09 Oct 2021,2021-10-09 00:00:00
Himachal Pradesh,Mandi,Mandi(Mandi),Banana - Ripe,Fruits,6.2,2000,2300,2200,09 Oct 2021,2021-10-09 00:00:00
Himachal Pradesh,Mandi,Dhanotu (Mandi),Other,Fruits,5.0,2300,2500,2400,09 Oct 2021,2021-10-09 00:00:00
Himachal Pradesh,Chamba,Chamba,Other,Fruits,3.7,3000,3200,3100,09 Oct 2021,2021-10-09 00:00:00
Himachal Pradesh,Solan,Solan,Other,Fruits,1.7,1700,2700,2100,09 Oct 2021,2021-10-09 00:00:00
Himachal Pradesh,Sirmore,Nahan,Other,Fruits,0.4,2000,3000,2500,10 Oct 2021,2021-10-10 00:00:00
Himachal Pradesh,Kullu,Bhuntar,Other,Fruits,4.1,2550,2580,2565,10 Oct 2021,2021-10-10 00:00:00
Himachal Pradesh,Kullu,Kullu,Other,Fruits,0.9,3000,3200,3100,10 Oct 2021,2021-10-10 00:00:00
Himachal Pradesh,Solan,Solan,Other,Fruits,1.5,1700,2700,2100,10 Oct 2021,2021-10-10 00:00:00
Himachal Pradesh,Chamba,Chamba,Other,Fruits,2.3,3000,3200,3100,11 Oct 2021,2021-10-11 00:00:00
Himachal Pradesh,Mandi,Dhanotu (Mandi),Other,Fruits,5.2,2000,2500,2250,11 Oct 2021,2021-10-11 00:00:00
Himachal Pradesh,Kullu,Kullu,Other,Fruits,1.5,3200,3400,3300,11 Oct 2021,2021-10-11 00:00:00
Himachal Pradesh,Kullu,Bhuntar,Other,Fruits,3.3,2520,2580,2550,11 Oct 2021,2021-10-11 00:00:00
Himachal Pradesh,Hamirpur,Hamirpur,Other,Fruits,1.25,2600,2700,2650,11 Oct 2021,2021-10-11 00:00:00
Himachal Pradesh,Kangra,Kangra,Other,Fruits,1.2,3000,3500,3250,11 Oct 2021,2021-10-11 00:00:00
Himachal Pradesh,Hamirpur,Hamirpur(Nadaun),Other,Fruits,1.0,2600,2700,2650,11 Oct 2021,2021-10-11 00:00:00
Himachal Pradesh,Solan,Solan,Other,Fruits,2.3,1700,2700,2100,11 Oct 2021,2021-10-11 00:00:00
Himachal Pradesh,Mandi,Mandi(Mandi),Banana - Ripe,Fruits,8.0,2200,2800,2500,11 Oct 2021,2021-10-11 00:00:00
Himachal Pradesh,Hamirpur,Hamirpur,Other,Fruits,1.46,2600,2700,2650,12 Oct 2021,2021-10-12 00:00:00
Himachal Pradesh,Kullu,Kullu,Other,Fruits,0.9,3000,3200,3100,12 Oct 2021,2021-10-12 00:00:00
Himachal Pradesh,Hamirpur,Hamirpur(Nadaun),Other,Fruits,1.12,2600,2700,2650,12 Oct 2021,2021-10-12 00:00:00
Himachal Pradesh,Chamba,Chamba,Other,Fruits,3.5,3000,3200,3100,12 Oct 2021,2021-10-12 00:00:00
Himachal Pradesh,Mandi,Mandi(Mandi),Banana - Ripe,Fruits,3.7,2000,2500,2200,12 Oct 2021,2021-10-12 00:00:00
Himachal Pradesh,Sirmore,Nahan,Other,Fruits,0.42,1500,2500,2000,12 Oct 2021,2021-10-12 00:00:00
Himachal Pradesh,Sirmore,Paonta Sahib,Other,Fruits,0.45,4000,4500,4500,12 Oct 2021,2021-10-12 00:00:00
Himachal Pradesh,Solan,Solan,Other,Fruits,0.5,1700,2700,2100,12 Oct 2021,2021-10-12 00:00:00
Himachal Pradesh,Kangra,Kangra,Other,Fruits,1.5,3000,3500,3250,12 Oct 2021,2021-10-12 00:00:00
Himachal Pradesh,Kullu,Kullu,Other,Fruits,1.0,2800,3000,2900,13 Oct 2021,2021-10-13 00:00:00
Himachal Pradesh,Mandi,Mandi(Mandi),Banana - Ripe,Fruits,6.5,2000,2500,2200,13 Oct 2021,2021-10-13 00:00:00
Himachal Pradesh,Sirmore,Nahan,Other,Fruits,0.32,2500,3500,3000,13 Oct 2021,2021-10-13 00:00:00
Himachal Pradesh,Kangra,Palampur,Banana - Ripe,Fruits,2.0,3200,3500,3350,13 Oct 2021,2021-10-13 00:00:00
Himachal Pradesh,Solan,Solan,Other,Fruits,2.4,1700,2700,2100,13 Oct 2021,2021-10-13 00:00:00
Himachal Pradesh,Hamirpur,Hamirpur(Nadaun),Other,Fruits,1.42,2600,2700,2650,13 Oct 2021,2021-10-13 00:00:00
Himachal Pradesh,Kangra,Kangra,Other,Fruits,1.4,3200,3500,3350,13 Oct 2021,2021-10-13 00:00:00
Himachal Pradesh,Chamba,Chamba,Other,Fruits,2.0,3000,3200,3100,13 Oct 2021,2021-10-13 00:00:00
Himachal Pradesh,Mandi,Dhanotu (Mandi),Other,Fruits,5.4,2300,2500,2400,13 Oct 2021,2021-10-13 00:00:00
Himachal Pradesh,Kullu,Bhuntar,Other,Fruits,4.1,2520,2580,2550,13 Oct 2021,2021-10-13 00:00:00
Himachal Pradesh,Kangra,Palampur,Banana - Ripe,Fruits,2.1,3200,3500,3350,14 Oct 2021,2021-10-14 00:00:00
Himachal Pradesh,Kullu,Bhuntar,Other,Fruits,3.3,2520,2580,2550,14 Oct 2021,2021-10-14 00:00:00
Himachal Pradesh,Kangra,Kangra,Other,Fruits,1.5,3000,3500,3250,14 Oct 2021,2021-10-14 00:00:00
Himachal Pradesh,Mandi,Mandi(Mandi),Banana - Ripe,Fruits,5.2,2000,2500,2200,14 Oct 2021,2021-10-14 00:00:00
Himachal Pradesh,Kullu,Kullu,Other,Fruits,1.2,3200,3400,3300,14 Oct 2021,2021-10-14 00:00:00
Himachal Pradesh,Hamirpur,Hamirpur,Other,Fruits,1.58,2600,2700,2650,14 Oct 2021,2021-10-14 00:00:00
Himachal Pradesh,Chamba,Chamba,Other,Fruits,2.75,3000,3200,3100,14 Oct 2021,2021-10-14 00:00:00
Himachal Pradesh,Hamirpur,Hamirpur(Nadaun),Other,Fruits,1.2,2600,2700,2650,14 Oct 2021,2021-10-14 00:00:00
Himachal Pradesh,Solan,Solan,Other,Fruits,2.3,1700,2700,2100,14 Oct 2021,2021-10-14 00:00:00
Himachal Pradesh,Hamirpur,Hamirpur,Other,Fruits,1.4,2600,2700,2650,15 Oct 2021,2021-10-15 00:00:00
Himachal Pradesh,Mandi,Dhanotu (Mandi),Other,Fruits,4.7,2000,2500,2250,15 Oct 2021,2021-10-15 00:00:00
Himachal Pradesh,Kullu,Bhuntar,Other,Fruits,2.5,2520,2580,2550,15 Oct 2021,2021-10-15 00:00:00
Himachal Pradesh,Chamba,Chamba,Other,Fruits,2.85,3000,3200,3100,15 Oct 2021,2021-10-15 00:00:00
Himachal Pradesh,Kangra,Kangra(Baijnath),Banana - Ripe,Fruits,0.6,2600,3000,3000,15 Oct 2021,2021-10-15 00:00:00
Himachal Pradesh,Mandi,Mandi(Mandi),Banana - Ripe,Fruits,2.1,3500,4600,4000,15 Oct 2021,2021-10-15 00:00:00
Himachal Pradesh,Solan,Solan,Other,Fruits,2.1,1700,2700,2100,15 Oct 2021,2021-10-15 00:00:00
Himachal Pradesh,Kangra,Kangra(Baijnath),Banana - Ripe,Fruits,0.5,2800,3000,3000,16 Oct 2021,2021-10-16 00:00:00
Himachal Pradesh,Hamirpur,Hamirpur(Nadaun),Other,Fruits,1.3,2600,2700,2650,16 Oct 2021,2021-10-16 00:00:00
Himachal Pradesh,Mandi,Dhanotu (Mandi),Other,Fruits,5.7,2000,2500,2250,16 Oct 2021,2021-10-16 00:00:00
Himachal Pradesh,Mandi,Mandi(Mandi),Banana - Ripe,Fruits,2.0,2700,4500,3000,16 Oct 2021,2021-10-16 00:00:00
Himachal Pradesh,Solan,Solan,Other,Fruits,1.0,1700,2700,2100,16 Oct 2021,2021-10-16 00:00:00
Himachal Pradesh,Hamirpur,Hamirpur,Other,Fruits,1.39,2600,2700,2650,16 Oct 2021,2021-10-16 00:00:00
Himachal Pradesh,Kangra,Kangra,Other,Fruits,1.6,3000,3500,3250,16 Oct 2021,2021-10-16 00:00:00
Himachal Pradesh,Kangra,Kangra,Other,Fruits,1.5,3000,3500,3250,18 Oct 2021,2021-10-18 00:00:00
Himachal Pradesh,Chamba,Chamba,Other,Fruits,2.4,3000,3200,3100,18 Oct 2021,2021-10-18 00:00:00
Himachal Pradesh,Mandi,Mandi(Mandi),Banana - Ripe,Fruits,6.1,1700,2300,2000,18 Oct 2021,2021-10-18 00:00:00
Himachal Pradesh,Mandi,Dhanotu (Mandi),Other,Fruits,5.8,1900,2500,2200,18 Oct 2021,2021-10-18 00:00:00
Himachal Pradesh,Kullu,Kullu,Other,Fruits,1.5,2800,3200,3000,18 Oct 2021,2021-10-18 00:00:00
Himachal Pradesh,Solan,Solan,Other,Fruits,1.9,1700,2700,2100,18 Oct 2021,2021-10-18 00:00:00
Himachal Pradesh,Hamirpur,Hamirpur,Other,Fruits,1.78,2600,2700,2650,18 Oct 2021,2021-10-18 00:00:00
Himachal Pradesh,Hamirpur,Hamirpur(Nadaun),Other,Fruits,1.1,2600,2700,2650,18 Oct 2021,2021-10-18 00:00:00
Himachal Pradesh,Kangra,Palampur,Banana - Ripe,Fruits,2.0,3200,3400,3300,18 Oct 2021,2021-10-18 00:00:00
Himachal Pradesh,Kangra,Kangra(Baijnath),Banana - Ripe,Fruits,0.6,2800,3000,3000,18 Oct 2021,2021-10-18 00:00:00
Himachal Pradesh,Kullu,Bhuntar,Other,Fruits,1.6,2520,2580,2550,19 Oct 2021,2021-10-19 00:00:00
Himachal Pradesh,Kullu,Kullu,Other,Fruits,1.0,2900,3200,3000,19 Oct 2021,2021-10-19 00:00:00
Himachal Pradesh,Mandi,Dhanotu (Mandi),Other,Fruits,4.8,1800,2300,2100,19 Oct 2021,2021-10-19 00:00:00
Himachal Pradesh,Hamirpur,Hamirpur(Nadaun),Other,Fruits,1.2,2600,2700,2650,19 Oct 2021,2021-10-19 00:00:00
Himachal Pradesh,Mandi,Mandi(Mandi),Banana - Ripe,Fruits,2.1,1700,2500,2300,19 Oct 2021,2021-10-19 00:00:00
Himachal Pradesh,Hamirpur,Hamirpur,Other,Fruits,1.58,2600,2700,2650,19 Oct 2021,2021-10-19 00:00:00
Himachal Pradesh,Solan,Solan,Other,Fruits,0.1,1700,2700,2100,19 Oct 2021,2021-10-19 00:00:00
Himachal Pradesh,Mandi,Mandi(Mandi),Banana - Ripe,Fruits,4.8,1700,2300,2200,20 Oct 2021,2021-10-20 00:00:00
Himachal Pradesh,Solan,Solan,Other,Fruits,1.1,1700,2700,2100,20 Oct 2021,2021-10-20 00:00:00
Himachal Pradesh,Chamba,Chamba,Other,Fruits,2.7,3000,3200,3100,20 Oct 2021,2021-10-20 00:00:00
Himachal Pradesh,Kullu,Kullu,Other,Fruits,0.8,3100,3300,3200,20 Oct 2021,2021-10-20 00:00:00
Himachal Pradesh,Kullu,Bhuntar,Other,Fruits,2.5,2520,2580,2550,20 Oct 2021,2021-10-20 00:00:00
Himachal Pradesh,Mandi,Mandi(Mandi),Banana - Ripe,Fruits,5.3,1900,2500,2300,21 Oct 2021,2021-10-21 00:00:00
Himachal Pradesh,Hamirpur,Hamirpur(Nadaun),Other,Fruits,1.3,2650,2750,2700,21 Oct 2021,2021-10-21 00:00:00
Himachal Pradesh,Chamba,Chamba,Other,Fruits,2.3,3000,3200,3100,21 Oct 2021,2021-10-21 00:00:00
Himachal Pradesh,Kangra,Palampur,Banana - Ripe,Fruits,2.1,3200,3600,3400,21 Oct 2021,2021-10-21 00:00:00
Himachal Pradesh,Kullu,Kullu,Other,Fruits,1.3,3000,3200,3100,21 Oct 2021,2021-10-21 00:00:00
Himachal Pradesh,Mandi,Dhanotu (Mandi),Other,Fruits,4.5,2000,2400,2200,21 Oct 2021,2021-10-21 00:00:00
Himachal Pradesh,Kullu,Bhuntar,Other,Fruits,3.3,2520,2580,2550,21 Oct 2021,2021-10-21 00:00:00
Himachal Pradesh,Solan,Solan,Other,Fruits,1.7,1700,2700,2100,21 Oct 2021,2021-10-21 00:00:00
Himachal Pradesh,Kangra,Kangra(Baijnath),Banana - Ripe,Fruits,0.5,2800,3000,3000,21 Oct 2021,2021-10-21 00:00:00
Himachal Pradesh,Hamirpur,Hamirpur,Other,Fruits,1.96,2650,2750,2700,21 Oct 2021,2021-10-21 00:00:00
Himachal Pradesh,Kangra,Kangra,Other,Fruits,1.4,3000,3500,3250,21 Oct 2021,2021-10-21 00:00:00
Himachal Pradesh,Kullu,Kullu,Other,Fruits,1.0,3000,3300,3100,22 Oct 2021,2021-10-22 00:00:00
Himachal Pradesh,Solan,Solan,Other,Fruits,0.7,1700,2700,2200,22 Oct 2021,2021-10-22 00:00:00
Himachal Pradesh,Hamirpur,Hamirpur,Other,Fruits,1.82,2650,2750,2700,22 Oct 2021,2021-10-22 00:00:00
Himachal Pradesh,Kangra,Kangra(Baijnath),Banana - Ripe,Fruits,0.7,2700,3000,3000,22 Oct 2021,2021-10-22 00:00:00
Himachal Pradesh,Kangra,Kangra,Other,Fruits,1.5,3000,3500,3250,22 Oct 2021,2021-10-22 00:00:00
Himachal Pradesh,Kullu,Bhuntar,Other,Fruits,2.5,2550,2580,2565,22 Oct 2021,2021-10-22 00:00:00
Himachal Pradesh,Chamba,Chamba,Other,Fruits,9.6,3000,3200,3100,22 Oct 2021,2021-10-22 00:00:00
Himachal Pradesh,Mandi,Dhanotu (Mandi),Other,Fruits,4.3,2000,2400,2200,22 Oct 2021,2021-10-22 00:00:00
Himachal Pradesh,Kangra,Palampur,Banana - Ripe,Fruits,1.8,3200,3600,3400,22 Oct 2021,2021-10-22 00:00:00
Himachal Pradesh,Hamirpur,Hamirpur(Nadaun),Other,Fruits,1.16,2650,2750,2700,22 Oct 2021,2021-10-22 00:00:00
Himachal Pradesh,Mandi,Mandi(Mandi),Banana - Ripe,Fruits,4.0,1800,2400,2300,22 Oct 2021,2021-10-22 00:00:00
Himachal Pradesh,Kangra,Kangra,Other,Fruits,1.6,3000,3500,3250,23 Oct 2021,2021-10-23 00:00:00
Himachal Pradesh,Chamba,Chamba,Other,Fruits,4.2,3000,3200,3100,23 Oct 2021,2021-10-23 00:00:00
Himachal Pradesh,Solan,Solan,Other,Fruits,1.1,1700,2700,2100,23 Oct 2021,2021-10-23 00:00:00
Himachal Pradesh,Kangra,Kangra(Baijnath),Banana - Ripe,Fruits,0.6,2500,3000,3000,23 Oct 2021,2021-10-23 00:00:00
Himachal Pradesh,Mandi,Mandi(Mandi),Banana - Ripe,Fruits,7.5,2300,4600,3000,23 Oct 2021,2021-10-23 00:00:00
Himachal Pradesh,Mandi,Dhanotu (Mandi),Other,Fruits,4.7,2000,2500,2250,23 Oct 2021,2021-10-23 00:00:00
Himachal Pradesh,Solan,Solan,Other,Fruits,2.0,1700,2700,2100,24 Oct 2021,2021-10-24 00:00:00
Himachal Pradesh,Mandi,Mandi(Mandi),Banana - Ripe,Fruits,5.5,3500,4600,4000,25 Oct 2021,2021-10-25 00:00:00
Himachal Pradesh,Solan,Solan,Other,Fruits,1.7,1700,2700,2100,25 Oct 2021,2021-10-25 00:00:00
Himachal Pradesh,Kangra,Palampur,Banana - Ripe,Fruits,2.1,3300,3600,3450,25 Oct 2021,2021-10-25 00:00:00
Himachal Pradesh,Kangra,Kangra,Other,Fruits,1.4,3200,3500,3350,25 Oct 2021,2021-10-25 00:00:00
Himachal Pradesh,Kullu,Kullu,Other,Fruits,1.1,3000,3200,3100,25 Oct 2021,2021-10-25 00:00:00
Himachal Pradesh,Hamirpur,Hamirpur(Nadaun),Other,Fruits,1.3,2650,2750,2700,25 Oct 2021,2021-10-25 00:00:00
Himachal Pradesh,Mandi,Dhanotu (Mandi),Other,Fruits,4.5,1700,2500,2150,25 Oct 2021,2021-10-25 00:00:00
Himachal Pradesh,Chamba,Chamba,Other,Fruits,3.0,3000,3200,3100,25 Oct 2021,2021-10-25 00:00:00
Himachal Pradesh,Kullu,Kullu,Other,Fruits,1.0,2800,3100,2900,26 Oct 2021,2021-10-26 00:00:00
Himachal Pradesh,Mandi,Dhanotu (Mandi),Other,Fruits,4.2,2000,2500,2250,26 Oct 2021,2021-10-26 00:00:00
Himachal Pradesh,Kangra,Kangra(Jaisinghpur),Banana - Ripe,Fruits,0.3,3300,3600,3450,26 Oct 2021,2021-10-26 00:00:00
Himachal Pradesh,Mandi,Mandi(Mandi),Banana - Ripe,Fruits,2.2,4000,4600,4300,26 Oct 2021,2021-10-26 00:00:00
Himachal Pradesh,Kangra,Palampur,Banana - Ripe,Fruits,1.8,3200,3500,3350,26 Oct 2021,2021-10-26 00:00:00
Himachal Pradesh,Solan,Solan,Other,Fruits,1.8,1800,2800,2400,27 Oct 2021,2021-10-27 00:00:00
Himachal Pradesh,Kangra,Palampur,Banana - Ripe,Fruits,2.4,3200,3600,3400,27 Oct 2021,2021-10-27 00:00:00
Himachal Pradesh,Mandi,Dhanotu (Mandi),Other,Fruits,5.3,2200,2400,2300,27 Oct 2021,2021-10-27 00:00:00
Himachal Pradesh,Kangra,Kangra(Jaisinghpur),Banana - Ripe,Fruits,0.2,3200,3600,3400,27 Oct 2021,2021-10-27 00:00:00
Himachal Pradesh,Chamba,Chamba,Other,Fruits,2.0,3000,3200,3100,27 Oct 2021,2021-10-27 00:00:00
Himachal Pradesh,Mandi,Mandi(Mandi),Banana - Ripe,Fruits,1.8,4000,4700,4400,27 Oct 2021,2021-10-27 00:00:00
Himachal Pradesh,Hamirpur,Hamirpur(Nadaun),Other,Fruits,1.2,2650,2750,2700,27 Oct 2021,2021-10-27 00:00:00
Himachal Pradesh,Kangra,Kangra,Other,Fruits,1.6,3000,3500,3250,27 Oct 2021,2021-10-27 00:00:00
Himachal Pradesh,Kullu,Kullu,Other,Fruits,1.2,3500,4000,3800,27 Oct 2021,2021-10-27 00:00:00
Himachal Pradesh,Kangra,Palampur,Banana - Ripe,Fruits,2.2,3200,3600,3400,28 Oct 2021,2021-10-28 00:00:00
Himachal Pradesh,Solan,Solan,Other,Fruits,0.7,1800,2800,2400,28 Oct 2021,2021-10-28 00:00:00
Himachal Pradesh,Hamirpur,Hamirpur,Other,Fruits,1.96,2600,2700,2650,28 Oct 2021,2021-10-28 00:00:00
Himachal Pradesh,Kangra,Kangra,Other,Fruits,1.7,3000,3500,3250,28 Oct 2021,2021-10-28 00:00:00
Himachal Pradesh,Kullu,Kullu,Other,Fruits,1.0,3200,3500,3300,28 Oct 2021,2021-10-28 00:00:00
Himachal Pradesh,Kangra,Kangra(Jaisinghpur),Banana - Ripe,Fruits,0.25,3200,3600,3400,28 Oct 2021,2021-10-28 00:00:00
Himachal Pradesh,Mandi,Dhanotu (Mandi),Other,Fruits,4.8,1800,2500,2150,28 Oct 2021,2021-10-28 00:00:00
Himachal Pradesh,Kullu,Bhuntar,Other,Fruits,1.6,2520,2550,2535,28 Oct 2021,2021-10-28 00:00:00
Himachal Pradesh,Chamba,Chamba,Other,Fruits,1.8,3000,3200,3100,28 Oct 2021,2021-10-28 00:00:00
Himachal Pradesh,Kangra,Kangra(Baijnath),Banana - Ripe,Fruits,0.5,2800,3000,3000,28 Oct 2021,2021-10-28 00:00:00
Himachal Pradesh,Kangra,Kangra,Other,Fruits,1.5,3000,3500,3250,29 Oct 2021,2021-10-29 00:00:00
Himachal Pradesh,Kullu,Bhuntar,Other,Fruits,2.0,2520,2580,2550,29 Oct 2021,2021-10-29 00:00:00
Himachal Pradesh,Hamirpur,Hamirpur(Nadaun),Other,Fruits,1.3,2600,2700,2650,29 Oct 2021,2021-10-29 00:00:00
Himachal Pradesh,Kangra,Palampur,Banana - Ripe,Fruits,2.1,3200,3600,3400,29 Oct 2021,2021-10-29 00:00:00
Himachal Pradesh,Solan,Solan,Other,Fruits,1.1,1800,2800,2400,29 Oct 2021,2021-10-29 00:00:00
Himachal Pradesh,Kullu,Kullu,Other,Fruits,1.3,3300,3500,3400,29 Oct 2021,2021-10-29 00:00:00
Himachal Pradesh,Mandi,Dhanotu (Mandi),Other,Fruits,5.0,2000,2400,2200,29 Oct 2021,2021-10-29 00:00:00
Himachal Pradesh,Mandi,Mandi(Mandi),Banana - Ripe,Fruits,4.1,2500,4600,4500,29 Oct 2021,2021-10-29 00:00:00
Himachal Pradesh,Hamirpur,Hamirpur,Other,Fruits,1.82,2600,2700,2650,30 Oct 2021,2021-10-30 00:00:00
Himachal Pradesh,Solan,Solan,Other,Fruits,0.9,1800,2800,2400,30 Oct 2021,2021-10-30 00:00:00
Himachal Pradesh,Kangra,Kangra,Other,Fruits,2.0,3200,3500,3350,30 Oct 2021,2021-10-30 00:00:00
Himachal Pradesh,Hamirpur,Hamirpur(Nadaun),Other,Fruits,1.5,2600,2700,2650,30 Oct 2021,2021-10-30 00:00:00
Himachal Pradesh,Kangra,Palampur,Banana - Ripe,Fruits,2.5,3200,3600,3400,30 Oct 2021,2021-10-30 00:00:00
Himachal Pradesh,Kangra,Kangra(Jaisinghpur),Banana - Ripe,Fruits,0.2,3200,3800,3550,30 Oct 2021,2021-10-30 00:00:00
Himachal Pradesh,Solan,Solan,Other,Fruits,0.7,1800,2800,2400,31 Oct 2021,2021-10-31 00:00:00
Himachal Pradesh,Kullu,Kullu,Other,Fruits,1.1,2800,3200,3000,31 Oct 2021,2021-10-31 00:00:00
Himachal Pradesh,Kullu,Bhuntar,Other,Fruits,1.8,2520,2580,2550,31 Oct 2021,2021-10-31 00:00:00
Himachal Pradesh,Mandi,Dhanotu (Mandi),Other,Fruits,5.3,2200,2500,2350,01 Nov 2021,2021-11-01 00:00:00
Himachal Pradesh,Kangra,Kangra,Other,Fruits,2.0,3000,3500,3250,01 Nov 2021,2021-11-01 00:00:00
Himachal Pradesh,Hamirpur,Hamirpur,Other,Fruits,1.92,2600,2700,2650,01 Nov 2021,2021-11-01 00:00:00
Himachal Pradesh,Solan,Solan,Other,Fruits,1.7,1800,2800,2400,01 Nov 2021,2021-11-01 00:00:00
Himachal Pradesh,Kullu,Bhuntar,Other,Fruits,1.6,2550,2580,2565,02 Nov 2021,2021-11-02 00:00:00
Himachal Pradesh,Solan,Solan,Other,Fruits,0.3,1800,2800,2400,02 Nov 2021,2021-11-02 00:00:00
Himachal Pradesh,Mandi,Dhanotu (Mandi),Other,Fruits,5.8,2000,2500,2250,02 Nov 2021,2021-11-02 00:00:00
Himachal Pradesh,Kangra,Kangra,Other,Fruits,1.8,3000,3500,3250,02 Nov 2021,2021-11-02 00:00:00
Himachal Pradesh,Hamirpur,Hamirpur(Nadaun),Other,Fruits,1.3,2600,2700,2650,02 Nov 2021,2021-11-02 00:00:00
Himachal Pradesh,Hamirpur,Hamirpur,Other,Fruits,1.71,2600,2700,2650,02 Nov 2021,2021-11-02 00:00:00
Himachal Pradesh,Mandi,Dhanotu (Mandi),Other,Fruits,4.2,1800,2400,2100,03 Nov 2021,2021-11-03 00:00:00
Himachal Pradesh,Hamirpur,Hamirpur,Other,Fruits,2.37,2600,2700,2650,03 Nov 2021,2021-11-03 00:00:00
Himachal Pradesh,Kullu,Bhuntar,Other,Fruits,3.3,2550,2580,2565,03 Nov 2021,2021-11-03 00:00:00
Himachal Pradesh,Kullu,Kullu,Other,Fruits,1.1,3000,3200,3100,03 Nov 2021,2021-11-03 00:00:00
Himachal Pradesh,Kangra,Kangra,Other,Fruits,1.9,3000,3500,3250,03 Nov 2021,2021-11-03 00:00:00
Himachal Pradesh,Chamba,Chamba,Other,Fruits,1.8,3000,3200,3100,03 Nov 2021,2021-11-03 00:00:00
Himachal Pradesh,Solan,Solan,Other,Fruits,1.3,1800,2800,2400,03 Nov 2021,2021-11-03 00:00:00
Himachal Pradesh,Hamirpur,Hamirpur(Nadaun),Other,Fruits,1.2,2600,2700,2650,03 Nov 2021,2021-11-03 00:00:00
Himachal Pradesh,Mandi,Dhanotu (Mandi),Other,Fruits,3.5,2200,2400,2300,04 Nov 2021,2021-11-04 00:00:00
Himachal Pradesh,Kullu,Bhuntar,Other,Fruits,5.0,2520,2550,2535,04 Nov 2021,2021-11-04 00:00:00
Himachal Pradesh,Solan,Solan,Other,Fruits,0.89,1800,2800,2400,04 Nov 2021,2021-11-04 00:00:00
Himachal Pradesh,Chamba,Chamba,Other,Fruits,0.45,3000,3200,3100,04 Nov 2021,2021-11-04 00:00:00
Himachal Pradesh,Kullu,Kullu,Other,Fruits,0.8,3000,3300,3200,05 Nov 2021,2021-11-05 00:00:00
Himachal Pradesh,Chamba,Chamba,Other,Fruits,2.25,3000,3200,3100,05 Nov 2021,2021-11-05 00:00:00
Himachal Pradesh,Mandi,Dhanotu (Mandi),Other,Fruits,2.2,2000,2200,2100,06 Nov 2021,2021-11-06 00:00:00
Himachal Pradesh,Hamirpur,Hamirpur,Other,Fruits,2.1,2200,2400,2300,06 Nov 2021,2021-11-06 00:00:00
Himachal Pradesh,Solan,Solan,Other,Fruits,0.3,1800,2800,2400,06 Nov 2021,2021-11-06 00:00:00
Himachal Pradesh,Kangra,Kangra,Other,Fruits,1.6,3000,3500,3250,06 Nov 2021,2021-11-06 00:00:00
Himachal Pradesh,Kullu,Bhuntar,Other,Fruits,1.6,2520,2580,2550,07 Nov 2021,2021-11-07 00:00:00
Himachal Pradesh,Kullu,Kullu,Other,Fruits,1.4,3000,3300,3200,07 Nov 2021,2021-11-07 00:00:00
Himachal Pradesh,Solan,Solan,Other,Fruits,1.1,1800,2800,2400,07 Nov 2021,2021-11-07 00:00:00
Himachal Pradesh,Mandi,Dhanotu (Mandi),Other,Fruits,4.4,2000,2400,2200,08 Nov 2021,2021-11-08 00:00:00
Himachal Pradesh,Hamirpur,Hamirpur,Other,Fruits,1.92,2500,2600,2550,08 Nov 2021,2021-11-08 00:00:00
Himachal Pradesh,Kangra,Kangra,Other,Fruits,1.5,3200,3500,3350,08 Nov 2021,2021-11-08 00:00:00
Himachal Pradesh,Chamba,Chamba,Other,Fruits,2.4,3000,3200,3100,08 Nov 2021,2021-11-08 00:00:00
Himachal Pradesh,Solan,Solan,Other,Fruits,1.9,1800,2800,2400,08 Nov 2021,2021-11-08 00:00:00
Himachal Pradesh,Kullu,Bhuntar,Other,Fruits,2.5,2520,2580,2550,08 Nov 2021,2021-11-08 00:00:00
Himachal Pradesh,Kullu,Kullu,Other,Fruits,1.0,3000,3200,3100,08 Nov 2021,2021-11-08 00:00:00
Himachal Pradesh,Chamba,Chamba,Other,Fruits,0.7,3000,3200,3100,09 Nov 2021,2021-11-09 00:00:00
Himachal Pradesh,Kullu,Kullu,Other,Fruits,1.1,3000,3200,3100,09 Nov 2021,2021-11-09 00:00:00
Himachal Pradesh,Mandi,Dhanotu (Mandi),Other,Fruits,4.5,2000,2500,2250,09 Nov 2021,2021-11-09 00:00:00
Himachal Pradesh,Kangra,Kangra,Other,Fruits,1.8,3000,3500,3250,09 Nov 2021,2021-11-09 00:00:00
Himachal Pradesh,Kullu,Kullu,Other,Fruits,1.2,3000,3200,3100,10 Nov 2021,2021-11-10 00:00:00
Himachal Pradesh,Hamirpur,Hamirpur,Other,Fruits,1.96,2400,2600,2500,11 Nov 2021,2021-11-11 00:00:00
Himachal Pradesh,Chamba,Chamba,Other,Fruits,1.8,3000,3200,3100,11 Nov 2021,2021-11-11 00:00:00
Himachal Pradesh,Hamirpur,Hamirpur(Nadaun),Other,Fruits,1.12,2400,2500,2450,11 Nov 2021,2021-11-11 00:00:00
Himachal Pradesh,Kangra,Kangra,Other,Fruits,1.6,3000,3500,3250,11 Nov 2021,2021-11-11 00:00:00
Himachal Pradesh,Mandi,Dhanotu (Mandi),Other,Fruits,5.2,1700,2500,2100,11 Nov 2021,2021-11-11 00:00:00
Himachal Pradesh,Kullu,Kullu,Other,Fruits,1.1,2900,3200,3000,11 Nov 2021,2021-11-11 00:00:00
Himachal Pradesh,Hamirpur,Hamirpur,Other,Fruits,1.62,2550,2650,2600,12 Nov 2021,2021-11-12 00:00:00
Himachal Pradesh,Kullu,Bhuntar,Other,Fruits,1.6,2460,2520,2490,12 Nov 2021,2021-11-12 00:00:00
Himachal Pradesh,Chamba,Chamba,Other,Fruits,2.0,3000,3200,3100,12 Nov 2021,2021-11-12 00:00:00
Himachal Pradesh,Kangra,Kangra,Other,Fruits,1.8,3000,3500,3250,12 Nov 2021,2021-11-12 00:00:00
Himachal Pradesh,Hamirpur,Hamirpur(Nadaun),Other,Fruits,1.2,2600,2700,2650,12 Nov 2021,2021-11-12 00:00:00
Himachal Pradesh,Hamirpur,Hamirpur,Other,Fruits,1.3,2600,2700,2650,13 Nov 2021,2021-11-13 00:00:00
Himachal Pradesh,Hamirpur,Hamirpur(Nadaun),Other,Fruits,1.3,2500,2600,2550,13 Nov 2021,2021-11-13 00:00:00
Himachal Pradesh,Kullu,Bhuntar,Other,Fruits,2.5,2460,2520,2490,14 Nov 2021,2021-11-14 00:00:00
Himachal Pradesh,Kullu,Kullu,Other,Fruits,1.3,2700,3000,2800,14 Nov 2021,2021-11-14 00:00:00
Himachal Pradesh,Mandi,Dhanotu (Mandi),Other,Fruits,5.1,2000,2500,2250,15 Nov 2021,2021-11-15 00:00:00
Himachal Pradesh,Hamirpur,Hamirpur(Nadaun),Other,Fruits,1.35,2500,2600,2550,15 Nov 2021,2021-11-15 00:00:00
Himachal Pradesh,Chamba,Chamba,Other,Fruits,1.8,3000,3200,3100,15 Nov 2021,2021-11-15 00:00:00
Himachal Pradesh,Kullu,Bhuntar,Other,Fruits,1.6,2490,2550,2520,15 Nov 2021,2021-11-15 00:00:00
Himachal Pradesh,Kullu,Kullu,Other,Fruits,1.0,2800,3200,3000,15 Nov 2021,2021-11-15 00:00:00
Himachal Pradesh,Hamirpur,Hamirpur,Other,Fruits,1.96,2500,2600,2550,15 Nov 2021,2021-11-15 00:00:00
Himachal Pradesh,Hamirpur,Hamirpur(Nadaun),Other,Fruits,1.2,2550,2650,2600,16 Nov 2021,2021-11-16 00:00:00
Himachal Pradesh,Solan,Solan,Other,Fruits,1.4,1700,2700,2100,16 Nov 2021,2021-11-16 00:00:00
Himachal Pradesh,Kullu,Kullu,Other,Fruits,0.9,2800,3000,2900,16 Nov 2021,2021-11-16 00:00:00
Himachal Pradesh,Kangra,Kangra,Other,Fruits,1.6,3000,3500,3250,16 Nov 2021,2021-11-16 00:00:00
Himachal Pradesh,Una,Una,Other,Fruits,8.8,2700,3100,2900,16 Nov 2021,2021-11-16 00:00:00
Himachal Pradesh,Kullu,Bhuntar,Other,Fruits,2.0,2520,2550,2535,16 Nov 2021,2021-11-16 00:00:00
Himachal Pradesh,Hamirpur,Hamirpur,Other,Fruits,1.68,2550,2700,2600,16 Nov 2021,2021-11-16 00:00:00
Himachal Pradesh,Mandi,Dhanotu (Mandi),Other,Fruits,5.6,2000,5600,2250,16 Nov 2021,2021-11-16 00:00:00
Himachal Pradesh,Hamirpur,Hamirpur,Other,Fruits,2.04,2550,2650,2600,17 Nov 2021,2021-11-17 00:00:00
Himachal Pradesh,Kullu,Bhuntar,Other,Fruits,1.6,2460,2520,2490,17 Nov 2021,2021-11-17 00:00:00
Himachal Pradesh,Kullu,Kullu,Other,Fruits,1.2,2900,3200,3000,17 Nov 2021,2021-11-17 00:00:00
Himachal Pradesh,Mandi,Dhanotu (Mandi),Other,Fruits,5.3,2000,2500,2250,17 Nov 2021,2021-11-17 00:00:00
Himachal Pradesh,Hamirpur,Hamirpur(Nadaun),Other,Fruits,1.5,2500,2600,2550,17 Nov 2021,2021-11-17 00:00:00
Himachal Pradesh,Chamba,Chamba,Other,Fruits,2.0,3000,3200,3100,17 Nov 2021,2021-11-17 00:00:00
Himachal Pradesh,Hamirpur,Hamirpur,Other,Fruits,1.9,2450,2550,2500,18 Nov 2021,2021-11-18 00:00:00
Himachal Pradesh,Kullu,Bhuntar,Other,Fruits,1.8,2460,2490,2475,18 Nov 2021,2021-11-18 00:00:00
Himachal Pradesh,Chamba,Chamba,Other,Fruits,1.8,3000,3200,3100,18 Nov 2021,2021-11-18 00:00:00
Himachal Pradesh,Kullu,Kullu,Other,Fruits,1.5,3000,3200,3100,18 Nov 2021,2021-11-18 00:00:00
Himachal Pradesh,Hamirpur,Hamirpur(Nadaun),Other,Fruits,1.2,2500,2600,2550,18 Nov 2021,2021-11-18 00:00:00
Himachal Pradesh,Solan,Solan,Other,Fruits,0.8,1700,2700,2100,18 Nov 2021,2021-11-18 00:00:00
Himachal Pradesh,Kangra,Kangra,Other,Fruits,1.5,3000,3500,3250,18 Nov 2021,2021-11-18 00:00:00
Himachal Pradesh,Mandi,Dhanotu (Mandi),Other,Fruits,5.5,2000,2400,2200,18 Nov 2021,2021-11-18 00:00:00
Himachal Pradesh,Kullu,Kullu,Other,Fruits,0.9,2800,3200,3000,19 Nov 2021,2021-11-19 00:00:00
Himachal Pradesh,Chamba,Chamba,Other,Fruits,0.9,3000,3200,3100,19 Nov 2021,2021-11-19 00:00:00
Himachal Pradesh,Mandi,Dhanotu (Mandi),Other,Fruits,5.3,2000,2500,2250,19 Nov 2021,2021-11-19 00:00:00
Himachal Pradesh,Kullu,Bhuntar,Other,Fruits,2.0,2460,2550,2500,19 Nov 2021,2021-11-19 00:00:00
Himachal Pradesh,Solan,Solan,Other,Fruits,0.6,1700,2700,2100,20 Nov 2021,2021-11-20 00:00:00
Himachal Pradesh,Kangra,Kangra,Other,Fruits,2.0,3000,3500,3250,20 Nov 2021,2021-11-20 00:00:00
Himachal Pradesh,Chamba,Chamba,Other,Fruits,2.1,3000,3200,3100,20 Nov 2021,2021-11-20 00:00:00
Himachal Pradesh,Mandi,Dhanotu (Mandi),Other,Fruits,6.0,1800,2400,2100,20 Nov 2021,2021-11-20 00:00:00
Himachal Pradesh,Hamirpur,Hamirpur(Nadaun),Other,Fruits,1.3,2500,2600,2550,20 Nov 2021,2021-11-20 00:00:00
Himachal Pradesh,Kullu,Bhuntar,Other,Fruits,1.6,2460,2520,2490,21 Nov 2021,2021-11-21 00:00:00
Himachal Pradesh,Kullu,Kullu,Other,Fruits,1.1,3000,3300,3100,21 Nov 2021,2021-11-21 00:00:00
Himachal Pradesh,Kullu,Kullu,Other,Fruits,1.3,3000,3200,3100,22 Nov 2021,2021-11-22 00:00:00
Himachal Pradesh,Kangra,Kangra,Other,Fruits,1.9,3000,3500,3250,22 Nov 2021,2021-11-22 00:00:00
Himachal Pradesh,Chamba,Chamba,Other,Fruits,2.0,3000,3200,3100,22 Nov 2021,2021-11-22 00:00:00
Himachal Pradesh,Hamirpur,Hamirpur(Nadaun),Other,Fruits,1.25,2500,2600,2550,22 Nov 2021,2021-11-22 00:00:00
Himachal Pradesh,Hamirpur,Hamirpur,Other,Fruits,1.68,2500,2600,2550,22 Nov 2021,2021-11-22 00:00:00
Himachal Pradesh,Mandi,Dhanotu (Mandi),Other,Fruits,6.2,1700,2300,2000,22 Nov 2021,2021-11-22 00:00:00
Himachal Pradesh,Solan,Solan,Other,Fruits,0.8,1700,2700,2100,22 Nov 2021,2021-11-22 00:00:00
Himachal Pradesh,Solan,Solan,Other,Fruits,0.1,1700,2700,2400,23 Nov 2021,2021-11-23 00:00:00
Himachal Pradesh,Hamirpur,Hamirpur(Nadaun),Other,Fruits,1.02,2500,2600,2550,23 Nov 2021,2021-11-23 00:00:00
Himachal Pradesh,Kullu,Bhuntar,Other,Fruits,2.5,2460,2490,2480,23 Nov 2021,2021-11-23 00:00:00
Himachal Pradesh,Mandi,Dhanotu (Mandi),Other,Fruits,5.5,2000,2000,2000,23 Nov 2021,2021-11-23 00:00:00
Himachal Pradesh,Hamirpur,Hamirpur,Other,Fruits,1.26,2500,2600,2550,23 Nov 2021,2021-11-23 00:00:00
Himachal Pradesh,Kullu,Kullu,Other,Fruits,0.7,2900,3300,3000,23 Nov 2021,2021-11-23 00:00:00
Himachal Pradesh,Chamba,Chamba,Other,Fruits,1.8,3000,3200,3100,23 Nov 2021,2021-11-23 00:00:00
Himachal Pradesh,Mandi,Dhanotu (Mandi),Other,Fruits,5.1,2000,2300,2150,24 Nov 2021,2021-11-24 00:00:00
Himachal Pradesh,Kullu,Bhuntar,Other,Fruits,1.6,2400,2490,2450,24 Nov 2021,2021-11-24 00:00:00
Himachal Pradesh,Solan,Solan,Other,Fruits,0.9,1700,2700,2100,24 Nov 2021,2021-11-24 00:00:00
Himachal Pradesh,Hamirpur,Hamirpur(Nadaun),Other,Fruits,1.3,2500,2600,2550,24 Nov 2021,2021-11-24 00:00:00
Himachal Pradesh,Chamba,Chamba,Other,Fruits,0.6,3000,3200,3100,24 Nov 2021,2021-11-24 00:00:00
Himachal Pradesh,Mandi,Dhanotu (Mandi),Other,Fruits,5.8,2000,2400,2200,25 Nov 2021,2021-11-25 00:00:00
Himachal Pradesh,Hamirpur,Hamirpur,Other,Fruits,2.06,2500,2550,2500,25 Nov 2021,2021-11-25 00:00:00
Himachal Pradesh,Kangra,Kangra,Other,Fruits,1.4,3000,3500,3250,25 Nov 2021,2021-11-25 00:00:00
Himachal Pradesh,Kullu,Bhuntar,Other,Fruits,2.5,2400,2460,2430,25 Nov 2021,2021-11-25 00:00:00
Himachal Pradesh,Hamirpur,Hamirpur(Nadaun),Other,Fruits,1.22,2500,2600,2550,25 Nov 2021,2021-11-25 00:00:00
Himachal Pradesh,Kullu,Kullu,Other,Fruits,1.1,3000,3200,3100,25 Nov 2021,2021-11-25 00:00:00
Himachal Pradesh,Solan,Solan,Other,Fruits,0.6,1700,2700,2100,26 Nov 2021,2021-11-26 00:00:00
Himachal Pradesh,Kangra,Kangra,Other,Fruits,1.3,3000,3500,3250,26 Nov 2021,2021-11-26 00:00:00
Himachal Pradesh,Hamirpur,Hamirpur,Other,Fruits,1.84,2450,2550,2500,26 Nov 2021,2021-11-26 00:00:00
Himachal Pradesh,Kullu,Bhuntar,Other,Fruits,2.0,2460,2520,2490,26 Nov 2021,2021-11-26 00:00:00
Himachal Pradesh,Chamba,Chamba,Other,Fruits,3.0,3000,3200,3100,26 Nov 2021,2021-11-26 00:00:00
Himachal Pradesh,Kullu,Kullu,Other,Fruits,1.3,3100,3400,3200,26 Nov 2021,2021-11-26 00:00:00
Himachal Pradesh,Solan,Solan,Other,Fruits,0.5,1700,2700,2100,27 Nov 2021,2021-11-27 00:00:00
Himachal Pradesh,Hamirpur,Hamirpur(Nadaun),Other,Fruits,1.3,2450,2550,2500,27 Nov 2021,2021-11-27 00:00:00
Himachal Pradesh,Kangra,Kangra,Other,Fruits,1.9,3000,3500,3250,27 Nov 2021,2021-11-27 00:00:00
Himachal Pradesh,Chamba,Chamba,Other,Fruits,2.1,3000,3200,3100,27 Nov 2021,2021-11-27 00:00:00
Himachal Pradesh,Mandi,Dhanotu (Mandi),Other,Fruits,5.3,2000,2200,2100,27 Nov 2021,2021-11-27 00:00:00
Himachal Pradesh,Kullu,Bhuntar,Other,Fruits,2.5,2400,2460,2430,28 Nov 2021,2021-11-28 00:00:00
Himachal Pradesh,Hamirpur,Hamirpur,Other,Fruits,1.95,2450,2550,2500,29 Nov 2021,2021-11-29 00:00:00
Himachal Pradesh,Kangra,Kangra,Other,Fruits,1.5,3000,3500,3250,29 Nov 2021,2021-11-29 00:00:00
Himachal Pradesh,Chamba,Chamba,Other,Fruits,2.0,3000,3200,3100,29 Nov 2021,2021-11-29 00:00:00
Himachal Pradesh,Solan,Solan,Other,Fruits,1.2,1700,2700,2100,29 Nov 2021,2021-11-29 00:00:00
Himachal Pradesh,Kullu,Kullu,Other,Fruits,1.1,2800,3200,2900,29 Nov 2021,2021-11-29 00:00:00
Himachal Pradesh,Hamirpur,Hamirpur(Nadaun),Other,Fruits,1.2,2500,2600,2550,29 Nov 2021,2021-11-29 00:00:00
Himachal Pradesh,Mandi,Dhanotu (Mandi),Other,Fruits,6.0,2200,2200,2200,29 Nov 2021,2021-11-29 00:00:00
Himachal Pradesh,Mandi,Dhanotu (Mandi),Other,Fruits,5.2,2200,2300,2250,30 Nov 2021,2021-11-30 00:00:00
Himachal Pradesh,Kullu,Kullu,Other,Fruits,0.9,3000,3200,3100,30 Nov 2021,2021-11-30 00:00:00
Himachal Pradesh,Kangra,Kangra,Other,Fruits,1.4,3000,3500,3250,30 Nov 2021,2021-11-30 00:00:00
Himachal Pradesh,Hamirpur,Hamirpur,Other,Fruits,1.8,2450,2550,2500,30 Nov 2021,2021-11-30 00:00:00
Himachal Pradesh,Hamirpur,Hamirpur(Nadaun),Other,Fruits,1.3,2450,2550,2500,30 Nov 2021,2021-11-30 00:00:00
Himachal Pradesh,Kullu,Bhuntar,Other,Fruits,1.6,2400,2460,2430,30 Nov 2021,2021-11-30 00:00:00
Himachal Pradesh,Solan,Solan,Other,Fruits,0.8,1700,2700,2100,01 Dec 2021,2021-12-01 00:00:00
Himachal Pradesh,Mandi,Dhanotu (Mandi),Other,Fruits,5.2,2200,2300,2250,01 Dec 2021,2021-12-01 00:00:00
Himachal Pradesh,Kangra,Kangra,Other,Fruits,1.5,2800,3200,3000,01 Dec 2021,2021-12-01 00:00:00
Himachal Pradesh,Mandi,Mandi(Mandi),Banana - Ripe,Fruits,3.7,1000,4500,3000,01 Dec 2021,2021-12-01 00:00:00
Himachal Pradesh,Hamirpur,Hamirpur(Nadaun),Other,Fruits,1.2,2400,2500,2450,01 Dec 2021,2021-12-01 00:00:00
Himachal Pradesh,Hamirpur,Hamirpur,Other,Fruits,1.8,2450,2550,2500,01 Dec 2021,2021-12-01 00:00:00
Himachal Pradesh,Mandi,Dhanotu (Mandi),Other,Fruits,4.5,2200,2500,2250,02 Dec 2021,2021-12-02 00:00:00
Himachal Pradesh,Kangra,Kangra,Other,Fruits,1.8,2800,3200,3000,02 Dec 2021,2021-12-02 00:00:00
Himachal Pradesh,Mandi,Mandi(Mandi),Banana - Ripe,Fruits,2.5,3900,4500,4000,02 Dec 2021,2021-12-02 00:00:00
Himachal Pradesh,Hamirpur,Hamirpur(Nadaun),Other,Fruits,1.3,2450,2550,2500,02 Dec 2021,2021-12-02 00:00:00
Himachal Pradesh,Hamirpur,Hamirpur,Other,Fruits,1.9,2450,2550,2500,02 Dec 2021,2021-12-02 00:00:00
Himachal Pradesh,Kullu,Bhuntar,Other,Fruits,2.0,2400,2460,2430,02 Dec 2021,2021-12-02 00:00:00
Himachal Pradesh,Mandi,Dhanotu (Mandi),Other,Fruits,5.1,2000,2200,2100,03 Dec 2021,2021-12-03 00:00:00
Himachal Pradesh,Chamba,Chamba,Other,Fruits,1.5,3000,3200,3100,03 Dec 2021,2021-12-03 00:00:00
Himachal Pradesh,Hamirpur,Hamirpur,Other,Fruits,1.72,2450,2550,2500,03 Dec 2021,2021-12-03 00:00:00
Himachal Pradesh,Solan,Solan,Other,Fruits,0.4,1700,2700,2100,03 Dec 2021,2021-12-03 00:00:00
Himachal Pradesh,Hamirpur,Hamirpur(Nadaun),Other,Fruits,1.09,2450,2550,2500,03 Dec 2021,2021-12-03 00:00:00
Himachal Pradesh,Kangra,Kangra,Other,Fruits,1.7,2800,3000,2900,03 Dec 2021,2021-12-03 00:00:00
Himachal Pradesh,Mandi,Mandi(Mandi),Banana - Ripe,Fruits,3.2,1000,4500,3500,04 Dec 2021,2021-12-04 00:00:00
Himachal Pradesh,Hamirpur,Hamirpur,Other,Fruits,1.45,2400,2500,2450,04 Dec 2021,2021-12-04 00:00:00
Himachal Pradesh,Chamba,Chamba,Other,Fruits,1.8,3000,3200,3100,04 Dec 2021,2021-12-04 00:00:00
Himachal Pradesh,Kangra,Kangra,Other,Fruits,1.8,3000,3500,3250,04 Dec 2021,2021-12-04 00:00:00
Himachal Pradesh,Solan,Solan,Other,Fruits,0.5,1700,2700,2100,04 Dec 2021,2021-12-04 00:00:00
Himachal Pradesh,Mandi,Dhanotu (Mandi),Other,Fruits,5.5,1500,2400,1950,04 Dec 2021,2021-12-04 00:00:00
Himachal Pradesh,Sirmore,Nahan,Other,Fruits,0.6,2500,3000,2700,04 Dec 2021,2021-12-04 00:00:00
Himachal Pradesh,Kullu,Kullu,Other,Fruits,1.1,2800,3200,3000,05 Dec 2021,2021-12-05 00:00:00
Himachal Pradesh,Hamirpur,Hamirpur(Nadaun),Other,Fruits,1.25,2450,2550,2500,06 Dec 2021,2021-12-06 00:00:00
Himachal Pradesh,Hamirpur,Hamirpur,Other,Fruits,1.95,2450,2550,2500,06 Dec 2021,2021-12-06 00:00:00
Himachal Pradesh,Kullu,Kullu,Other,Fruits,1.2,3000,3300,3200,06 Dec 2021,2021-12-06 00:00:00
Himachal Pradesh,Mandi,Mandi(Mandi),Banana - Ripe,Fruits,6.0,3800,4200,4000,06 Dec 2021,2021-12-06 00:00:00
Himachal Pradesh,Mandi,Dhanotu (Mandi),Other,Fruits,6.0,1700,2300,2000,06 Dec 2021,2021-12-06 00:00:00
Himachal Pradesh,Kangra,Kangra,Other,Fruits,1.5,3000,3500,3250,06 Dec 2021,2021-12-06 00:00:00
Himachal Pradesh,Kangra,Kangra(Nagrota Bagwan),Amruthapani,Fruits,0.3,3000,3200,3100,06 Dec 2021,2021-12-06 00:00:00
Himachal Pradesh,Chamba,Chamba,Other,Fruits,2.0,3000,3200,3100,06 Dec 2021,2021-12-06 00:00:00
Himachal Pradesh,Kullu,Bhuntar,Other,Fruits,1.6,2400,2460,2430,06 Dec 2021,2021-12-06 00:00:00
Himachal Pradesh,Kullu,Bhuntar,Other,Fruits,2.5,2280,2400,2340,07 Dec 2021,2021-12-07 00:00:00
Himachal Pradesh,Sirmore,Nahan,Other,Fruits,0.4,2000,2600,2300,07 Dec 2021,2021-12-07 00:00:00
Himachal Pradesh,Mandi,Dhanotu (Mandi),Other,Fruits,5.0,1500,2300,1850,07 Dec 2021,2021-12-07 00:00:00
Himachal Pradesh,Mandi,Mandi(Mandi),Banana - Ripe,Fruits,2.7,2700,4500,3500,07 Dec 2021,2021-12-07 00:00:00
Himachal Pradesh,Solan,Solan,Other,Fruits,0.1,1700,2700,2100,07 Dec 2021,2021-12-07 00:00:00
Himachal Pradesh,Kangra,Kangra,Other,Fruits,1.4,3000,3500,3250,08 Dec 2021,2021-12-08 00:00:00
Himachal Pradesh,Chamba,Chamba,Other,Fruits,1.8,3000,3200,3100,08 Dec 2021,2021-12-08 00:00:00
Himachal Pradesh,Mandi,Mandi(Mandi),Banana - Ripe,Fruits,3.2,3800,4500,4200,08 Dec 2021,2021-12-08 00:00:00
Himachal Pradesh,Sirmore,Nahan,Other,Fruits,0.25,2000,2600,2300,08 Dec 2021,2021-12-08 00:00:00
Himachal Pradesh,Mandi,Dhanotu (Mandi),Other,Fruits,5.2,2200,2200,2200,08 Dec 2021,2021-12-08 00:00:00
Himachal Pradesh,Solan,Solan,Other,Fruits,0.7,1700,2700,2100,08 Dec 2021,2021-12-08 00:00:00
Himachal Pradesh,Mandi,Dhanotu (Mandi),Other,Fruits,4.8,2000,2400,2200,09 Dec 2021,2021-12-09 00:00:00
Himachal Pradesh,Kangra,Kangra(Nagrota Bagwan),Amruthapani,Fruits,0.2,3000,3200,3100,09 Dec 2021,2021-12-09 00:00:00
Himachal Pradesh,Solan,Solan,Other,Fruits,0.9,1700,2700,2100,09 Dec 2021,2021-12-09 00:00:00
Himachal Pradesh,Kullu,Bhuntar,Other,Fruits,1.6,2280,2340,2310,09 Dec 2021,2021-12-09 00:00:00
Himachal Pradesh,Kangra,Kangra,Other,Fruits,1.5,3000,3500,3250,09 Dec 2021,2021-12-09 00:00:00
Himachal Pradesh,Hamirpur,Hamirpur(Nadaun),Other,Fruits,1.2,2350,2450,2400,09 Dec 2021,2021-12-09 00:00:00
Himachal Pradesh,Kullu,Kullu,Other,Fruits,1.3,2800,3000,2900,09 Dec 2021,2021-12-09 00:00:00
Himachal Pradesh,Sirmore,Nahan,Other,Fruits,0.8,2400,2800,2600,09 Dec 2021,2021-12-09 00:00:00
Himachal Pradesh,Mandi,Mandi(Mandi),Banana - Ripe,Fruits,2.7,1600,4500,3500,09 Dec 2021,2021-12-09 00:00:00
Himachal Pradesh,Mandi,Mandi(Mandi),Banana - Ripe,Fruits,3.7,3800,4500,4000,10 Dec 2021,2021-12-10 00:00:00
Himachal Pradesh,Kullu,Bhuntar,Other,Fruits,2.5,2160,2220,2190,10 Dec 2021,2021-12-10 00:00:00
Himachal Pradesh,Kangra,Kangra,Other,Fruits,1.6,3000,3500,3250,10 Dec 2021,2021-12-10 00:00:00
Himachal Pradesh,Hamirpur,Hamirpur(Nadaun),Other,Fruits,1.3,2350,2450,2400,10 Dec 2021,2021-12-10 00:00:00
Himachal Pradesh,Solan,Solan,Other,Fruits,0.6,1700,2700,2100,10 Dec 2021,2021-12-10 00:00:00
Himachal Pradesh,Sirmore,Nahan,Other,Fruits,0.7,2400,3000,2700,10 Dec 2021,2021-12-10 00:00:00
Himachal Pradesh,Mandi,Dhanotu (Mandi),Other,Fruits,5.4,2000,2200,2100,10 Dec 2021,2021-12-10 00:00:00
Himachal Pradesh,Kangra,Kangra(Nagrota Bagwan),Amruthapani,Fruits,0.3,3000,3200,3100,10 Dec 2021,2021-12-10 00:00:00
Himachal Pradesh,Kullu,Kullu,Other,Fruits,1.2,2700,2900,2800,10 Dec 2021,2021-12-10 00:00:00
Himachal Pradesh,Hamirpur,Hamirpur,Other,Fruits,1.8,2350,2450,2400,11 Dec 2021,2021-12-11 00:00:00
Himachal Pradesh,Kangra,Kangra,Other,Fruits,1.8,3000,3500,3250,11 Dec 2021,2021-12-11 00:00:00
Himachal Pradesh,Mandi,Dhanotu (Mandi),Other,Fruits,5.8,2000,2300,2150,11 Dec 2021,2021-12-11 00:00:00
Himachal Pradesh,Kangra,Kangra(Nagrota Bagwan),Amruthapani,Fruits,0.2,3000,3200,3100,11 Dec 2021,2021-12-11 00:00:00
Himachal Pradesh,Hamirpur,Hamirpur(Nadaun),Other,Fruits,1.28,2350,2450,2400,11 Dec 2021,2021-12-11 00:00:00
Himachal Pradesh,Kullu,Kullu,Other,Fruits,1.1,2800,3100,3000,12 Dec 2021,2021-12-12 00:00:00
Himachal Pradesh,Sirmore,Nahan,Other,Fruits,0.1,2200,2600,2400,12 Dec 2021,2021-12-12 00:00:00
Himachal Pradesh,Kangra,Kangra,Other,Fruits,1.9,3000,3500,3250,13 Dec 2021,2021-12-13 00:00:00
Himachal Pradesh,Mandi,Dhanotu (Mandi),Other,Fruits,6.0,2000,2200,2100,13 Dec 2021,2021-12-13 00:00:00
Himachal Pradesh,Kangra,Kangra(Nagrota Bagwan),Amruthapani,Fruits,0.3,3000,3200,3100,13 Dec 2021,2021-12-13 00:00:00
Himachal Pradesh,Solan,Solan,Other,Fruits,1.2,1700,2700,2100,13 Dec 2021,2021-12-13 00:00:00
Himachal Pradesh,Mandi,Mandi(Mandi),Banana - Ripe,Fruits,4.5,3800,4100,4000,13 Dec 2021,2021-12-13 00:00:00
Himachal Pradesh,Kullu,Kullu,Other,Fruits,1.4,2700,2900,2800,13 Dec 2021,2021-12-13 00:00:00
Himachal Pradesh,Hamirpur,Hamirpur(Nadaun),Other,Fruits,1.3,2250,2350,2300,13 Dec 2021,2021-12-13 00:00:00
Himachal Pradesh,Hamirpur,Hamirpur,Other,Fruits,1.95,2250,2350,2300,13 Dec 2021,2021-12-13 00:00:00
Himachal Pradesh,Sirmore,Nahan,Other,Fruits,0.55,2400,3000,2600,14 Dec 2021,2021-12-14 00:00:00
Himachal Pradesh,Kangra,Kangra(Nagrota Bagwan),Amruthapani,Fruits,0.2,3000,3200,3100,14 Dec 2021,2021-12-14 00:00:00
Himachal Pradesh,Kullu,Kullu,Other,Fruits,1.3,2900,3100,3000,14 Dec 2021,2021-12-14 00:00:00
Himachal Pradesh,Kangra,Kangra,Other,Fruits,1.5,3000,3500,3250,14 Dec 2021,2021-12-14 00:00:00
Himachal Pradesh,Mandi,Dhanotu (Mandi),Other,Fruits,5.4,2000,2300,2150,14 Dec 2021,2021-12-14 00:00:00
Himachal Pradesh,Mandi,Mandi(Mandi),Banana - Ripe,Fruits,3.3,3800,4500,4000,14 Dec 2021,2021-12-14 00:00:00
Himachal Pradesh,Solan,Solan,Other,Fruits,0.1,1700,2700,2100,14 Dec 2021,2021-12-14 00:00:00
Himachal Pradesh,Hamirpur,Hamirpur(Nadaun),Other,Fruits,1.52,2200,2400,2300,14 Dec 2021,2021-12-14 00:00:00
Himachal Pradesh,Chamba,Chamba,Other,Fruits,2.0,3000,3200,3100,14 Dec 2021,2021-12-14 00:00:00
Himachal Pradesh,Sirmore,Paonta Sahib,Other,Fruits,0.3,5000,5000,5000,14 Dec 2021,2021-12-14 00:00:00
Himachal Pradesh,Sirmore,Nahan,Other,Fruits,0.6,2500,2800,2750,15 Dec 2021,2021-12-15 00:00:00
Himachal Pradesh,Kullu,Kullu,Other,Fruits,1.0,2600,2900,2700,15 Dec 2021,2021-12-15 00:00:00
Himachal Pradesh,Mandi,Dhanotu (Mandi),Other,Fruits,5.0,1900,2200,2050,15 Dec 2021,2021-12-15 00:00:00
Himachal Pradesh,Kullu,Bhuntar,Other,Fruits,1.6,2290,2340,2310,15 Dec 2021,2021-12-15 00:00:00
Himachal Pradesh,Solan,Solan,Other,Fruits,1.1,1700,2700,2100,15 Dec 2021,2021-12-15 00:00:00
Himachal Pradesh,Hamirpur,Hamirpur,Other,Fruits,1.8,2300,2500,2400,15 Dec 2021,2021-12-15 00:00:00
Himachal Pradesh,Hamirpur,Hamirpur(Nadaun),Other,Fruits,1.53,2300,2500,2400,15 Dec 2021,2021-12-15 00:00:00
Himachal Pradesh,Mandi,Mandi(Mandi),Banana - Ripe,Fruits,2.8,3500,4100,4000,15 Dec 2021,2021-12-15 00:00:00
Himachal Pradesh,Mandi,Mandi(Mandi),Banana - Ripe,Fruits,2.2,3800,4300,4000,16 Dec 2021,2021-12-16 00:00:00
Himachal Pradesh,Kullu,Kullu,Other,Fruits,1.2,2800,3200,2900,16 Dec 2021,2021-12-16 00:00:00
Himachal Pradesh,Sirmore,Nahan,Other,Fruits,0.4,2500,3000,2750,16 Dec 2021,2021-12-16 00:00:00
Himachal Pradesh,Kullu,Bhuntar,Other,Fruits,1.8,2280,2340,2310,16 Dec 2021,2021-12-16 00:00:00
Himachal Pradesh,Sirmore,Paonta Sahib,Other,Fruits,0.52,3000,3800,3500,16 Dec 2021,2021-12-16 00:00:00
Himachal Pradesh,Kangra,Kangra,Other,Fruits,1.8,3000,3500,3250,16 Dec 2021,2021-12-16 00:00:00
Himachal Pradesh,Hamirpur,Hamirpur,Other,Fruits,1.82,2400,2500,2450,16 Dec 2021,2021-12-16 00:00:00
Himachal Pradesh,Kangra,Kangra,Other,Fruits,1.5,3000,3500,3250,17 Dec 2021,2021-12-17 00:00:00
Himachal Pradesh,Kullu,Kullu,Other,Fruits,1.0,2800,3200,2900,17 Dec 2021,2021-12-17 00:00:00
Himachal Pradesh,Solan,Solan,Other,Fruits,1.2,1700,2700,2100,17 Dec 2021,2021-12-17 00:00:00
Himachal Pradesh,Hamirpur,Hamirpur(Nadaun),Other,Fruits,0.89,2400,2600,2500,17 Dec 2021,2021-12-17 00:00:00
Himachal Pradesh,Sirmore,Nahan,Other,Fruits,0.55,2500,3000,2750,17 Dec 2021,2021-12-17 00:00:00
Himachal Pradesh,Mandi,Mandi(Mandi),Banana - Ripe,Fruits,2.8,3800,4100,4000,17 Dec 2021,2021-12-17 00:00:00
Himachal Pradesh,Mandi,Dhanotu (Mandi),Other,Fruits,5.5,2000,2200,2100,17 Dec 2021,2021-12-17 00:00:00
Himachal Pradesh,Hamirpur,Hamirpur,Other,Fruits,1.83,2400,2600,2500,17 Dec 2021,2021-12-17 00:00:00
Himachal Pradesh,Solan,Solan,Other,Fruits,0.8,1700,2700,2100,18 Dec 2021,2021-12-18 00:00:00
Himachal Pradesh,Sirmore,Paonta Sahib,Other,Fruits,0.35,5000,5000,5000,18 Dec 2021,2021-12-18 00:00:00
Himachal Pradesh,Mandi,Dhanotu (Mandi),Other,Fruits,5.1,2000,2200,2100,18 Dec 2021,2021-12-18 00:00:00
Himachal Pradesh,Hamirpur,Hamirpur,Other,Fruits,3.0,2200,2600,2400,18 Dec 2021,2021-12-18 00:00:00
Himachal Pradesh,Mandi,Mandi(Mandi),Banana - Ripe,Fruits,3.0,3800,4500,4000,18 Dec 2021,2021-12-18 00:00:00
Himachal Pradesh,Sirmore,Nahan,Other,Fruits,0.4,2500,3000,2750,18 Dec 2021,2021-12-18 00:00:00
Himachal Pradesh,Kangra,Kangra,Other,Fruits,1.9,3000,3500,3250,18 Dec 2021,2021-12-18 00:00:00
Himachal Pradesh,Sirmore,Nahan,Other,Fruits,0.1,2500,2800,2650,19 Dec 2021,2021-12-19 00:00:00
Himachal Pradesh,Kullu,Kullu,Other,Fruits,1.3,2800,3000,2900,19 Dec 2021,2021-12-19 00:00:00
Himachal Pradesh,Hamirpur,Hamirpur,Other,Fruits,1.95,2300,2400,2350,20 Dec 2021,2021-12-20 00:00:00
Himachal Pradesh,Mandi,Mandi(Mandi),Banana - Ripe,Fruits,4.9,3800,4500,4000,20 Dec 2021,2021-12-20 00:00:00
Himachal Pradesh,Kullu,Kullu,Other,Fruits,1.1,2800,3200,3000,20 Dec 2021,2021-12-20 00:00:00
Himachal Pradesh,Solan,Solan,Other,Fruits,1.8,1700,2700,2100,20 Dec 2021,2021-12-20 00:00:00
Himachal Pradesh,Kangra,Kangra,Other,Fruits,1.8,2700,3000,2850,20 Dec 2021,2021-12-20 00:00:00
Himachal Pradesh,Kullu,Bhuntar,Other,Fruits,1.6,2280,2340,2310,20 Dec 2021,2021-12-20 00:00:00
Himachal Pradesh,Sirmore,Paonta Sahib,Other,Fruits,0.33,4000,4000,4000,21 Dec 2021,2021-12-21 00:00:00
Himachal Pradesh,Solan,Solan,Other,Fruits,0.1,1700,2700,2100,21 Dec 2021,2021-12-21 00:00:00
Himachal Pradesh,Sirmore,Nahan,Other,Fruits,0.7,2500,3000,2700,21 Dec 2021,2021-12-21 00:00:00
Himachal Pradesh,Mandi,Mandi(Mandi),Banana - Ripe,Fruits,3.5,3800,4500,4000,21 Dec 2021,2021-12-21 00:00:00
Himachal Pradesh,Kullu,Kullu,Other,Fruits,1.0,2800,3200,3000,21 Dec 2021,2021-12-21 00:00:00
Himachal Pradesh,Kangra,Kangra(Baijnath),Banana - Ripe,Fruits,0.4,2500,3000,2500,21 Dec 2021,2021-12-21 00:00:00
Himachal Pradesh,Chamba,Chamba,Other,Fruits,1.8,3000,3200,3100,21 Dec 2021,2021-12-21 00:00:00
Himachal Pradesh,Kullu,Bhuntar,Other,Fruits,1.8,2280,2340,2310,21 Dec 2021,2021-12-21 00:00:00
Himachal Pradesh,Hamirpur,Hamirpur(Nadaun),Other,Fruits,1.8,2300,2400,2350,21 Dec 2021,2021-12-21 00:00:00
Himachal Pradesh,Kangra,Kangra,Other,Fruits,1.6,3000,3500,3250,21 Dec 2021,2021-12-21 00:00:00
Himachal Pradesh,Sirmore,Paonta Sahib,Other,Fruits,0.52,3000,4500,4000,22 Dec 2021,2021-12-22 00:00:00
Himachal Pradesh,Chamba,Chamba,Other,Fruits,1.5,3000,3200,3100,22 Dec 2021,2021-12-22 00:00:00
Himachal Pradesh,Solan,Solan,Other,Fruits,0.7,1700,2700,2100,22 Dec 2021,2021-12-22 00:00:00
Himachal Pradesh,Kangra,Kangra,Other,Fruits,1.8,3000,3500,3250,22 Dec 2021,2021-12-22 00:00:00
Himachal Pradesh,Mandi,Dhanotu (Mandi),Other,Fruits,5.7,2000,2200,2100,22 Dec 2021,2021-12-22 00:00:00
Himachal Pradesh,Kullu,Kullu,Other,Fruits,1.2,2900,3100,3000,22 Dec 2021,2021-12-22 00:00:00
Himachal Pradesh,Kangra,Kangra(Jaisinghpur),Banana - Ripe,Fruits,0.05,3000,3500,3250,23 Dec 2021,2021-12-23 00:00:00
Himachal Pradesh,Kangra,Kangra,Other,Fruits,1.6,2500,3200,2850,23 Dec 2021,2021-12-23 00:00:00
Himachal Pradesh,Kullu,Bhuntar,Other,Fruits,1.6,2160,2280,2220,23 Dec 2021,2021-12-23 00:00:00
Himachal Pradesh,Kangra,Kangra(Baijnath),Banana - Ripe,Fruits,0.3,2500,3000,3000,23 Dec 2021,2021-12-23 00:00:00
Himachal Pradesh,Mandi,Mandi(Mandi),Banana - Ripe,Fruits,2.7,1900,2000,1900,23 Dec 2021,2021-12-23 00:00:00
Himachal Pradesh,Kangra,Palampur,Banana - Ripe,Fruits,1.8,2800,3200,3000,23 Dec 2021,2021-12-23 00:00:00
Himachal Pradesh,Hamirpur,Hamirpur,Other,Fruits,1.9,2300,2400,2350,23 Dec 2021,2021-12-23 00:00:00
Himachal Pradesh,Kangra,Kangra(Nagrota Bagwan),Amruthapani,Fruits,0.3,2800,3000,2900,23 Dec 2021,2021-12-23 00:00:00
Himachal Pradesh,Mandi,Dhanotu (Mandi),Other,Fruits,5.0,2200,2200,2200,23 Dec 2021,2021-12-23 00:00:00
Himachal Pradesh,Chamba,Chamba,Other,Fruits,2.0,3000,3200,3100,23 Dec 2021,2021-12-23 00:00:00
Himachal Pradesh,Solan,Solan,Other,Fruits,0.6,1700,2700,2100,24 Dec 2021,2021-12-24 00:00:00
Himachal Pradesh,Mandi,Dhanotu (Mandi),Other,Fruits,5.3,2000,2200,2100,24 Dec 2021,2021-12-24 00:00:00
Himachal Pradesh,Sirmore,Nahan,Other,Fruits,0.65,2300,0,3000,24 Dec 2021,2021-12-24 00:00:00
Himachal Pradesh,Sirmore,Paonta Sahib,Other,Fruits,0.45,3000,0,4000,24 Dec 2021,2021-12-24 00:00:00
Himachal Pradesh,Kangra,Palampur,Banana - Ripe,Fruits,1.7,2800,3500,3150,24 Dec 2021,2021-12-24 00:00:00
Himachal Pradesh,Kangra,Kangra,Other,Fruits,2.2,2400,2600,2500,24 Dec 2021,2021-12-24 00:00:00
Himachal Pradesh,Hamirpur,Hamirpur,Other,Fruits,2.12,2300,2400,2350,24 Dec 2021,2021-12-24 00:00:00
Himachal Pradesh,Kullu,Kullu,Other,Fruits,1.0,2900,3200,3000,24 Dec 2021,2021-12-24 00:00:00
Himachal Pradesh,Kangra,Kangra(Baijnath),Banana - Ripe,Fruits,0.5,2200,3000,2700,24 Dec 2021,2021-12-24 00:00:00
Himachal Pradesh,Kangra,Kangra(Nagrota Bagwan),Amruthapani,Fruits,0.2,2800,3000,2900,24 Dec 2021,2021-12-24 00:00:00
Himachal Pradesh,Kullu,Bhuntar,Other,Fruits,1.8,2220,2280,2250,24 Dec 2021,2021-12-24 00:00:00
Himachal Pradesh,Mandi,Dhanotu (Mandi),Other,Fruits,5.8,2000,2200,2100,25 Dec 2021,2021-12-25 00:00:00
Himachal Pradesh,Kullu,Kullu,Other,Fruits,1.3,2800,3000,2900,26 Dec 2021,2021-12-26 00:00:00
Himachal Pradesh,Hamirpur,Hamirpur,Other,Fruits,2.25,2400,2500,2450,27 Dec 2021,2021-12-27 00:00:00
Himachal Pradesh,Kangra,Palampur,Banana - Ripe,Fruits,1.5,3200,3700,3450,27 Dec 2021,2021-12-27 00:00:00
Himachal Pradesh,Hamirpur,Hamirpur(Nadaun),Other,Fruits,2.25,2300,2500,2400,27 Dec 2021,2021-12-27 00:00:00
Himachal Pradesh,Mandi,Mandi(Mandi),Banana - Ripe,Fruits,3.5,3800,4100,4000,27 Dec 2021,2021-12-27 00:00:00
Himachal Pradesh,Mandi,Dhanotu (Mandi),Other,Fruits,6.2,2000,2200,2100,27 Dec 2021,2021-12-27 00:00:00
Himachal Pradesh,Solan,Solan,Other,Fruits,0.9,1700,2700,2100,27 Dec 2021,2021-12-27 00:00:00
Himachal Pradesh,Kangra,Kangra,Other,Fruits,1.9,3000,3500,3250,27 Dec 2021,2021-12-27 00:00:00
Himachal Pradesh,Kullu,Kullu,Other,Fruits,1.0,2900,3200,3000,27 Dec 2021,2021-12-27 00:00:00
Himachal Pradesh,Kullu,Bhuntar,Other,Fruits,1.3,2160,2280,2220,27 Dec 2021,2021-12-27 00:00:00
Himachal Pradesh,Kangra,Kangra(Jaisinghpur),Banana - Ripe,Fruits,0.08,3200,3500,3350,27 Dec 2021,2021-12-27 00:00:00
Himachal Pradesh,Mandi,Dhanotu (Mandi),Other,Fruits,5.2,2000,2200,2100,28 Dec 2021,2021-12-28 00:00:00
Himachal Pradesh,Sirmore,Paonta Sahib,Other,Fruits,0.65,2500,0,3000,28 Dec 2021,2021-12-28 00:00:00
Himachal Pradesh,Kullu,Kullu,Other,Fruits,1.2,2900,3200,3000,28 Dec 2021,2021-12-28 00:00:00
Himachal Pradesh,Solan,Solan,Other,Fruits,0.2,1700,2700,2100,28 Dec 2021,2021-12-28 00:00:00
Himachal Pradesh,Kangra,Palampur,Banana - Ripe,Fruits,2.0,3200,3700,3450,28 Dec 2021,2021-12-28 00:00:00
Himachal Pradesh,Chamba,Chamba,Other,Fruits,1.8,3000,3200,3100,28 Dec 2021,2021-12-28 00:00:00
Himachal Pradesh,Sirmore,Nahan,Other,Fruits,0.6,2000,0,2500,28 Dec 2021,2021-12-28 00:00:00
Himachal Pradesh,Kangra,Kangra(Baijnath),Banana - Ripe,Fruits,0.4,2500,3000,3000,28 Dec 2021,2021-12-28 00:00:00
Himachal Pradesh,Kangra,Kangra,Other,Fruits,1.5,3000,3500,3250,28 Dec 2021,2021-12-28 00:00:00
Himachal Pradesh,Mandi,Mandi(Mandi),Banana - Ripe,Fruits,2.9,3800,4500,4000,28 Dec 2021,2021-12-28 00:00:00
Himachal Pradesh,Kangra,Kangra(Jaisinghpur),Banana - Ripe,Fruits,0.05,3200,3500,3350,28 Dec 2021,2021-12-28 00:00:00
Himachal Pradesh,Kullu,Bhuntar,Other,Fruits,1.6,2220,2280,2250,28 Dec 2021,2021-12-28 00:00:00
Himachal Pradesh,Kangra,Kangra(Jaisinghpur),Banana - Ripe,Fruits,0.03,3400,3800,3600,29 Dec 2021,2021-12-29 00:00:00
Himachal Pradesh,Kangra,Kangra(Baijnath),Banana - Ripe,Fruits,0.5,2200,2600,2400,29 Dec 2021,2021-12-29 00:00:00
Himachal Pradesh,Kangra,Palampur,Banana - Ripe,Fruits,1.8,3200,3800,3500,29 Dec 2021,2021-12-29 00:00:00
Himachal Pradesh,Mandi,Mandi(Mandi),Banana - Ripe,Fruits,3.5,2300,4300,4000,29 Dec 2021,2021-12-29 00:00:00
Himachal Pradesh,Kangra,Kangra,Other,Fruits,1.6,2800,3200,3000,29 Dec 2021,2021-12-29 00:00:00
Himachal Pradesh,Solan,Solan,Other,Fruits,1.2,1700,2700,2100,29 Dec 2021,2021-12-29 00:00:00
Himachal Pradesh,Kullu,Kullu,Other,Fruits,0.9,2900,3100,3000,29 Dec 2021,2021-12-29 00:00:00
Himachal Pradesh,Sirmore,Nahan,Other,Fruits,0.1,2200,2700,2500,29 Dec 2021,2021-12-29 00:00:00
Himachal Pradesh,Mandi,Dhanotu (Mandi),Other,Fruits,5.0,2000,2200,2100,29 Dec 2021,2021-12-29 00:00:00
Himachal Pradesh,Solan,Solan,Other,Fruits,0.6,1700,2700,2100,30 Dec 2021,2021-12-30 00:00:00
Himachal Pradesh,Sirmore,Nahan,Other,Fruits,0.6,2500,3000,2750,30 Dec 2021,2021-12-30 00:00:00
Himachal Pradesh,Kangra,Kangra(Nagrota Bagwan),Amruthapani,Fruits,0.3,2800,3000,2900,30 Dec 2021,2021-12-30 00:00:00
Himachal Pradesh,Kullu,Kullu,Other,Fruits,0.8,2800,3100,2900,30 Dec 2021,2021-12-30 00:00:00
Himachal Pradesh,Kangra,Kangra,Other,Fruits,1.9,3000,3500,3250,30 Dec 2021,2021-12-30 00:00:00
Himachal Pradesh,Kullu,Bhuntar,Other,Fruits,1.5,2220,2280,2250,30 Dec 2021,2021-12-30 00:00:00
Himachal Pradesh,Kangra,Palampur,Banana - Ripe,Fruits,2.1,3200,3800,3500,30 Dec 2021,2021-12-30 00:00:00
Himachal Pradesh,Mandi,Mandi(Mandi),Banana - Ripe,Fruits,3.2,2500,4500,4000,30 Dec 2021,2021-12-30 00:00:00
Himachal Pradesh,Mandi,Dhanotu (Mandi),Other,Fruits,5.5,2000,2200,2100,30 Dec 2021,2021-12-30 00:00:00
Himachal Pradesh,Kangra,Kangra(Baijnath),Banana - Ripe,Fruits,0.2,2200,2600,2500,30 Dec 2021,2021-12-30 00:00:00
Himachal Pradesh,Chamba,Chamba,Other,Fruits,2.0,3000,3200,3100,31 Dec 2021,2021-12-31 00:00:00
Himachal Pradesh,Hamirpur,Hamirpur(Nadaun),Other,Fruits,1.8,2400,2500,2450,31 Dec 2021,2021-12-31 00:00:00
Himachal Pradesh,Solan,Solan,Other,Fruits,0.5,1700,2700,2100,31 Dec 2021,2021-12-31 00:00:00
Himachal Pradesh,Kangra,Palampur,Banana - Ripe,Fruits,1.8,3400,3800,3600,31 Dec 2021,2021-12-31 00:00:00
Himachal Pradesh,Hamirpur,Hamirpur,Other,Fruits,1.8,2400,2500,2450,31 Dec 2021,2021-12-31 00:00:00
Himachal Pradesh,Kangra,Kangra,Other,Fruits,1.7,2500,3000,2750,31 Dec 2021,2021-12-31 00:00:00
Himachal Pradesh,Sirmore,Nahan,Other,Fruits,0.5,2400,3000,2600,31 Dec 2021,2021-12-31 00:00:00
Himachal Pradesh,Kangra,Kangra(Baijnath),Banana - Ripe,Fruits,0.3,2200,2500,2500,31 Dec 2021,2021-12-31 00:00:00
Himachal Pradesh,Kangra,Kangra(Jaisinghpur),Banana - Ripe,Fruits,0.05,3500,3800,3650,31 Dec 2021,2021-12-31 00:00:00
Himachal Pradesh,Mandi,Mandi(Mandi),Banana - Ripe,Fruits,3.4,1200,4000,3500,31 Dec 2021,2021-12-31 00:00:00
Himachal Pradesh,Kullu,Kullu,Other,Fruits,1.1,3000,3200,3100,31 Dec 2021,2021-12-31 00:00:00
Himachal Pradesh,Mandi,Dhanotu (Mandi),Other,Fruits,5.9,1800,2200,2000,31 Dec 2021,2021-12-31 00:00:00
Himachal Pradesh,Kullu,Bhuntar,Other,Fruits,1.3,2220,2280,2250,31 Dec 2021,2021-12-31 00:00:00
Himachal Pradesh,Una,Una,Medium,Fruits,10.0,2400,2500,2450,01 Jan 2022,2022-01-01 00:00:00
Himachal Pradesh,Kangra,Kangra,Other,Fruits,1.8,3000,3500,3250,01 Jan 2022,2022-01-01 00:00:00
Himachal Pradesh,Solan,Solan,Other,Fruits,0.9,1700,2700,2100,01 Jan 2022,2022-01-01 00:00:00
Himachal Pradesh,Sirmore,Nahan,Other,Fruits,0.5,2500,0,3000,01 Jan 2022,2022-01-01 00:00:00
Himachal Pradesh,Hamirpur,Hamirpur(Nadaun),Other,Fruits,1.8,2400,2500,2450,01 Jan 2022,2022-01-01 00:00:00
Himachal Pradesh,Bilaspur,Bilaspur,Ordinary Big,Fruits,1.9,1800,2100,1900,01 Jan 2022,2022-01-01 00:00:00
Himachal Pradesh,Kangra,Kangra(Jaisinghpur),Banana - Ripe,Fruits,0.06,3500,3800,3650,01 Jan 2022,2022-01-01 00:00:00
Himachal Pradesh,Kangra,Kangra(Baijnath),Banana - Ripe,Fruits,0.4,2200,2500,2500,01 Jan 2022,2022-01-01 00:00:00
Himachal Pradesh,Hamirpur,Hamirpur,Other,Fruits,1.8,2400,2500,2450,01 Jan 2022,2022-01-01 00:00:00
Himachal Pradesh,Kullu,Kullu,Other,Fruits,0.7,2600,2800,2700,01 Jan 2022,2022-01-01 00:00:00
Himachal Pradesh,Kangra,Palampur,Banana - Ripe,Fruits,1.5,3400,3800,3600,01 Jan 2022,2022-01-01 00:00:00
Himachal Pradesh,Mandi,Dhanotu (Mandi),Other,Fruits,5.8,1800,2200,2000,01 Jan 2022,2022-01-01 00:00:00
Himachal Pradesh,Mandi,Mandi(Mandi),Banana - Ripe,Fruits,2.5,3000,4500,4000,01 Jan 2022,2022-01-01 00:00:00
Himachal Pradesh,Kullu,Bhuntar,Other,Fruits,1.6,2220,2280,2250,02 Jan 2022,2022-01-02 00:00:00
Himachal Pradesh,Kullu,Kullu,Other,Fruits,1.1,2700,3000,2800,02 Jan 2022,2022-01-02 00:00:00
Himachal Pradesh,Hamirpur,Hamirpur,Other,Fruits,2.25,2200,2400,2300,03 Jan 2022,2022-01-03 00:00:00
Himachal Pradesh,Kangra,Palampur,Banana - Ripe,Fruits,1.6,3400,3800,3600,03 Jan 2022,2022-01-03 00:00:00
Himachal Pradesh,Bilaspur,Bilaspur,Ordinary Big,Fruits,1.8,1800,2100,1900,03 Jan 2022,2022-01-03 00:00:00
Himachal Pradesh,Hamirpur,Hamirpur(Nadaun),Other,Fruits,2.25,2300,2500,2400,03 Jan 2022,2022-01-03 00:00:00
Himachal Pradesh,Mandi,Dhanotu (Mandi),Other,Fruits,6.5,1800,2200,2000,03 Jan 2022,2022-01-03 00:00:00
Himachal Pradesh,Sirmore,Paonta Sahib,Other,Fruits,0.68,2000,2500,2500,03 Jan 2022,2022-01-03 00:00:00
Himachal Pradesh,Chamba,Chamba,Other,Fruits,2.0,3000,3200,3100,03 Jan 2022,2022-01-03 00:00:00
Himachal Pradesh,Kangra,Kangra,Other,Fruits,2.0,3000,3500,3250,03 Jan 2022,2022-01-03 00:00:00
Himachal Pradesh,Solan,Solan,Other,Fruits,0.8,1700,2700,2100,03 Jan 2022,2022-01-03 00:00:00
Himachal Pradesh,Kullu,Kullu,Other,Fruits,0.8,2700,3000,2800,03 Jan 2022,2022-01-03 00:00:00
Himachal Pradesh,Kangra,Kangra(Nagrota Bagwan),Amruthapani,Fruits,0.3,2800,3000,2900,03 Jan 2022,2022-01-03 00:00:00
Himachal Pradesh,Kangra,Kangra(Jassour),Other,Fruits,1.8,2500,2700,2600,03 Jan 2022,2022-01-03 00:00:00
Himachal Pradesh,Mandi,Mandi(Mandi),Banana - Ripe,Fruits,4.5,3800,4200,4000,03 Jan 2022,2022-01-03 00:00:00
Himachal Pradesh,Kullu,Bhuntar,Other,Fruits,1.5,2220,2280,2250,03 Jan 2022,2022-01-03 00:00:00
Himachal Pradesh,Una,Una,Medium,Fruits,8.2,2300,2400,2350,03 Jan 2022,2022-01-03 00:00:00
Himachal Pradesh,Kangra,Kangra(Jaisinghpur),Banana - Ripe,Fruits,0.03,3500,4000,3750,03 Jan 2022,2022-01-03 00:00:00
Himachal Pradesh,Kullu,Kullu,Other,Fruits,1.2,2700,2900,2800,04 Jan 2022,2022-01-04 00:00:00
Himachal Pradesh,Kangra,Kangra(Jassour),Other,Fruits,1.5,2500,2600,2550,04 Jan 2022,2022-01-04 00:00:00
Himachal Pradesh,Kangra,Palampur,Banana - Ripe,Fruits,2.0,3400,3800,3650,04 Jan 2022,2022-01-04 00:00:00
Himachal Pradesh,Hamirpur,Hamirpur,Other,Fruits,1.8,2400,2500,2450,04 Jan 2022,2022-01-04 00:00:00
Himachal Pradesh,Hamirpur,Hamirpur(Nadaun),Other,Fruits,1.8,2300,2400,2350,04 Jan 2022,2022-01-04 00:00:00
Himachal Pradesh,Kangra,Kangra(Jaisinghpur),Banana - Ripe,Fruits,0.07,3500,4000,3700,04 Jan 2022,2022-01-04 00:00:00
Himachal Pradesh,Bilaspur,Bilaspur,Ordinary Big,Fruits,1.7,1600,2100,1700,04 Jan 2022,2022-01-04 00:00:00
Himachal Pradesh,Sirmore,Nahan,Other,Fruits,0.4,2000,0,2200,04 Jan 2022,2022-01-04 00:00:00
Himachal Pradesh,Kangra,Kangra,Other,Fruits,1.8,3000,3500,3250,04 Jan 2022,2022-01-04 00:00:00
Himachal Pradesh,Sirmore,Paonta Sahib,Other,Fruits,0.8,2000,2500,2200,04 Jan 2022,2022-01-04 00:00:00
Himachal Pradesh,Solan,Solan,Other,Fruits,0.1,1700,2700,2100,04 Jan 2022,2022-01-04 00:00:00
Himachal Pradesh,Kangra,Kangra(Jassour),Other,Fruits,1.8,2600,2800,2700,05 Jan 2022,2022-01-05 00:00:00
Himachal Pradesh,Kangra,Palampur,Banana - Ripe,Fruits,2.3,3400,3800,3500,05 Jan 2022,2022-01-05 00:00:00
Himachal Pradesh,Mandi,Mandi(Mandi),Banana - Ripe,Fruits,1.5,3700,4000,3800,05 Jan 2022,2022-01-05 00:00:00
Himachal Pradesh,Sirmore,Nahan,Other,Fruits,0.3,2500,0,3000,05 Jan 2022,2022-01-05 00:00:00
Himachal Pradesh,Kangra,Kangra,Other,Fruits,2.0,3000,3500,3250,05 Jan 2022,2022-01-05 00:00:00
Himachal Pradesh,Kullu,Kullu,Other,Fruits,0.8,2800,3000,2900,05 Jan 2022,2022-01-05 00:00:00
Himachal Pradesh,Mandi,Dhanotu (Mandi),Other,Fruits,4.8,1800,2200,2000,05 Jan 2022,2022-01-05 00:00:00
Himachal Pradesh,Hamirpur,Hamirpur(Nadaun),Other,Fruits,2.1,2300,2400,2350,05 Jan 2022,2022-01-05 00:00:00
Himachal Pradesh,Bilaspur,Bilaspur,Ordinary Big,Fruits,1.8,1900,2300,2000,05 Jan 2022,2022-01-05 00:00:00
Himachal Pradesh,Sirmore,Paonta Sahib,Other,Fruits,0.65,2500,3500,3000,05 Jan 2022,2022-01-05 00:00:00
Himachal Pradesh,Solan,Solan,Other,Fruits,0.8,1700,2700,2100,05 Jan 2022,2022-01-05 00:00:00
Himachal Pradesh,Kullu,Kullu,Other,Fruits,0.7,2900,3200,3000,06 Jan 2022,2022-01-06 00:00:00
Himachal Pradesh,Kangra,Kangra,Other,Fruits,1.6,2500,3000,2750,06 Jan 2022,2022-01-06 00:00:00
Himachal Pradesh,Mandi,Dhanotu (Mandi),Other,Fruits,5.2,2000,2200,2100,06 Jan 2022,2022-01-06 00:00:00
Himachal Pradesh,Sirmore,Nahan,Other,Fruits,0.8,2500,0,3000,06 Jan 2022,2022-01-06 00:00:00
Himachal Pradesh,Sirmore,Paonta Sahib,Other,Fruits,0.85,2000,2500,2500,06 Jan 2022,2022-01-06 00:00:00
Himachal Pradesh,Mandi,Mandi(Mandi),Banana - Ripe,Fruits,1.8,3500,4500,4000,06 Jan 2022,2022-01-06 00:00:00
Himachal Pradesh,Kullu,Bhuntar,Other,Fruits,1.3,2160,2280,2220,06 Jan 2022,2022-01-06 00:00:00
Himachal Pradesh,Kangra,Kangra(Jaisinghpur),Banana - Ripe,Fruits,0.05,3600,4000,3800,06 Jan 2022,2022-01-06 00:00:00
Himachal Pradesh,Solan,Solan,Other,Fruits,0.3,1700,2700,2100,06 Jan 2022,2022-01-06 00:00:00
Himachal Pradesh,Kangra,Palampur,Banana - Ripe,Fruits,1.8,3200,3500,3350,06 Jan 2022,2022-01-06 00:00:00
Himachal Pradesh,Kangra,Kangra(Baijnath),Banana - Ripe,Fruits,0.5,2200,2500,2500,07 Jan 2022,2022-01-07 00:00:00
Himachal Pradesh,Sirmore,Nahan,Other,Fruits,0.5,2500,3000,2750,07 Jan 2022,2022-01-07 00:00:00
Himachal Pradesh,Mandi,Mandi(Mandi),Banana - Ripe,Fruits,3.9,3500,4200,4000,07 Jan 2022,2022-01-07 00:00:00
Himachal Pradesh,Hamirpur,Hamirpur,Other,Fruits,2.2,2400,2500,2450,07 Jan 2022,2022-01-07 00:00:00
Himachal Pradesh,Kullu,Bhuntar,Other,Fruits,1.6,2220,2280,2250,07 Jan 2022,2022-01-07 00:00:00
Himachal Pradesh,Kangra,Kangra,Other,Fruits,1.5,3000,3500,3250,07 Jan 2022,2022-01-07 00:00:00
Himachal Pradesh,Bilaspur,Bilaspur,Ordinary Big,Fruits,2.0,1800,2200,1900,07 Jan 2022,2022-01-07 00:00:00
Himachal Pradesh,Kangra,Kangra(Jaisinghpur),Banana - Ripe,Fruits,0.15,3600,4200,3850,07 Jan 2022,2022-01-07 00:00:00
Himachal Pradesh,Kangra,Palampur,Banana - Ripe,Fruits,2.0,3500,4000,3750,07 Jan 2022,2022-01-07 00:00:00
Himachal Pradesh,Kangra,Kangra(Nagrota Bagwan),Amruthapani,Fruits,0.2,2800,3000,2900,07 Jan 2022,2022-01-07 00:00:00
Himachal Pradesh,Sirmore,Paonta Sahib,Other,Fruits,0.65,2000,2500,2200,07 Jan 2022,2022-01-07 00:00:00
Himachal Pradesh,Mandi,Dhanotu (Mandi),Other,Fruits,5.0,1800,2200,2000,07 Jan 2022,2022-01-07 00:00:00
Himachal Pradesh,Bilaspur,Bilaspur,Ordinary Big,Fruits,2.1,1800,2100,2000,08 Jan 2022,2022-01-08 00:00:00
Himachal Pradesh,Kullu,Kullu,Other,Fruits,1.1,2800,3000,2900,08 Jan 2022,2022-01-08 00:00:00
Himachal Pradesh,Kangra,Kangra(Jassour),Other,Fruits,1.7,2400,2600,2500,08 Jan 2022,2022-01-08 00:00:00
Himachal Pradesh,Kangra,Kangra(Baijnath),Banana - Ripe,Fruits,0.6,2200,2500,2500,08 Jan 2022,2022-01-08 00:00:00
Himachal Pradesh,Kangra,Palampur,Banana - Ripe,Fruits,1.5,2800,3500,3150,08 Jan 2022,2022-01-08 00:00:00
Himachal Pradesh,Mandi,Dhanotu (Mandi),Other,Fruits,3.6,2000,2200,2100,08 Jan 2022,2022-01-08 00:00:00
Himachal Pradesh,Kullu,Kullu,Other,Fruits,0.7,2800,3000,2900,09 Jan 2022,2022-01-09 00:00:00
Himachal Pradesh,Kangra,Kangra(Jassour),Other,Fruits,2.0,2400,2600,2500,10 Jan 2022,2022-01-10 00:00:00
Himachal Pradesh,Mandi,Dhanotu (Mandi),Other,Fruits,4.0,2000,2200,2100,10 Jan 2022,2022-01-10 00:00:00
Himachal Pradesh,Solan,Solan,Other,Fruits,0.4,1700,2700,2100,10 Jan 2022,2022-01-10 00:00:00
Himachal Pradesh,Kullu,Kullu,Other,Fruits,0.8,2600,2800,2700,10 Jan 2022,2022-01-10 00:00:00
Himachal Pradesh,Hamirpur,Hamirpur(Nadaun),Other,Fruits,2.25,2300,2400,2350,10 Jan 2022,2022-01-10 00:00:00
Himachal Pradesh,Kullu,Bhuntar,Other,Fruits,1.3,2220,2280,2250,10 Jan 2022,2022-01-10 00:00:00
Himachal Pradesh,Kangra,Kangra(Jaisinghpur),Banana - Ripe,Fruits,0.1,3000,3400,3200,10 Jan 2022,2022-01-10 00:00:00
Himachal Pradesh,Kangra,Palampur,Banana - Ripe,Fruits,1.4,2800,3200,3000,10 Jan 2022,2022-01-10 00:00:00
Himachal Pradesh,Una,Una,Medium,Fruits,9.2,2300,2300,2300,10 Jan 2022,2022-01-10 00:00:00
Himachal Pradesh,Chamba,Chamba,Other,Fruits,1.8,3000,3200,3100,10 Jan 2022,2022-01-10 00:00:00
Himachal Pradesh,Hamirpur,Hamirpur,Other,Fruits,2.25,2300,2400,2350,10 Jan 2022,2022-01-10 00:00:00
Himachal Pradesh,Kangra,Kangra,Other,Fruits,1.8,2500,3000,2750,10 Jan 2022,2022-01-10 00:00:00
Himachal Pradesh,Sirmore,Paonta Sahib,Other,Fruits,0.85,2000,3000,2500,10 Jan 2022,2022-01-10 00:00:00
Himachal Pradesh,Mandi,Mandi(Mandi),Banana - Ripe,Fruits,3.4,2500,4500,4000,10 Jan 2022,2022-01-10 00:00:00
Himachal Pradesh,Kangra,Kangra(Nagrota Bagwan),Amruthapani,Fruits,0.3,2600,2800,2700,10 Jan 2022,2022-01-10 00:00:00
Himachal Pradesh,Mandi,Mandi(Mandi),Banana - Ripe,Fruits,2.5,2000,4000,3000,11 Jan 2022,2022-01-11 00:00:00
Himachal Pradesh,Kullu,Bhuntar,Other,Fruits,1.5,2220,2280,2250,11 Jan 2022,2022-01-11 00:00:00
Himachal Pradesh,Kangra,Kangra,Other,Fruits,1.9,2500,3000,2750,11 Jan 2022,2022-01-11 00:00:00
Himachal Pradesh,Sirmore,Nahan,Other,Fruits,0.65,1500,0,2000,11 Jan 2022,2022-01-11 00:00:00
Himachal Pradesh,Sirmore,Paonta Sahib,Other,Fruits,0.65,2000,3000,2500,11 Jan 2022,2022-01-11 00:00:00
Himachal Pradesh,Kangra,Kangra(Jassour),Other,Fruits,1.9,2500,2700,2600,11 Jan 2022,2022-01-11 00:00:00
Himachal Pradesh,Kangra,Kangra(Baijnath),Banana - Ripe,Fruits,0.4,2000,2500,2500,11 Jan 2022,2022-01-11 00:00:00
Himachal Pradesh,Mandi,Dhanotu (Mandi),Other,Fruits,4.2,2000,2200,2100,11 Jan 2022,2022-01-11 00:00:00
Himachal Pradesh,Kangra,Palampur,Banana - Ripe,Fruits,2.0,2800,3200,3000,11 Jan 2022,2022-01-11 00:00:00
Himachal Pradesh,Solan,Solan,Other,Fruits,0.1,1700,2700,2100,11 Jan 2022,2022-01-11 00:00:00
Himachal Pradesh,Kullu,Kullu,Other,Fruits,1.0,2800,3000,2900,11 Jan 2022,2022-01-11 00:00:00
Himachal Pradesh,Una,Una,Medium,Fruits,11.3,2200,2400,2300,11 Jan 2022,2022-01-11 00:00:00
Himachal Pradesh,Hamirpur,Hamirpur,Other,Fruits,2.02,2300,2400,2350,11 Jan 2022,2022-01-11 00:00:00
Himachal Pradesh,Bilaspur,Bilaspur,Ordinary Big,Fruits,1.8,1600,2200,2100,11 Jan 2022,2022-01-11 00:00:00
Himachal Pradesh,Mandi,Dhanotu (Mandi),Other,Fruits,4.8,2000,2200,2100,12 Jan 2022,2022-01-12 00:00:00
Himachal Pradesh,Kullu,Kullu,Other,Fruits,1.3,2700,3000,2900,12 Jan 2022,2022-01-12 00:00:00
Himachal Pradesh,Mandi,Mandi(Mandi),Banana - Ripe,Fruits,3.4,2500,4500,4000,12 Jan 2022,2022-01-12 00:00:00
Himachal Pradesh,Una,Una,Medium,Fruits,10.3,2200,2400,2300,12 Jan 2022,2022-01-12 00:00:00
Himachal Pradesh,Kangra,Kangra,Other,Fruits,2.1,2500,3000,2750,12 Jan 2022,2022-01-12 00:00:00
Himachal Pradesh,Hamirpur,Hamirpur,Other,Fruits,1.8,2300,2400,2350,12 Jan 2022,2022-01-12 00:00:00
Himachal Pradesh,Hamirpur,Hamirpur(Nadaun),Other,Fruits,1.8,2200,2400,2300,12 Jan 2022,2022-01-12 00:00:00
Himachal Pradesh,Kangra,Kangra(Nagrota Bagwan),Amruthapani,Fruits,0.2,2600,2800,2700,12 Jan 2022,2022-01-12 00:00:00
Himachal Pradesh,Kangra,Palampur,Banana - Ripe,Fruits,1.8,2700,3000,2850,12 Jan 2022,2022-01-12 00:00:00
Himachal Pradesh,Sirmore,Paonta Sahib,Other,Fruits,0.85,2000,2800,2500,12 Jan 2022,2022-01-12 00:00:00
Himachal Pradesh,Kangra,Kangra(Jassour),Other,Fruits,1.8,2400,2600,2500,12 Jan 2022,2022-01-12 00:00:00
Himachal Pradesh,Kangra,Palampur,Banana - Ripe,Fruits,1.5,2600,3000,2800,13 Jan 2022,2022-01-13 00:00:00
Himachal Pradesh,Mandi,Mandi(Mandi),Banana - Ripe,Fruits,2.7,1900,4000,3500,13 Jan 2022,2022-01-13 00:00:00
Himachal Pradesh,Sirmore,Nahan,Other,Fruits,0.75,250,3000,2750,13 Jan 2022,2022-01-13 00:00:00
Himachal Pradesh,Mandi,Dhanotu (Mandi),Other,Fruits,4.4,2000,2400,2200,13 Jan 2022,2022-01-13 00:00:00
Himachal Pradesh,Chamba,Chamba,Other,Fruits,2.0,3000,3200,3100,13 Jan 2022,2022-01-13 00:00:00
Himachal Pradesh,Solan,Solan,Other,Fruits,0.8,1700,2700,2100,13 Jan 2022,2022-01-13 00:00:00
Himachal Pradesh,Kangra,Kangra,Other,Fruits,1.9,2500,3000,2750,13 Jan 2022,2022-01-13 00:00:00
Himachal Pradesh,Kullu,Kullu,Other,Fruits,1.1,2800,3100,2900,13 Jan 2022,2022-01-13 00:00:00
Himachal Pradesh,Una,Una,Medium,Fruits,7.6,2200,2400,2300,13 Jan 2022,2022-01-13 00:00:00
Himachal Pradesh,Bilaspur,Bilaspur,Ordinary Big,Fruits,2.1,1800,2100,1900,13 Jan 2022,2022-01-13 00:00:00
Himachal Pradesh,Kangra,Kangra(Jassour),Other,Fruits,0.5,2500,2700,2600,13 Jan 2022,2022-01-13 00:00:00
Himachal Pradesh,Kullu,Bhuntar,Other,Fruits,1.6,2100,2160,2130,14 Jan 2022,2022-01-14 00:00:00
Himachal Pradesh,Mandi,Mandi(Mandi),Banana - Ripe,Fruits,2.2,1700,4000,3800,14 Jan 2022,2022-01-14 00:00:00
Himachal Pradesh,Kullu,Kullu,Other,Fruits,0.8,2800,3000,2900,14 Jan 2022,2022-01-14 00:00:00
Himachal Pradesh,Kangra,Palampur,Banana - Ripe,Fruits,1.6,2600,3000,2800,14 Jan 2022,2022-01-14 00:00:00
Himachal Pradesh,Solan,Solan,Other,Fruits,0.7,1700,2700,2100,14 Jan 2022,2022-01-14 00:00:00
Himachal Pradesh,Kangra,Kangra(Jaisinghpur),Banana - Ripe,Fruits,0.07,2800,3500,3150,14 Jan 2022,2022-01-14 00:00:00
Himachal Pradesh,Mandi,Dhanotu (Mandi),Other,Fruits,1.0,2000,2200,2100,14 Jan 2022,2022-01-14 00:00:00
Himachal Pradesh,Kangra,Kangra,Other,Fruits,1.8,2500,3000,2750,14 Jan 2022,2022-01-14 00:00:00
Himachal Pradesh,Bilaspur,Bilaspur,Ordinary Big,Fruits,1.8,1800,2000,1900,14 Jan 2022,2022-01-14 00:00:00
Himachal Pradesh,Kangra,Kangra,Other,Fruits,1.5,3000,3500,3250,15 Jan 2022,2022-01-15 00:00:00
Himachal Pradesh,Kullu,Kullu,Other,Fruits,1.1,2600,2800,2700,15 Jan 2022,2022-01-15 00:00:00
Himachal Pradesh,Kangra,Kangra(Jassour),Other,Fruits,2.4,2500,2700,2600,15 Jan 2022,2022-01-15 00:00:00
Himachal Pradesh,Mandi,Mandi(Mandi),Banana - Ripe,Fruits,1.0,2200,4300,3000,15 Jan 2022,2022-01-15 00:00:00
Himachal Pradesh,Kangra,Kangra(Baijnath),Banana - Ripe,Fruits,0.3,2500,2700,2700,15 Jan 2022,2022-01-15 00:00:00
Himachal Pradesh,Mandi,Dhanotu (Mandi),Other,Fruits,4.0,1600,2200,1900,15 Jan 2022,2022-01-15 00:00:00
Himachal Pradesh,Bilaspur,Bilaspur,Ordinary Big,Fruits,2.4,2100,2300,2200,15 Jan 2022,2022-01-15 00:00:00
Himachal Pradesh,Kullu,Kullu,Other,Fruits,1.4,2900,3100,3000,16 Jan 2022,2022-01-16 00:00:00
Himachal Pradesh,Kullu,Bhuntar,Other,Fruits,2.5,2100,2160,2130,16 Jan 2022,2022-01-16 00:00:00
Himachal Pradesh,Solan,Solan,Other,Fruits,0.5,1700,2700,2100,17 Jan 2022,2022-01-17 00:00:00
Himachal Pradesh,Mandi,Dhanotu (Mandi),Other,Fruits,4.8,2000,2200,2100,17 Jan 2022,2022-01-17 00:00:00
Himachal Pradesh,Hamirpur,Hamirpur,Other,Fruits,2.25,2200,2400,2300,17 Jan 2022,2022-01-17 00:00:00
Himachal Pradesh,Una,Una,Medium,Fruits,7.2,2150,2300,2200,17 Jan 2022,2022-01-17 00:00:00
Himachal Pradesh,Hamirpur,Hamirpur(Nadaun),Other,Fruits,2.25,2200,2400,2300,17 Jan 2022,2022-01-17 00:00:00
Himachal Pradesh,Kullu,Kullu,Other,Fruits,1.2,2600,2800,2700,17 Jan 2022,2022-01-17 00:00:00
Himachal Pradesh,Kangra,Kangra(Jaisinghpur),Banana - Ripe,Fruits,0.1,2800,3200,3000,17 Jan 2022,2022-01-17 00:00:00
Himachal Pradesh,Mandi,Mandi(Mandi),Banana - Ripe,Fruits,5.7,2500,4100,4000,17 Jan 2022,2022-01-17 00:00:00
Himachal Pradesh,Bilaspur,Bilaspur,Ordinary Big,Fruits,2.2,1800,2200,1900,17 Jan 2022,2022-01-17 00:00:00
Himachal Pradesh,Kangra,Palampur,Banana - Ripe,Fruits,1.4,2700,3000,2850,17 Jan 2022,2022-01-17 00:00:00
Himachal Pradesh,Kullu,Bhuntar,Other,Fruits,1.6,2100,2160,2130,17 Jan 2022,2022-01-17 00:00:00
Himachal Pradesh,Kangra,Kangra,Other,Fruits,2.4,2500,3000,2750,17 Jan 2022,2022-01-17 00:00:00
Himachal Pradesh,Kangra,Kangra(Jaisinghpur),Banana - Ripe,Fruits,0.07,2800,3200,3000,18 Jan 2022,2022-01-18 00:00:00
Himachal Pradesh,Una,Una,Medium,Fruits,9.9,2400,2400,2400,18 Jan 2022,2022-01-18 00:00:00
Himachal Pradesh,Kullu,Kullu,Other,Fruits,0.8,2800,3000,2900,18 Jan 2022,2022-01-18 00:00:00
Himachal Pradesh,Mandi,Dhanotu (Mandi),Other,Fruits,0.3,3500,4000,3750,18 Jan 2022,2022-01-18 00:00:00
Himachal Pradesh,Bilaspur,Bilaspur,Ordinary Big,Fruits,1.8,1800,2200,2000,18 Jan 2022,2022-01-18 00:00:00
Himachal Pradesh,Solan,Solan,Other,Fruits,0.1,1700,2700,2100,18 Jan 2022,2022-01-18 00:00:00
Himachal Pradesh,Mandi,Mandi(Mandi),Banana - Ripe,Fruits,2.7,3000,4100,3500,18 Jan 2022,2022-01-18 00:00:00
Himachal Pradesh,Hamirpur,Hamirpur,Other,Fruits,2.0,2300,2400,2350,18 Jan 2022,2022-01-18 00:00:00
Himachal Pradesh,Kangra,Kangra,Other,Fruits,1.8,2500,3000,2750,18 Jan 2022,2022-01-18 00:00:00
Himachal Pradesh,Chamba,Chamba,Other,Fruits,1.8,3000,3200,3100,18 Jan 2022,2022-01-18 00:00:00
Himachal Pradesh,Kangra,Palampur,Banana - Ripe,Fruits,1.2,2700,3000,2850,18 Jan 2022,2022-01-18 00:00:00
Himachal Pradesh,Kullu,Bhuntar,Other,Fruits,2.5,2100,2160,2130,18 Jan 2022,2022-01-18 00:00:00
Himachal Pradesh,Kangra,Kangra(Jassour),Other,Fruits,2.5,2400,2600,2500,18 Jan 2022,2022-01-18 00:00:00
Himachal Pradesh,Solan,Solan,Other,Fruits,0.8,1700,2700,2100,19 Jan 2022,2022-01-19 00:00:00
Himachal Pradesh,Kangra,Palampur,Banana - Ripe,Fruits,1.3,2700,3000,2850,19 Jan 2022,2022-01-19 00:00:00
Himachal Pradesh,Sirmore,Nahan,Other,Fruits,0.3,2500,3600,3000,19 Jan 2022,2022-01-19 00:00:00
Himachal Pradesh,Una,Una,Medium,Fruits,9.7,2500,2500,2500,19 Jan 2022,2022-01-19 00:00:00
Himachal Pradesh,Mandi,Mandi(Mandi),Banana - Ripe,Fruits,1.2,3800,4100,4000,19 Jan 2022,2022-01-19 00:00:00
Himachal Pradesh,Sirmore,Paonta Sahib,Other,Fruits,0.2,300000,400000,350000,19 Jan 2022,2022-01-19 00:00:00
Himachal Pradesh,Kangra,Kangra(Jassour),Other,Fruits,2.4,2400,2600,2500,19 Jan 2022,2022-01-19 00:00:00
Himachal Pradesh,Kullu,Kullu,Other,Fruits,0.7,2700,2900,2800,19 Jan 2022,2022-01-19 00:00:00
Himachal Pradesh,Hamirpur,Hamirpur(Nadaun),Other,Fruits,1.75,2300,2500,2400,19 Jan 2022,2022-01-19 00:00:00
Himachal Pradesh,Hamirpur,Hamirpur,Other,Fruits,1.87,2300,2500,2400,19 Jan 2022,2022-01-19 00:00:00
Himachal Pradesh,Kangra,Kangra,Other,Fruits,1.7,2500,3000,2750,19 Jan 2022,2022-01-19 00:00:00
Himachal Pradesh,Mandi,Dhanotu (Mandi),Other,Fruits,5.5,1800,2200,2000,19 Jan 2022,2022-01-19 00:00:00
Himachal Pradesh,Bilaspur,Bilaspur,Ordinary Big,Fruits,2.0,1800,2100,1900,19 Jan 2022,2022-01-19 00:00:00
Himachal Pradesh,Kangra,Palampur,Banana - Ripe,Fruits,1.8,2700,3200,3000,20 Jan 2022,2022-01-20 00:00:00
Himachal Pradesh,Hamirpur,Hamirpur(Nadaun),Other,Fruits,1.65,2300,2400,2350,20 Jan 2022,2022-01-20 00:00:00
Himachal Pradesh,Kangra,Kangra,Other,Fruits,1.5,2500,3000,2750,20 Jan 2022,2022-01-20 00:00:00
Himachal Pradesh,Hamirpur,Hamirpur,Other,Fruits,2.01,2300,2400,2350,20 Jan 2022,2022-01-20 00:00:00
Himachal Pradesh,Sirmore,Nahan,Other,Fruits,0.65,2000,0,3000,20 Jan 2022,2022-01-20 00:00:00
Himachal Pradesh,Sirmore,Paonta Sahib,Other,Fruits,0.45,200000,300000,250000,20 Jan 2022,2022-01-20 00:00:00
Himachal Pradesh,Kangra,Kangra(Jaisinghpur),Banana - Ripe,Fruits,0.03,3000,3400,3300,20 Jan 2022,2022-01-20 00:00:00
Himachal Pradesh,Mandi,Dhanotu (Mandi),Other,Fruits,5.8,1800,2200,2000,20 Jan 2022,2022-01-20 00:00:00
Himachal Pradesh,Kangra,Kangra(Jassour),Other,Fruits,0.5,2400,2600,2500,20 Jan 2022,2022-01-20 00:00:00
Himachal Pradesh,Mandi,Mandi(Mandi),Banana - Ripe,Fruits,2.5,3500,4100,4000,20 Jan 2022,2022-01-20 00:00:00
Himachal Pradesh,Kullu,Kullu,Other,Fruits,0.8,2700,2900,2800,20 Jan 2022,2022-01-20 00:00:00
Himachal Pradesh,Solan,Solan,Other,Fruits,0.2,1700,2700,2100,20 Jan 2022,2022-01-20 00:00:00
Himachal Pradesh,Bilaspur,Bilaspur,Ordinary Big,Fruits,1.8,1900,2200,2000,20 Jan 2022,2022-01-20 00:00:00
Himachal Pradesh,Kangra,Kangra(Nagrota Bagwan),Amruthapani,Fruits,0.3,2600,2800,2700,20 Jan 2022,2022-01-20 00:00:00
Himachal Pradesh,Chamba,Chamba,Other,Fruits,1.5,3000,3200,3100,20 Jan 2022,2022-01-20 00:00:00
Himachal Pradesh,Mandi,Mandi(Mandi),Banana - Ripe,Fruits,3.8,3000,4100,4000,21 Jan 2022,2022-01-21 00:00:00
Himachal Pradesh,Kullu,Kullu,Other,Fruits,0.9,2800,3200,2900,21 Jan 2022,2022-01-21 00:00:00
Himachal Pradesh,Kangra,Palampur,Banana - Ripe,Fruits,1.6,2800,3000,2900,21 Jan 2022,2022-01-21 00:00:00
Himachal Pradesh,Hamirpur,Hamirpur(Nadaun),Other,Fruits,1.52,2300,2400,2350,21 Jan 2022,2022-01-21 00:00:00
Himachal Pradesh,Kangra,Kangra(Baijnath),Banana - Ripe,Fruits,0.4,2000,2500,2200,21 Jan 2022,2022-01-21 00:00:00
Himachal Pradesh,Hamirpur,Hamirpur,Other,Fruits,2.05,2300,2400,2350,21 Jan 2022,2022-01-21 00:00:00
Himachal Pradesh,Sirmore,Nahan,Other,Fruits,0.32,2500,0,2800,21 Jan 2022,2022-01-21 00:00:00
Himachal Pradesh,Kangra,Kangra(Jaisinghpur),Banana - Ripe,Fruits,0.07,3000,3400,3200,21 Jan 2022,2022-01-21 00:00:00
Himachal Pradesh,Mandi,Dhanotu (Mandi),Other,Fruits,5.2,1800,2200,2000,21 Jan 2022,2022-01-21 00:00:00
Himachal Pradesh,Solan,Solan,Other,Fruits,0.6,1700,2700,2100,21 Jan 2022,2022-01-21 00:00:00
Himachal Pradesh,Kangra,Kangra(Jassour),Other,Fruits,2.5,2400,2600,2500,21 Jan 2022,2022-01-21 00:00:00
Himachal Pradesh,Bilaspur,Bilaspur,Ordinary Big,Fruits,2.0,1800,2200,2200,22 Jan 2022,2022-01-22 00:00:00
Himachal Pradesh,Mandi,Dhanotu (Mandi),Other,Fruits,5.0,2000,2000,2000,22 Jan 2022,2022-01-22 00:00:00
Himachal Pradesh,Kangra,Kangra(Baijnath),Banana - Ripe,Fruits,0.2,2000,2600,2600,22 Jan 2022,2022-01-22 00:00:00
Himachal Pradesh,Kullu,Bhuntar,Other,Fruits,1.6,2160,2220,2190,24 Jan 2022,2022-01-24 00:00:00
Himachal Pradesh,Kangra,Kangra(Baijnath),Banana - Ripe,Fruits,0.3,2500,2600,2500,24 Jan 2022,2022-01-24 00:00:00
Himachal Pradesh,Kullu,Kullu,Other,Fruits,0.7,2700,3000,2900,24 Jan 2022,2022-01-24 00:00:00
Himachal Pradesh,Bilaspur,Bilaspur,Ordinary Big,Fruits,0.2,1800,2200,2000,24 Jan 2022,2022-01-24 00:00:00
Himachal Pradesh,Mandi,Dhanotu (Mandi),Other,Fruits,4.5,2000,2100,2050,24 Jan 2022,2022-01-24 00:00:00
Himachal Pradesh,Solan,Solan,Other,Fruits,0.4,1700,2700,2100,24 Jan 2022,2022-01-24 00:00:00
Himachal Pradesh,Hamirpur,Hamirpur,Other,Fruits,3.5,2200,2300,2250,24 Jan 2022,2022-01-24 00:00:00
Himachal Pradesh,Kangra,Kangra(Nagrota Bagwan),Amruthapani,Fruits,0.2,2600,2800,2700,24 Jan 2022,2022-01-24 00:00:00
Himachal Pradesh,Sirmore,Paonta Sahib,Other,Fruits,0.85,2000,2500,2200,24 Jan 2022,2022-01-24 00:00:00
Himachal Pradesh,Kangra,Kangra(Jassour),Other,Fruits,2.4,2400,2600,2500,24 Jan 2022,2022-01-24 00:00:00
Himachal Pradesh,Kangra,Kangra(Jaisinghpur),Banana - Ripe,Fruits,0.1,2800,3200,3000,24 Jan 2022,2022-01-24 00:00:00
Himachal Pradesh,Kangra,Kangra,Other,Fruits,1.8,2600,2800,2700,24 Jan 2022,2022-01-24 00:00:00
Himachal Pradesh,Kullu,Kullu,Other,Fruits,1.3,2900,3100,3000,25 Jan 2022,2022-01-25 00:00:00
Himachal Pradesh,Kangra,Kangra,Other,Fruits,2.0,2600,2800,2700,25 Jan 2022,2022-01-25 00:00:00
Himachal Pradesh,Mandi,Dhanotu (Mandi),Other,Fruits,5.5,2000,2100,2050,25 Jan 2022,2022-01-25 00:00:00
Himachal Pradesh,Kullu,Bhuntar,Other,Fruits,1.5,2160,2220,2190,25 Jan 2022,2022-01-25 00:00:00
Himachal Pradesh,Mandi,Mandi(Mandi),Banana - Ripe,Fruits,2.4,3500,4000,3800,25 Jan 2022,2022-01-25 00:00:00
Himachal Pradesh,Hamirpur,Hamirpur,Other,Fruits,2.1,2300,2500,2400,25 Jan 2022,2022-01-25 00:00:00
Himachal Pradesh,Mandi,Dhanotu (Mandi),Other,Fruits,6.0,2000,2000,2000,26 Jan 2022,2022-01-26 00:00:00
Himachal Pradesh,Hamirpur,Hamirpur,Other,Fruits,1.86,2400,2500,2450,26 Jan 2022,2022-01-26 00:00:00
Himachal Pradesh,Kullu,Bhuntar,Other,Fruits,1.3,2160,2220,2190,26 Jan 2022,2022-01-26 00:00:00
Himachal Pradesh,Kangra,Kangra,Other,Fruits,1.3,2500,2800,2650,26 Jan 2022,2022-01-26 00:00:00
Himachal Pradesh,Mandi,Mandi(Mandi),Banana - Ripe,Fruits,2.6,1800,4000,3500,26 Jan 2022,2022-01-26 00:00:00
Himachal Pradesh,Kullu,Kullu,Other,Fruits,0.7,2900,3300,3000,26 Jan 2022,2022-01-26 00:00:00
Himachal Pradesh,Kangra,Kangra(Jaisinghpur),Banana - Ripe,Fruits,0.07,2800,3400,3100,27 Jan 2022,2022-01-27 00:00:00
Himachal Pradesh,Kangra,Kangra,Other,Fruits,1.9,2600,2800,2700,27 Jan 2022,2022-01-27 00:00:00
Himachal Pradesh,Hamirpur,Hamirpur,Other,Fruits,1.8,2400,2500,2450,27 Jan 2022,2022-01-27 00:00:00
Himachal Pradesh,Kullu,Kullu,Other,Fruits,1.1,2800,3000,2900,27 Jan 2022,2022-01-27 00:00:00
Himachal Pradesh,Solan,Solan,Other,Fruits,0.2,1700,2700,2100,27 Jan 2022,2022-01-27 00:00:00
Himachal Pradesh,Sirmore,Paonta Sahib,Other,Fruits,0.56,2000,3000,2500,27 Jan 2022,2022-01-27 00:00:00
Himachal Pradesh,Kangra,Kangra(Nagrota Bagwan),Amruthapani,Fruits,0.3,2600,2800,2700,27 Jan 2022,2022-01-27 00:00:00
Himachal Pradesh,Mandi,Mandi(Mandi),Banana - Ripe,Fruits,2.8,2000,4000,3500,27 Jan 2022,2022-01-27 00:00:00
Himachal Pradesh,Sirmore,Nahan,Other,Fruits,0.3,2500,3000,2750,27 Jan 2022,2022-01-27 00:00:00
Himachal Pradesh,Kullu,Bhuntar,Other,Fruits,1.6,2160,2220,2190,27 Jan 2022,2022-01-27 00:00:00
Himachal Pradesh,Hamirpur,Hamirpur(Nadaun),Other,Fruits,1.7,2300,2400,2350,27 Jan 2022,2022-01-27 00:00:00
Himachal Pradesh,Kangra,Palampur,Banana - Ripe,Fruits,1.5,2700,3000,2850,27 Jan 2022,2022-01-27 00:00:00
Himachal Pradesh,Bilaspur,Bilaspur,Ordinary Big,Fruits,2.0,1800,2300,2100,27 Jan 2022,2022-01-27 00:00:00
Himachal Pradesh,Kangra,Kangra(Jassour),Other,Fruits,0.5,2400,2600,2500,27 Jan 2022,2022-01-27 00:00:00
Himachal Pradesh,Mandi,Mandi(Mandi),Banana - Ripe,Fruits,3.4,1900,4500,4000,28 Jan 2022,2022-01-28 00:00:00
Himachal Pradesh,Mandi,Dhanotu (Mandi),Other,Fruits,5.5,2000,2000,2000,28 Jan 2022,2022-01-28 00:00:00
Himachal Pradesh,Bilaspur,Bilaspur,Ordinary Big,Fruits,1.7,2000,2400,2200,28 Jan 2022,2022-01-28 00:00:00
Himachal Pradesh,Solan,Solan,Other,Fruits,0.5,1700,2700,2100,28 Jan 2022,2022-01-28 00:00:00
Himachal Pradesh,Chamba,Chamba,Other,Fruits,2.0,3000,3200,3100,28 Jan 2022,2022-01-28 00:00:00
Himachal Pradesh,Kangra,Kangra(Nagrota Bagwan),Amruthapani,Fruits,0.2,2600,2800,2700,28 Jan 2022,2022-01-28 00:00:00
Himachal Pradesh,Kangra,Kangra,Other,Fruits,2.0,2600,2800,2700,28 Jan 2022,2022-01-28 00:00:00
Himachal Pradesh,Kullu,Kullu,Other,Fruits,0.9,2600,2800,2700,28 Jan 2022,2022-01-28 00:00:00
Himachal Pradesh,Kullu,Bhuntar,Other,Fruits,1.5,2160,2220,2190,28 Jan 2022,2022-01-28 00:00:00
Himachal Pradesh,Kangra,Palampur,Banana - Ripe,Fruits,1.2,2700,3000,2850,28 Jan 2022,2022-01-28 00:00:00
Himachal Pradesh,Kangra,Kangra(Jassour),Other,Fruits,2.3,2400,2600,2500,28 Jan 2022,2022-01-28 00:00:00
Himachal Pradesh,Sirmore,Nahan,Other,Fruits,0.25,2000,3000,2500,28 Jan 2022,2022-01-28 00:00:00
Himachal Pradesh,Sirmore,Paonta Sahib,Other,Fruits,0.85,2000,2800,2500,28 Jan 2022,2022-01-28 00:00:00
Himachal Pradesh,Kangra,Kangra(Jaisinghpur),Banana - Ripe,Fruits,0.02,2800,3400,3100,28 Jan 2022,2022-01-28 00:00:00
Himachal Pradesh,Hamirpur,Hamirpur,Other,Fruits,2.16,2300,2400,2350,28 Jan 2022,2022-01-28 00:00:00
Himachal Pradesh,Kangra,Palampur,Banana - Ripe,Fruits,1.3,2800,3200,3000,29 Jan 2022,2022-01-29 00:00:00
Himachal Pradesh,Mandi,Dhanotu (Mandi),Other,Fruits,5.0,2000,2200,2100,29 Jan 2022,2022-01-29 00:00:00
Himachal Pradesh,Kullu,Kullu,Other,Fruits,1.2,2700,2900,2800,29 Jan 2022,2022-01-29 00:00:00
Himachal Pradesh,Mandi,Mandi(Mandi),Banana - Ripe,Fruits,2.7,1500,4000,3800,29 Jan 2022,2022-01-29 00:00:00
Himachal Pradesh,Kangra,Kangra,Other,Fruits,1.3,2800,3000,2900,29 Jan 2022,2022-01-29 00:00:00
Himachal Pradesh,Sirmore,Nahan,Other,Fruits,0.3,3000,3200,3100,29 Jan 2022,2022-01-29 00:00:00
Himachal Pradesh,Sirmore,Paonta Sahib,Other,Fruits,0.2,300000,400000,350000,30 Jan 2022,2022-01-30 00:00:00
Himachal Pradesh,Sirmore,Nahan,Other,Fruits,0.2,2500,3500,3000,30 Jan 2022,2022-01-30 00:00:00
Himachal Pradesh,Kullu,Kullu,Other,Fruits,1.1,2800,3000,2900,30 Jan 2022,2022-01-30 00:00:00
Himachal Pradesh,Bilaspur,Bilaspur,Ordinary Big,Fruits,2.0,1800,2300,2000,31 Jan 2022,2022-01-31 00:00:00
Himachal Pradesh,Una,Una,Medium,Fruits,6.9,2300,2500,2400,31 Jan 2022,2022-01-31 00:00:00
Himachal Pradesh,Solan,Solan,Other,Fruits,0.6,1700,2700,2100,31 Jan 2022,2022-01-31 00:00:00
Himachal Pradesh,Mandi,Mandi(Mandi),Banana - Ripe,Fruits,5.5,3000,4500,4000,31 Jan 2022,2022-01-31 00:00:00
Himachal Pradesh,Chamba,Chamba,Other,Fruits,3.3,3000,3200,3100,31 Jan 2022,2022-01-31 00:00:00
Himachal Pradesh,Mandi,Dhanotu (Mandi),Other,Fruits,5.8,2000,2200,2100,31 Jan 2022,2022-01-31 00:00:00
Himachal Pradesh,Kangra,Kangra(Nagrota Bagwan),Amruthapani,Fruits,0.3,2600,2800,2700,31 Jan 2022,2022-01-31 00:00:00
Himachal Pradesh,Kangra,Kangra(Jassour),Other,Fruits,2.4,2400,2600,2500,31 Jan 2022,2022-01-31 00:00:00
Himachal Pradesh,Sirmore,Nahan,Other,Fruits,0.4,2500,0,3000,31 Jan 2022,2022-01-31 00:00:00
Himachal Pradesh,Kangra,Kangra(Jaisinghpur),Banana - Ripe,Fruits,0.1,3000,3600,3300,31 Jan 2022,2022-01-31 00:00:00
Himachal Pradesh,Kangra,Palampur,Banana - Ripe,Fruits,1.5,2800,3500,3150,31 Jan 2022,2022-01-31 00:00:00
Himachal Pradesh,Kangra,Kangra,Other,Fruits,1.6,2800,3000,2900,31 Jan 2022,2022-01-31 00:00:00
Himachal Pradesh,Kullu,Kullu,Other,Fruits,0.8,2800,3000,2900,31 Jan 2022,2022-01-31 00:00:00
Himachal Pradesh,Kullu,Bhuntar,Other,Fruits,1.6,2220,2280,2250,31 Jan 2022,2022-01-31 00:00:00
Himachal Pradesh,Kangra,Kangra,Other,Fruits,1.6,3000,3500,3250,01 Feb 2022,2022-02-01 00:00:00
Himachal Pradesh,Mandi,Mandi(Mandi),Banana - Ripe,Fruits,3.0,3000,4300,4000,01 Feb 2022,2022-02-01 00:00:00
Himachal Pradesh,Chamba,Chamba,Other,Fruits,1.8,3000,3200,3100,01 Feb 2022,2022-02-01 00:00:00
Himachal Pradesh,Solan,Solan,Other,Fruits,0.1,1700,2700,2100,01 Feb 2022,2022-02-01 00:00:00
Himachal Pradesh,Kullu,Bhuntar,Other,Fruits,1.6,2280,2340,2310,01 Feb 2022,2022-02-01 00:00:00
Himachal Pradesh,Bilaspur,Bilaspur,Ordinary Big,Fruits,1.8,1800,2200,2000,01 Feb 2022,2022-02-01 00:00:00
Himachal Pradesh,Sirmore,Paonta Sahib,Other,Fruits,0.2,300000,400000,350000,01 Feb 2022,2022-02-01 00:00:00
Himachal Pradesh,Hamirpur,Hamirpur,Other,Fruits,1.75,2350,2500,2400,01 Feb 2022,2022-02-01 00:00:00
Himachal Pradesh,Mandi,Dhanotu (Mandi),Other,Fruits,5.6,2000,2000,2000,01 Feb 2022,2022-02-01 00:00:00
Himachal Pradesh,Sirmore,Nahan,Other,Fruits,0.45,2500,3000,2750,01 Feb 2022,2022-02-01 00:00:00
Himachal Pradesh,Kangra,Kangra(Jaisinghpur),Banana - Ripe,Fruits,0.07,3000,3500,3250,01 Feb 2022,2022-02-01 00:00:00
Himachal Pradesh,Kangra,Kangra(Jassour),Other,Fruits,2.3,2400,2600,2500,01 Feb 2022,2022-02-01 00:00:00
Himachal Pradesh,Kullu,Kullu,Other,Fruits,0.9,2600,2800,2700,01 Feb 2022,2022-02-01 00:00:00
Himachal Pradesh,Kangra,Palampur,Banana - Ripe,Fruits,1.5,2800,3300,3050,01 Feb 2022,2022-02-01 00:00:00
Himachal Pradesh,Kangra,Palampur,Banana - Ripe,Fruits,1.4,2800,3400,3100,02 Feb 2022,2022-02-02 00:00:00
Himachal Pradesh,Hamirpur,Hamirpur(Nadaun),Other,Fruits,1.0,2200,2300,2250,02 Feb 2022,2022-02-02 00:00:00
Himachal Pradesh,Hamirpur,Hamirpur,Other,Fruits,1.7,2300,2500,2400,02 Feb 2022,2022-02-02 00:00:00
Himachal Pradesh,Kangra,Kangra(Jassour),Other,Fruits,2.1,2400,2600,2500,02 Feb 2022,2022-02-02 00:00:00
Himachal Pradesh,Mandi,Mandi(Mandi),Banana - Ripe,Fruits,3.5,3500,4300,4000,02 Feb 2022,2022-02-02 00:00:00
Himachal Pradesh,Solan,Solan,Other,Fruits,0.8,1700,2700,2100,02 Feb 2022,2022-02-02 00:00:00
Himachal Pradesh,Kullu,Bhuntar,Other,Fruits,1.3,2280,2340,2310,02 Feb 2022,2022-02-02 00:00:00
Himachal Pradesh,Bilaspur,Bilaspur,Ordinary Big,Fruits,1.7,1600,2400,2300,02 Feb 2022,2022-02-02 00:00:00
Himachal Pradesh,Kullu,Kullu,Other,Fruits,1.1,2800,3000,2900,02 Feb 2022,2022-02-02 00:00:00
Himachal Pradesh,Sirmore,Paonta Sahib,Other,Fruits,0.1,350000,400000,375000,02 Feb 2022,2022-02-02 00:00:00
Himachal Pradesh,Mandi,Dhanotu (Mandi),Other,Fruits,5.5,2000,2200,2100,02 Feb 2022,2022-02-02 00:00:00
Himachal Pradesh,Kangra,Kangra(Jaisinghpur),Banana - Ripe,Fruits,0.03,3000,3500,3250,02 Feb 2022,2022-02-02 00:00:00
Himachal Pradesh,Bilaspur,Bilaspur,Ordinary Big,Fruits,1.5,2300,2500,2400,03 Feb 2022,2022-02-03 00:00:00
Himachal Pradesh,Kangra,Palampur,Banana - Ripe,Fruits,1.6,2800,3400,3100,03 Feb 2022,2022-02-03 00:00:00
Himachal Pradesh,Mandi,Dhanotu (Mandi),Other,Fruits,0.4,2000,2200,2100,03 Feb 2022,2022-02-03 00:00:00
Himachal Pradesh,Hamirpur,Hamirpur,Other,Fruits,1.65,2300,2400,2350,03 Feb 2022,2022-02-03 00:00:00
Himachal Pradesh,Chamba,Chamba,Other,Fruits,2.0,3000,3200,3100,03 Feb 2022,2022-02-03 00:00:00
Himachal Pradesh,Hamirpur,Hamirpur(Nadaun),Other,Fruits,1.2,2200,2300,2250,03 Feb 2022,2022-02-03 00:00:00
Himachal Pradesh,Solan,Solan,Other,Fruits,0.5,1700,2700,2100,03 Feb 2022,2022-02-03 00:00:00
Himachal Pradesh,Mandi,Mandi(Mandi),Banana - Ripe,Fruits,1.8,3000,4500,4000,03 Feb 2022,2022-02-03 00:00:00
Himachal Pradesh,Kullu,Bhuntar,Other,Fruits,1.5,2220,2340,2310,03 Feb 2022,2022-02-03 00:00:00
Himachal Pradesh,Kangra,Kangra(Jassour),Other,Fruits,0.5,2400,2600,2500,03 Feb 2022,2022-02-03 00:00:00
Himachal Pradesh,Kangra,Kangra,Other,Fruits,1.4,3000,3500,3250,03 Feb 2022,2022-02-03 00:00:00
Himachal Pradesh,Sirmore,Nahan,Other,Fruits,0.2,2500,2800,2650,03 Feb 2022,2022-02-03 00:00:00
Himachal Pradesh,Kangra,Kangra(Baijnath),Banana - Ripe,Fruits,0.4,2200,2500,2500,03 Feb 2022,2022-02-03 00:00:00
Himachal Pradesh,Kullu,Kullu,Other,Fruits,0.8,2600,2800,2700,03 Feb 2022,2022-02-03 00:00:00
Himachal Pradesh,Kangra,Kangra(Jaisinghpur),Banana - Ripe,Fruits,0.04,3000,3500,3250,03 Feb 2022,2022-02-03 00:00:00
Himachal Pradesh,Kullu,Kullu,Other,Fruits,0.7,2800,3100,2900,04 Feb 2022,2022-02-04 00:00:00
Himachal Pradesh,Sirmore,Nahan,Other,Fruits,0.45,2200,3000,2600,04 Feb 2022,2022-02-04 00:00:00
Himachal Pradesh,Kangra,Kangra(Jaisinghpur),Banana - Ripe,Fruits,0.02,3000,3500,3250,04 Feb 2022,2022-02-04 00:00:00
Himachal Pradesh,Hamirpur,Hamirpur,Other,Fruits,1.64,2300,2400,2350,04 Feb 2022,2022-02-04 00:00:00
Himachal Pradesh,Mandi,Mandi(Mandi),Banana - Ripe,Fruits,2.3,3000,4100,3500,04 Feb 2022,2022-02-04 00:00:00
Himachal Pradesh,Kangra,Palampur,Banana - Ripe,Fruits,1.5,2800,3400,3100,04 Feb 2022,2022-02-04 00:00:00
Himachal Pradesh,Kangra,Kangra(Baijnath),Banana - Ripe,Fruits,0.3,2200,2500,2400,04 Feb 2022,2022-02-04 00:00:00
Himachal Pradesh,Una,Una,Medium,Fruits,7.9,2300,2500,2400,04 Feb 2022,2022-02-04 00:00:00
Himachal Pradesh,Bilaspur,Bilaspur,Ordinary Big,Fruits,2.0,2100,2500,2220,04 Feb 2022,2022-02-04 00:00:00
Himachal Pradesh,Chamba,Chamba,Other,Fruits,1.5,3000,3200,3100,04 Feb 2022,2022-02-04 00:00:00
Himachal Pradesh,Kullu,Bhuntar,Other,Fruits,1.3,2280,2340,2310,04 Feb 2022,2022-02-04 00:00:00
Himachal Pradesh,Mandi,Dhanotu (Mandi),Other,Fruits,5.0,2000,2200,2100,05 Feb 2022,2022-02-05 00:00:00
Himachal Pradesh,Kullu,Kullu,Other,Fruits,0.8,2700,2900,2800,05 Feb 2022,2022-02-05 00:00:00
Himachal Pradesh,Kangra,Palampur,Banana - Ripe,Fruits,1.3,3000,3200,3100,05 Feb 2022,2022-02-05 00:00:00
Himachal Pradesh,Kangra,Kangra(Jaisinghpur),Banana - Ripe,Fruits,0.06,3000,3500,3250,05 Feb 2022,2022-02-05 00:00:00
Himachal Pradesh,Kangra,Kangra(Jassour),Other,Fruits,2.2,2400,2600,2500,05 Feb 2022,2022-02-05 00:00:00
Himachal Pradesh,Mandi,Mandi(Mandi),Banana - Ripe,Fruits,2.4,1800,4300,4000,05 Feb 2022,2022-02-05 00:00:00
Himachal Pradesh,Una,Una,Medium,Fruits,10.7,2300,2600,2450,05 Feb 2022,2022-02-05 00:00:00
Himachal Pradesh,Kullu,Bhuntar,Other,Fruits,1.6,2220,2280,2250,06 Feb 2022,2022-02-06 00:00:00
Himachal Pradesh,Kullu,Kullu,Other,Fruits,0.9,2600,2800,2700,06 Feb 2022,2022-02-06 00:00:00
Himachal Pradesh,Mandi,Dhanotu (Mandi),Other,Fruits,5.7,2000,2000,2000,06 Feb 2022,2022-02-06 00:00:00
Himachal Pradesh,Sirmore,Nahan,Other,Fruits,0.2,2500,2700,2600,06 Feb 2022,2022-02-06 00:00:00
Himachal Pradesh,Kangra,Kangra(Jaisinghpur),Banana - Ripe,Fruits,0.04,3000,3400,3200,07 Feb 2022,2022-02-07 00:00:00
Himachal Pradesh,Kullu,Bhuntar,Other,Fruits,2.5,2220,2280,2250,07 Feb 2022,2022-02-07 00:00:00
Himachal Pradesh,Bilaspur,Bilaspur,Ordinary Big,Fruits,2.1,1700,2100,1900,07 Feb 2022,2022-02-07 00:00:00
Himachal Pradesh,Hamirpur,Hamirpur,Other,Fruits,2.03,2300,2500,2400,07 Feb 2022,2022-02-07 00:00:00
Himachal Pradesh,Kullu,Kullu,Other,Fruits,0.6,2800,3000,2900,07 Feb 2022,2022-02-07 00:00:00
Himachal Pradesh,Kangra,Palampur,Banana - Ripe,Fruits,1.5,2800,3000,2900,07 Feb 2022,2022-02-07 00:00:00
Himachal Pradesh,Mandi,Mandi(Mandi),Banana - Ripe,Fruits,4.5,3500,4300,4000,07 Feb 2022,2022-02-07 00:00:00
Himachal Pradesh,Sirmore,Paonta Sahib,Other,Fruits,0.2,400000,500000,450000,07 Feb 2022,2022-02-07 00:00:00
Himachal Pradesh,Una,Una,Medium,Fruits,7.8,2300,2500,2400,07 Feb 2022,2022-02-07 00:00:00
Himachal Pradesh,Chamba,Chamba,Other,Fruits,2.5,3000,3200,3100,07 Feb 2022,2022-02-07 00:00:00
Himachal Pradesh,Sirmore,Nahan,Other,Fruits,0.32,3000,4000,3500,08 Feb 2022,2022-02-08 00:00:00
Himachal Pradesh,Kangra,Kangra(Jaisinghpur),Banana - Ripe,Fruits,0.07,3000,3400,3200,08 Feb 2022,2022-02-08 00:00:00
Himachal Pradesh,Hamirpur,Hamirpur,Other,Fruits,2.05,2300,2400,2350,08 Feb 2022,2022-02-08 00:00:00
Himachal Pradesh,Solan,Solan,Other,Fruits,0.2,1700,2700,2100,08 Feb 2022,2022-02-08 00:00:00
Himachal Pradesh,Chamba,Chamba,Other,Fruits,1.4,3000,3200,3100,08 Feb 2022,2022-02-08 00:00:00
Himachal Pradesh,Kullu,Kullu,Other,Fruits,0.8,2800,3000,2900,08 Feb 2022,2022-02-08 00:00:00
Himachal Pradesh,Kangra,Kangra(Baijnath),Banana - Ripe,Fruits,0.4,2000,2500,2500,08 Feb 2022,2022-02-08 00:00:00
Himachal Pradesh,Kangra,Kangra(Jassour),Other,Fruits,2.0,2400,2600,2500,08 Feb 2022,2022-02-08 00:00:00
Himachal Pradesh,Mandi,Mandi(Mandi),Banana - Ripe,Fruits,2.7,3000,4100,4000,08 Feb 2022,2022-02-08 00:00:00
Himachal Pradesh,Kullu,Bhuntar,Other,Fruits,1.8,2280,2340,2310,08 Feb 2022,2022-02-08 00:00:00
Himachal Pradesh,Kangra,Palampur,Banana - Ripe,Fruits,1.2,2800,3000,2900,08 Feb 2022,2022-02-08 00:00:00
Himachal Pradesh,Mandi,Dhanotu (Mandi),Other,Fruits,5.0,2000,2200,2100,08 Feb 2022,2022-02-08 00:00:00
Himachal Pradesh,Kangra,Kangra,Other,Fruits,1.8,3000,3500,3250,08 Feb 2022,2022-02-08 00:00:00
Himachal Pradesh,Sirmore,Paonta Sahib,Other,Fruits,0.65,3000,4000,3500,09 Feb 2022,2022-02-09 00:00:00
Himachal Pradesh,Chamba,Chamba,Other,Fruits,1.8,3000,3200,3100,09 Feb 2022,2022-02-09 00:00:00
Himachal Pradesh,Mandi,Mandi(Mandi),Banana - Ripe,Fruits,2.5,3700,4100,4000,09 Feb 2022,2022-02-09 00:00:00
Himachal Pradesh,Kullu,Kullu,Other,Fruits,0.9,2800,3100,2900,09 Feb 2022,2022-02-09 00:00:00
Himachal Pradesh,Kangra,Kangra,Other,Fruits,2.0,3000,3500,3250,09 Feb 2022,2022-02-09 00:00:00
Himachal Pradesh,Una,Una,Medium,Fruits,8.3,2400,2600,2500,09 Feb 2022,2022-02-09 00:00:00
Himachal Pradesh,Mandi,Dhanotu (Mandi),Other,Fruits,5.1,2000,2000,2000,09 Feb 2022,2022-02-09 00:00:00
Himachal Pradesh,Kangra,Kangra(Baijnath),Banana - Ripe,Fruits,0.3,2000,2500,2500,09 Feb 2022,2022-02-09 00:00:00
Himachal Pradesh,Kangra,Palampur,Banana - Ripe,Fruits,1.4,2800,3000,2900,09 Feb 2022,2022-02-09 00:00:00
Himachal Pradesh,Kangra,Kangra(Jassour),Other,Fruits,2.3,2400,2600,2500,09 Feb 2022,2022-02-09 00:00:00
Himachal Pradesh,Hamirpur,Hamirpur,Other,Fruits,2.35,2300,2500,2400,09 Feb 2022,2022-02-09 00:00:00
Himachal Pradesh,Kangra,Kangra(Baijnath),Banana - Ripe,Fruits,0.5,2000,2500,2500,10 Feb 2022,2022-02-10 00:00:00
Himachal Pradesh,Kullu,Bhuntar,Other,Fruits,2.0,2280,2340,2310,10 Feb 2022,2022-02-10 00:00:00
Himachal Pradesh,Kangra,Palampur,Banana - Ripe,Fruits,1.0,2800,3000,2900,10 Feb 2022,2022-02-10 00:00:00
Himachal Pradesh,Sirmore,Paonta Sahib,Other,Fruits,0.2,4000,4000,4000,10 Feb 2022,2022-02-10 00:00:00
Himachal Pradesh,Kangra,Kangra(Jassour),Other,Fruits,0.5,2400,2600,2500,10 Feb 2022,2022-02-10 00:00:00
Himachal Pradesh,Mandi,Mandi(Mandi),Banana - Ripe,Fruits,1.8,3500,4000,4000,10 Feb 2022,2022-02-10 00:00:00
Himachal Pradesh,Hamirpur,Hamirpur,Other,Fruits,2.25,2300,2500,2400,10 Feb 2022,2022-02-10 00:00:00
Himachal Pradesh,Kangra,Kangra(Jaisinghpur),Banana - Ripe,Fruits,0.04,3000,3400,3200,10 Feb 2022,2022-02-10 00:00:00
Himachal Pradesh,Kullu,Kullu,Other,Fruits,1.3,2800,3000,2900,10 Feb 2022,2022-02-10 00:00:00
Himachal Pradesh,Solan,Solan,Other,Fruits,0.6,1700,2700,2100,10 Feb 2022,2022-02-10 00:00:00
Himachal Pradesh,Sirmore,Nahan,Other,Fruits,0.6,2000,2500,2250,10 Feb 2022,2022-02-10 00:00:00
Himachal Pradesh,Hamirpur,Hamirpur(Nadaun),Other,Fruits,1.65,2300,2400,2350,10 Feb 2022,2022-02-10 00:00:00
Himachal Pradesh,Sirmore,Nahan,Other,Fruits,0.3,2000,3000,2500,11 Feb 2022,2022-02-11 00:00:00
Himachal Pradesh,Kangra,Kangra(Baijnath),Banana - Ripe,Fruits,0.4,2200,3000,2500,11 Feb 2022,2022-02-11 00:00:00
Himachal Pradesh,Kangra,Palampur,Banana - Ripe,Fruits,1.5,2800,3000,2900,11 Feb 2022,2022-02-11 00:00:00
Himachal Pradesh,Kullu,Bhuntar,Other,Fruits,1.8,2220,2280,2250,11 Feb 2022,2022-02-11 00:00:00
Himachal Pradesh,Una,Una,Medium,Fruits,8.5,2300,2500,2400,11 Feb 2022,2022-02-11 00:00:00
Himachal Pradesh,Kangra,Kangra,Other,Fruits,2.1,3000,3500,3250,11 Feb 2022,2022-02-11 00:00:00
Himachal Pradesh,Kangra,Kangra(Jassour),Other,Fruits,2.3,2400,2600,2500,11 Feb 2022,2022-02-11 00:00:00
Himachal Pradesh,Kullu,Kullu,Other,Fruits,0.8,2900,3200,3000,11 Feb 2022,2022-02-11 00:00:00
Himachal Pradesh,Hamirpur,Hamirpur,Other,Fruits,1.7,2300,2400,2350,11 Feb 2022,2022-02-11 00:00:00
Himachal Pradesh,Chamba,Chamba,Other,Fruits,4.0,3000,3200,3100,11 Feb 2022,2022-02-11 00:00:00
Himachal Pradesh,Kangra,Kangra(Jaisinghpur),Banana - Ripe,Fruits,0.09,3000,3400,3200,11 Feb 2022,2022-02-11 00:00:00
Himachal Pradesh,Mandi,Dhanotu (Mandi),Other,Fruits,5.6,2000,2500,2250,11 Feb 2022,2022-02-11 00:00:00
Himachal Pradesh,Mandi,Mandi(Mandi),Banana - Ripe,Fruits,0.8,4000,5100,4800,11 Feb 2022,2022-02-11 00:00:00
Himachal Pradesh,Bilaspur,Bilaspur,Ordinary Big,Fruits,1.8,1900,2400,2300,11 Feb 2022,2022-02-11 00:00:00
Himachal Pradesh,Kangra,Kangra,Other,Fruits,2.0,3000,3200,3100,12 Feb 2022,2022-02-12 00:00:00
Himachal Pradesh,Sirmore,Nahan,Other,Fruits,0.4,2500,3000,2800,12 Feb 2022,2022-02-12 00:00:00
Himachal Pradesh,Mandi,Mandi(Mandi),Banana - Ripe,Fruits,2.7,3500,4500,4000,12 Feb 2022,2022-02-12 00:00:00
Himachal Pradesh,Sirmore,Paonta Sahib,Other,Fruits,0.4,3000,3500,3200,12 Feb 2022,2022-02-12 00:00:00
Himachal Pradesh,Mandi,Dhanotu (Mandi),Other,Fruits,5.2,2000,2500,2250,12 Feb 2022,2022-02-12 00:00:00
Himachal Pradesh,Kullu,Kullu,Other,Fruits,1.1,2800,3200,3000,12 Feb 2022,2022-02-12 00:00:00
Himachal Pradesh,Bilaspur,Bilaspur,Ordinary Big,Fruits,1.7,2300,2700,2500,12 Feb 2022,2022-02-12 00:00:00
Himachal Pradesh,Kullu,Bhuntar,Other,Fruits,1.6,2340,2400,2370,13 Feb 2022,2022-02-13 00:00:00
Himachal Pradesh,Kullu,Kullu,Other,Fruits,0.8,3000,3200,3100,13 Feb 2022,2022-02-13 00:00:00
Himachal Pradesh,Kangra,Palampur,Banana - Ripe,Fruits,1.6,3000,3500,3250,14 Feb 2022,2022-02-14 00:00:00
Himachal Pradesh,Una,Una,Medium,Fruits,8.6,2300,2500,2400,14 Feb 2022,2022-02-14 00:00:00
Himachal Pradesh,Kangra,Kangra(Jassour),Other,Fruits,2.4,2400,2600,2500,14 Feb 2022,2022-02-14 00:00:00
Himachal Pradesh,Kullu,Kullu,Other,Fruits,0.6,2800,3200,2900,14 Feb 2022,2022-02-14 00:00:00
Himachal Pradesh,Kullu,Bhuntar,Other,Fruits,2.0,2400,2580,2490,14 Feb 2022,2022-02-14 00:00:00
Himachal Pradesh,Hamirpur,Hamirpur(Nadaun),Other,Fruits,1.2,2500,2600,2550,14 Feb 2022,2022-02-14 00:00:00
Himachal Pradesh,Kangra,Kangra(Jaisinghpur),Banana - Ripe,Fruits,0.05,3200,3600,3400,14 Feb 2022,2022-02-14 00:00:00
Himachal Pradesh,Mandi,Dhanotu (Mandi),Other,Fruits,6.0,2000,2500,2250,14 Feb 2022,2022-02-14 00:00:00
Himachal Pradesh,Hamirpur,Hamirpur,Other,Fruits,1.9,2500,2600,2550,14 Feb 2022,2022-02-14 00:00:00
Himachal Pradesh,Kangra,Kangra,Other,Fruits,2.1,2600,2800,2700,14 Feb 2022,2022-02-14 00:00:00
Himachal Pradesh,Mandi,Mandi(Mandi),Banana - Ripe,Fruits,3.8,3800,4900,4500,14 Feb 2022,2022-02-14 00:00:00
Himachal Pradesh,Chamba,Chamba,Other,Fruits,3.5,3000,3200,3100,15 Feb 2022,2022-02-15 00:00:00
Himachal Pradesh,Bilaspur,Bilaspur,Ordinary Big,Fruits,2.0,2300,2600,2400,15 Feb 2022,2022-02-15 00:00:00
Himachal Pradesh,Una,Una,Ordinary Big,Fruits,8.5,2300,2700,2500,15 Feb 2022,2022-02-15 00:00:00
Himachal Pradesh,Kangra,Kangra,Other,Fruits,2.0,2600,2800,2700,15 Feb 2022,2022-02-15 00:00:00
Himachal Pradesh,Kangra,Kangra(Baijnath),Banana - Ripe,Fruits,0.2,2500,3000,3000,15 Feb 2022,2022-02-15 00:00:00
Himachal Pradesh,Kullu,Bhuntar,Other,Fruits,2.5,2400,2520,2460,15 Feb 2022,2022-02-15 00:00:00
Himachal Pradesh,Mandi,Dhanotu (Mandi),Other,Fruits,5.5,2000,2500,2250,15 Feb 2022,2022-02-15 00:00:00
Himachal Pradesh,Hamirpur,Hamirpur,Other,Fruits,1.74,2500,2600,2550,15 Feb 2022,2022-02-15 00:00:00
Himachal Pradesh,Mandi,Mandi(Mandi),Banana - Ripe,Fruits,3.7,4000,4900,4500,15 Feb 2022,2022-02-15 00:00:00
Himachal Pradesh,Kangra,Palampur,Banana - Ripe,Fruits,2.0,2800,3200,3000,15 Feb 2022,2022-02-15 00:00:00
Himachal Pradesh,Kangra,Kangra(Jassour),Other,Fruits,2.2,2400,2600,2500,15 Feb 2022,2022-02-15 00:00:00
Himachal Pradesh,Kullu,Kullu,Other,Fruits,0.9,2900,3200,3000,15 Feb 2022,2022-02-15 00:00:00
Himachal Pradesh,Kangra,Kangra(Jaisinghpur),Banana - Ripe,Fruits,0.07,3000,3400,3200,15 Feb 2022,2022-02-15 00:00:00
Himachal Pradesh,Hamirpur,Hamirpur(Nadaun),Other,Fruits,1.28,2500,2600,2550,15 Feb 2022,2022-02-15 00:00:00
Himachal Pradesh,Kullu,Kullu,Other,Fruits,1.3,3000,3200,3100,16 Feb 2022,2022-02-16 00:00:00
Himachal Pradesh,Chamba,Chamba,Other,Fruits,1.2,3000,3200,3100,16 Feb 2022,2022-02-16 00:00:00
Himachal Pradesh,Mandi,Dhanotu (Mandi),Other,Fruits,5.8,2000,2500,2250,16 Feb 2022,2022-02-16 00:00:00
Himachal Pradesh,Kullu,Bhuntar,Other,Fruits,3.3,2400,2520,2460,16 Feb 2022,2022-02-16 00:00:00
Himachal Pradesh,Kangra,Kangra,Other,Fruits,1.5,3000,3500,3250,16 Feb 2022,2022-02-16 00:00:00
Himachal Pradesh,Bilaspur,Bilaspur,Ordinary Big,Fruits,1.8,2100,2600,2300,16 Feb 2022,2022-02-16 00:00:00
Himachal Pradesh,Una,Una,Medium,Fruits,8.6,2300,2900,2600,16 Feb 2022,2022-02-16 00:00:00
Himachal Pradesh,Mandi,Mandi(Mandi),Banana - Ripe,Fruits,4.8,4000,5000,4500,16 Feb 2022,2022-02-16 00:00:00
Himachal Pradesh,Kullu,Kullu,Other,Fruits,1.1,2800,3200,3000,17 Feb 2022,2022-02-17 00:00:00
Himachal Pradesh,Kullu,Bhuntar,Other,Fruits,2.9,2400,2520,2460,17 Feb 2022,2022-02-17 00:00:00
Himachal Pradesh,Hamirpur,Hamirpur(Nadaun),Other,Fruits,1.3,2600,2700,2650,17 Feb 2022,2022-02-17 00:00:00
Himachal Pradesh,Hamirpur,Hamirpur,Other,Fruits,1.88,2600,2700,2650,17 Feb 2022,2022-02-17 00:00:00
Himachal Pradesh,Bilaspur,Bilaspur,Ordinary Big,Fruits,2.3,2100,2500,2300,17 Feb 2022,2022-02-17 00:00:00
Himachal Pradesh,Chamba,Chamba,Other,Fruits,1.8,3000,3200,3100,17 Feb 2022,2022-02-17 00:00:00
Himachal Pradesh,Una,Una,Medium,Fruits,8.5,2600,3100,2850,17 Feb 2022,2022-02-17 00:00:00
Himachal Pradesh,Kangra,Kangra(Jaisinghpur),Banana - Ripe,Fruits,0.09,3200,3700,3550,17 Feb 2022,2022-02-17 00:00:00
Himachal Pradesh,Mandi,Mandi(Mandi),Banana - Ripe,Fruits,3.1,4000,4900,4500,17 Feb 2022,2022-02-17 00:00:00
Himachal Pradesh,Mandi,Dhanotu (Mandi),Other,Fruits,5.2,2000,2500,2250,17 Feb 2022,2022-02-17 00:00:00
Himachal Pradesh,Kangra,Kangra,Other,Fruits,2.0,3000,3500,3250,17 Feb 2022,2022-02-17 00:00:00
Himachal Pradesh,Kangra,Kangra(Jassour),Other,Fruits,0.5,2400,2600,2500,17 Feb 2022,2022-02-17 00:00:00
Himachal Pradesh,Kangra,Kangra(Baijnath),Banana - Ripe,Fruits,0.4,2200,2500,2500,17 Feb 2022,2022-02-17 00:00:00
Himachal Pradesh,Kangra,Palampur,Banana - Ripe,Fruits,2.1,3000,3500,3250,18 Feb 2022,2022-02-18 00:00:00
Himachal Pradesh,Sirmore,Nahan,Other,Fruits,0.5,2200,2800,2500,18 Feb 2022,2022-02-18 00:00:00
Himachal Pradesh,Sirmore,Paonta Sahib,Other,Fruits,0.68,2000,2800,2500,18 Feb 2022,2022-02-18 00:00:00
Himachal Pradesh,Mandi,Mandi(Mandi),Banana - Ripe,Fruits,3.8,4000,5500,5000,18 Feb 2022,2022-02-18 00:00:00
Himachal Pradesh,Kullu,Kullu,Other,Fruits,1.2,3000,3200,3100,18 Feb 2022,2022-02-18 00:00:00
Himachal Pradesh,Kangra,Kangra(Jaisinghpur),Banana - Ripe,Fruits,0.05,3200,3700,3450,18 Feb 2022,2022-02-18 00:00:00
Himachal Pradesh,Hamirpur,Hamirpur,Other,Fruits,1.65,2500,2600,2550,18 Feb 2022,2022-02-18 00:00:00
Himachal Pradesh,Kullu,Bhuntar,Other,Fruits,2.5,2400,2520,2460,18 Feb 2022,2022-02-18 00:00:00
Himachal Pradesh,Chamba,Chamba,Other,Fruits,2.8,3000,3200,3100,18 Feb 2022,2022-02-18 00:00:00
Himachal Pradesh,Kangra,Kangra,Other,Fruits,1.9,3000,3500,3250,18 Feb 2022,2022-02-18 00:00:00
Himachal Pradesh,Mandi,Dhanotu (Mandi),Other,Fruits,5.4,2200,2500,2350,18 Feb 2022,2022-02-18 00:00:00
Himachal Pradesh,Hamirpur,Hamirpur(Nadaun),Other,Fruits,1.82,2500,2600,2550,18 Feb 2022,2022-02-18 00:00:00
Himachal Pradesh,Kangra,Kangra(Jassour),Other,Fruits,2.3,2400,2600,2500,18 Feb 2022,2022-02-18 00:00:00
Himachal Pradesh,Kangra,Kangra(Baijnath),Banana - Ripe,Fruits,0.3,2200,2600,2400,19 Feb 2022,2022-02-19 00:00:00
Himachal Pradesh,Sirmore,Nahan,Other,Fruits,0.3,2500,2800,2600,19 Feb 2022,2022-02-19 00:00:00
Himachal Pradesh,Kullu,Kullu,Other,Fruits,1.1,2800,3200,3000,19 Feb 2022,2022-02-19 00:00:00
Himachal Pradesh,Hamirpur,Hamirpur(Nadaun),Other,Fruits,1.6,2400,2600,2500,19 Feb 2022,2022-02-19 00:00:00
Himachal Pradesh,Kangra,Kangra(Jaisinghpur),Banana - Ripe,Fruits,0.06,3400,3800,3600,19 Feb 2022,2022-02-19 00:00:00
Himachal Pradesh,Hamirpur,Hamirpur,Other,Fruits,1.9,2500,2600,2550,19 Feb 2022,2022-02-19 00:00:00
Himachal Pradesh,Mandi,Dhanotu (Mandi),Other,Fruits,5.1,2000,2500,2250,19 Feb 2022,2022-02-19 00:00:00
Himachal Pradesh,Sirmore,Paonta Sahib,Other,Fruits,0.65,2500,3000,2800,19 Feb 2022,2022-02-19 00:00:00
Himachal Pradesh,Kangra,Palampur,Banana - Ripe,Fruits,1.5,3200,3600,3450,19 Feb 2022,2022-02-19 00:00:00
Himachal Pradesh,Mandi,Mandi(Mandi),Banana - Ripe,Fruits,2.8,4000,5500,5000,19 Feb 2022,2022-02-19 00:00:00
Himachal Pradesh,Kullu,Bhuntar,Other,Fruits,2.3,2640,2700,2670,20 Feb 2022,2022-02-20 00:00:00
Himachal Pradesh,Kullu,Kullu,Other,Fruits,0.7,2900,3200,3000,20 Feb 2022,2022-02-20 00:00:00
Himachal Pradesh,Kangra,Kangra(Jassour),Other,Fruits,2.2,2400,2600,2500,20 Feb 2022,2022-02-20 00:00:00
Himachal Pradesh,Kangra,Palampur,Banana - Ripe,Fruits,2.2,3200,3800,3500,21 Feb 2022,2022-02-21 00:00:00
Himachal Pradesh,Bilaspur,Bilaspur,Ordinary Big,Fruits,2.0,2100,2300,2200,21 Feb 2022,2022-02-21 00:00:00
Himachal Pradesh,Kangra,Kangra(Baijnath),Banana - Ripe,Fruits,0.5,2000,2500,2200,21 Feb 2022,2022-02-21 00:00:00
Himachal Pradesh,Hamirpur,Hamirpur(Nadaun),Other,Fruits,1.65,2500,2600,2550,21 Feb 2022,2022-02-21 00:00:00
Himachal Pradesh,Sirmore,Paonta Sahib,Other,Fruits,0.4,2500,3000,2800,21 Feb 2022,2022-02-21 00:00:00
Himachal Pradesh,Kangra,Kangra(Jaisinghpur),Banana - Ripe,Fruits,0.05,3500,4000,3750,21 Feb 2022,2022-02-21 00:00:00
Himachal Pradesh,Kangra,Kangra,Other,Fruits,1.8,3000,3500,3250,21 Feb 2022,2022-02-21 00:00:00
Himachal Pradesh,Kullu,Bhuntar,Other,Fruits,2.5,2580,2640,2610,21 Feb 2022,2022-02-21 00:00:00
Himachal Pradesh,Mandi,Mandi(Mandi),Banana - Ripe,Fruits,4.5,4500,5300,5000,21 Feb 2022,2022-02-21 00:00:00
Himachal Pradesh,Mandi,Dhanotu (Mandi),Other,Fruits,5.5,2200,2500,2350,21 Feb 2022,2022-02-21 00:00:00
Himachal Pradesh,Hamirpur,Hamirpur,Other,Fruits,1.89,2500,2600,2550,21 Feb 2022,2022-02-21 00:00:00
Himachal Pradesh,Kullu,Kullu,Other,Fruits,1.3,2800,3200,2900,21 Feb 2022,2022-02-21 00:00:00
Himachal Pradesh,Kangra,Kangra,Other,Fruits,1.5,3000,3500,3250,22 Feb 2022,2022-02-22 00:00:00
Himachal Pradesh,Mandi,Dhanotu (Mandi),Other,Fruits,5.2,2500,2500,2500,22 Feb 2022,2022-02-22 00:00:00
Himachal Pradesh,Kangra,Palampur,Banana - Ripe,Fruits,2.0,3200,3800,3500,22 Feb 2022,2022-02-22 00:00:00
Himachal Pradesh,Kangra,Kangra(Jassour),Other,Fruits,2.4,2400,2600,2500,22 Feb 2022,2022-02-22 00:00:00
Himachal Pradesh,Hamirpur,Hamirpur,Other,Fruits,2.2,2500,2600,2550,22 Feb 2022,2022-02-22 00:00:00
Himachal Pradesh,Sirmore,Paonta Sahib,Other,Fruits,0.85,2000,2500,2250,22 Feb 2022,2022-02-22 00:00:00
Himachal Pradesh,Sirmore,Nahan,Other,Fruits,0.7,2500,3000,2750,22 Feb 2022,2022-02-22 00:00:00
Himachal Pradesh,Mandi,Mandi(Mandi),Banana - Ripe,Fruits,3.8,3100,5300,5000,22 Feb 2022,2022-02-22 00:00:00
Himachal Pradesh,Kangra,Kangra(Jaisinghpur),Banana - Ripe,Fruits,0.1,3500,4000,3750,22 Feb 2022,2022-02-22 00:00:00
Himachal Pradesh,Kullu,Kullu,Other,Fruits,1.0,3000,3200,3100,22 Feb 2022,2022-02-22 00:00:00
Himachal Pradesh,Kangra,Kangra,Other,Fruits,1.9,2800,3000,2900,23 Feb 2022,2022-02-23 00:00:00
Himachal Pradesh,Hamirpur,Hamirpur,Other,Fruits,1.75,2500,2600,2550,23 Feb 2022,2022-02-23 00:00:00
Himachal Pradesh,Mandi,Mandi(Mandi),Banana - Ripe,Fruits,3.1,4500,5000,4800,23 Feb 2022,2022-02-23 00:00:00
Himachal Pradesh,Kangra,Kangra(Jassour),Other,Fruits,2.2,2400,2600,2500,23 Feb 2022,2022-02-23 00:00:00
Himachal Pradesh,Kullu,Kullu,Other,Fruits,1.1,2900,3200,3000,23 Feb 2022,2022-02-23 00:00:00
Himachal Pradesh,Hamirpur,Hamirpur(Nadaun),Other,Fruits,1.83,2500,2700,2600,23 Feb 2022,2022-02-23 00:00:00
Himachal Pradesh,Kangra,Kangra(Jaisinghpur),Banana - Ripe,Fruits,0.04,3400,4000,3750,23 Feb 2022,2022-02-23 00:00:00
Himachal Pradesh,Mandi,Dhanotu (Mandi),Other,Fruits,5.8,2500,2500,2500,23 Feb 2022,2022-02-23 00:00:00
Himachal Pradesh,Mandi,Mandi(Mandi),Banana - Ripe,Fruits,1.7,4500,5300,5000,24 Feb 2022,2022-02-24 00:00:00
Himachal Pradesh,Kullu,Bhuntar,Other,Fruits,1.6,2520,2640,2580,24 Feb 2022,2022-02-24 00:00:00
Himachal Pradesh,Sirmore,Paonta Sahib,Other,Fruits,0.1,300000,300000,300000,24 Feb 2022,2022-02-24 00:00:00
Himachal Pradesh,Kangra,Kangra(Jaisinghpur),Banana - Ripe,Fruits,0.06,3400,4000,3750,24 Feb 2022,2022-02-24 00:00:00
Himachal Pradesh,Kangra,Palampur,Banana - Ripe,Fruits,2.1,3300,3800,3500,24 Feb 2022,2022-02-24 00:00:00
Himachal Pradesh,Mandi,Dhanotu (Mandi),Other,Fruits,5.2,2500,2500,2500,24 Feb 2022,2022-02-24 00:00:00
Himachal Pradesh,Kangra,Kangra(Jassour),Other,Fruits,0.5,2400,2600,2500,24 Feb 2022,2022-02-24 00:00:00
Himachal Pradesh,Hamirpur,Hamirpur(Nadaun),Other,Fruits,1.85,2600,2800,2700,24 Feb 2022,2022-02-24 00:00:00
Himachal Pradesh,Bilaspur,Bilaspur,Ordinary Big,Fruits,1.8,2200,2600,2500,24 Feb 2022,2022-02-24 00:00:00
Himachal Pradesh,Hamirpur,Hamirpur,Other,Fruits,1.88,2600,2800,2700,24 Feb 2022,2022-02-24 00:00:00
Himachal Pradesh,Sirmore,Nahan,Other,Fruits,0.5,2500,3000,2750,24 Feb 2022,2022-02-24 00:00:00
Himachal Pradesh,Kangra,Kangra,Other,Fruits,1.7,2800,3000,2900,24 Feb 2022,2022-02-24 00:00:00
Himachal Pradesh,Kullu,Kullu,Other,Fruits,0.7,2800,3000,2900,24 Feb 2022,2022-02-24 00:00:00
Himachal Pradesh,Bilaspur,Bilaspur,Ordinary Big,Fruits,2.5,2200,2500,2400,25 Feb 2022,2022-02-25 00:00:00
Himachal Pradesh,Mandi,Dhanotu (Mandi),Other,Fruits,5.4,2000,2500,2250,25 Feb 2022,2022-02-25 00:00:00
Himachal Pradesh,Chamba,Chamba,Other,Fruits,1.8,3000,3200,3100,25 Feb 2022,2022-02-25 00:00:00
Himachal Pradesh,Kullu,Kullu,Other,Fruits,0.9,2800,3000,2900,25 Feb 2022,2022-02-25 00:00:00
Himachal Pradesh,Mandi,Mandi(Mandi),Banana - Ripe,Fruits,3.5,4800,5200,5000,25 Feb 2022,2022-02-25 00:00:00
Himachal Pradesh,Kangra,Kangra,Other,Fruits,1.8,3500,4000,3750,25 Feb 2022,2022-02-25 00:00:00
Himachal Pradesh,Hamirpur,Hamirpur,Other,Fruits,1.7,2500,2800,2600,25 Feb 2022,2022-02-25 00:00:00
Himachal Pradesh,Kangra,Kangra(Jaisinghpur),Banana - Ripe,Fruits,0.04,3400,4000,3650,25 Feb 2022,2022-02-25 00:00:00
Himachal Pradesh,Kangra,Kangra(Jassour),Other,Fruits,2.2,2500,2700,2600,25 Feb 2022,2022-02-25 00:00:00
Himachal Pradesh,Hamirpur,Hamirpur(Nadaun),Other,Fruits,1.7,2500,2600,2550,25 Feb 2022,2022-02-25 00:00:00
Himachal Pradesh,Kangra,Kangra(Jassour),Other,Fruits,2.4,2500,2700,2600,26 Feb 2022,2022-02-26 00:00:00
Himachal Pradesh,Bilaspur,Bilaspur,Ordinary Big,Fruits,2.3,2300,2600,2400,26 Feb 2022,2022-02-26 00:00:00
Himachal Pradesh,Hamirpur,Hamirpur,Other,Fruits,2.08,2500,2700,2600,26 Feb 2022,2022-02-26 00:00:00
Himachal Pradesh,Kangra,Kangra,Other,Fruits,1.9,3000,3500,3250,26 Feb 2022,2022-02-26 00:00:00
Himachal Pradesh,Mandi,Dhanotu (Mandi),Other,Fruits,5.0,2500,2600,2550,26 Feb 2022,2022-02-26 00:00:00
Himachal Pradesh,Kullu,Kullu,Other,Fruits,1.2,2800,3200,3000,26 Feb 2022,2022-02-26 00:00:00
Himachal Pradesh,Hamirpur,Hamirpur(Nadaun),Other,Fruits,2.23,2600,2700,2650,26 Feb 2022,2022-02-26 00:00:00
Himachal Pradesh,Kangra,Palampur,Banana - Ripe,Fruits,1.5,3200,3800,3500,26 Feb 2022,2022-02-26 00:00:00
Himachal Pradesh,Mandi,Mandi(Mandi),Banana - Ripe,Fruits,3.0,4000,5300,5000,26 Feb 2022,2022-02-26 00:00:00
Himachal Pradesh,Kangra,Kangra(Nagrota Bagwan),Amruthapani,Fruits,0.3,3000,3200,3100,26 Feb 2022,2022-02-26 00:00:00
Himachal Pradesh,Kullu,Bhuntar,Other,Fruits,2.5,2820,2850,2835,27 Feb 2022,2022-02-27 00:00:00
Himachal Pradesh,Kullu,Kullu,Other,Fruits,1.3,3000,3200,3100,27 Feb 2022,2022-02-27 00:00:00
Himachal Pradesh,Bilaspur,Bilaspur,Ordinary Big,Fruits,2.0,2300,2700,2400,27 Feb 2022,2022-02-27 00:00:00
Himachal Pradesh,Mandi,Mandi(Mandi),Banana - Ripe,Fruits,7.6,4000,5300,5000,28 Feb 2022,2022-02-28 00:00:00
Himachal Pradesh,Kangra,Kangra(Jassour),Other,Fruits,2.5,2500,2700,2600,28 Feb 2022,2022-02-28 00:00:00
Himachal Pradesh,Kullu,Kullu,Other,Fruits,1.2,2900,3200,3000,28 Feb 2022,2022-02-28 00:00:00
Himachal Pradesh,Kangra,Palampur,Banana - Ripe,Fruits,1.9,3200,3800,3500,28 Feb 2022,2022-02-28 00:00:00
Himachal Pradesh,Kangra,Kangra,Other,Fruits,2.2,3500,4000,3750,28 Feb 2022,2022-02-28 00:00:00
Himachal Pradesh,Kangra,Kangra(Jaisinghpur),Banana - Ripe,Fruits,0.07,3600,4000,3800,28 Feb 2022,2022-02-28 00:00:00
Himachal Pradesh,Kangra,Kangra(Baijnath),Banana - Ripe,Fruits,0.4,3000,3000,3000,28 Feb 2022,2022-02-28 00:00:00
Himachal Pradesh,Chamba,Chamba,Other,Fruits,4.5,3000,3200,3100,28 Feb 2022,2022-02-28 00:00:00
Himachal Pradesh,Mandi,Dhanotu (Mandi),Other,Fruits,5.3,2500,2700,2600,28 Feb 2022,2022-02-28 00:00:00
Himachal Pradesh,Bilaspur,Bilaspur,Ordinary Big,Fruits,2.3,2300,2600,2400,28 Feb 2022,2022-02-28 00:00:00
Himachal Pradesh,Kullu,Bhuntar,Other,Fruits,3.3,2820,2880,2850,28 Feb 2022,2022-02-28 00:00:00
Himachal Pradesh,Chamba,Chamba,Other,Fruits,2.5,3000,3200,3100,01 Mar 2022,2022-03-01 00:00:00
Himachal Pradesh,Bilaspur,Bilaspur,Ordinary Big,Fruits,2.5,2300,2600,2400,01 Mar 2022,2022-03-01 00:00:00
Himachal Pradesh,Kangra,Kangra(Baijnath),Banana - Ripe,Fruits,0.8,3200,3500,3500,01 Mar 2022,2022-03-01 00:00:00
Himachal Pradesh,Kullu,Kullu,Other,Fruits,1.7,3000,3200,3100,01 Mar 2022,2022-03-01 00:00:00
Himachal Pradesh,Kangra,Palampur,Banana - Ripe,Fruits,4.0,3400,3800,3600,01 Mar 2022,2022-03-01 00:00:00
Himachal Pradesh,Kullu,Bhuntar,Other,Fruits,5.0,2580,2760,2670,01 Mar 2022,2022-03-01 00:00:00
Himachal Pradesh,Mandi,Dhanotu (Mandi),Other,Fruits,6.2,2500,2700,2600,01 Mar 2022,2022-03-01 00:00:00
Himachal Pradesh,Kangra,Kangra(Jaisinghpur),Banana - Ripe,Fruits,0.2,3600,4000,3800,01 Mar 2022,2022-03-01 00:00:00
Himachal Pradesh,Mandi,Mandi(Mandi),Banana - Ripe,Fruits,5.6,4700,5100,5000,02 Mar 2022,2022-03-02 00:00:00
Himachal Pradesh,Bilaspur,Bilaspur,Ordinary Big,Fruits,2.0,2000,2600,2300,02 Mar 2022,2022-03-02 00:00:00
Himachal Pradesh,Sirmore,Paonta Sahib,Other,Fruits,0.58,2500,3000,2800,02 Mar 2022,2022-03-02 00:00:00
Himachal Pradesh,Kangra,Kangra(Jassour),Other,Fruits,2.5,2600,2800,2700,02 Mar 2022,2022-03-02 00:00:00
Himachal Pradesh,Kangra,Kangra(Baijnath),Banana - Ripe,Fruits,0.5,3000,3500,3500,02 Mar 2022,2022-03-02 00:00:00
Himachal Pradesh,Kullu,Bhuntar,Other,Fruits,3.3,2580,2760,2670,02 Mar 2022,2022-03-02 00:00:00
Himachal Pradesh,Chamba,Chamba,Other,Fruits,0.7,3000,3200,3100,02 Mar 2022,2022-03-02 00:00:00
Himachal Pradesh,Kangra,Kangra,Other,Fruits,1.4,3500,4000,3750,02 Mar 2022,2022-03-02 00:00:00
Himachal Pradesh,Kangra,Kangra(Jaisinghpur),Banana - Ripe,Fruits,0.06,3600,3800,3700,02 Mar 2022,2022-03-02 00:00:00
Himachal Pradesh,Sirmore,Nahan,Other,Fruits,0.5,2500,3000,2750,02 Mar 2022,2022-03-02 00:00:00
Himachal Pradesh,Mandi,Dhanotu (Mandi),Other,Fruits,6.5,2500,2600,2550,02 Mar 2022,2022-03-02 00:00:00
Himachal Pradesh,Kullu,Kullu,Other,Fruits,1.5,3100,3300,3200,02 Mar 2022,2022-03-02 00:00:00
Himachal Pradesh,Kangra,Kangra(Jaisinghpur),Banana - Ripe,Fruits,0.1,3600,3800,3700,03 Mar 2022,2022-03-03 00:00:00
Himachal Pradesh,Bilaspur,Bilaspur,Ordinary Big,Fruits,2.3,2300,2900,2500,03 Mar 2022,2022-03-03 00:00:00
Himachal Pradesh,Kangra,Kangra(Jassour),Other,Fruits,0.6,2500,2700,2600,03 Mar 2022,2022-03-03 00:00:00
Himachal Pradesh,Kangra,Kangra(Baijnath),Banana - Ripe,Fruits,0.6,2700,3000,2800,03 Mar 2022,2022-03-03 00:00:00
Himachal Pradesh,Kullu,Kullu,Other,Fruits,1.7,2800,3200,3000,03 Mar 2022,2022-03-03 00:00:00
Himachal Pradesh,Mandi,Mandi(Mandi),Banana - Ripe,Fruits,1.2,4000,5000,4500,03 Mar 2022,2022-03-03 00:00:00
Himachal Pradesh,Kullu,Bhuntar,Other,Fruits,2.5,2580,2820,2700,03 Mar 2022,2022-03-03 00:00:00
Himachal Pradesh,Hamirpur,Hamirpur,Other,Fruits,2.25,2600,2800,2700,03 Mar 2022,2022-03-03 00:00:00
Himachal Pradesh,Hamirpur,Hamirpur(Nadaun),Other,Fruits,2.25,2600,2800,2700,03 Mar 2022,2022-03-03 00:00:00
Himachal Pradesh,Kangra,Palampur,Banana - Ripe,Fruits,1.8,3200,3600,3400,03 Mar 2022,2022-03-03 00:00:00
Himachal Pradesh,Kullu,Kullu,Other,Fruits,1.4,3000,3200,3100,04 Mar 2022,2022-03-04 00:00:00
Himachal Pradesh,Sirmore,Paonta Sahib,Other,Fruits,0.52,2500,4000,3000,04 Mar 2022,2022-03-04 00:00:00
Himachal Pradesh,Mandi,Mandi(Mandi),Banana - Ripe,Fruits,2.2,4000,5500,5000,04 Mar 2022,2022-03-04 00:00:00
Himachal Pradesh,Bilaspur,Bilaspur,Ordinary Big,Fruits,1.9,2300,2700,2500,04 Mar 2022,2022-03-04 00:00:00
Himachal Pradesh,Kangra,Kangra(Baijnath),Banana - Ripe,Fruits,0.3,2500,3000,3000,04 Mar 2022,2022-03-04 00:00:00
Himachal Pradesh,Kangra,Kangra,Other,Fruits,1.2,3500,4000,3750,04 Mar 2022,2022-03-04 00:00:00
Himachal Pradesh,Kullu,Bhuntar,Other,Fruits,3.0,2880,2940,2910,04 Mar 2022,2022-03-04 00:00:00
Himachal Pradesh,Sirmore,Nahan,Other,Fruits,0.3,2500,3000,2750,04 Mar 2022,2022-03-04 00:00:00
Himachal Pradesh,Kangra,Kangra(Jassour),Other,Fruits,2.1,2500,2700,2600,04 Mar 2022,2022-03-04 00:00:00
Himachal Pradesh,Kangra,Kangra,Other,Fruits,1.5,3500,4000,3750,05 Mar 2022,2022-03-05 00:00:00
Himachal Pradesh,Kangra,Kangra(Baijnath),Banana - Ripe,Fruits,0.4,2200,2600,2500,05 Mar 2022,2022-03-05 00:00:00
Himachal Pradesh,Mandi,Dhanotu (Mandi),Other,Fruits,5.5,2000,2600,2300,05 Mar 2022,2022-03-05 00:00:00
Himachal Pradesh,Kangra,Kangra(Jassour),Other,Fruits,2.2,2500,2700,2600,05 Mar 2022,2022-03-05 00:00:00
Himachal Pradesh,Sirmore,Nahan,Other,Fruits,0.1,2500,3000,2750,05 Mar 2022,2022-03-05 00:00:00
Himachal Pradesh,Bilaspur,Bilaspur,Ordinary Big,Fruits,2.0,2300,2500,2400,05 Mar 2022,2022-03-05 00:00:00
Himachal Pradesh,Mandi,Mandi(Mandi),Banana - Ripe,Fruits,1.7,4500,5600,5000,05 Mar 2022,2022-03-05 00:00:00
Himachal Pradesh,Kullu,Kullu,Other,Fruits,1.2,3000,3200,3100,05 Mar 2022,2022-03-05 00:00:00
Himachal Pradesh,Sirmore,Paonta Sahib,Other,Fruits,0.4,400000,400000,400000,05 Mar 2022,2022-03-05 00:00:00
Himachal Pradesh,Kullu,Kullu,Other,Fruits,1.1,3000,3200,3100,06 Mar 2022,2022-03-06 00:00:00
Himachal Pradesh,Kangra,Kangra(Jassour),Other,Fruits,2.4,2500,2700,2600,07 Mar 2022,2022-03-07 00:00:00
Himachal Pradesh,Kangra,Palampur,Banana - Ripe,Fruits,1.5,3500,4000,3750,07 Mar 2022,2022-03-07 00:00:00
Himachal Pradesh,Hamirpur,Hamirpur,Other,Fruits,2.23,2600,2800,2700,07 Mar 2022,2022-03-07 00:00:00
Himachal Pradesh,Mandi,Mandi(Mandi),Banana - Ripe,Fruits,7.2,4100,5300,5000,07 Mar 2022,2022-03-07 00:00:00
Himachal Pradesh,Kangra,Kangra,Other,Fruits,1.7,3500,4000,3750,07 Mar 2022,2022-03-07 00:00:00
Himachal Pradesh,Kullu,Bhuntar,Other,Fruits,2.6,2700,2820,2760,07 Mar 2022,2022-03-07 00:00:00
Himachal Pradesh,Sirmore,Paonta Sahib,Other,Fruits,0.5,3000,4000,3500,07 Mar 2022,2022-03-07 00:00:00
Himachal Pradesh,Kullu,Kullu,Other,Fruits,1.4,2800,3100,2900,07 Mar 2022,2022-03-07 00:00:00
Himachal Pradesh,Mandi,Dhanotu (Mandi),Other,Fruits,5.4,2700,2700,2700,07 Mar 2022,2022-03-07 00:00:00
Himachal Pradesh,Kangra,Kangra(Jaisinghpur),Banana - Ripe,Fruits,0.05,3700,4000,3850,07 Mar 2022,2022-03-07 00:00:00
Himachal Pradesh,Kangra,Kangra(Jassour),Other,Fruits,2.0,2500,2700,2600,08 Mar 2022,2022-03-08 00:00:00
Himachal Pradesh,Mandi,Mandi(Mandi),Banana - Ripe,Fruits,3.7,2900,5000,4000,08 Mar 2022,2022-03-08 00:00:00
Himachal Pradesh,Kangra,Kangra,Other,Fruits,1.8,3500,4000,3750,08 Mar 2022,2022-03-08 00:00:00
Himachal Pradesh,Hamirpur,Hamirpur(Nadaun),Other,Fruits,1.75,2600,2800,2700,08 Mar 2022,2022-03-08 00:00:00
Himachal Pradesh,Kullu,Kullu,Other,Fruits,1.2,2900,3200,3000,08 Mar 2022,2022-03-08 00:00:00
Himachal Pradesh,Sirmore,Nahan,Other,Fruits,0.4,2800,3000,2900,08 Mar 2022,2022-03-08 00:00:00
Himachal Pradesh,Kangra,Kangra(Jaisinghpur),Banana - Ripe,Fruits,0.06,3500,4000,3750,08 Mar 2022,2022-03-08 00:00:00
Himachal Pradesh,Kangra,Kangra(Baijnath),Banana - Ripe,Fruits,0.6,2600,3000,2700,08 Mar 2022,2022-03-08 00:00:00
Himachal Pradesh,Mandi,Dhanotu (Mandi),Other,Fruits,5.8,2600,2600,2600,08 Mar 2022,2022-03-08 00:00:00
Himachal Pradesh,Kangra,Palampur,Banana - Ripe,Fruits,2.0,3500,4000,3750,08 Mar 2022,2022-03-08 00:00:00
Himachal Pradesh,Bilaspur,Bilaspur,Ordinary Big,Fruits,2.3,2100,2500,2300,08 Mar 2022,2022-03-08 00:00:00
Himachal Pradesh,Kullu,Bhuntar,Other,Fruits,2.3,2820,2880,2850,08 Mar 2022,2022-03-08 00:00:00
Himachal Pradesh,Sirmore,Paonta Sahib,Other,Fruits,0.85,2800,3500,3000,08 Mar 2022,2022-03-08 00:00:00
Himachal Pradesh,Sirmore,Nahan,Other,Fruits,0.6,2500,3000,2750,09 Mar 2022,2022-03-09 00:00:00
Himachal Pradesh,Kullu,Bhuntar,Other,Fruits,2.1,2820,2880,2850,09 Mar 2022,2022-03-09 00:00:00
Himachal Pradesh,Mandi,Mandi(Mandi),Banana - Ripe,Fruits,3.4,3100,5200,5000,09 Mar 2022,2022-03-09 00:00:00
Himachal Pradesh,Kullu,Kullu,Other,Fruits,1.6,3000,3200,3100,09 Mar 2022,2022-03-09 00:00:00
Himachal Pradesh,Bilaspur,Bilaspur,Ordinary Big,Fruits,2.1,2300,2800,2400,09 Mar 2022,2022-03-09 00:00:00
Himachal Pradesh,Kangra,Kangra(Jassour),Other,Fruits,2.2,2500,2700,2600,09 Mar 2022,2022-03-09 00:00:00
Himachal Pradesh,Kangra,Palampur,Banana - Ripe,Fruits,1.6,3500,4000,3750,09 Mar 2022,2022-03-09 00:00:00
Himachal Pradesh,Chamba,Chamba,Other,Fruits,2.0,3000,3200,3100,09 Mar 2022,2022-03-09 00:00:00
Himachal Pradesh,Sirmore,Paonta Sahib,Other,Fruits,0.56,250000,400000,300000,09 Mar 2022,2022-03-09 00:00:00
Himachal Pradesh,Kangra,Kangra,Other,Fruits,1.7,3500,4000,3750,09 Mar 2022,2022-03-09 00:00:00
Himachal Pradesh,Hamirpur,Hamirpur,Other,Fruits,1.74,2800,3000,2900,09 Mar 2022,2022-03-09 00:00:00
Himachal Pradesh,Mandi,Dhanotu (Mandi),Other,Fruits,5.6,2600,2600,2600,09 Mar 2022,2022-03-09 00:00:00
Himachal Pradesh,Mandi,Mandi(Mandi),Banana - Ripe,Fruits,2.9,4500,5200,5000,10 Mar 2022,2022-03-10 00:00:00
Himachal Pradesh,Kangra,Kangra(Jassour),Other,Fruits,2.1,2500,2700,2600,10 Mar 2022,2022-03-10 00:00:00
Himachal Pradesh,Kangra,Kangra,Other,Fruits,1.6,3500,4000,3750,10 Mar 2022,2022-03-10 00:00:00
Himachal Pradesh,Bilaspur,Bilaspur,Ordinary Big,Fruits,2.0,2100,2600,2300,10 Mar 2022,2022-03-10 00:00:00
Himachal Pradesh,Kangra,Kangra(Jaisinghpur),Banana - Ripe,Fruits,0.04,3700,4000,3850,10 Mar 2022,2022-03-10 00:00:00
Himachal Pradesh,Kullu,Kullu,Other,Fruits,1.4,2900,3200,3000,10 Mar 2022,2022-03-10 00:00:00
Himachal Pradesh,Hamirpur,Hamirpur(Nadaun),Other,Fruits,1.7,2800,2900,2850,10 Mar 2022,2022-03-10 00:00:00
Himachal Pradesh,Mandi,Dhanotu (Mandi),Other,Fruits,6.2,2600,2600,2600,10 Mar 2022,2022-03-10 00:00:00
Himachal Pradesh,Sirmore,Paonta Sahib,Other,Fruits,0.1,400000,400000,400000,10 Mar 2022,2022-03-10 00:00:00
Himachal Pradesh,Kangra,Palampur,Banana - Ripe,Fruits,1.8,3500,4000,3750,10 Mar 2022,2022-03-10 00:00:00
Himachal Pradesh,Hamirpur,Hamirpur,Other,Fruits,1.79,2700,2800,2750,10 Mar 2022,2022-03-10 00:00:00
Himachal Pradesh,Kullu,Kullu,Other,Fruits,1.3,2800,3200,3000,11 Mar 2022,2022-03-11 00:00:00
Himachal Pradesh,Mandi,Dhanotu (Mandi),Other,Fruits,5.8,2000,2600,2300,11 Mar 2022,2022-03-11 00:00:00
Himachal Pradesh,Kangra,Kangra,Other,Fruits,1.9,3500,4000,3750,11 Mar 2022,2022-03-11 00:00:00
Himachal Pradesh,Sirmore,Paonta Sahib,Other,Fruits,0.55,2500,4000,3000,11 Mar 2022,2022-03-11 00:00:00
Himachal Pradesh,Kangra,Kangra(Jaisinghpur),Banana - Ripe,Fruits,0.06,3500,3800,3650,11 Mar 2022,2022-03-11 00:00:00
Himachal Pradesh,Kangra,Palampur,Banana - Ripe,Fruits,2.0,3400,3600,3500,11 Mar 2022,2022-03-11 00:00:00
Himachal Pradesh,Mandi,Mandi(Mandi),Banana - Ripe,Fruits,2.7,3100,5000,4000,11 Mar 2022,2022-03-11 00:00:00
Himachal Pradesh,Kangra,Kangra(Jassour),Other,Fruits,2.2,2500,2700,2600,11 Mar 2022,2022-03-11 00:00:00
Himachal Pradesh,Kangra,Kangra(Baijnath),Banana - Ripe,Fruits,0.4,2500,3000,3000,11 Mar 2022,2022-03-11 00:00:00
Himachal Pradesh,Sirmore,Nahan,Other,Fruits,0.52,2000,3000,2500,11 Mar 2022,2022-03-11 00:00:00
Himachal Pradesh,Kullu,Bhuntar,Other,Fruits,2.0,2760,2820,2790,11 Mar 2022,2022-03-11 00:00:00
Himachal Pradesh,Kullu,Kullu,Other,Fruits,0.9,2800,3200,3000,12 Mar 2022,2022-03-12 00:00:00
Himachal Pradesh,Bilaspur,Bilaspur,Ordinary Big,Fruits,1.6,2000,2500,2200,12 Mar 2022,2022-03-12 00:00:00
Himachal Pradesh,Mandi,Mandi(Mandi),Banana - Ripe,Fruits,1.7,4000,5000,4500,12 Mar 2022,2022-03-12 00:00:00
Himachal Pradesh,Mandi,Dhanotu (Mandi),Other,Fruits,5.5,2600,2600,2600,12 Mar 2022,2022-03-12 00:00:00
Himachal Pradesh,Chamba,Chamba,Other,Fruits,1.8,3000,3200,3100,12 Mar 2022,2022-03-12 00:00:00
Himachal Pradesh,Kullu,Bhuntar,Other,Fruits,1.7,2760,2820,2790,13 Mar 2022,2022-03-13 00:00:00
Himachal Pradesh,Kullu,Kullu,Other,Fruits,1.1,2800,3000,2900,13 Mar 2022,2022-03-13 00:00:00
Himachal Pradesh,Chamba,Chamba,Other,Fruits,3.5,3000,3200,3100,14 Mar 2022,2022-03-14 00:00:00
Himachal Pradesh,Kangra,Kangra(Baijnath),Banana - Ripe,Fruits,0.5,2200,3000,2400,14 Mar 2022,2022-03-14 00:00:00
Himachal Pradesh,Hamirpur,Hamirpur,Other,Fruits,1.85,2600,2800,2700,14 Mar 2022,2022-03-14 00:00:00
Himachal Pradesh,Kangra,Kangra,Other,Fruits,1.8,3500,4000,3750,14 Mar 2022,2022-03-14 00:00:00
Himachal Pradesh,Kullu,Kullu,Other,Fruits,1.4,2900,3100,3000,14 Mar 2022,2022-03-14 00:00:00
Himachal Pradesh,Sirmore,Paonta Sahib,Other,Fruits,0.85,3000,4000,3500,14 Mar 2022,2022-03-14 00:00:00
Himachal Pradesh,Bilaspur,Bilaspur,Ordinary Big,Fruits,2.0,2000,2500,2100,14 Mar 2022,2022-03-14 00:00:00
Himachal Pradesh,Mandi,Mandi(Mandi),Banana - Ripe,Fruits,6.2,4000,5100,5000,14 Mar 2022,2022-03-14 00:00:00
Himachal Pradesh,Mandi,Dhanotu (Mandi),Other,Fruits,6.0,1600,2700,2150,14 Mar 2022,2022-03-14 00:00:00
Himachal Pradesh,Kangra,Palampur,Banana - Ripe,Fruits,1.5,3500,3800,3650,14 Mar 2022,2022-03-14 00:00:00
Himachal Pradesh,Kangra,Kangra(Jaisinghpur),Banana - Ripe,Fruits,0.07,3600,3800,3700,14 Mar 2022,2022-03-14 00:00:00
Himachal Pradesh,Kullu,Kullu,Other,Fruits,1.3,2900,3200,3000,15 Mar 2022,2022-03-15 00:00:00
Himachal Pradesh,Bilaspur,Bilaspur,Ordinary Big,Fruits,1.8,2100,2500,2300,15 Mar 2022,2022-03-15 00:00:00
Himachal Pradesh,Mandi,Mandi(Mandi),Banana - Ripe,Fruits,3.1,4800,5100,5000,15 Mar 2022,2022-03-15 00:00:00
Himachal Pradesh,Kullu,Bhuntar,Other,Fruits,2.5,2700,2820,2760,15 Mar 2022,2022-03-15 00:00:00
Himachal Pradesh,Kangra,Palampur,Banana - Ripe,Fruits,2.0,3500,3800,3650,15 Mar 2022,2022-03-15 00:00:00
Himachal Pradesh,Kangra,Kangra(Nagrota Bagwan),Amruthapani,Fruits,0.3,3200,3400,3300,15 Mar 2022,2022-03-15 00:00:00
Himachal Pradesh,Kangra,Kangra(Jaisinghpur),Banana - Ripe,Fruits,0.09,3600,3800,3700,15 Mar 2022,2022-03-15 00:00:00
Himachal Pradesh,Kangra,Kangra,Other,Fruits,1.5,3500,4000,3750,15 Mar 2022,2022-03-15 00:00:00
Himachal Pradesh,Chamba,Chamba,Other,Fruits,1.5,3000,3200,3100,15 Mar 2022,2022-03-15 00:00:00
Himachal Pradesh,Kangra,Kangra,Other,Fruits,1.7,3500,4000,3750,16 Mar 2022,2022-03-16 00:00:00
Himachal Pradesh,Kullu,Kullu,Other,Fruits,1.0,3000,3200,3100,16 Mar 2022,2022-03-16 00:00:00
Himachal Pradesh,Mandi,Mandi(Mandi),Banana - Ripe,Fruits,3.7,3500,5000,4500,16 Mar 2022,2022-03-16 00:00:00
Himachal Pradesh,Mandi,Dhanotu (Mandi),Other,Fruits,5.0,2000,2500,2250,16 Mar 2022,2022-03-16 00:00:00
Himachal Pradesh,Hamirpur,Hamirpur,Other,Fruits,1.86,2700,2800,2750,16 Mar 2022,2022-03-16 00:00:00
Himachal Pradesh,Kangra,Palampur,Banana - Ripe,Fruits,1.8,3500,3800,3650,16 Mar 2022,2022-03-16 00:00:00
Himachal Pradesh,Kangra,Kangra(Baijnath),Banana - Ripe,Fruits,0.3,2700,3000,3000,16 Mar 2022,2022-03-16 00:00:00
Himachal Pradesh,Kangra,Kangra(Jassour),Other,Fruits,2.4,2500,2700,2600,16 Mar 2022,2022-03-16 00:00:00
Himachal Pradesh,Kullu,Kullu,Other,Fruits,0.8,2800,3100,3000,17 Mar 2022,2022-03-17 00:00:00
Himachal Pradesh,Kangra,Kangra(Nagrota Bagwan),Amruthapani,Fruits,0.2,3200,3400,3300,17 Mar 2022,2022-03-17 00:00:00
Himachal Pradesh,Kullu,Bhuntar,Other,Fruits,1.6,2700,2760,2730,17 Mar 2022,2022-03-17 00:00:00
Himachal Pradesh,Sirmore,Nahan,Other,Fruits,0.35,3000,4000,3500,17 Mar 2022,2022-03-17 00:00:00
Himachal Pradesh,Kangra,Kangra(Jassour),Other,Fruits,0.5,2500,2700,2600,17 Mar 2022,2022-03-17 00:00:00
Himachal Pradesh,Mandi,Dhanotu (Mandi),Other,Fruits,4.5,2000,2500,2250,17 Mar 2022,2022-03-17 00:00:00
Himachal Pradesh,Sirmore,Paonta Sahib,Other,Fruits,0.65,3000,4000,3500,17 Mar 2022,2022-03-17 00:00:00
Himachal Pradesh,Hamirpur,Hamirpur,Other,Fruits,1.89,2700,2800,2750,17 Mar 2022,2022-03-17 00:00:00
Himachal Pradesh,Kangra,Kangra(Baijnath),Banana - Ripe,Fruits,0.5,2600,3000,2700,18 Mar 2022,2022-03-18 00:00:00
Himachal Pradesh,Mandi,Dhanotu (Mandi),Other,Fruits,4.0,2200,2500,2350,18 Mar 2022,2022-03-18 00:00:00
Himachal Pradesh,Kullu,Kullu,Other,Fruits,1.3,3000,3200,3100,18 Mar 2022,2022-03-18 00:00:00
Himachal Pradesh,Kullu,Bhuntar,Other,Fruits,2.5,2700,2820,2760,18 Mar 2022,2022-03-18 00:00:00
Himachal Pradesh,Bilaspur,Bilaspur,Ordinary Big,Fruits,1.6,2200,2500,2300,18 Mar 2022,2022-03-18 00:00:00
Himachal Pradesh,Chamba,Chamba,Other,Fruits,3.5,3000,3200,3100,18 Mar 2022,2022-03-18 00:00:00
Himachal Pradesh,Kangra,Palampur,Banana - Ripe,Fruits,1.7,3500,3800,3650,19 Mar 2022,2022-03-19 00:00:00
Himachal Pradesh,Kangra,Kangra(Jassour),Other,Fruits,2.4,2500,2700,2600,19 Mar 2022,2022-03-19 00:00:00
Himachal Pradesh,Kullu,Kullu,Other,Fruits,1.2,2900,3100,3000,19 Mar 2022,2022-03-19 00:00:00
Himachal Pradesh,Hamirpur,Hamirpur,Other,Fruits,1.73,2700,2800,2750,19 Mar 2022,2022-03-19 00:00:00
Himachal Pradesh,Mandi,Dhanotu (Mandi),Other,Fruits,4.1,2500,2500,2500,19 Mar 2022,2022-03-19 00:00:00
Himachal Pradesh,Chamba,Chamba,Other,Fruits,1.8,3000,3200,3100,19 Mar 2022,2022-03-19 00:00:00
Himachal Pradesh,Kullu,Bhuntar,Other,Fruits,3.3,2640,2760,2700,20 Mar 2022,2022-03-20 00:00:00
Himachal Pradesh,Kullu,Kullu,Other,Fruits,0.7,3000,3300,3200,20 Mar 2022,2022-03-20 00:00:00
Himachal Pradesh,Bilaspur,Bilaspur,Ordinary Big,Fruits,2.0,2100,2600,2200,21 Mar 2022,2022-03-21 00:00:00
Himachal Pradesh,Kangra,Kangra,Other,Fruits,1.8,3500,4000,3750,21 Mar 2022,2022-03-21 00:00:00
Himachal Pradesh,Kullu,Kullu,Other,Fruits,1.0,2800,3200,2900,21 Mar 2022,2022-03-21 00:00:00
Himachal Pradesh,Mandi,Mandi(Mandi),Banana - Ripe,Fruits,6.5,3500,5000,4000,21 Mar 2022,2022-03-21 00:00:00
Himachal Pradesh,Kangra,Kangra(Jaisinghpur),Banana - Ripe,Fruits,0.1,3600,4000,3850,21 Mar 2022,2022-03-21 00:00:00
Himachal Pradesh,Mandi,Dhanotu (Mandi),Other,Fruits,5.6,2500,2600,2550,21 Mar 2022,2022-03-21 00:00:00
Himachal Pradesh,Kangra,Kangra(Baijnath),Banana - Ripe,Fruits,0.3,2500,3000,3000,21 Mar 2022,2022-03-21 00:00:00
Himachal Pradesh,Chamba,Chamba,Other,Fruits,3.3,3000,3200,3100,21 Mar 2022,2022-03-21 00:00:00
Himachal Pradesh,Kangra,Kangra(Jassour),Other,Fruits,2.5,2600,2800,2700,21 Mar 2022,2022-03-21 00:00:00
Himachal Pradesh,Kangra,Palampur,Banana - Ripe,Fruits,1.8,3500,3800,3650,21 Mar 2022,2022-03-21 00:00:00
Himachal Pradesh,Hamirpur,Hamirpur(Nadaun),Other,Fruits,2.14,2700,2800,2750,21 Mar 2022,2022-03-21 00:00:00
Himachal Pradesh,Hamirpur,Hamirpur,Other,Fruits,2.26,2700,2800,2750,21 Mar 2022,2022-03-21 00:00:00
Himachal Pradesh,Sirmore,Paonta Sahib,Other,Fruits,0.85,3000,4000,3500,21 Mar 2022,2022-03-21 00:00:00
Himachal Pradesh,Kangra,Kangra(Jassour),Other,Fruits,2.1,2500,2700,2600,22 Mar 2022,2022-03-22 00:00:00
Himachal Pradesh,Kullu,Bhuntar,Other,Fruits,1.6,2700,2760,2730,22 Mar 2022,2022-03-22 00:00:00
Himachal Pradesh,Kangra,Palampur,Banana - Ripe,Fruits,2.0,3500,3800,3650,22 Mar 2022,2022-03-22 00:00:00
Himachal Pradesh,Mandi,Dhanotu (Mandi),Other,Fruits,5.5,2600,2700,2650,22 Mar 2022,2022-03-22 00:00:00
Himachal Pradesh,Kullu,Kullu,Other,Fruits,1.1,3000,3300,3200,22 Mar 2022,2022-03-22 00:00:00
Himachal Pradesh,Mandi,Mandi(Mandi),Banana - Ripe,Fruits,4.4,3100,5000,4500,22 Mar 2022,2022-03-22 00:00:00
Himachal Pradesh,Hamirpur,Hamirpur(Nadaun),Other,Fruits,2.23,2700,2800,2750,22 Mar 2022,2022-03-22 00:00:00
Himachal Pradesh,Chamba,Chamba,Other,Fruits,2.0,3000,3200,3100,22 Mar 2022,2022-03-22 00:00:00
Himachal Pradesh,Kangra,Kangra,Other,Fruits,1.7,3500,4000,3750,22 Mar 2022,2022-03-22 00:00:00
Himachal Pradesh,Mandi,Mandi(Mandi),Banana - Ripe,Fruits,2.1,2400,4700,4000,23 Mar 2022,2022-03-23 00:00:00
Himachal Pradesh,Bilaspur,Bilaspur,Ordinary Big,Fruits,2.7,2300,2700,2600,23 Mar 2022,2022-03-23 00:00:00
Himachal Pradesh,Kangra,Kangra,Other,Fruits,1.9,3200,3400,3300,23 Mar 2022,2022-03-23 00:00:00
Himachal Pradesh,Kullu,Bhuntar,Other,Fruits,2.0,2520,2700,2610,23 Mar 2022,2022-03-23 00:00:00
Himachal Pradesh,Sirmore,Nahan,Other,Fruits,0.65,3000,3500,3250,23 Mar 2022,2022-03-23 00:00:00
Himachal Pradesh,Kangra,Palampur,Banana - Ripe,Fruits,1.8,3500,3800,3650,23 Mar 2022,2022-03-23 00:00:00
Himachal Pradesh,Kangra,Kangra(Nagrota Bagwan),Amruthapani,Fruits,0.3,3000,3200,3100,23 Mar 2022,2022-03-23 00:00:00
Himachal Pradesh,Mandi,Dhanotu (Mandi),Other,Fruits,5.2,2500,2700,2600,23 Mar 2022,2022-03-23 00:00:00
Himachal Pradesh,Chamba,Chamba,Other,Fruits,4.0,3000,3200,3100,23 Mar 2022,2022-03-23 00:00:00
Himachal Pradesh,Kangra,Kangra(Jassour),Other,Fruits,2.2,2500,2700,2600,23 Mar 2022,2022-03-23 00:00:00
Himachal Pradesh,Hamirpur,Hamirpur,Other,Fruits,2.23,2600,2800,2700,23 Mar 2022,2022-03-23 00:00:00
Himachal Pradesh,Kangra,Kangra(Baijnath),Banana - Ripe,Fruits,0.4,2600,3000,3000,23 Mar 2022,2022-03-23 00:00:00
Himachal Pradesh,Sirmore,Paonta Sahib,Other,Fruits,0.8,3000,4000,3500,23 Mar 2022,2022-03-23 00:00:00
Himachal Pradesh,Kullu,Kullu,Other,Fruits,1.2,3000,3200,3100,23 Mar 2022,2022-03-23 00:00:00
Himachal Pradesh,Hamirpur,Hamirpur,Other,Fruits,2.13,2700,2800,2750,24 Mar 2022,2022-03-24 00:00:00
Himachal Pradesh,Kangra,Kangra(Jassour),Other,Fruits,0.7,2500,2700,2600,24 Mar 2022,2022-03-24 00:00:00
Himachal Pradesh,Kangra,Palampur,Banana - Ripe,Fruits,2.0,3500,3800,3650,24 Mar 2022,2022-03-24 00:00:00
Himachal Pradesh,Hamirpur,Hamirpur(Nadaun),Other,Fruits,2.03,2700,3000,2750,24 Mar 2022,2022-03-24 00:00:00
Himachal Pradesh,Kangra,Kangra(Nagrota Bagwan),Amruthapani,Fruits,0.2,3000,3200,3100,24 Mar 2022,2022-03-24 00:00:00
Himachal Pradesh,Kullu,Kullu,Other,Fruits,1.3,2800,3100,3000,24 Mar 2022,2022-03-24 00:00:00
Himachal Pradesh,Kangra,Kangra(Jaisinghpur),Banana - Ripe,Fruits,0.09,3400,3800,3600,24 Mar 2022,2022-03-24 00:00:00
Himachal Pradesh,Mandi,Mandi(Mandi),Banana - Ripe,Fruits,2.6,4500,5200,5000,24 Mar 2022,2022-03-24 00:00:00
Himachal Pradesh,Mandi,Dhanotu (Mandi),Other,Fruits,6.0,2000,2600,2300,24 Mar 2022,2022-03-24 00:00:00
Himachal Pradesh,Mandi,Mandi(Mandi),Banana - Ripe,Fruits,4.2,4500,5200,5000,25 Mar 2022,2022-03-25 00:00:00
Himachal Pradesh,Kullu,Kullu,Other,Fruits,1.2,3000,3200,3100,25 Mar 2022,2022-03-25 00:00:00
Himachal Pradesh,Chamba,Chamba,Other,Fruits,1.8,3000,3200,3100,25 Mar 2022,2022-03-25 00:00:00
Himachal Pradesh,Kangra,Kangra,Other,Fruits,1.7,3500,4000,3750,25 Mar 2022,2022-03-25 00:00:00
Himachal Pradesh,Kangra,Kangra(Jassour),Other,Fruits,2.3,2500,2700,2600,25 Mar 2022,2022-03-25 00:00:00
Himachal Pradesh,Bilaspur,Bilaspur,Ordinary Big,Fruits,2.3,2300,2600,2500,25 Mar 2022,2022-03-25 00:00:00
Himachal Pradesh,Kangra,Palampur,Banana - Ripe,Fruits,1.8,3500,3800,3650,25 Mar 2022,2022-03-25 00:00:00
Himachal Pradesh,Sirmore,Nahan,Other,Fruits,0.12,2500,3500,3000,25 Mar 2022,2022-03-25 00:00:00
Himachal Pradesh,Mandi,Dhanotu (Mandi),Other,Fruits,5.5,2500,2700,2600,26 Mar 2022,2022-03-26 00:00:00
Himachal Pradesh,Kangra,Kangra(Jassour),Other,Fruits,2.0,2500,2700,2600,26 Mar 2022,2022-03-26 00:00:00
Himachal Pradesh,Kangra,Palampur,Banana - Ripe,Fruits,1.7,3500,3800,3650,26 Mar 2022,2022-03-26 00:00:00
Himachal Pradesh,Bilaspur,Bilaspur,Ordinary Big,Fruits,1.9,2300,2700,2500,26 Mar 2022,2022-03-26 00:00:00
Himachal Pradesh,Hamirpur,Hamirpur,Other,Fruits,2.3,2700,2800,2750,26 Mar 2022,2022-03-26 00:00:00
Himachal Pradesh,Sirmore,Nahan,Other,Fruits,0.4,2500,3500,3000,26 Mar 2022,2022-03-26 00:00:00
Himachal Pradesh,Hamirpur,Hamirpur(Nadaun),Other,Fruits,1.83,2200,2400,2300,26 Mar 2022,2022-03-26 00:00:00
Himachal Pradesh,Kullu,Kullu,Other,Fruits,0.8,2800,3200,3000,26 Mar 2022,2022-03-26 00:00:00
Himachal Pradesh,Sirmore,Paonta Sahib,Other,Fruits,0.85,3000,4000,3500,26 Mar 2022,2022-03-26 00:00:00
Himachal Pradesh,Mandi,Mandi(Mandi),Banana - Ripe,Fruits,5.2,4800,5200,5000,26 Mar 2022,2022-03-26 00:00:00
Himachal Pradesh,Kangra,Kangra(Jaisinghpur),Banana - Ripe,Fruits,0.1,3800,4000,3900,28 Mar 2022,2022-03-28 00:00:00
Himachal Pradesh,Kullu,Kullu,Other,Fruits,1.1,2800,3200,3000,28 Mar 2022,2022-03-28 00:00:00
Himachal Pradesh,Hamirpur,Hamirpur(Nadaun),Other,Fruits,1.3,3000,3200,3100,28 Mar 2022,2022-03-28 00:00:00
Himachal Pradesh,Kangra,Kangra,Other,Fruits,1.9,3000,4000,3500,28 Mar 2022,2022-03-28 00:00:00
Himachal Pradesh,Mandi,Dhanotu (Mandi),Other,Fruits,6.2,2000,2600,2300,28 Mar 2022,2022-03-28 00:00:00
Himachal Pradesh,Kangra,Palampur,Banana - Ripe,Fruits,1.5,3500,4000,3750,28 Mar 2022,2022-03-28 00:00:00
Himachal Pradesh,Kangra,Kangra(Baijnath),Banana - Ripe,Fruits,0.3,2000,2600,2400,28 Mar 2022,2022-03-28 00:00:00
Himachal Pradesh,Mandi,Mandi(Mandi),Banana - Ripe,Fruits,8.2,4400,5100,5000,28 Mar 2022,2022-03-28 00:00:00
Himachal Pradesh,Bilaspur,Bilaspur,Ordinary Big,Fruits,2.3,2300,2500,2400,28 Mar 2022,2022-03-28 00:00:00
Himachal Pradesh,Hamirpur,Hamirpur,Other,Fruits,1.65,3000,3200,3100,28 Mar 2022,2022-03-28 00:00:00
Himachal Pradesh,Kangra,Kangra(Nagrota Bagwan),Amruthapani,Fruits,0.3,3000,3200,3100,28 Mar 2022,2022-03-28 00:00:00
Himachal Pradesh,Kullu,Bhuntar,Other,Fruits,1.6,2700,2760,2730,28 Mar 2022,2022-03-28 00:00:00
Himachal Pradesh,Kullu,Bhuntar,Other,Fruits,2.0,2700,2880,2790,29 Mar 2022,2022-03-29 00:00:00
Himachal Pradesh,Kangra,Kangra(Jaisinghpur),Banana - Ripe,Fruits,0.04,3800,4000,3900,29 Mar 2022,2022-03-29 00:00:00
Himachal Pradesh,Bilaspur,Bilaspur,Ordinary Big,Fruits,3.2,2100,2600,2300,29 Mar 2022,2022-03-29 00:00:00
Himachal Pradesh,Sirmore,Paonta Sahib,Other,Fruits,0.65,2500,3000,2800,29 Mar 2022,2022-03-29 00:00:00
Himachal Pradesh,Kullu,Kullu,Other,Fruits,0.9,3100,3300,3200,29 Mar 2022,2022-03-29 00:00:00
Himachal Pradesh,Mandi,Dhanotu (Mandi),Other,Fruits,5.4,2200,2500,2350,29 Mar 2022,2022-03-29 00:00:00
Himachal Pradesh,Chamba,Chamba,Other,Fruits,2.0,3000,3200,3100,29 Mar 2022,2022-03-29 00:00:00
Himachal Pradesh,Kangra,Kangra,Other,Fruits,1.7,3500,4000,3750,29 Mar 2022,2022-03-29 00:00:00
Himachal Pradesh,Sirmore,Nahan,Other,Fruits,0.3,2500,0,3000,29 Mar 2022,2022-03-29 00:00:00
Himachal Pradesh,Kangra,Palampur,Banana - Ripe,Fruits,1.6,3500,4000,3750,29 Mar 2022,2022-03-29 00:00:00
Himachal Pradesh,Kangra,Kangra(Jassour),Other,Fruits,2.3,2500,2700,2600,29 Mar 2022,2022-03-29 00:00:00
Himachal Pradesh,Kangra,Kangra(Nagrota Bagwan),Amruthapani,Fruits,0.2,3000,3200,3100,29 Mar 2022,2022-03-29 00:00:00
Himachal Pradesh,Una,Una,Medium,Fruits,6.8,2800,3200,3000,30 Mar 2022,2022-03-30 00:00:00
Himachal Pradesh,Kangra,Kangra,Other,Fruits,1.8,3000,4000,3500,30 Mar 2022,2022-03-30 00:00:00
Himachal Pradesh,Mandi,Mandi(Mandi),Banana - Ripe,Fruits,4.2,4500,5000,4800,30 Mar 2022,2022-03-30 00:00:00
Himachal Pradesh,Kullu,Bhuntar,Other,Fruits,2.5,2820,3000,2910,30 Mar 2022,2022-03-30 00:00:00
Himachal Pradesh,Kullu,Kullu,Other,Fruits,0.8,3200,3400,3300,30 Mar 2022,2022-03-30 00:00:00
Himachal Pradesh,Kangra,Kangra(Jassour),Other,Fruits,2.2,2500,2700,2600,30 Mar 2022,2022-03-30 00:00:00
Himachal Pradesh,Bilaspur,Bilaspur,Ordinary Big,Fruits,2.7,2300,2800,2700,30 Mar 2022,2022-03-30 00:00:00
Himachal Pradesh,Kangra,Palampur,Banana - Ripe,Fruits,1.9,3500,4000,3750,30 Mar 2022,2022-03-30 00:00:00
Himachal Pradesh,Mandi,Dhanotu (Mandi),Other,Fruits,2.5,2500,2700,2600,30 Mar 2022,2022-03-30 00:00:00
Himachal Pradesh,Bilaspur,Bilaspur,Ordinary Big,Fruits,2.0,2300,2900,2500,31 Mar 2022,2022-03-31 00:00:00
Himachal Pradesh,Chamba,Chamba,Other,Fruits,1.8,3000,3200,3100,31 Mar 2022,2022-03-31 00:00:00
Himachal Pradesh,Kangra,Palampur,Banana - Ripe,Fruits,1.5,3500,4000,3750,31 Mar 2022,2022-03-31 00:00:00
Himachal Pradesh,Kangra,Kangra(Jaisinghpur),Banana - Ripe,Fruits,0.05,3800,4000,3900,31 Mar 2022,2022-03-31 00:00:00
Himachal Pradesh,Kangra,Kangra(Jassour),Other,Fruits,0.5,2500,2700,2600,31 Mar 2022,2022-03-31 00:00:00
Himachal Pradesh,Kullu,Kullu,Other,Fruits,1.1,2900,3100,3000,31 Mar 2022,2022-03-31 00:00:00
Himachal Pradesh,Mandi,Mandi(Mandi),Banana - Ripe,Fruits,4.3,4800,5200,5000,31 Mar 2022,2022-03-31 00:00:00
Himachal Pradesh,Hamirpur,Hamirpur,Other,Fruits,2.35,2600,2800,2700,31 Mar 2022,2022-03-31 00:00:00
Himachal Pradesh,Kullu,Bhuntar,Other,Fruits,1.6,2820,2940,2880,31 Mar 2022,2022-03-31 00:00:00
Himachal Pradesh,Kangra,Kangra(Jaisinghpur),Banana - Ripe,Fruits,0.06,3800,4000,3900,01 Apr 2022,2022-04-01 00:00:00
Himachal Pradesh,Kullu,Kullu,Other,Fruits,1.0,3000,3200,3100,01 Apr 2022,2022-04-01 00:00:00
Himachal Pradesh,Mandi,Dhanotu (Mandi),Other,Fruits,5.1,2400,2700,2550,01 Apr 2022,2022-04-01 00:00:00
Himachal Pradesh,Chamba,Chamba,Other,Fruits,3.05,3000,3200,3100,01 Apr 2022,2022-04-01 00:00:00
Himachal Pradesh,Sirmore,Paonta Sahib,Other,Fruits,0.75,4000,4500,4200,01 Apr 2022,2022-04-01 00:00:00
Himachal Pradesh,Kangra,Palampur,Banana - Ripe,Fruits,1.6,3500,4000,3750,01 Apr 2022,2022-04-01 00:00:00
Himachal Pradesh,Mandi,Mandi(Mandi),Banana - Ripe,Fruits,6.2,4500,5200,5000,01 Apr 2022,2022-04-01 00:00:00
Himachal Pradesh,Kangra,Kangra,Other,Fruits,2.0,3500,4000,3750,01 Apr 2022,2022-04-01 00:00:00
Himachal Pradesh,Kullu,Bhuntar,Other,Fruits,2.5,2760,2880,2820,01 Apr 2022,2022-04-01 00:00:00
Himachal Pradesh,Bilaspur,Bilaspur,Ordinary Big,Fruits,2.3,2300,2900,2500,01 Apr 2022,2022-04-01 00:00:00
Himachal Pradesh,Sirmore,Nahan,Other,Fruits,0.5,3000,3200,3100,01 Apr 2022,2022-04-01 00:00:00
Himachal Pradesh,Kangra,Kangra(Jassour),Other,Fruits,2.2,2500,2700,2600,02 Apr 2022,2022-04-02 00:00:00
Himachal Pradesh,Bilaspur,Bilaspur,Ordinary Big,Fruits,1.8,2300,2700,2500,02 Apr 2022,2022-04-02 00:00:00
Himachal Pradesh,Mandi,Mandi(Mandi),Banana - Ripe,Fruits,6.8,4500,5300,5000,02 Apr 2022,2022-04-02 00:00:00
Himachal Pradesh,Kangra,Kangra,Other,Fruits,1.9,3500,4000,3750,02 Apr 2022,2022-04-02 00:00:00
Himachal Pradesh,Hamirpur,Hamirpur,Other,Fruits,1.2,2800,2900,2850,02 Apr 2022,2022-04-02 00:00:00
Himachal Pradesh,Kangra,Palampur,Banana - Ripe,Fruits,3.8,3800,4000,3900,02 Apr 2022,2022-04-02 00:00:00
Himachal Pradesh,Chamba,Chamba,Other,Fruits,2.0,3000,3200,3100,02 Apr 2022,2022-04-02 00:00:00
Himachal Pradesh,Mandi,Dhanotu (Mandi),Other,Fruits,5.0,2600,3000,2800,02 Apr 2022,2022-04-02 00:00:00
Himachal Pradesh,Bilaspur,Bilaspur,Ordinary Big,Fruits,2.3,2300,2600,2400,03 Apr 2022,2022-04-03 00:00:00
Himachal Pradesh,Kullu,Bhuntar,Other,Fruits,3.3,2820,2880,2850,03 Apr 2022,2022-04-03 00:00:00
Himachal Pradesh,Chamba,Chamba,Other,Fruits,1.8,3000,3200,3100,04 Apr 2022,2022-04-04 00:00:00
Himachal Pradesh,Kangra,Palampur,Banana - Ripe,Fruits,4.0,3800,4000,3900,04 Apr 2022,2022-04-04 00:00:00
Himachal Pradesh,Sirmore,Paonta Sahib,Other,Fruits,0.85,3000,4000,3200,04 Apr 2022,2022-04-04 00:00:00
Himachal Pradesh,Kangra,Kangra(Jassour),Other,Fruits,2.4,2500,2700,2600,04 Apr 2022,2022-04-04 00:00:00
Himachal Pradesh,Kangra,Kangra(Jaisinghpur),Banana - Ripe,Fruits,0.4,3800,4200,4000,04 Apr 2022,2022-04-04 00:00:00
Himachal Pradesh,Mandi,Dhanotu (Mandi),Other,Fruits,6.2,2700,3200,2950,04 Apr 2022,2022-04-04 00:00:00
Himachal Pradesh,Bilaspur,Bilaspur,Ordinary Big,Fruits,1.8,1900,2800,2300,04 Apr 2022,2022-04-04 00:00:00
Himachal Pradesh,Kangra,Kangra(Baijnath),Banana - Ripe,Fruits,0.4,2500,3000,3000,04 Apr 2022,2022-04-04 00:00:00
Himachal Pradesh,Kangra,Kangra,Other,Fruits,2.0,3500,4500,4000,04 Apr 2022,2022-04-04 00:00:00
Himachal Pradesh,Kullu,Bhuntar,Other,Fruits,4.1,2820,2880,2850,04 Apr 2022,2022-04-04 00:00:00
Himachal Pradesh,Mandi,Mandi(Mandi),Banana - Ripe,Fruits,9.2,4500,5400,5000,04 Apr 2022,2022-04-04 00:00:00
Himachal Pradesh,Bilaspur,Bilaspur,Ordinary Big,Fruits,2.3,2300,2600,2500,05 Apr 2022,2022-04-05 00:00:00
Himachal Pradesh,Kangra,Kangra(Jaisinghpur),Banana - Ripe,Fruits,0.06,3800,4200,4000,05 Apr 2022,2022-04-05 00:00:00
Himachal Pradesh,Kangra,Palampur,Banana - Ripe,Fruits,1.5,3800,4000,3900,05 Apr 2022,2022-04-05 00:00:00
Himachal Pradesh,Kangra,Kangra(Baijnath),Banana - Ripe,Fruits,0.3,2500,3000,3000,05 Apr 2022,2022-04-05 00:00:00
Himachal Pradesh,Kullu,Bhuntar,Other,Fruits,3.3,2760,2880,2810,05 Apr 2022,2022-04-05 00:00:00
Himachal Pradesh,Chamba,Chamba,Other,Fruits,2.0,3000,3200,3100,05 Apr 2022,2022-04-05 00:00:00
Himachal Pradesh,Hamirpur,Hamirpur,Other,Fruits,1.1,2500,2600,2550,05 Apr 2022,2022-04-05 00:00:00
Himachal Pradesh,Hamirpur,Hamirpur(Nadaun),Other,Fruits,0.9,2500,2600,2550,05 Apr 2022,2022-04-05 00:00:00
Himachal Pradesh,Mandi,Dhanotu (Mandi),Other,Fruits,6.5,2500,3000,2750,05 Apr 2022,2022-04-05 00:00:00
Himachal Pradesh,Mandi,Mandi(Mandi),Banana - Ripe,Fruits,4.8,4500,5400,5000,05 Apr 2022,2022-04-05 00:00:00
Himachal Pradesh,Kangra,Kangra(Jassour),Other,Fruits,2.3,4000,4500,4250,05 Apr 2022,2022-04-05 00:00:00
Himachal Pradesh,Kangra,Kangra,Other,Fruits,1.9,3500,4500,4000,05 Apr 2022,2022-04-05 00:00:00
Himachal Pradesh,Solan,Solan,Other,Fruits,2.6,1700,2700,2100,06 Apr 2022,2022-04-06 00:00:00
Himachal Pradesh,Mandi,Dhanotu (Mandi),Other,Fruits,6.2,2700,2900,2800,06 Apr 2022,2022-04-06 00:00:00
Himachal Pradesh,Kullu,Kullu,Other,Fruits,1.2,3000,3200,3100,06 Apr 2022,2022-04-06 00:00:00
Himachal Pradesh,Sirmore,Nahan,Other,Fruits,0.7,2500,3000,2750,06 Apr 2022,2022-04-06 00:00:00
Himachal Pradesh,Kangra,Kangra(Jassour),Other,Fruits,2.2,2600,2800,2700,06 Apr 2022,2022-04-06 00:00:00
Himachal Pradesh,Bilaspur,Bilaspur,Ordinary Big,Fruits,2.4,2400,2800,2600,06 Apr 2022,2022-04-06 00:00:00
Himachal Pradesh,Kullu,Bhuntar,Other,Fruits,5.0,2700,2880,2790,06 Apr 2022,2022-04-06 00:00:00
Himachal Pradesh,Sirmore,Paonta Sahib,Other,Fruits,0.75,2500,0,3000,06 Apr 2022,2022-04-06 00:00:00
Himachal Pradesh,Mandi,Mandi(Mandi),Banana - Ripe,Fruits,6.2,5000,5400,5200,06 Apr 2022,2022-04-06 00:00:00
Himachal Pradesh,Kangra,Kangra(Jaisinghpur),Banana - Ripe,Fruits,0.05,3600,4200,3900,06 Apr 2022,2022-04-06 00:00:00
Himachal Pradesh,Kangra,Palampur,Banana - Ripe,Fruits,1.6,3800,4000,3900,06 Apr 2022,2022-04-06 00:00:00
Himachal Pradesh,Kangra,Kangra,Other,Fruits,1.8,3000,4000,3500,06 Apr 2022,2022-04-06 00:00:00
Himachal Pradesh,Mandi,Dhanotu (Mandi),Other,Fruits,5.8,2000,2800,2400,07 Apr 2022,2022-04-07 00:00:00
Himachal Pradesh,Mandi,Mandi(Mandi),Banana - Ripe,Fruits,7.2,5100,5400,5200,07 Apr 2022,2022-04-07 00:00:00
Himachal Pradesh,Kullu,Kullu,Other,Fruits,1.0,3000,3200,3100,07 Apr 2022,2022-04-07 00:00:00
Himachal Pradesh,Kangra,Kangra(Jassour),Other,Fruits,0.5,2600,2800,2700,07 Apr 2022,2022-04-07 00:00:00
Himachal Pradesh,Chamba,Chamba,Other,Fruits,2.25,3000,3200,3100,07 Apr 2022,2022-04-07 00:00:00
Himachal Pradesh,Kullu,Bhuntar,Other,Fruits,4.1,2660,2820,2740,07 Apr 2022,2022-04-07 00:00:00
Himachal Pradesh,Hamirpur,Hamirpur,Other,Fruits,1.5,2700,2800,2750,08 Apr 2022,2022-04-08 00:00:00
Himachal Pradesh,Kangra,Kangra(Jassour),Other,Fruits,2.1,2600,2800,2700,08 Apr 2022,2022-04-08 00:00:00
Himachal Pradesh,Hamirpur,Hamirpur(Nadaun),Other,Fruits,1.8,2700,2800,2750,08 Apr 2022,2022-04-08 00:00:00
Himachal Pradesh,Kangra,Kangra,Other,Fruits,1.9,4000,4500,4250,08 Apr 2022,2022-04-08 00:00:00
Himachal Pradesh,Kangra,Kangra(Jaisinghpur),Banana - Ripe,Fruits,0.06,3600,4200,4000,08 Apr 2022,2022-04-08 00:00:00
Himachal Pradesh,Mandi,Dhanotu (Mandi),Other,Fruits,5.5,2500,2800,2650,08 Apr 2022,2022-04-08 00:00:00
Himachal Pradesh,Una,Una,Medium,Fruits,9.6,2900,3200,3100,08 Apr 2022,2022-04-08 00:00:00
Himachal Pradesh,Kangra,Palampur,Banana - Ripe,Fruits,1.5,3800,4000,3900,08 Apr 2022,2022-04-08 00:00:00
Himachal Pradesh,Kullu,Bhuntar,Other,Fruits,3.3,2700,2820,2760,08 Apr 2022,2022-04-08 00:00:00
Himachal Pradesh,Mandi,Mandi(Mandi),Banana - Ripe,Fruits,4.1,4800,5400,5000,08 Apr 2022,2022-04-08 00:00:00
Himachal Pradesh,Kullu,Kullu,Other,Fruits,1.2,3100,3200,3200,08 Apr 2022,2022-04-08 00:00:00
Himachal Pradesh,Chamba,Chamba,Other,Fruits,2.0,3000,3200,3100,08 Apr 2022,2022-04-08 00:00:00
Himachal Pradesh,Bilaspur,Bilaspur,Ordinary Big,Fruits,2.0,2300,2900,2400,08 Apr 2022,2022-04-08 00:00:00
Himachal Pradesh,Sirmore,Nahan,Other,Fruits,0.8,2500,3000,3000,08 Apr 2022,2022-04-08 00:00:00
Himachal Pradesh,Mandi,Dhanotu (Mandi),Other,Fruits,6.0,2500,3000,2750,09 Apr 2022,2022-04-09 00:00:00
Himachal Pradesh,Chamba,Chamba,Other,Fruits,1.8,3000,3200,3100,09 Apr 2022,2022-04-09 00:00:00
Himachal Pradesh,Kullu,Kullu,Other,Fruits,1.1,3100,3300,3200,09 Apr 2022,2022-04-09 00:00:00
Himachal Pradesh,Kullu,Kullu,Other,Fruits,1.3,3200,3300,3200,10 Apr 2022,2022-04-10 00:00:00
Himachal Pradesh,Mandi,Dhanotu (Mandi),Other,Fruits,6.3,2200,2800,2500,11 Apr 2022,2022-04-11 00:00:00
Himachal Pradesh,Hamirpur,Hamirpur(Nadaun),Other,Fruits,1.3,2500,2600,2550,11 Apr 2022,2022-04-11 00:00:00
Himachal Pradesh,Sirmore,Paonta Sahib,Other,Fruits,0.85,2500,3000,2800,11 Apr 2022,2022-04-11 00:00:00
Himachal Pradesh,Mandi,Mandi(Mandi),Banana - Ripe,Fruits,9.6,4500,5000,4800,11 Apr 2022,2022-04-11 00:00:00
Himachal Pradesh,Kangra,Kangra(Nagrota Bagwan),Amruthapani,Fruits,0.3,3000,3200,3100,11 Apr 2022,2022-04-11 00:00:00
Himachal Pradesh,Hamirpur,Hamirpur,Other,Fruits,1.35,2500,2700,2600,11 Apr 2022,2022-04-11 00:00:00
Himachal Pradesh,Chamba,Chamba,Other,Fruits,3.5,3000,3200,3100,11 Apr 2022,2022-04-11 00:00:00
Himachal Pradesh,Kangra,Kangra(Jassour),Other,Fruits,2.2,2600,2800,2700,11 Apr 2022,2022-04-11 00:00:00
Himachal Pradesh,Kullu,Kullu,Other,Fruits,1.5,3100,3300,3200,11 Apr 2022,2022-04-11 00:00:00
Himachal Pradesh,Kangra,Kangra(Jassour),Other,Fruits,2.1,2600,2800,2700,12 Apr 2022,2022-04-12 00:00:00
Himachal Pradesh,Chamba,Chamba,Other,Fruits,2.0,3000,3200,3100,12 Apr 2022,2022-04-12 00:00:00
Himachal Pradesh,Kangra,Kangra,Other,Fruits,1.8,3000,4000,3500,12 Apr 2022,2022-04-12 00:00:00
Himachal Pradesh,Kullu,Kullu,Other,Fruits,1.3,3000,3200,3100,12 Apr 2022,2022-04-12 00:00:00
Himachal Pradesh,Sirmore,Paonta Sahib,Other,Fruits,1.2,3000,3500,3200,12 Apr 2022,2022-04-12 00:00:00
Himachal Pradesh,Kangra,Palampur,Banana - Ripe,Fruits,2.5,3600,4000,3800,12 Apr 2022,2022-04-12 00:00:00
Himachal Pradesh,Mandi,Mandi(Mandi),Banana - Ripe,Fruits,5.2,4800,5300,5000,12 Apr 2022,2022-04-12 00:00:00
Himachal Pradesh,Mandi,Dhanotu (Mandi),Other,Fruits,5.8,2500,2800,2650,12 Apr 2022,2022-04-12 00:00:00
Himachal Pradesh,Kangra,Palampur,Banana - Ripe,Fruits,1.6,3600,4000,3800,13 Apr 2022,2022-04-13 00:00:00
Himachal Pradesh,Kangra,Kangra,Other,Fruits,2.0,3000,4000,3500,13 Apr 2022,2022-04-13 00:00:00
Himachal Pradesh,Mandi,Dhanotu (Mandi),Other,Fruits,6.0,2500,2800,2650,13 Apr 2022,2022-04-13 00:00:00
Himachal Pradesh,Solan,Solan,Other,Fruits,3.4,1700,2700,2100,13 Apr 2022,2022-04-13 00:00:00
Himachal Pradesh,Sirmore,Paonta Sahib,Other,Fruits,0.6,3000,4000,3200,13 Apr 2022,2022-04-13 00:00:00
Himachal Pradesh,Kullu,Bhuntar,Other,Fruits,1.6,2880,2940,2910,13 Apr 2022,2022-04-13 00:00:00
Himachal Pradesh,Mandi,Mandi(Mandi),Banana - Ripe,Fruits,4.3,4500,5200,5000,13 Apr 2022,2022-04-13 00:00:00
Himachal Pradesh,Kullu,Kullu,Other,Fruits,1.1,2900,3100,3000,13 Apr 2022,2022-04-13 00:00:00
Himachal Pradesh,Kangra,Kangra(Jaisinghpur),Banana - Ripe,Fruits,0.05,3600,4000,3800,13 Apr 2022,2022-04-13 00:00:00
Himachal Pradesh,Chamba,Chamba,Other,Fruits,3.2,3000,3200,3100,13 Apr 2022,2022-04-13 00:00:00
Himachal Pradesh,Kangra,Kangra(Nagrota Bagwan),Amruthapani,Fruits,0.2,3000,3200,3100,13 Apr 2022,2022-04-13 00:00:00
Himachal Pradesh,Kangra,Palampur,Banana - Ripe,Fruits,1.8,3800,4000,3900,14 Apr 2022,2022-04-14 00:00:00
Himachal Pradesh,Kullu,Bhuntar,Other,Fruits,1.7,2880,2940,2910,14 Apr 2022,2022-04-14 00:00:00
Himachal Pradesh,Sirmore,Nahan,Other,Fruits,0.3,2500,3000,2800,14 Apr 2022,2022-04-14 00:00:00
Himachal Pradesh,Mandi,Dhanotu (Mandi),Other,Fruits,5.5,2500,2800,2650,14 Apr 2022,2022-04-14 00:00:00
Himachal Pradesh,Sirmore,Paonta Sahib,Other,Fruits,0.85,3000,4000,3500,14 Apr 2022,2022-04-14 00:00:00
Himachal Pradesh,Bilaspur,Bilaspur,Ordinary Big,Fruits,2.3,2300,2600,2500,14 Apr 2022,2022-04-14 00:00:00
Himachal Pradesh,Kullu,Kullu,Other,Fruits,1.2,2800,3000,2900,14 Apr 2022,2022-04-14 00:00:00
Himachal Pradesh,Kullu,Kullu,Other,Fruits,1.3,2900,3100,3000,15 Apr 2022,2022-04-15 00:00:00
Himachal Pradesh,Mandi,Dhanotu (Mandi),Other,Fruits,6.2,2500,2800,2650,15 Apr 2022,2022-04-15 00:00:00
Himachal Pradesh,Bilaspur,Bilaspur,Ordinary Big,Fruits,2.0,2300,2800,2400,15 Apr 2022,2022-04-15 00:00:00
Himachal Pradesh,Chamba,Chamba,Other,Fruits,3.5,3000,3200,3100,15 Apr 2022,2022-04-15 00:00:00
Himachal Pradesh,Kangra,Kangra(Jaisinghpur),Banana - Ripe,Fruits,0.2,3600,4000,3750,16 Apr 2022,2022-04-16 00:00:00
Himachal Pradesh,Kangra,Palampur,Banana - Ripe,Fruits,1.5,3500,3800,3650,16 Apr 2022,2022-04-16 00:00:00
Himachal Pradesh,Kullu,Kullu,Other,Fruits,1.5,3000,3200,3100,16 Apr 2022,2022-04-16 00:00:00
Himachal Pradesh,Bilaspur,Bilaspur,Ordinary Big,Fruits,2.3,2300,2700,2600,16 Apr 2022,2022-04-16 00:00:00
Himachal Pradesh,Mandi,Mandi(Mandi),Banana - Ripe,Fruits,5.2,4500,5000,4800,16 Apr 2022,2022-04-16 00:00:00
Himachal Pradesh,Kangra,Kangra,Other,Fruits,2.3,3000,4000,3500,16 Apr 2022,2022-04-16 00:00:00
Himachal Pradesh,Kangra,Kangra(Baijnath),Banana - Ripe,Fruits,0.4,2500,3000,3000,16 Apr 2022,2022-04-16 00:00:00
Himachal Pradesh,Solan,Solan,Other,Fruits,1.1,1700,2700,2100,16 Apr 2022,2022-04-16 00:00:00
Himachal Pradesh,Chamba,Chamba,Other,Fruits,2.0,3000,3200,3100,16 Apr 2022,2022-04-16 00:00:00
Himachal Pradesh,Mandi,Dhanotu (Mandi),Other,Fruits,6.0,2500,2800,2650,16 Apr 2022,2022-04-16 00:00:00
Himachal Pradesh,Kullu,Kullu,Other,Fruits,1.2,2800,3000,2900,17 Apr 2022,2022-04-17 00:00:00
Himachal Pradesh,Kullu,Kullu,Other,Fruits,1.1,2900,3100,3000,18 Apr 2022,2022-04-18 00:00:00
Himachal Pradesh,Mandi,Mandi(Mandi),Banana - Ripe,Fruits,7.8,4400,5200,5000,18 Apr 2022,2022-04-18 00:00:00
Himachal Pradesh,Kangra,Kangra(Jassour),Other,Fruits,1.5,4000,5000,4500,18 Apr 2022,2022-04-18 00:00:00
Himachal Pradesh,Kangra,Kangra(Nagrota Bagwan),Amruthapani,Fruits,0.3,3000,3200,3100,18 Apr 2022,2022-04-18 00:00:00
Himachal Pradesh,Kangra,Kangra,Other,Fruits,2.2,3000,4000,3500,18 Apr 2022,2022-04-18 00:00:00
Himachal Pradesh,Kangra,Palampur,Banana - Ripe,Fruits,1.4,3500,3800,3600,18 Apr 2022,2022-04-18 00:00:00
Himachal Pradesh,Kullu,Bhuntar,Other,Fruits,1.6,2880,2940,2910,18 Apr 2022,2022-04-18 00:00:00
Himachal Pradesh,Bilaspur,Bilaspur,Ordinary Big,Fruits,2.5,2300,2900,2400,18 Apr 2022,2022-04-18 00:00:00
Himachal Pradesh,Chamba,Chamba,Other,Fruits,3.6,3000,3200,3100,18 Apr 2022,2022-04-18 00:00:00
Himachal Pradesh,Kangra,Kangra(Jaisinghpur),Banana - Ripe,Fruits,0.3,3600,4000,3800,18 Apr 2022,2022-04-18 00:00:00
Himachal Pradesh,Mandi,Dhanotu (Mandi),Other,Fruits,6.2,2500,2800,2650,18 Apr 2022,2022-04-18 00:00:00
Himachal Pradesh,Hamirpur,Hamirpur,Other,Fruits,1.09,2600,2800,2700,18 Apr 2022,2022-04-18 00:00:00
Himachal Pradesh,Hamirpur,Hamirpur(Nadaun),Other,Fruits,1.12,2600,2800,2700,18 Apr 2022,2022-04-18 00:00:00
Himachal Pradesh,Kullu,Bhuntar,Other,Fruits,1.7,2880,2940,2910,19 Apr 2022,2022-04-19 00:00:00
Himachal Pradesh,Bilaspur,Bilaspur,Ordinary Big,Fruits,2.2,2300,2800,2500,19 Apr 2022,2022-04-19 00:00:00
Himachal Pradesh,Solan,Solan,Other,Fruits,0.1,1700,2400,2100,19 Apr 2022,2022-04-19 00:00:00
Himachal Pradesh,Mandi,Mandi(Mandi),Banana - Ripe,Fruits,3.2,4700,5000,5000,19 Apr 2022,2022-04-19 00:00:00
Himachal Pradesh,Kullu,Kullu,Other,Fruits,1.2,3100,3300,3200,19 Apr 2022,2022-04-19 00:00:00
Himachal Pradesh,Kangra,Kangra(Jaisinghpur),Banana - Ripe,Fruits,0.06,3600,4000,3800,19 Apr 2022,2022-04-19 00:00:00
Himachal Pradesh,Kangra,Kangra(Nagrota Bagwan),Amruthapani,Fruits,0.2,3000,3200,3100,19 Apr 2022,2022-04-19 00:00:00
Himachal Pradesh,Kangra,Palampur,Banana - Ripe,Fruits,4.0,3500,3800,3600,19 Apr 2022,2022-04-19 00:00:00
Himachal Pradesh,Kangra,Kangra,Other,Fruits,1.9,3000,4000,3500,19 Apr 2022,2022-04-19 00:00:00
Himachal Pradesh,Hamirpur,Hamirpur,Other,Fruits,1.1,2600,2800,2700,20 Apr 2022,2022-04-20 00:00:00
Himachal Pradesh,Mandi,Dhanotu (Mandi),Other,Fruits,5.7,2300,2800,2550,20 Apr 2022,2022-04-20 00:00:00
Himachal Pradesh,Mandi,Mandi(Mandi),Banana - Ripe,Fruits,1.8,4800,5500,5000,20 Apr 2022,2022-04-20 00:00:00
Himachal Pradesh,Kangra,Kangra,Other,Fruits,1.8,3000,3500,3250,20 Apr 2022,2022-04-20 00:00:00
Himachal Pradesh,Kangra,Kangra(Nagrota Bagwan),Amruthapani,Fruits,0.3,3200,3400,3300,20 Apr 2022,2022-04-20 00:00:00
Himachal Pradesh,Kullu,Kullu,Other,Fruits,1.3,3000,3200,3100,20 Apr 2022,2022-04-20 00:00:00
Himachal Pradesh,Kullu,Bhuntar,Other,Fruits,2.0,2880,2940,2910,20 Apr 2022,2022-04-20 00:00:00
Himachal Pradesh,Kangra,Kangra(Jaisinghpur),Banana - Ripe,Fruits,0.04,3400,3800,3650,20 Apr 2022,2022-04-20 00:00:00
Himachal Pradesh,Hamirpur,Hamirpur(Nadaun),Other,Fruits,1.2,2500,2800,2600,20 Apr 2022,2022-04-20 00:00:00
Himachal Pradesh,Solan,Solan,Other,Fruits,2.8,1700,2700,2100,20 Apr 2022,2022-04-20 00:00:00
Himachal Pradesh,Kangra,Palampur,Banana - Ripe,Fruits,1.2,3500,3800,3650,20 Apr 2022,2022-04-20 00:00:00
Himachal Pradesh,Hamirpur,Hamirpur,Other,Fruits,1.46,2500,2700,2600,21 Apr 2022,2022-04-21 00:00:00
Himachal Pradesh,Chamba,Chamba,Other,Fruits,2.0,3000,3200,3100,21 Apr 2022,2022-04-21 00:00:00
Himachal Pradesh,Kangra,Palampur,Banana - Ripe,Fruits,1.1,3500,3800,3650,21 Apr 2022,2022-04-21 00:00:00
Himachal Pradesh,Kullu,Kullu,Other,Fruits,1.1,3000,3200,3100,21 Apr 2022,2022-04-21 00:00:00
Himachal Pradesh,Mandi,Mandi(Mandi),Banana - Ripe,Fruits,2.7,5000,5200,5100,21 Apr 2022,2022-04-21 00:00:00
Himachal Pradesh,Mandi,Dhanotu (Mandi),Other,Fruits,6.1,2600,2800,2700,21 Apr 2022,2022-04-21 00:00:00
Himachal Pradesh,Solan,Solan,Other,Fruits,1.7,1700,2700,2100,21 Apr 2022,2022-04-21 00:00:00
Himachal Pradesh,Kullu,Bhuntar,Other,Fruits,1.6,2880,2940,2910,21 Apr 2022,2022-04-21 00:00:00
Himachal Pradesh,Kangra,Kangra,Other,Fruits,2.0,3500,4000,3750,21 Apr 2022,2022-04-21 00:00:00
Himachal Pradesh,Chamba,Chamba,Other,Fruits,4.5,3000,3200,3100,22 Apr 2022,2022-04-22 00:00:00
Himachal Pradesh,Kangra,Kangra,Other,Fruits,1.9,3500,4000,3750,22 Apr 2022,2022-04-22 00:00:00
Himachal Pradesh,Kangra,Kangra(Jaisinghpur),Banana - Ripe,Fruits,0.06,3300,3600,3400,22 Apr 2022,2022-04-22 00:00:00
Himachal Pradesh,Solan,Solan,Other,Fruits,1.1,1700,2700,2100,22 Apr 2022,2022-04-22 00:00:00
Himachal Pradesh,Mandi,Dhanotu (Mandi),Other,Fruits,5.5,2500,2800,2650,22 Apr 2022,2022-04-22 00:00:00
Himachal Pradesh,Kangra,Kangra(Nagrota Bagwan),Amruthapani,Fruits,0.2,3000,3200,3100,22 Apr 2022,2022-04-22 00:00:00
Himachal Pradesh,Bilaspur,Bilaspur,Ordinary Big,Fruits,2.3,2500,3000,2800,22 Apr 2022,2022-04-22 00:00:00
Himachal Pradesh,Kullu,Bhuntar,Other,Fruits,2.0,2880,2940,2910,22 Apr 2022,2022-04-22 00:00:00
Himachal Pradesh,Hamirpur,Hamirpur(Nadaun),Other,Fruits,1.7,2500,2800,2650,22 Apr 2022,2022-04-22 00:00:00
Himachal Pradesh,Kangra,Palampur,Banana - Ripe,Fruits,4.0,3300,3600,3450,22 Apr 2022,2022-04-22 00:00:00
Himachal Pradesh,Kullu,Kullu,Other,Fruits,1.2,3000,3200,3100,22 Apr 2022,2022-04-22 00:00:00
Himachal Pradesh,Hamirpur,Hamirpur,Other,Fruits,1.5,2500,2800,2650,22 Apr 2022,2022-04-22 00:00:00
Himachal Pradesh,Kangra,Kangra(Jaisinghpur),Banana - Ripe,Fruits,0.05,3200,3700,3600,23 Apr 2022,2022-04-23 00:00:00
Himachal Pradesh,Kullu,Kullu,Other,Fruits,1.5,2800,3200,3000,23 Apr 2022,2022-04-23 00:00:00
Himachal Pradesh,Chamba,Chamba,Other,Fruits,2.0,3000,3200,3100,23 Apr 2022,2022-04-23 00:00:00
Himachal Pradesh,Mandi,Dhanotu (Mandi),Other,Fruits,2.4,2200,2800,2500,23 Apr 2022,2022-04-23 00:00:00
Himachal Pradesh,Hamirpur,Hamirpur,Other,Fruits,1.23,2500,2800,2650,23 Apr 2022,2022-04-23 00:00:00
Himachal Pradesh,Mandi,Mandi(Mandi),Banana - Ripe,Fruits,3.1,4500,5200,5000,23 Apr 2022,2022-04-23 00:00:00
Himachal Pradesh,Solan,Solan,Other,Fruits,1.6,1700,2700,2100,23 Apr 2022,2022-04-23 00:00:00
Himachal Pradesh,Bilaspur,Bilaspur,Ordinary Big,Fruits,2.1,2300,2800,2500,23 Apr 2022,2022-04-23 00:00:00
Himachal Pradesh,Kullu,Kullu,Other,Fruits,1.1,3000,3200,3100,24 Apr 2022,2022-04-24 00:00:00
Himachal Pradesh,Kangra,Palampur,Banana - Ripe,Fruits,1.1,3500,3800,3650,25 Apr 2022,2022-04-25 00:00:00
Himachal Pradesh,Kullu,Bhuntar,Other,Fruits,1.7,2880,2940,2910,25 Apr 2022,2022-04-25 00:00:00
Himachal Pradesh,Bilaspur,Bilaspur,Ordinary Big,Fruits,2.5,2300,2800,2500,25 Apr 2022,2022-04-25 00:00:00
Himachal Pradesh,Kangra,Kangra,Other,Fruits,2.1,3000,4000,3500,25 Apr 2022,2022-04-25 00:00:00
Himachal Pradesh,Chamba,Chamba,Other,Fruits,3.7,3000,3200,3100,25 Apr 2022,2022-04-25 00:00:00
Himachal Pradesh,Mandi,Dhanotu (Mandi),Other,Fruits,6.0,2500,3000,2750,25 Apr 2022,2022-04-25 00:00:00
Himachal Pradesh,Solan,Solan,Other,Fruits,2.3,1700,2700,2100,25 Apr 2022,2022-04-25 00:00:00
Himachal Pradesh,Kangra,Kangra(Jaisinghpur),Banana - Ripe,Fruits,0.04,3500,3800,3650,25 Apr 2022,2022-04-25 00:00:00
Himachal Pradesh,Mandi,Mandi(Mandi),Banana - Ripe,Fruits,6.5,4500,5200,5000,25 Apr 2022,2022-04-25 00:00:00
Himachal Pradesh,Chamba,Chamba,Other,Fruits,2.0,3000,3200,3100,26 Apr 2022,2022-04-26 00:00:00
Himachal Pradesh,Mandi,Dhanotu (Mandi),Other,Fruits,5.6,2500,3000,2750,26 Apr 2022,2022-04-26 00:00:00
Himachal Pradesh,Kangra,Kangra(Nagrota Bagwan),Amruthapani,Fruits,0.3,3000,3400,3200,26 Apr 2022,2022-04-26 00:00:00
Himachal Pradesh,Kullu,Bhuntar,Other,Fruits,2.0,2880,2940,2910,26 Apr 2022,2022-04-26 00:00:00
Himachal Pradesh,Kangra,Palampur,Banana - Ripe,Fruits,4.0,3500,3800,3600,26 Apr 2022,2022-04-26 00:00:00
Himachal Pradesh,Hamirpur,Hamirpur,Other,Fruits,1.7,2500,2600,2550,26 Apr 2022,2022-04-26 00:00:00
Himachal Pradesh,Kullu,Kullu,Other,Fruits,1.0,2900,3100,3000,26 Apr 2022,2022-04-26 00:00:00
Himachal Pradesh,Hamirpur,Hamirpur(Nadaun),Other,Fruits,1.5,2500,2600,2550,26 Apr 2022,2022-04-26 00:00:00
Himachal Pradesh,Solan,Solan,Other,Fruits,2.4,1700,2700,2100,27 Apr 2022,2022-04-27 00:00:00
Himachal Pradesh,Kangra,Kangra(Jaisinghpur),Banana - Ripe,Fruits,0.05,3200,3600,3400,27 Apr 2022,2022-04-27 00:00:00
Himachal Pradesh,Mandi,Mandi(Mandi),Banana - Ripe,Fruits,4.7,4500,5000,4800,27 Apr 2022,2022-04-27 00:00:00
Himachal Pradesh,Chamba,Chamba,Other,Fruits,4.5,3000,3200,3100,27 Apr 2022,2022-04-27 00:00:00
Himachal Pradesh,Kullu,Kullu,Other,Fruits,0.8,3000,3200,3100,27 Apr 2022,2022-04-27 00:00:00
Himachal Pradesh,Mandi,Dhanotu (Mandi),Other,Fruits,6.4,2500,3000,2750,27 Apr 2022,2022-04-27 00:00:00
Himachal Pradesh,Kangra,Kangra,Other,Fruits,1.9,3000,4000,3500,27 Apr 2022,2022-04-27 00:00:00
Himachal Pradesh,Kangra,Palampur,Banana - Ripe,Fruits,1.2,3200,3500,3350,27 Apr 2022,2022-04-27 00:00:00
Himachal Pradesh,Kangra,Palampur,Banana - Ripe,Fruits,1.4,3200,3500,3400,28 Apr 2022,2022-04-28 00:00:00
Himachal Pradesh,Kullu,Bhuntar,Other,Fruits,1.6,2880,2940,2910,28 Apr 2022,2022-04-28 00:00:00
Himachal Pradesh,Mandi,Mandi(Mandi),Banana - Ripe,Fruits,3.4,4400,5000,4500,28 Apr 2022,2022-04-28 00:00:00
Himachal Pradesh,Mandi,Dhanotu (Mandi),Other,Fruits,6.6,2500,3000,2750,28 Apr 2022,2022-04-28 00:00:00
Himachal Pradesh,Kullu,Kullu,Other,Fruits,1.1,3000,3200,3100,28 Apr 2022,2022-04-28 00:00:00
Himachal Pradesh,Hamirpur,Hamirpur,Other,Fruits,2.23,2500,2600,2550,28 Apr 2022,2022-04-28 00:00:00
Himachal Pradesh,Solan,Solan,Other,Fruits,2.6,1700,2700,2100,28 Apr 2022,2022-04-28 00:00:00
Himachal Pradesh,Hamirpur,Hamirpur(Nadaun),Other,Fruits,1.39,2500,2600,2550,28 Apr 2022,2022-04-28 00:00:00
Himachal Pradesh,Chamba,Chamba,Other,Fruits,3.1,3000,3200,3100,29 Apr 2022,2022-04-29 00:00:00
Himachal Pradesh,Solan,Solan,Other,Fruits,2.3,1700,2700,2100,29 Apr 2022,2022-04-29 00:00:00
Himachal Pradesh,Kangra,Kangra,Other,Fruits,1.8,3000,4000,3500,29 Apr 2022,2022-04-29 00:00:00
Himachal Pradesh,Kangra,Kangra(Jaisinghpur),Banana - Ripe,Fruits,0.06,3500,4000,3750,29 Apr 2022,2022-04-29 00:00:00
Himachal Pradesh,Kangra,Kangra(Nagrota Bagwan),Amruthapani,Fruits,0.2,3000,3400,3200,29 Apr 2022,2022-04-29 00:00:00
Himachal Pradesh,Kullu,Kullu,Other,Fruits,1.3,3000,3200,3100,29 Apr 2022,2022-04-29 00:00:00
Himachal Pradesh,Mandi,Mandi(Mandi),Banana - Ripe,Fruits,4.7,4000,4700,4500,29 Apr 2022,2022-04-29 00:00:00
Himachal Pradesh,Kangra,Palampur,Banana - Ripe,Fruits,1.2,3500,4000,3750,29 Apr 2022,2022-04-29 00:00:00
Himachal Pradesh,Kullu,Bhuntar,Other,Fruits,1.7,2880,2940,2910,29 Apr 2022,2022-04-29 00:00:00
Himachal Pradesh,Kangra,Kangra(Jaisinghpur),Banana - Ripe,Fruits,0.4,6000,6500,6250,30 Apr 2022,2022-04-30 00:00:00
Himachal Pradesh,Hamirpur,Hamirpur,Other,Fruits,1.5,2500,2600,2550,30 Apr 2022,2022-04-30 00:00:00
Himachal Pradesh,Mandi,Mandi(Mandi),Banana - Ripe,Fruits,4.5,4400,4900,4500,30 Apr 2022,2022-04-30 00:00:00
Himachal Pradesh,Mandi,Dhanotu (Mandi),Other,Fruits,6.0,2000,3000,2500,30 Apr 2022,2022-04-30 00:00:00
Himachal Pradesh,Kangra,Palampur,Banana - Ripe,Fruits,1.1,3500,4000,3750,30 Apr 2022,2022-04-30 00:00:00
Himachal Pradesh,Bilaspur,Bilaspur,Ordinary Big,Fruits,2.3,2300,2700,2500,30 Apr 2022,2022-04-30 00:00:00
Himachal Pradesh,Solan,Solan,Other,Fruits,1.4,1300,2700,2400,30 Apr 2022,2022-04-30 00:00:00
Himachal Pradesh,Kullu,Kullu,Other,Fruits,1.1,2900,3200,3000,01 May 2022,2022-05-01 00:00:00
Himachal Pradesh,Kullu,Bhuntar,Other,Fruits,1.6,2640,2700,2680,01 May 2022,2022-05-01 00:00:00
Himachal Pradesh,Kangra,Kangra,Other,Fruits,2.1,3500,4000,3750,02 May 2022,2022-05-02 00:00:00
Himachal Pradesh,Solan,Solan,Other,Fruits,2.3,1700,2700,2100,02 May 2022,2022-05-02 00:00:00
Himachal Pradesh,Kangra,Palampur,Banana - Ripe,Fruits,1.5,3800,4000,3900,02 May 2022,2022-05-02 00:00:00
Himachal Pradesh,Mandi,Mandi(Mandi),Banana - Ripe,Fruits,7.9,4500,4900,4800,02 May 2022,2022-05-02 00:00:00
Himachal Pradesh,Kullu,Kullu,Other,Fruits,1.5,3000,3200,3100,02 May 2022,2022-05-02 00:00:00
Himachal Pradesh,Kangra,Kangra(Baijnath),Banana - Ripe,Fruits,0.5,2500,3000,3000,02 May 2022,2022-05-02 00:00:00
Himachal Pradesh,Chamba,Chamba,Other,Fruits,3.3,3000,3200,3100,02 May 2022,2022-05-02 00:00:00
Himachal Pradesh,Bilaspur,Bilaspur,Ordinary Big,Fruits,2.4,2300,2600,2500,02 May 2022,2022-05-02 00:00:00
Himachal Pradesh,Kullu,Bhuntar,Other,Fruits,1.7,2640,2700,2670,02 May 2022,2022-05-02 00:00:00
Himachal Pradesh,Una,Una,Medium,Fruits,5.0,2800,3200,3000,02 May 2022,2022-05-02 00:00:00
Himachal Pradesh,Chamba,Chamba,Other,Fruits,1.8,3000,3200,3100,03 May 2022,2022-05-03 00:00:00
Himachal Pradesh,Mandi,Mandi(Mandi),Banana - Ripe,Fruits,2.9,4000,4900,4500,03 May 2022,2022-05-03 00:00:00
Himachal Pradesh,Mandi,Dhanotu (Mandi),Other,Fruits,6.8,2000,3000,2500,03 May 2022,2022-05-03 00:00:00
Himachal Pradesh,Solan,Solan,Other,Fruits,207.0,1700,2700,2100,04 May 2022,2022-05-04 00:00:00
Himachal Pradesh,Chamba,Chamba,Other,Fruits,1.3,3000,3200,3100,04 May 2022,2022-05-04 00:00:00
Himachal Pradesh,Hamirpur,Hamirpur(Nadaun),Other,Fruits,1.9,2500,2650,2600,04 May 2022,2022-05-04 00:00:00
Himachal Pradesh,Kangra,Kangra,Other,Fruits,1.8,3000,4000,3500,04 May 2022,2022-05-04 00:00:00
Himachal Pradesh,Mandi,Dhanotu (Mandi),Other,Fruits,6.0,1800,2300,2100,04 May 2022,2022-05-04 00:00:00
Himachal Pradesh,Mandi,Mandi(Mandi),Banana - Ripe,Fruits,4.2,4500,4900,4900,04 May 2022,2022-05-04 00:00:00
Himachal Pradesh,Kangra,Kangra(Jaisinghpur),Banana - Ripe,Fruits,0.05,3800,4000,3900,04 May 2022,2022-05-04 00:00:00
Himachal Pradesh,Kullu,Bhuntar,Other,Fruits,1.6,2640,2700,2670,04 May 2022,2022-05-04 00:00:00
Himachal Pradesh,Mandi,Dhanotu (Mandi),Other,Fruits,5.8,2400,3000,2700,05 May 2022,2022-05-05 00:00:00
Himachal Pradesh,Mandi,Mandi(Mandi),Banana - Ripe,Fruits,4.7,4000,4900,4500,05 May 2022,2022-05-05 00:00:00
Himachal Pradesh,Kangra,Kangra(Jaisinghpur),Banana - Ripe,Fruits,0.04,3600,3800,3700,05 May 2022,2022-05-05 00:00:00
Himachal Pradesh,Hamirpur,Hamirpur,Other,Fruits,1.8,2500,2600,2550,05 May 2022,2022-05-05 00:00:00
Himachal Pradesh,Kangra,Kangra,Other,Fruits,2.0,3000,4000,3500,05 May 2022,2022-05-05 00:00:00
Himachal Pradesh,Hamirpur,Hamirpur(Nadaun),Other,Fruits,1.78,2500,2600,2550,05 May 2022,2022-05-05 00:00:00
Himachal Pradesh,Kullu,Bhuntar,Other,Fruits,1.7,2640,2680,2670,05 May 2022,2022-05-05 00:00:00
Himachal Pradesh,Kullu,Kullu,Other,Fruits,1.3,2800,3100,2900,05 May 2022,2022-05-05 00:00:00
Himachal Pradesh,Kangra,Palampur,Banana - Ripe,Fruits,1.0,3600,3700,3650,05 May 2022,2022-05-05 00:00:00
Himachal Pradesh,Bilaspur,Bilaspur,Ordinary Big,Fruits,2.0,2100,2600,2500,05 May 2022,2022-05-05 00:00:00
Himachal Pradesh,Kangra,Palampur,Banana - Ripe,Fruits,0.8,3500,3800,3650,06 May 2022,2022-05-06 00:00:00
Himachal Pradesh,Chamba,Chamba,Other,Fruits,1.8,3000,3200,3100,06 May 2022,2022-05-06 00:00:00
Himachal Pradesh,Solan,Solan,Other,Fruits,2.4,1700,2700,2100,06 May 2022,2022-05-06 00:00:00
Himachal Pradesh,Kangra,Kangra(Jaisinghpur),Banana - Ripe,Fruits,0.05,3600,3800,3700,06 May 2022,2022-05-06 00:00:00
Himachal Pradesh,Kullu,Kullu,Other,Fruits,1.1,2800,3200,3000,06 May 2022,2022-05-06 00:00:00
Himachal Pradesh,Bilaspur,Bilaspur,Ordinary Big,Fruits,2.3,2300,2800,2400,07 May 2022,2022-05-07 00:00:00
Himachal Pradesh,Hamirpur,Hamirpur,Other,Fruits,1.3,2550,2650,2600,07 May 2022,2022-05-07 00:00:00
Himachal Pradesh,Kangra,Kangra(Baijnath),Banana - Ripe,Fruits,0.4,2500,2700,2600,07 May 2022,2022-05-07 00:00:00
Himachal Pradesh,Mandi,Dhanotu (Mandi),Other,Fruits,6.2,2500,3000,2750,07 May 2022,2022-05-07 00:00:00
Himachal Pradesh,Kullu,Kullu,Other,Fruits,0.9,2800,3300,3200,08 May 2022,2022-05-08 00:00:00
Himachal Pradesh,Kangra,Kangra,Other,Fruits,1.3,3000,4000,3500,09 May 2022,2022-05-09 00:00:00
Himachal Pradesh,Hamirpur,Hamirpur(Nadaun),Other,Fruits,1.2,2550,2650,2600,09 May 2022,2022-05-09 00:00:00
Himachal Pradesh,Kangra,Kangra(Baijnath),Banana - Ripe,Fruits,0.3,2500,2700,2700,09 May 2022,2022-05-09 00:00:00
Himachal Pradesh,Kangra,Kangra(Jaisinghpur),Banana - Ripe,Fruits,0.08,3500,3600,3550,09 May 2022,2022-05-09 00:00:00
Himachal Pradesh,Mandi,Dhanotu (Mandi),Other,Fruits,6.4,2500,3000,2750,09 May 2022,2022-05-09 00:00:00
Himachal Pradesh,Mandi,Mandi(Mandi),Banana - Ripe,Fruits,8.4,3500,4900,4500,09 May 2022,2022-05-09 00:00:00
Himachal Pradesh,Hamirpur,Hamirpur,Other,Fruits,1.5,2550,2650,2600,09 May 2022,2022-05-09 00:00:00
Himachal Pradesh,Kullu,Kullu,Other,Fruits,1.2,3000,3200,3100,09 May 2022,2022-05-09 00:00:00
Himachal Pradesh,Chamba,Chamba,Other,Fruits,3.5,3000,3200,3100,09 May 2022,2022-05-09 00:00:00
Himachal Pradesh,Bilaspur,Bilaspur,Ordinary Big,Fruits,2.5,2200,2500,2400,09 May 2022,2022-05-09 00:00:00
Himachal Pradesh,Chamba,Chamba,Other,Fruits,3.3,3000,3200,3100,10 May 2022,2022-05-10 00:00:00
Himachal Pradesh,Solan,Solan,Other,Fruits,0.2,1700,2700,2100,10 May 2022,2022-05-10 00:00:00
Himachal Pradesh,Mandi,Mandi(Mandi),Banana - Ripe,Fruits,3.6,4500,4900,4800,10 May 2022,2022-05-10 00:00:00
Himachal Pradesh,Kangra,Kangra,Other,Fruits,1.2,3000,4000,3500,10 May 2022,2022-05-10 00:00:00
Himachal Pradesh,Una,Una,Medium,Fruits,9.2,2500,3000,2800,10 May 2022,2022-05-10 00:00:00
Himachal Pradesh,Kangra,Kangra(Jaisinghpur),Banana - Ripe,Fruits,0.06,3500,3600,3550,10 May 2022,2022-05-10 00:00:00
Himachal Pradesh,Kullu,Bhuntar,Other,Fruits,1.6,2640,2700,2670,10 May 2022,2022-05-10 00:00:00
Himachal Pradesh,Mandi,Dhanotu (Mandi),Other,Fruits,5.4,2500,3000,2750,10 May 2022,2022-05-10 00:00:00
Himachal Pradesh,Kangra,Kangra(Nagrota Bagwan),Amruthapani,Fruits,0.3,3000,3400,3200,10 May 2022,2022-05-10 00:00:00
Himachal Pradesh,Kangra,Palampur,Banana - Ripe,Fruits,1.2,3400,3600,3500,10 May 2022,2022-05-10 00:00:00
Himachal Pradesh,Kangra,Kangra(Nagrota Bagwan),Amruthapani,Fruits,0.2,3000,3400,3200,11 May 2022,2022-05-11 00:00:00
Himachal Pradesh,Kangra,Kangra(Jaisinghpur),Banana - Ripe,Fruits,0.08,3500,3600,3550,11 May 2022,2022-05-11 00:00:00
Himachal Pradesh,Kullu,Kullu,Other,Fruits,1.0,2900,3200,3000,11 May 2022,2022-05-11 00:00:00
Himachal Pradesh,Mandi,Mandi(Mandi),Banana - Ripe,Fruits,7.6,4500,5000,4800,11 May 2022,2022-05-11 00:00:00
Himachal Pradesh,Kullu,Bhuntar,Other,Fruits,2.0,2640,2700,2670,11 May 2022,2022-05-11 00:00:00
Himachal Pradesh,Mandi,Dhanotu (Mandi),Other,Fruits,5.6,3000,3500,3250,11 May 2022,2022-05-11 00:00:00
Himachal Pradesh,Kangra,Kangra,Other,Fruits,1.5,3000,4000,3500,11 May 2022,2022-05-11 00:00:00
Himachal Pradesh,Chamba,Chamba,Other,Fruits,2.0,3000,3200,3100,11 May 2022,2022-05-11 00:00:00
Himachal Pradesh,Bilaspur,Bilaspur,Ordinary Big,Fruits,2.3,2300,2500,2400,11 May 2022,2022-05-11 00:00:00
Himachal Pradesh,Solan,Solan,Other,Fruits,1.9,2000,6500,5000,12 May 2022,2022-05-12 00:00:00
Himachal Pradesh,Hamirpur,Hamirpur,Other,Fruits,1.59,2500,2600,2550,12 May 2022,2022-05-12 00:00:00
Himachal Pradesh,Kullu,Bhuntar,Other,Fruits,1.6,2700,2760,2730,12 May 2022,2022-05-12 00:00:00
Himachal Pradesh,Kangra,Kangra,Other,Fruits,1.9,3000,3500,3250,12 May 2022,2022-05-12 00:00:00
Himachal Pradesh,Una,Una,Medium,Fruits,10.8,2500,3000,2800,12 May 2022,2022-05-12 00:00:00
Himachal Pradesh,Bilaspur,Bilaspur,Ordinary Big,Fruits,2.7,2000,2600,2300,12 May 2022,2022-05-12 00:00:00
Himachal Pradesh,Mandi,Mandi(Mandi),Banana - Ripe,Fruits,1.0,4000,5000,4500,12 May 2022,2022-05-12 00:00:00
Himachal Pradesh,Mandi,Dhanotu (Mandi),Other,Fruits,6.1,2200,3000,2600,12 May 2022,2022-05-12 00:00:00
Himachal Pradesh,Kangra,Kangra(Jaisinghpur),Banana - Ripe,Fruits,0.1,3500,3600,3550,12 May 2022,2022-05-12 00:00:00
Himachal Pradesh,Chamba,Chamba,Other,Fruits,1.5,3000,3200,3100,12 May 2022,2022-05-12 00:00:00
Himachal Pradesh,Kangra,Palampur,Banana - Ripe,Fruits,1.5,3400,3600,3500,12 May 2022,2022-05-12 00:00:00
Himachal Pradesh,Hamirpur,Hamirpur(Nadaun),Other,Fruits,1.4,2500,2600,2550,12 May 2022,2022-05-12 00:00:00
Himachal Pradesh,Sirmore,Nahan,Other,Fruits,0.8,2500,3000,2700,13 May 2022,2022-05-13 00:00:00
Himachal Pradesh,Kangra,Kangra,Other,Fruits,1.0,3000,3500,3250,13 May 2022,2022-05-13 00:00:00
Himachal Pradesh,Mandi,Mandi(Mandi),Banana - Ripe,Fruits,5.1,4000,5000,4500,13 May 2022,2022-05-13 00:00:00
Himachal Pradesh,Bilaspur,Bilaspur,Ordinary Big,Fruits,2.6,2300,2600,2500,13 May 2022,2022-05-13 00:00:00
Himachal Pradesh,Kullu,Kullu,Other,Fruits,1.2,2800,3200,2900,13 May 2022,2022-05-13 00:00:00
Himachal Pradesh,Kangra,Kangra(Jaisinghpur),Banana - Ripe,Fruits,0.15,3500,3600,3550,13 May 2022,2022-05-13 00:00:00
Himachal Pradesh,Solan,Solan,Other,Fruits,2.1,1700,2700,2100,13 May 2022,2022-05-13 00:00:00
Himachal Pradesh,Kullu,Bhuntar,Other,Fruits,1.7,2820,2880,2850,13 May 2022,2022-05-13 00:00:00
Himachal Pradesh,Sirmore,Paonta Sahib,Other,Fruits,0.65,3000,5000,4000,13 May 2022,2022-05-13 00:00:00
Himachal Pradesh,Mandi,Dhanotu (Mandi),Other,Fruits,5.8,2500,3100,2800,13 May 2022,2022-05-13 00:00:00
Himachal Pradesh,Chamba,Chamba,Other,Fruits,3.3,3000,3200,3100,13 May 2022,2022-05-13 00:00:00
Himachal Pradesh,Mandi,Dhanotu (Mandi),Other,Fruits,6.4,2500,3000,2750,14 May 2022,2022-05-14 00:00:00
Himachal Pradesh,Kangra,Palampur,Banana - Ripe,Fruits,1.2,3400,3600,3500,14 May 2022,2022-05-14 00:00:00
Himachal Pradesh,Hamirpur,Hamirpur(Nadaun),Other,Fruits,1.1,2800,2900,2850,14 May 2022,2022-05-14 00:00:00
Himachal Pradesh,Hamirpur,Hamirpur,Other,Fruits,1.4,2800,2900,2850,14 May 2022,2022-05-14 00:00:00
Himachal Pradesh,Mandi,Mandi(Mandi),Banana - Ripe,Fruits,3.2,4000,5200,5000,14 May 2022,2022-05-14 00:00:00
Himachal Pradesh,Kangra,Kangra(Baijnath),Banana - Ripe,Fruits,0.4,2600,2800,2700,14 May 2022,2022-05-14 00:00:00
Himachal Pradesh,Kangra,Kangra(Jaisinghpur),Banana - Ripe,Fruits,0.2,3500,3600,3550,15 May 2022,2022-05-15 00:00:00
Himachal Pradesh,Kullu,Bhuntar,Other,Fruits,1.6,2820,2880,2850,15 May 2022,2022-05-15 00:00:00
Himachal Pradesh,Mandi,Dhanotu (Mandi),Other,Fruits,6.7,2500,3000,2750,16 May 2022,2022-05-16 00:00:00
Himachal Pradesh,Hamirpur,Hamirpur,Other,Fruits,1.65,2800,2900,2850,16 May 2022,2022-05-16 00:00:00
Himachal Pradesh,Mandi,Mandi(Mandi),Banana - Ripe,Fruits,5.6,4000,5200,5000,16 May 2022,2022-05-16 00:00:00
Himachal Pradesh,Kangra,Kangra(Baijnath),Banana - Ripe,Fruits,0.5,2600,2700,2700,16 May 2022,2022-05-16 00:00:00
Himachal Pradesh,Hamirpur,Hamirpur(Nadaun),Other,Fruits,1.7,2500,2600,2550,16 May 2022,2022-05-16 00:00:00
Himachal Pradesh,Kullu,Bhuntar,Other,Fruits,2.0,2880,2940,2910,16 May 2022,2022-05-16 00:00:00
Himachal Pradesh,Chamba,Chamba,Other,Fruits,2.8,3000,3200,3100,16 May 2022,2022-05-16 00:00:00
Himachal Pradesh,Chamba,Chamba,Other,Fruits,1.8,3000,3200,3100,17 May 2022,2022-05-17 00:00:00
Himachal Pradesh,Kangra,Kangra(Baijnath),Banana - Ripe,Fruits,0.3,2500,3000,3000,17 May 2022,2022-05-17 00:00:00
Himachal Pradesh,Hamirpur,Hamirpur(Nadaun),Other,Fruits,1.95,2500,2600,2550,17 May 2022,2022-05-17 00:00:00
Himachal Pradesh,Kangra,Kangra,Other,Fruits,2.0,3000,4000,3500,17 May 2022,2022-05-17 00:00:00
Himachal Pradesh,Mandi,Mandi(Mandi),Banana - Ripe,Fruits,3.8,5000,5300,5200,17 May 2022,2022-05-17 00:00:00
Himachal Pradesh,Hamirpur,Hamirpur,Other,Fruits,1.86,2500,2600,2550,17 May 2022,2022-05-17 00:00:00
Himachal Pradesh,Mandi,Dhanotu (Mandi),Other,Fruits,6.3,2500,3000,2750,17 May 2022,2022-05-17 00:00:00
Himachal Pradesh,Kullu,Bhuntar,Other,Fruits,1.6,2880,2940,2910,17 May 2022,2022-05-17 00:00:00
Himachal Pradesh,Solan,Solan,Other,Fruits,0.2,1700,2700,2100,17 May 2022,2022-05-17 00:00:00
Himachal Pradesh,Kangra,Kangra(Jaisinghpur),Banana - Ripe,Fruits,0.03,3500,3800,3650,17 May 2022,2022-05-17 00:00:00
Himachal Pradesh,Kangra,Kangra(Jaisinghpur),Banana - Ripe,Fruits,0.02,3500,3600,3550,18 May 2022,2022-05-18 00:00:00
Himachal Pradesh,Mandi,Dhanotu (Mandi),Other,Fruits,5.8,2500,3000,2750,18 May 2022,2022-05-18 00:00:00
Himachal Pradesh,Kangra,Kangra(Nagrota Bagwan),Amruthapani,Fruits,0.3,3000,3400,3200,18 May 2022,2022-05-18 00:00:00
Himachal Pradesh,Mandi,Mandi(Mandi),Banana - Ripe,Fruits,4.6,5000,6000,5500,18 May 2022,2022-05-18 00:00:00
Himachal Pradesh,Kangra,Kangra(Baijnath),Banana - Ripe,Fruits,0.2,2700,2900,2800,18 May 2022,2022-05-18 00:00:00
Himachal Pradesh,Solan,Solan,Other,Fruits,1.9,1700,2700,2100,18 May 2022,2022-05-18 00:00:00
Himachal Pradesh,Chamba,Chamba,Other,Fruits,2.0,3000,3200,3100,18 May 2022,2022-05-18 00:00:00
Himachal Pradesh,Kangra,Palampur,Banana - Ripe,Fruits,1.0,3400,3600,3500,18 May 2022,2022-05-18 00:00:00
Himachal Pradesh,Kullu,Bhuntar,Other,Fruits,2.0,2880,2940,2910,18 May 2022,2022-05-18 00:00:00
Himachal Pradesh,Kangra,Kangra,Other,Fruits,1.7,3000,4000,3500,18 May 2022,2022-05-18 00:00:00
Himachal Pradesh,Kangra,Kangra(Baijnath),Banana - Ripe,Fruits,0.3,2500,2700,2600,19 May 2022,2022-05-19 00:00:00
Himachal Pradesh,Una,Una,Medium,Fruits,9.0,2600,3000,2800,19 May 2022,2022-05-19 00:00:00
Himachal Pradesh,Mandi,Dhanotu (Mandi),Other,Fruits,6.0,2500,3100,2800,19 May 2022,2022-05-19 00:00:00
Himachal Pradesh,Solan,Solan,Other,Fruits,0.9,1700,2700,2100,19 May 2022,2022-05-19 00:00:00
Himachal Pradesh,Kangra,Kangra,Other,Fruits,1.5,3000,4000,3500,19 May 2022,2022-05-19 00:00:00
Himachal Pradesh,Kangra,Kangra(Nagrota Bagwan),Amruthapani,Fruits,0.2,3000,3400,3200,19 May 2022,2022-05-19 00:00:00
Himachal Pradesh,Kangra,Kangra(Jaisinghpur),Banana - Ripe,Fruits,0.07,3500,3600,3550,19 May 2022,2022-05-19 00:00:00
Himachal Pradesh,Mandi,Mandi(Mandi),Banana - Ripe,Fruits,5.6,5000,5300,5200,19 May 2022,2022-05-19 00:00:00
Himachal Pradesh,Bilaspur,Bilaspur,Ordinary Big,Fruits,2.5,2300,2600,2500,19 May 2022,2022-05-19 00:00:00
Himachal Pradesh,Kangra,Palampur,Banana - Ripe,Fruits,1.2,3400,3600,3500,19 May 2022,2022-05-19 00:00:00
Himachal Pradesh,Kullu,Bhuntar,Other,Fruits,1.6,2880,2940,2910,19 May 2022,2022-05-19 00:00:00
Himachal Pradesh,Kangra,Kangra(Jaisinghpur),Banana - Ripe,Fruits,0.05,3500,3600,3550,20 May 2022,2022-05-20 00:00:00
Himachal Pradesh,Sirmore,Paonta Sahib,Other,Fruits,0.35,5000,0,6000,20 May 2022,2022-05-20 00:00:00
Himachal Pradesh,Hamirpur,Hamirpur,Other,Fruits,1.56,2500,2600,2550,20 May 2022,2022-05-20 00:00:00
Himachal Pradesh,Kullu,Bhuntar,Other,Fruits,2.0,2940,3000,2970,20 May 2022,2022-05-20 00:00:00
Himachal Pradesh,Kangra,Kangra(Baijnath),Banana - Ripe,Fruits,0.5,2500,2800,2700,20 May 2022,2022-05-20 00:00:00
Himachal Pradesh,Chamba,Chamba,Other,Fruits,3.5,3000,3200,3100,20 May 2022,2022-05-20 00:00:00
Himachal Pradesh,Mandi,Dhanotu (Mandi),Other,Fruits,5.7,2300,2800,2500,20 May 2022,2022-05-20 00:00:00
Himachal Pradesh,Kangra,Palampur,Banana - Ripe,Fruits,1.5,3400,3600,3500,20 May 2022,2022-05-20 00:00:00
Himachal Pradesh,Kangra,Palampur,Banana - Ripe,Fruits,1.6,3400,3600,3500,21 May 2022,2022-05-21 00:00:00
Himachal Pradesh,Sirmore,Paonta Sahib,Other,Fruits,0.85,5000,0,5500,21 May 2022,2022-05-21 00:00:00
Himachal Pradesh,Mandi,Dhanotu (Mandi),Other,Fruits,6.2,2500,3500,3000,21 May 2022,2022-05-21 00:00:00
Himachal Pradesh,Chamba,Chamba,Other,Fruits,1.8,3000,3200,3100,21 May 2022,2022-05-21 00:00:00
Himachal Pradesh,Solan,Solan,Other,Fruits,1.4,1700,2700,2100,21 May 2022,2022-05-21 00:00:00
Himachal Pradesh,Kangra,Kangra(Jaisinghpur),Banana - Ripe,Fruits,0.06,3500,3600,3550,21 May 2022,2022-05-21 00:00:00
Himachal Pradesh,Hamirpur,Hamirpur,Other,Fruits,1.86,2500,2600,2550,21 May 2022,2022-05-21 00:00:00
Himachal Pradesh,Hamirpur,Hamirpur(Nadaun),Other,Fruits,1.86,2500,2600,2550,21 May 2022,2022-05-21 00:00:00
Himachal Pradesh,Kangra,Kangra,Other,Fruits,1.8,3000,4000,3500,21 May 2022,2022-05-21 00:00:00
Himachal Pradesh,Kullu,Bhuntar,Other,Fruits,1.6,3060,3120,3090,22 May 2022,2022-05-22 00:00:00
Himachal Pradesh,Kullu,Bhuntar,Other,Fruits,1.8,3060,3120,3090,23 May 2022,2022-05-23 00:00:00
Himachal Pradesh,Mandi,Mandi(Mandi),Banana - Ripe,Fruits,8.2,4500,5300,5000,23 May 2022,2022-05-23 00:00:00
Himachal Pradesh,Solan,Solan,Other,Fruits,1.8,1700,2700,2100,23 May 2022,2022-05-23 00:00:00
Himachal Pradesh,Kangra,Kangra(Baijnath),Banana - Ripe,Fruits,0.4,2500,3000,3000,23 May 2022,2022-05-23 00:00:00
Himachal Pradesh,Chamba,Chamba,Other,Fruits,2.0,3000,3200,3100,23 May 2022,2022-05-23 00:00:00
Himachal Pradesh,Mandi,Dhanotu (Mandi),Other,Fruits,6.4,2500,3500,3000,23 May 2022,2022-05-23 00:00:00
Himachal Pradesh,Hamirpur,Hamirpur,Other,Fruits,1.35,2700,2800,2750,23 May 2022,2022-05-23 00:00:00
Himachal Pradesh,Kangra,Kangra,Other,Fruits,1.7,3000,4000,3500,23 May 2022,2022-05-23 00:00:00
Himachal Pradesh,Hamirpur,Hamirpur,Other,Fruits,1.95,2400,2600,2500,24 May 2022,2022-05-24 00:00:00
Himachal Pradesh,Chamba,Chamba,Other,Fruits,1.8,3000,3200,3100,24 May 2022,2022-05-24 00:00:00
Himachal Pradesh,Solan,Solan,Other,Fruits,0.03,1700,2700,2100,24 May 2022,2022-05-24 00:00:00
Himachal Pradesh,Sirmore,Paonta Sahib,Other,Fruits,0.8,4000,5000,4500,24 May 2022,2022-05-24 00:00:00
Himachal Pradesh,Mandi,Dhanotu (Mandi),Other,Fruits,4.5,2500,3500,3000,24 May 2022,2022-05-24 00:00:00
Himachal Pradesh,Hamirpur,Hamirpur(Nadaun),Other,Fruits,1.69,2400,2600,2500,24 May 2022,2022-05-24 00:00:00
Himachal Pradesh,Kangra,Kangra,Other,Fruits,1.5,3000,4000,3500,24 May 2022,2022-05-24 00:00:00
Himachal Pradesh,Una,Una,Medium,Fruits,9.1,2692,3076,2923,24 May 2022,2022-05-24 00:00:00
Himachal Pradesh,Kangra,Palampur,Banana - Ripe,Fruits,2.0,3400,3600,3500,24 May 2022,2022-05-24 00:00:00
Himachal Pradesh,Bilaspur,Bilaspur,Ordinary Big,Fruits,2.3,2300,2900,2500,24 May 2022,2022-05-24 00:00:00
Himachal Pradesh,Mandi,Mandi(Mandi),Banana - Ripe,Fruits,3.1,4800,5300,5000,24 May 2022,2022-05-24 00:00:00
Himachal Pradesh,Kangra,Kangra(Nagrota Bagwan),Amruthapani,Fruits,0.3,3000,3400,3200,24 May 2022,2022-05-24 00:00:00
Himachal Pradesh,Kangra,Kangra(Baijnath),Banana - Ripe,Fruits,0.3,2500,2700,2600,25 May 2022,2022-05-25 00:00:00
Himachal Pradesh,Bilaspur,Bilaspur,Ordinary Big,Fruits,2.5,2300,2600,2400,25 May 2022,2022-05-25 00:00:00
Himachal Pradesh,Sirmore,Paonta Sahib,Other,Fruits,0.56,4000,0,5000,25 May 2022,2022-05-25 00:00:00
Himachal Pradesh,Mandi,Mandi(Mandi),Banana - Ripe,Fruits,4.2,4700,5300,5000,25 May 2022,2022-05-25 00:00:00
Himachal Pradesh,Kangra,Kangra,Other,Fruits,1.6,3500,4000,3750,25 May 2022,2022-05-25 00:00:00
Himachal Pradesh,Solan,Solan,Other,Fruits,1.8,1700,2700,2100,25 May 2022,2022-05-25 00:00:00
Himachal Pradesh,Mandi,Dhanotu (Mandi),Other,Fruits,4.6,2500,3500,3000,25 May 2022,2022-05-25 00:00:00
Himachal Pradesh,Chamba,Chamba,Other,Fruits,2.4,3000,3200,3100,25 May 2022,2022-05-25 00:00:00
Himachal Pradesh,Kangra,Palampur,Banana - Ripe,Fruits,1.5,3400,3800,3600,26 May 2022,2022-05-26 00:00:00
Himachal Pradesh,Solan,Solan,Other,Fruits,1.4,1700,2700,2100,26 May 2022,2022-05-26 00:00:00
Himachal Pradesh,Chamba,Chamba,Other,Fruits,2.0,3000,3200,3100,26 May 2022,2022-05-26 00:00:00
Himachal Pradesh,Mandi,Mandi(Mandi),Banana - Ripe,Fruits,5.2,5000,5300,5200,26 May 2022,2022-05-26 00:00:00
Himachal Pradesh,Kangra,Kangra,Other,Fruits,1.5,3500,4000,3750,26 May 2022,2022-05-26 00:00:00
Himachal Pradesh,Sirmore,Paonta Sahib,Other,Fruits,0.75,3000,4000,3500,26 May 2022,2022-05-26 00:00:00
Himachal Pradesh,Kangra,Kangra(Baijnath),Banana - Ripe,Fruits,0.4,2500,2800,2700,26 May 2022,2022-05-26 00:00:00
Himachal Pradesh,Mandi,Dhanotu (Mandi),Other,Fruits,5.0,2000,3000,2500,26 May 2022,2022-05-26 00:00:00
Himachal Pradesh,Sirmore,Paonta Sahib,Other,Fruits,0.85,3000,5000,4000,27 May 2022,2022-05-27 00:00:00
Himachal Pradesh,Mandi,Dhanotu (Mandi),Other,Fruits,6.2,3000,3500,3250,27 May 2022,2022-05-27 00:00:00
Himachal Pradesh,Kangra,Kangra(Nagrota Bagwan),Amruthapani,Fruits,0.2,3000,3400,3200,27 May 2022,2022-05-27 00:00:00
Himachal Pradesh,Kullu,Bhuntar,Other,Fruits,1.6,3000,3060,3030,27 May 2022,2022-05-27 00:00:00
Himachal Pradesh,Kangra,Kangra(Jaisinghpur),Banana - Ripe,Fruits,0.05,3500,3800,3650,27 May 2022,2022-05-27 00:00:00
Himachal Pradesh,Kangra,Kangra(Baijnath),Banana - Ripe,Fruits,0.2,2500,3000,2500,27 May 2022,2022-05-27 00:00:00
Himachal Pradesh,Mandi,Mandi(Mandi),Banana - Ripe,Fruits,6.2,5000,6000,5500,27 May 2022,2022-05-27 00:00:00
Himachal Pradesh,Mandi,Dhanotu (Mandi),Other,Fruits,6.0,3000,3400,3200,28 May 2022,2022-05-28 00:00:00
Himachal Pradesh,Chamba,Chamba,Other,Fruits,1.8,3000,3200,3100,28 May 2022,2022-05-28 00:00:00
Himachal Pradesh,Sirmore,Paonta Sahib,Other,Fruits,0.65,4000,0,4500,28 May 2022,2022-05-28 00:00:00
Himachal Pradesh,Bilaspur,Bilaspur,Ordinary Big,Fruits,2.3,2100,2800,2300,28 May 2022,2022-05-28 00:00:00
Himachal Pradesh,Mandi,Mandi(Mandi),Banana - Ripe,Fruits,3.8,4500,5300,5000,28 May 2022,2022-05-28 00:00:00
Himachal Pradesh,Kangra,Kangra(Baijnath),Banana - Ripe,Fruits,0.3,2600,2800,2700,28 May 2022,2022-05-28 00:00:00
Himachal Pradesh,Kangra,Kangra(Jaisinghpur),Banana - Ripe,Fruits,0.06,3600,3800,3700,28 May 2022,2022-05-28 00:00:00
Himachal Pradesh,Kangra,Kangra,Other,Fruits,1.7,4000,4500,4250,28 May 2022,2022-05-28 00:00:00
Himachal Pradesh,Una,Una,Medium,Fruits,10.2,3000,3300,3200,28 May 2022,2022-05-28 00:00:00
Himachal Pradesh,Hamirpur,Hamirpur,Other,Fruits,1.8,2500,2600,2550,28 May 2022,2022-05-28 00:00:00
Himachal Pradesh,Kangra,Palampur,Banana - Ripe,Fruits,1.2,3400,3800,3600,28 May 2022,2022-05-28 00:00:00
Himachal Pradesh,Hamirpur,Hamirpur(Nadaun),Other,Fruits,1.8,2500,2600,2550,28 May 2022,2022-05-28 00:00:00
Himachal Pradesh,Kullu,Bhuntar,Other,Fruits,2.0,3000,3060,3030,29 May 2022,2022-05-29 00:00:00
Himachal Pradesh,Kullu,Kullu,Other,Fruits,0.7,2800,3200,3000,29 May 2022,2022-05-29 00:00:00
Himachal Pradesh,Sirmore,Paonta Sahib,Other,Fruits,0.85,4000,0,4500,30 May 2022,2022-05-30 00:00:00
Himachal Pradesh,Kangra,Kangra(Nagrota Bagwan),Amruthapani,Fruits,0.3,3000,3400,3200,30 May 2022,2022-05-30 00:00:00
Himachal Pradesh,Mandi,Dhanotu (Mandi),Other,Fruits,6.2,3000,3400,3200,30 May 2022,2022-05-30 00:00:00
Himachal Pradesh,Kullu,Bhuntar,Other,Fruits,1.6,3000,3060,3030,30 May 2022,2022-05-30 00:00:00
Himachal Pradesh,Kangra,Kangra,Other,Fruits,1.9,3200,3400,3300,30 May 2022,2022-05-30 00:00:00
Himachal Pradesh,Hamirpur,Hamirpur,Other,Fruits,1.75,2500,2600,2550,30 May 2022,2022-05-30 00:00:00
Himachal Pradesh,Mandi,Mandi(Mandi),Banana - Ripe,Fruits,7.6,4500,5300,5000,30 May 2022,2022-05-30 00:00:00
Himachal Pradesh,Chamba,Chamba,Other,Fruits,2.0,3000,3200,3100,30 May 2022,2022-05-30 00:00:00
Himachal Pradesh,Solan,Solan,Other,Fruits,3.3,1700,2700,2100,30 May 2022,2022-05-30 00:00:00
Himachal Pradesh,Kangra,Palampur,Banana - Ripe,Fruits,1.4,3400,3800,3600,30 May 2022,2022-05-30 00:00:00
Himachal Pradesh,Bilaspur,Bilaspur,Ordinary Big,Fruits,2.5,2300,3200,2500,31 May 2022,2022-05-31 00:00:00
Himachal Pradesh,Kullu,Kullu,Other,Fruits,1.5,3000,3200,3100,31 May 2022,2022-05-31 00:00:00
Himachal Pradesh,Kangra,Palampur,Banana - Ripe,Fruits,1.2,3400,3800,3600,31 May 2022,2022-05-31 00:00:00
Himachal Pradesh,Kangra,Kangra,Other,Fruits,1.5,3200,3400,3300,31 May 2022,2022-05-31 00:00:00
Himachal Pradesh,Kangra,Kangra(Baijnath),Banana - Ripe,Fruits,0.4,2600,2800,2700,31 May 2022,2022-05-31 00:00:00
Himachal Pradesh,Kangra,Kangra(Jaisinghpur),Banana - Ripe,Fruits,0.05,3600,3800,3700,31 May 2022,2022-05-31 00:00:00
Himachal Pradesh,Mandi,Mandi(Mandi),Banana - Ripe,Fruits,2.7,4500,5300,5000,31 May 2022,2022-05-31 00:00:00
Himachal Pradesh,Chamba,Chamba,Other,Fruits,3.3,3000,3200,3100,31 May 2022,2022-05-31 00:00:00
Himachal Pradesh,Kullu,Bhuntar,Other,Fruits,1.8,3000,3060,3030,31 May 2022,2022-05-31 00:00:00
Himachal Pradesh,Mandi,Mandi(Mandi),Banana - Ripe,Fruits,4.7,4800,5300,5000,01 Jun 2022,2022-06-01 00:00:00
Himachal Pradesh,Hamirpur,Hamirpur(Nadaun),Other,Fruits,2.35,2300,2500,2400,01 Jun 2022,2022-06-01 00:00:00
Himachal Pradesh,Kullu,Bhuntar,Other,Fruits,2.0,3000,3060,3030,01 Jun 2022,2022-06-01 00:00:00
Himachal Pradesh,Solan,Solan,Other,Fruits,2.2,1700,2700,2100,01 Jun 2022,2022-06-01 00:00:00
Himachal Pradesh,Chamba,Chamba,Other,Fruits,1.8,3000,3200,3100,01 Jun 2022,2022-06-01 00:00:00
Himachal Pradesh,Kullu,Kullu,Other,Fruits,1.4,3100,3300,3200,01 Jun 2022,2022-06-01 00:00:00
Himachal Pradesh,Kangra,Kangra(Jaisinghpur),Banana - Ripe,Fruits,0.05,3600,3800,3700,01 Jun 2022,2022-06-01 00:00:00
Himachal Pradesh,Kangra,Kangra,Other,Fruits,1.6,3500,4000,3750,01 Jun 2022,2022-06-01 00:00:00
Himachal Pradesh,Kangra,Kangra(Baijnath),Banana - Ripe,Fruits,0.5,2000,2600,2400,02 Jun 2022,2022-06-02 00:00:00
Himachal Pradesh,Kullu,Bhuntar,Other,Fruits,1.6,3000,3060,3030,02 Jun 2022,2022-06-02 00:00:00
Himachal Pradesh,Hamirpur,Hamirpur,Other,Fruits,1.86,2400,2500,2450,03 Jun 2022,2022-06-03 00:00:00
Himachal Pradesh,Kullu,Bhuntar,Other,Fruits,2.0,3000,3060,3030,03 Jun 2022,2022-06-03 00:00:00
Himachal Pradesh,Kullu,Kullu,Other,Fruits,1.3,3000,3200,3100,03 Jun 2022,2022-06-03 00:00:00
Himachal Pradesh,Chamba,Chamba,Other,Fruits,2.0,3000,3200,3100,03 Jun 2022,2022-06-03 00:00:00
Himachal Pradesh,Kangra,Kangra(Jassour),Other,Fruits,2.0,2500,3000,2750,03 Jun 2022,2022-06-03 00:00:00
Himachal Pradesh,Solan,Solan,Other,Fruits,1.6,1700,2700,2100,03 Jun 2022,2022-06-03 00:00:00
Himachal Pradesh,Kangra,Kangra,Other,Fruits,1.7,3500,4000,3750,03 Jun 2022,2022-06-03 00:00:00
Himachal Pradesh,Hamirpur,Hamirpur(Nadaun),Other,Fruits,1.86,2500,2600,2550,03 Jun 2022,2022-06-03 00:00:00
Himachal Pradesh,Kangra,Kangra(Baijnath),Banana - Ripe,Fruits,0.4,2000,2800,2200,03 Jun 2022,2022-06-03 00:00:00
Himachal Pradesh,Una,Una,Medium,Fruits,8.6,2900,3100,3000,03 Jun 2022,2022-06-03 00:00:00
Himachal Pradesh,Mandi,Dhanotu (Mandi),Other,Fruits,5.6,3000,3400,3200,04 Jun 2022,2022-06-04 00:00:00
Himachal Pradesh,Kangra,Kangra(Jaisinghpur),Banana - Ripe,Fruits,0.1,3400,3800,3600,04 Jun 2022,2022-06-04 00:00:00
Himachal Pradesh,Mandi,Mandi(Mandi),Banana - Ripe,Fruits,5.7,4500,5400,5000,04 Jun 2022,2022-06-04 00:00:00
Himachal Pradesh,Kangra,Palampur,Banana - Ripe,Fruits,1.5,3200,3800,3500,04 Jun 2022,2022-06-04 00:00:00
Himachal Pradesh,Chamba,Chamba,Other,Fruits,1.8,3000,3200,3100,04 Jun 2022,2022-06-04 00:00:00
Himachal Pradesh,Kullu,Kullu,Other,Fruits,1.8,2900,3200,3000,05 Jun 2022,2022-06-05 00:00:00
Himachal Pradesh,Mandi,Dhanotu (Mandi),Other,Fruits,5.8,3000,3500,3250,05 Jun 2022,2022-06-05 00:00:00
Himachal Pradesh,Kullu,Bhuntar,Other,Fruits,1.6,3120,3180,3150,05 Jun 2022,2022-06-05 00:00:00
Himachal Pradesh,Kangra,Kangra,Other,Fruits,1.8,4000,4500,4250,06 Jun 2022,2022-06-06 00:00:00
Himachal Pradesh,Kangra,Kangra(Baijnath),Banana - Ripe,Fruits,0.5,2600,2700,2700,06 Jun 2022,2022-06-06 00:00:00
Himachal Pradesh,Kullu,Kullu,Other,Fruits,1.5,3000,3200,3100,06 Jun 2022,2022-06-06 00:00:00
Himachal Pradesh,Kangra,Kangra(Nagrota Bagwan),Amruthapani,Fruits,0.3,3000,3400,3200,06 Jun 2022,2022-06-06 00:00:00
Himachal Pradesh,Mandi,Mandi(Mandi),Banana - Ripe,Fruits,8.2,4500,5500,5000,06 Jun 2022,2022-06-06 00:00:00
Himachal Pradesh,Kullu,Bhuntar,Other,Fruits,2.0,3060,3090,3070,06 Jun 2022,2022-06-06 00:00:00
Himachal Pradesh,Una,Una,Medium,Fruits,8.3,2600,3200,2900,06 Jun 2022,2022-06-06 00:00:00
Himachal Pradesh,Kangra,Palampur,Banana - Ripe,Fruits,1.4,3200,3800,3500,07 Jun 2022,2022-06-07 00:00:00
Himachal Pradesh,Kangra,Kangra(Jaisinghpur),Banana - Ripe,Fruits,0.05,3400,3800,3600,07 Jun 2022,2022-06-07 00:00:00
Himachal Pradesh,Kullu,Bhuntar,Other,Fruits,1.8,3060,3120,3090,07 Jun 2022,2022-06-07 00:00:00
Himachal Pradesh,Bilaspur,Bilaspur,Ordinary Big,Fruits,2.3,2300,2900,2500,07 Jun 2022,2022-06-07 00:00:00
Himachal Pradesh,Sirmore,Nahan,Other,Fruits,0.75,3000,3500,3250,07 Jun 2022,2022-06-07 00:00:00
Himachal Pradesh,Mandi,Dhanotu (Mandi),Other,Fruits,5.2,3000,3500,3250,07 Jun 2022,2022-06-07 00:00:00
Himachal Pradesh,Mandi,Mandi(Mandi),Banana - Ripe,Fruits,4.8,4500,5500,5000,07 Jun 2022,2022-06-07 00:00:00
Himachal Pradesh,Una,Una,Medium,Fruits,8.8,2600,3200,2900,07 Jun 2022,2022-06-07 00:00:00
Himachal Pradesh,Kullu,Kullu,Other,Fruits,1.4,3200,3300,3200,07 Jun 2022,2022-06-07 00:00:00
Himachal Pradesh,Kangra,Kangra,Other,Fruits,1.7,4000,4500,4250,07 Jun 2022,2022-06-07 00:00:00
Himachal Pradesh,Kangra,Kangra(Baijnath),Banana - Ripe,Fruits,0.4,2400,2800,2700,07 Jun 2022,2022-06-07 00:00:00
Himachal Pradesh,Kangra,Kangra(Baijnath),Banana - Ripe,Fruits,0.5,2500,2800,2600,08 Jun 2022,2022-06-08 00:00:00
Himachal Pradesh,Chamba,Chamba,Other,Fruits,2.0,3000,3200,3100,08 Jun 2022,2022-06-08 00:00:00
Himachal Pradesh,Solan,Solan,Other,Fruits,1.8,1700,2700,2100,08 Jun 2022,2022-06-08 00:00:00
Himachal Pradesh,Mandi,Dhanotu (Mandi),Other,Fruits,6.0,3000,3500,3250,08 Jun 2022,2022-06-08 00:00:00
Himachal Pradesh,Mandi,Mandi(Mandi),Banana - Ripe,Fruits,4.2,5200,5500,5500,08 Jun 2022,2022-06-08 00:00:00
Himachal Pradesh,Kullu,Bhuntar,Other,Fruits,1.6,3120,3180,3150,08 Jun 2022,2022-06-08 00:00:00
Himachal Pradesh,Una,Una,Medium,Fruits,8.4,2600,3200,2900,08 Jun 2022,2022-06-08 00:00:00
Himachal Pradesh,Kullu,Kullu,Other,Fruits,1.8,3100,3300,3200,08 Jun 2022,2022-06-08 00:00:00
Himachal Pradesh,Kangra,Kangra,Other,Fruits,1.5,3500,4000,3750,08 Jun 2022,2022-06-08 00:00:00
Himachal Pradesh,Kangra,Kangra(Jaisinghpur),Banana - Ripe,Fruits,0.07,3400,3800,3600,08 Jun 2022,2022-06-08 00:00:00
Himachal Pradesh,Hamirpur,Hamirpur,Other,Fruits,2.65,2500,2600,2550,09 Jun 2022,2022-06-09 00:00:00
Himachal Pradesh,Sirmore,Paonta Sahib,Other,Fruits,0.85,4000,0,4500,09 Jun 2022,2022-06-09 00:00:00
Himachal Pradesh,Kullu,Kullu,Other,Fruits,1.7,3100,3300,3200,09 Jun 2022,2022-06-09 00:00:00
Himachal Pradesh,Kangra,Kangra(Jaisinghpur),Banana - Ripe,Fruits,0.05,3400,3800,3600,09 Jun 2022,2022-06-09 00:00:00
Himachal Pradesh,Mandi,Dhanotu (Mandi),Other,Fruits,5.5,2500,3000,2750,09 Jun 2022,2022-06-09 00:00:00
Himachal Pradesh,Solan,Solan,Other,Fruits,1.3,1700,2700,2100,09 Jun 2022,2022-06-09 00:00:00
Himachal Pradesh,Una,Una,Medium,Fruits,8.0,2800,3100,2900,09 Jun 2022,2022-06-09 00:00:00
Himachal Pradesh,Mandi,Mandi(Mandi),Banana - Ripe,Fruits,3.7,5000,5500,5200,09 Jun 2022,2022-06-09 00:00:00
Himachal Pradesh,Bilaspur,Bilaspur,Ordinary Big,Fruits,2.1,2200,2800,2400,09 Jun 2022,2022-06-09 00:00:00
Himachal Pradesh,Kullu,Bhuntar,Other,Fruits,1.8,2880,3060,2970,09 Jun 2022,2022-06-09 00:00:00
Himachal Pradesh,Kangra,Palampur,Banana - Ripe,Fruits,1.5,3200,3800,3500,09 Jun 2022,2022-06-09 00:00:00
Himachal Pradesh,Mandi,Mandi(Mandi),Banana - Ripe,Fruits,3.5,5200,5500,5400,10 Jun 2022,2022-06-10 00:00:00
Himachal Pradesh,Kullu,Kullu,Other,Fruits,1.8,3100,3300,3300,10 Jun 2022,2022-06-10 00:00:00
Himachal Pradesh,Kangra,Palampur,Banana - Ripe,Fruits,1.0,3200,3800,3500,10 Jun 2022,2022-06-10 00:00:00
Himachal Pradesh,Kangra,Kangra(Jaisinghpur),Banana - Ripe,Fruits,0.08,3400,3800,3600,10 Jun 2022,2022-06-10 00:00:00
Himachal Pradesh,Mandi,Dhanotu (Mandi),Other,Fruits,5.3,3000,3500,3250,10 Jun 2022,2022-06-10 00:00:00
Himachal Pradesh,Hamirpur,Hamirpur,Other,Fruits,2.13,2500,2600,2550,10 Jun 2022,2022-06-10 00:00:00
Himachal Pradesh,Kullu,Bhuntar,Other,Fruits,2.0,2940,3060,3000,10 Jun 2022,2022-06-10 00:00:00
Himachal Pradesh,Chamba,Chamba,Other,Fruits,1.8,3000,3200,3100,10 Jun 2022,2022-06-10 00:00:00
Himachal Pradesh,Mandi,Dhanotu (Mandi),Other,Fruits,4.0,3000,3500,3250,11 Jun 2022,2022-06-11 00:00:00
Himachal Pradesh,Bilaspur,Bilaspur,Ordinary Big,Fruits,2.4,2300,2700,2300,11 Jun 2022,2022-06-11 00:00:00
Himachal Pradesh,Kullu,Kullu,Other,Fruits,1.5,2900,3200,3000,11 Jun 2022,2022-06-11 00:00:00
Himachal Pradesh,Kullu,Bhuntar,Other,Fruits,1.8,2460,2550,2500,12 Jun 2022,2022-06-12 00:00:00
Himachal Pradesh,Kullu,Kullu,Other,Fruits,2.0,3000,3200,3100,12 Jun 2022,2022-06-12 00:00:00
Himachal Pradesh,Una,Una,Medium,Fruits,10.8,2600,3200,2900,13 Jun 2022,2022-06-13 00:00:00
Himachal Pradesh,Kangra,Palampur,Banana - Ripe,Fruits,1.6,3200,3800,3500,13 Jun 2022,2022-06-13 00:00:00
Himachal Pradesh,Kangra,Kangra,Other,Fruits,1.8,4000,4500,4250,13 Jun 2022,2022-06-13 00:00:00
Himachal Pradesh,Kangra,Kangra(Jaisinghpur),Banana - Ripe,Fruits,0.1,3400,3800,3600,13 Jun 2022,2022-06-13 00:00:00
Himachal Pradesh,Mandi,Dhanotu (Mandi),Other,Fruits,5.3,3000,3500,3250,13 Jun 2022,2022-06-13 00:00:00
Himachal Pradesh,Kullu,Kullu,Other,Fruits,2.2,3000,3300,3200,13 Jun 2022,2022-06-13 00:00:00
Himachal Pradesh,Kullu,Bhuntar,Other,Fruits,1.6,3060,3180,3120,13 Jun 2022,2022-06-13 00:00:00
Himachal Pradesh,Chamba,Chamba,Other,Fruits,2.0,3000,3200,3100,13 Jun 2022,2022-06-13 00:00:00
Himachal Pradesh,Bilaspur,Bilaspur,Ordinary Big,Fruits,3.0,2300,2600,2500,13 Jun 2022,2022-06-13 00:00:00
Himachal Pradesh,Mandi,Mandi(Mandi),Banana - Ripe,Fruits,8.2,4500,5600,5300,13 Jun 2022,2022-06-13 00:00:00
Himachal Pradesh,Mandi,Dhanotu (Mandi),Other,Fruits,4.0,1800,2200,2000,14 Jun 2022,2022-06-14 00:00:00
Himachal Pradesh,Kullu,Bhuntar,Other,Fruits,2.0,3060,3120,3090,14 Jun 2022,2022-06-14 00:00:00
Himachal Pradesh,Kangra,Kangra,Other,Fruits,1.6,4000,4500,4250,14 Jun 2022,2022-06-14 00:00:00
Himachal Pradesh,Chamba,Chamba,Other,Fruits,4.3,3000,3200,3100,14 Jun 2022,2022-06-14 00:00:00
Himachal Pradesh,Kullu,Kullu,Other,Fruits,1.8,3000,3400,3200,14 Jun 2022,2022-06-14 00:00:00
Himachal Pradesh,Bilaspur,Bilaspur,Ordinary Big,Fruits,2.0,2300,2600,2500,14 Jun 2022,2022-06-14 00:00:00
Himachal Pradesh,Kullu,Kullu,Other,Fruits,1.6,3000,3300,3200,15 Jun 2022,2022-06-15 00:00:00
Himachal Pradesh,Kangra,Kangra(Jassour),Other,Fruits,2.2,2500,2700,2600,15 Jun 2022,2022-06-15 00:00:00
Himachal Pradesh,Sirmore,Nahan,Other,Fruits,0.3,2500,3500,3000,15 Jun 2022,2022-06-15 00:00:00
Himachal Pradesh,Kangra,Kangra(Jaisinghpur),Banana - Ripe,Fruits,0.05,3600,4000,3800,15 Jun 2022,2022-06-15 00:00:00
Himachal Pradesh,Mandi,Mandi(Mandi),Banana - Ripe,Fruits,4.7,5400,5700,5500,15 Jun 2022,2022-06-15 00:00:00
Himachal Pradesh,Kangra,Kangra,Other,Fruits,1.9,4000,4500,4250,15 Jun 2022,2022-06-15 00:00:00
Himachal Pradesh,Hamirpur,Hamirpur(Nadaun),Other,Fruits,2.0,2300,2500,2400,15 Jun 2022,2022-06-15 00:00:00
Himachal Pradesh,Kullu,Bhuntar,Other,Fruits,1.8,3060,3180,3120,15 Jun 2022,2022-06-15 00:00:00
Himachal Pradesh,Mandi,Dhanotu (Mandi),Other,Fruits,4.5,3000,3500,3250,15 Jun 2022,2022-06-15 00:00:00
Himachal Pradesh,Chamba,Chamba,Other,Fruits,3.5,3000,3200,3100,15 Jun 2022,2022-06-15 00:00:00
Himachal Pradesh,Bilaspur,Bilaspur,Ordinary Big,Fruits,2.6,2300,2600,2500,15 Jun 2022,2022-06-15 00:00:00
Himachal Pradesh,Kangra,Palampur,Banana - Ripe,Fruits,1.5,3500,4000,3750,15 Jun 2022,2022-06-15 00:00:00
Himachal Pradesh,Hamirpur,Hamirpur,Other,Fruits,1.63,2300,2500,2400,15 Jun 2022,2022-06-15 00:00:00
Himachal Pradesh,Una,Una,Medium,Fruits,8.0,2800,3200,2900,16 Jun 2022,2022-06-16 00:00:00
Himachal Pradesh,Kangra,Kangra(Jaisinghpur),Banana - Ripe,Fruits,0.08,3600,4000,3800,16 Jun 2022,2022-06-16 00:00:00
Himachal Pradesh,Kullu,Bhuntar,Other,Fruits,1.6,3060,3120,3090,16 Jun 2022,2022-06-16 00:00:00
Himachal Pradesh,Mandi,Dhanotu (Mandi),Other,Fruits,4.2,3500,3500,3500,16 Jun 2022,2022-06-16 00:00:00
Himachal Pradesh,Hamirpur,Hamirpur,Other,Fruits,1.86,2300,2400,2350,16 Jun 2022,2022-06-16 00:00:00
Himachal Pradesh,Kangra,Kangra(Jassour),Other,Fruits,0.7,2600,2800,2700,16 Jun 2022,2022-06-16 00:00:00
Himachal Pradesh,Sirmore,Paonta Sahib,Other,Fruits,0.65,3000,4000,3500,16 Jun 2022,2022-06-16 00:00:00
Himachal Pradesh,Sirmore,Nahan,Other,Fruits,0.4,2500,3500,3000,16 Jun 2022,2022-06-16 00:00:00
Himachal Pradesh,Kangra,Kangra,Other,Fruits,1.8,4000,4500,4250,16 Jun 2022,2022-06-16 00:00:00
Himachal Pradesh,Kullu,Kullu,Other,Fruits,1.5,3100,3300,3200,16 Jun 2022,2022-06-16 00:00:00
Himachal Pradesh,Mandi,Mandi(Mandi),Banana - Ripe,Fruits,3.4,5500,5700,5600,16 Jun 2022,2022-06-16 00:00:00
Himachal Pradesh,Kullu,Kullu,Other,Fruits,1.8,3100,3300,3200,17 Jun 2022,2022-06-17 00:00:00
Himachal Pradesh,Kullu,Bhuntar,Other,Fruits,2.0,3060,3180,3120,17 Jun 2022,2022-06-17 00:00:00
Himachal Pradesh,Solan,Solan,Other,Fruits,0.8,1700,2700,2100,17 Jun 2022,2022-06-17 00:00:00
Himachal Pradesh,Bilaspur,Bilaspur,Ordinary Big,Fruits,2.3,2300,2700,2400,17 Jun 2022,2022-06-17 00:00:00
Himachal Pradesh,Kangra,Kangra(Jaisinghpur),Banana - Ripe,Fruits,0.05,3600,4000,3800,17 Jun 2022,2022-06-17 00:00:00
Himachal Pradesh,Chamba,Chamba,Other,Fruits,1.8,3000,3200,3100,17 Jun 2022,2022-06-17 00:00:00
Himachal Pradesh,Mandi,Mandi(Mandi),Banana - Ripe,Fruits,5.6,5000,5700,5500,17 Jun 2022,2022-06-17 00:00:00
Himachal Pradesh,Mandi,Dhanotu (Mandi),Other,Fruits,4.4,3400,3500,3450,17 Jun 2022,2022-06-17 00:00:00
Himachal Pradesh,Kangra,Palampur,Banana - Ripe,Fruits,1.2,3500,4000,3750,17 Jun 2022,2022-06-17 00:00:00
Himachal Pradesh,Kangra,Kangra,Other,Fruits,1.3,4000,4500,4250,17 Jun 2022,2022-06-17 00:00:00
Himachal Pradesh,Kangra,Kangra(Jassour),Other,Fruits,2.2,2600,2800,2700,18 Jun 2022,2022-06-18 00:00:00
Himachal Pradesh,Kangra,Kangra(Nagrota Bagwan),Amruthapani,Fruits,0.2,3200,3400,3300,18 Jun 2022,2022-06-18 00:00:00
Himachal Pradesh,Kangra,Palampur,Banana - Ripe,Fruits,1.6,3500,4000,3750,18 Jun 2022,2022-06-18 00:00:00
Himachal Pradesh,Hamirpur,Hamirpur,Other,Fruits,1.73,2300,2400,2350,18 Jun 2022,2022-06-18 00:00:00
Himachal Pradesh,Mandi,Mandi(Mandi),Banana - Ripe,Fruits,4.3,5000,5700,5500,18 Jun 2022,2022-06-18 00:00:00
Himachal Pradesh,Solan,Solan,Other,Fruits,1.2,1700,2700,2100,18 Jun 2022,2022-06-18 00:00:00
Himachal Pradesh,Mandi,Dhanotu (Mandi),Other,Fruits,3.8,3000,3600,3300,18 Jun 2022,2022-06-18 00:00:00
Himachal Pradesh,Kullu,Kullu,Other,Fruits,1.5,3100,3300,3200,18 Jun 2022,2022-06-18 00:00:00
Himachal Pradesh,Kangra,Kangra(Jaisinghpur),Banana - Ripe,Fruits,0.1,3600,4000,3800,18 Jun 2022,2022-06-18 00:00:00
Himachal Pradesh,Sirmore,Nahan,Other,Fruits,0.52,3000,3500,3500,18 Jun 2022,2022-06-18 00:00:00
Himachal Pradesh,Bilaspur,Bilaspur,Ordinary Big,Fruits,2.5,2500,2800,2600,18 Jun 2022,2022-06-18 00:00:00
Himachal Pradesh,Kullu,Bhuntar,Other,Fruits,1.5,3120,3180,3150,19 Jun 2022,2022-06-19 00:00:00
Himachal Pradesh,Mandi,Dhanotu (Mandi),Other,Fruits,5.0,3000,3600,3300,20 Jun 2022,2022-06-20 00:00:00
Himachal Pradesh,Kangra,Kangra(Nagrota Bagwan),Amruthapani,Fruits,0.3,3200,3400,3300,20 Jun 2022,2022-06-20 00:00:00
Himachal Pradesh,Kullu,Kullu,Other,Fruits,1.2,3000,3200,3100,20 Jun 2022,2022-06-20 00:00:00
Himachal Pradesh,Mandi,Mandi(Mandi),Banana - Ripe,Fruits,5.6,4800,6000,5500,20 Jun 2022,2022-06-20 00:00:00
Himachal Pradesh,Solan,Solan,Other,Fruits,1.7,1700,2700,2100,20 Jun 2022,2022-06-20 00:00:00
Himachal Pradesh,Sirmore,Paonta Sahib,Other,Fruits,0.45,300000,500000,400000,20 Jun 2022,2022-06-20 00:00:00
Himachal Pradesh,Kangra,Kangra(Jaisinghpur),Banana - Ripe,Fruits,0.08,3600,4000,3800,20 Jun 2022,2022-06-20 00:00:00
Himachal Pradesh,Kullu,Bhuntar,Other,Fruits,2.0,3120,3180,3150,20 Jun 2022,2022-06-20 00:00:00
Himachal Pradesh,Kangra,Kangra,Other,Fruits,2.0,4000,4500,4250,20 Jun 2022,2022-06-20 00:00:00
Himachal Pradesh,Una,Una,Other,Fruits,7.1,2600,3200,2900,20 Jun 2022,2022-06-20 00:00:00
Himachal Pradesh,Chamba,Chamba,Other,Fruits,3.3,3000,3200,3100,20 Jun 2022,2022-06-20 00:00:00
Himachal Pradesh,Kangra,Palampur,Banana - Ripe,Fruits,1.5,3500,4000,3750,20 Jun 2022,2022-06-20 00:00:00
Himachal Pradesh,Kangra,Palampur,Banana - Ripe,Fruits,1.2,3500,4000,3750,21 Jun 2022,2022-06-21 00:00:00
Himachal Pradesh,Una,Una,Medium,Fruits,9.9,2800,3300,3000,21 Jun 2022,2022-06-21 00:00:00
Himachal Pradesh,Bilaspur,Bilaspur,Ordinary Big,Fruits,2.3,2300,2600,2500,21 Jun 2022,2022-06-21 00:00:00
Himachal Pradesh,Kangra,Kangra,Other,Fruits,1.8,3600,3800,3700,21 Jun 2022,2022-06-21 00:00:00
Himachal Pradesh,Solan,Solan,Other,Fruits,0.3,1700,2700,2100,21 Jun 2022,2022-06-21 00:00:00
Himachal Pradesh,Mandi,Mandi(Mandi),Banana - Ripe,Fruits,3.2,5000,5600,5300,21 Jun 2022,2022-06-21 00:00:00
Himachal Pradesh,Sirmore,Nahan,Other,Fruits,0.4,3000,4000,3500,21 Jun 2022,2022-06-21 00:00:00
Himachal Pradesh,Sirmore,Paonta Sahib,Other,Fruits,0.6,4000,0,4500,21 Jun 2022,2022-06-21 00:00:00
Himachal Pradesh,Mandi,Dhanotu (Mandi),Other,Fruits,4.4,3000,3700,3350,21 Jun 2022,2022-06-21 00:00:00
Himachal Pradesh,Hamirpur,Hamirpur(Nadaun),Other,Fruits,1.56,2300,2500,2400,22 Jun 2022,2022-06-22 00:00:00
Himachal Pradesh,Kullu,Bhuntar,Other,Fruits,1.8,3120,3180,3150,22 Jun 2022,2022-06-22 00:00:00
Himachal Pradesh,Kangra,Kangra(Jaisinghpur),Banana - Ripe,Fruits,0.05,3700,4000,3850,22 Jun 2022,2022-06-22 00:00:00
Himachal Pradesh,Sirmore,Paonta Sahib,Other,Fruits,0.85,2500,3500,3000,22 Jun 2022,2022-06-22 00:00:00
Himachal Pradesh,Mandi,Dhanotu (Mandi),Other,Fruits,4.0,3200,3300,3250,22 Jun 2022,2022-06-22 00:00:00
Himachal Pradesh,Kangra,Kangra,Other,Fruits,1.4,3600,3700,3650,22 Jun 2022,2022-06-22 00:00:00
Himachal Pradesh,Hamirpur,Hamirpur,Other,Fruits,1.56,2300,2400,2350,22 Jun 2022,2022-06-22 00:00:00
Himachal Pradesh,Kangra,Kangra(Jassour),Other,Fruits,2.0,2700,2900,2800,22 Jun 2022,2022-06-22 00:00:00
Himachal Pradesh,Bilaspur,Bilaspur,Ordinary Big,Fruits,2.5,2300,2600,2500,22 Jun 2022,2022-06-22 00:00:00
Himachal Pradesh,Kangra,Palampur,Banana - Ripe,Fruits,1.5,3500,4000,3750,22 Jun 2022,2022-06-22 00:00:00
Himachal Pradesh,Mandi,Mandi(Mandi),Banana - Ripe,Fruits,4.5,5000,5600,5500,22 Jun 2022,2022-06-22 00:00:00
Himachal Pradesh,Sirmore,Nahan,Other,Fruits,0.6,2800,3200,3000,22 Jun 2022,2022-06-22 00:00:00
Himachal Pradesh,Kullu,Bhuntar,Other,Fruits,2.0,3120,3160,3150,23 Jun 2022,2022-06-23 00:00:00
Himachal Pradesh,Mandi,Dhanotu (Mandi),Other,Fruits,4.2,3000,3200,3100,23 Jun 2022,2022-06-23 00:00:00
Himachal Pradesh,Bilaspur,Bilaspur,Ordinary Big,Fruits,1.8,1900,2900,2000,23 Jun 2022,2022-06-23 00:00:00
Himachal Pradesh,Kangra,Kangra(Jassour),Other,Fruits,2.2,2700,2900,2800,23 Jun 2022,2022-06-23 00:00:00
Himachal Pradesh,Kangra,Kangra(Jaisinghpur),Banana - Ripe,Fruits,0.04,5200,5600,5400,23 Jun 2022,2022-06-23 00:00:00
Himachal Pradesh,Hamirpur,Hamirpur,Other,Fruits,1.65,2300,2400,2350,23 Jun 2022,2022-06-23 00:00:00
Himachal Pradesh,Kangra,Palampur,Banana - Ripe,Fruits,1.6,3500,4000,3750,23 Jun 2022,2022-06-23 00:00:00
Himachal Pradesh,Mandi,Mandi(Mandi),Banana - Ripe,Fruits,3.7,3500,6000,5000,23 Jun 2022,2022-06-23 00:00:00
Himachal Pradesh,Una,Una,Other,Fruits,7.6,2900,3300,3100,23 Jun 2022,2022-06-23 00:00:00
Himachal Pradesh,Una,Una,Medium,Fruits,8.1,2900,3500,3200,24 Jun 2022,2022-06-24 00:00:00
Himachal Pradesh,Kangra,Palampur,Banana - Ripe,Fruits,1.2,3500,4000,3750,24 Jun 2022,2022-06-24 00:00:00
Himachal Pradesh,Mandi,Mandi(Mandi),Banana - Ripe,Fruits,4.5,4700,6000,5000,24 Jun 2022,2022-06-24 00:00:00
Himachal Pradesh,Kangra,Kangra(Jaisinghpur),Banana - Ripe,Fruits,0.05,3600,4000,3750,24 Jun 2022,2022-06-24 00:00:00
Himachal Pradesh,Kullu,Bhuntar,Other,Fruits,1.8,3120,3180,3150,24 Jun 2022,2022-06-24 00:00:00
Himachal Pradesh,Hamirpur,Hamirpur,Other,Fruits,1.62,2300,2500,2400,24 Jun 2022,2022-06-24 00:00:00
Himachal Pradesh,Kullu,Kullu,Other,Fruits,1.8,2900,3200,3000,24 Jun 2022,2022-06-24 00:00:00
Himachal Pradesh,Kangra,Kangra,Other,Fruits,1.8,3600,3700,3650,24 Jun 2022,2022-06-24 00:00:00
Himachal Pradesh,Kangra,Kangra(Nagrota Bagwan),Amruthapani,Fruits,0.2,3200,3400,3300,24 Jun 2022,2022-06-24 00:00:00
Himachal Pradesh,Kangra,Kangra(Jassour),Other,Fruits,2.0,2700,2900,2800,24 Jun 2022,2022-06-24 00:00:00
Himachal Pradesh,Kangra,Kangra(Baijnath),Banana - Ripe,Fruits,0.4,2800,3000,3000,24 Jun 2022,2022-06-24 00:00:00
Himachal Pradesh,Una,Una,Other,Fruits,9.9,3100,3500,3300,25 Jun 2022,2022-06-25 00:00:00
Himachal Pradesh,Kangra,Palampur,Banana - Ripe,Fruits,1.5,3500,4000,3750,25 Jun 2022,2022-06-25 00:00:00
Himachal Pradesh,Kangra,Kangra(Jaisinghpur),Banana - Ripe,Fruits,0.1,3600,4000,3850,25 Jun 2022,2022-06-25 00:00:00
Himachal Pradesh,Kangra,Kangra,Other,Fruits,1.9,3600,3700,3650,25 Jun 2022,2022-06-25 00:00:00
Himachal Pradesh,Kangra,Kangra(Jassour),Other,Fruits,1.8,2700,2900,2800,25 Jun 2022,2022-06-25 00:00:00
Himachal Pradesh,Kangra,Kangra(Baijnath),Banana - Ripe,Fruits,0.5,2600,3000,2700,25 Jun 2022,2022-06-25 00:00:00
Himachal Pradesh,Kullu,Kullu,Other,Fruits,2.0,3000,3300,3200,25 Jun 2022,2022-06-25 00:00:00
Himachal Pradesh,Hamirpur,Hamirpur,Other,Fruits,1.63,2300,2400,2350,25 Jun 2022,2022-06-25 00:00:00
Himachal Pradesh,Mandi,Mandi(Mandi),Banana - Ripe,Fruits,2.4,5000,5000,5000,25 Jun 2022,2022-06-25 00:00:00
Himachal Pradesh,Kullu,Bhuntar,Other,Fruits,2.5,3300,3360,3330,26 Jun 2022,2022-06-26 00:00:00
Himachal Pradesh,Kangra,Kangra,Other,Fruits,2.5,3400,3600,3450,27 Jun 2022,2022-06-27 00:00:00
Himachal Pradesh,Hamirpur,Hamirpur(Nadaun),Other,Fruits,0.85,3000,3200,3100,27 Jun 2022,2022-06-27 00:00:00
Himachal Pradesh,Chamba,Chamba,Other,Fruits,1.8,3000,3200,3100,27 Jun 2022,2022-06-27 00:00:00
Himachal Pradesh,Kangra,Kangra(Baijnath),Banana - Ripe,Fruits,0.4,2700,3000,2800,27 Jun 2022,2022-06-27 00:00:00
Himachal Pradesh,Kangra,Palampur,Banana - Ripe,Fruits,1.6,3600,4000,3800,27 Jun 2022,2022-06-27 00:00:00
Himachal Pradesh,Hamirpur,Hamirpur,Other,Fruits,1.65,2300,2400,2350,27 Jun 2022,2022-06-27 00:00:00
Himachal Pradesh,Mandi,Mandi(Mandi),Banana - Ripe,Fruits,6.5,4700,6000,5500,27 Jun 2022,2022-06-27 00:00:00
Himachal Pradesh,Una,Una,Medium,Fruits,7.3,2800,3200,3000,27 Jun 2022,2022-06-27 00:00:00
Himachal Pradesh,Kangra,Kangra(Nagrota Bagwan),Amruthapani,Fruits,0.3,3200,3400,3300,27 Jun 2022,2022-06-27 00:00:00
Himachal Pradesh,Bilaspur,Bilaspur,Ordinary Big,Fruits,2.3,2500,3200,2600,27 Jun 2022,2022-06-27 00:00:00
Himachal Pradesh,Kangra,Kangra(Jaisinghpur),Banana - Ripe,Fruits,0.08,3800,4000,3900,27 Jun 2022,2022-06-27 00:00:00
Himachal Pradesh,Kullu,Kullu,Other,Fruits,1.3,3200,3400,3300,27 Jun 2022,2022-06-27 00:00:00
Himachal Pradesh,Kullu,Bhuntar,Other,Fruits,2.3,3300,3360,3330,27 Jun 2022,2022-06-27 00:00:00
Himachal Pradesh,Mandi,Dhanotu (Mandi),Other,Fruits,4.6,3000,3500,3250,27 Jun 2022,2022-06-27 00:00:00
Himachal Pradesh,Mandi,Dhanotu (Mandi),Other,Fruits,3.8,3500,3500,3500,28 Jun 2022,2022-06-28 00:00:00
Himachal Pradesh,Hamirpur,Hamirpur,Other,Fruits,1.3,3000,3200,3100,28 Jun 2022,2022-06-28 00:00:00
Himachal Pradesh,Mandi,Mandi(Mandi),Banana - Ripe,Fruits,3.8,4700,5900,5500,28 Jun 2022,2022-06-28 00:00:00
Himachal Pradesh,Kullu,Bhuntar,Other,Fruits,2.0,3300,3360,3330,28 Jun 2022,2022-06-28 00:00:00
Himachal Pradesh,Hamirpur,Hamirpur(Nadaun),Other,Fruits,1.1,3000,3200,3100,28 Jun 2022,2022-06-28 00:00:00
Himachal Pradesh,Chamba,Chamba,Other,Fruits,1.65,3000,3200,3100,28 Jun 2022,2022-06-28 00:00:00
Himachal Pradesh,Una,Una,Medium,Fruits,7.9,3000,3500,3300,28 Jun 2022,2022-06-28 00:00:00
Himachal Pradesh,Kangra,Kangra(Jassour),Other,Fruits,2.0,2700,2900,2800,28 Jun 2022,2022-06-28 00:00:00
Himachal Pradesh,Bilaspur,Bilaspur,Ordinary Big,Fruits,2.5,2500,3000,2800,28 Jun 2022,2022-06-28 00:00:00
Himachal Pradesh,Kangra,Kangra(Baijnath),Banana - Ripe,Fruits,0.5,2000,3000,2600,28 Jun 2022,2022-06-28 00:00:00
Himachal Pradesh,Kangra,Kangra(Jaisinghpur),Banana - Ripe,Fruits,0.05,3800,4000,3900,28 Jun 2022,2022-06-28 00:00:00
Himachal Pradesh,Kangra,Palampur,Banana - Ripe,Fruits,1.2,3600,4000,3800,28 Jun 2022,2022-06-28 00:00:00
Himachal Pradesh,Kangra,Kangra,Other,Fruits,2.4,3400,3600,3500,28 Jun 2022,2022-06-28 00:00:00
Himachal Pradesh,Solan,Solan,Other,Fruits,0.1,1700,2700,2100,28 Jun 2022,2022-06-28 00:00:00
Himachal Pradesh,Bilaspur,Bilaspur,Ordinary Big,Fruits,2.3,2500,2900,2600,29 Jun 2022,2022-06-29 00:00:00
Himachal Pradesh,Mandi,Dhanotu (Mandi),Other,Fruits,3.2,3500,3600,3550,29 Jun 2022,2022-06-29 00:00:00
Himachal Pradesh,Una,Una,Medium,Fruits,8.0,3000,3400,3200,29 Jun 2022,2022-06-29 00:00:00
Himachal Pradesh,Kullu,Bhuntar,Other,Fruits,2.1,3300,3360,3330,29 Jun 2022,2022-06-29 00:00:00
Himachal Pradesh,Kangra,Kangra,Other,Fruits,2.0,4000,4500,4250,29 Jun 2022,2022-06-29 00:00:00
Himachal Pradesh,Solan,Solan,Other,Fruits,0.2,1700,2700,2100,29 Jun 2022,2022-06-29 00:00:00
Himachal Pradesh,Hamirpur,Hamirpur,Other,Fruits,1.4,3000,3200,3100,29 Jun 2022,2022-06-29 00:00:00
Himachal Pradesh,Mandi,Mandi(Mandi),Banana - Ripe,Fruits,3.5,4700,5900,5500,29 Jun 2022,2022-06-29 00:00:00
Himachal Pradesh,Hamirpur,Hamirpur(Nadaun),Other,Fruits,0.92,3000,3300,3100,29 Jun 2022,2022-06-29 00:00:00
Himachal Pradesh,Kullu,Kullu,Other,Fruits,1.5,3000,3300,3200,29 Jun 2022,2022-06-29 00:00:00
Himachal Pradesh,Kangra,Palampur,Banana - Ripe,Fruits,1.5,3600,4000,3800,29 Jun 2022,2022-06-29 00:00:00
Himachal Pradesh,Kangra,Kangra(Jassour),Other,Fruits,1.8,2700,2900,2800,29 Jun 2022,2022-06-29 00:00:00
Himachal Pradesh,Sirmore,Nahan,Other,Fruits,0.75,4000,5000,4500,29 Jun 2022,2022-06-29 00:00:00
Himachal Pradesh,Kangra,Kangra(Jaisinghpur),Banana - Ripe,Fruits,0.04,3800,4000,3900,29 Jun 2022,2022-06-29 00:00:00
Himachal Pradesh,Mandi,Mandi(Mandi),Banana - Ripe,Fruits,3.4,5100,6000,5500,30 Jun 2022,2022-06-30 00:00:00
Himachal Pradesh,Kullu,Kullu,Other,Fruits,1.4,3200,3400,3300,30 Jun 2022,2022-06-30 00:00:00
Himachal Pradesh,Kangra,Kangra(Nagrota Bagwan),Amruthapani,Fruits,0.2,3200,3400,3300,30 Jun 2022,2022-06-30 00:00:00
Himachal Pradesh,Bilaspur,Bilaspur,Ordinary Big,Fruits,1.8,2600,2900,2700,30 Jun 2022,2022-06-30 00:00:00
Himachal Pradesh,Kangra,Kangra(Jaisinghpur),Banana - Ripe,Fruits,0.05,3800,4000,3900,30 Jun 2022,2022-06-30 00:00:00
Himachal Pradesh,Kangra,Palampur,Banana - Ripe,Fruits,1.6,3600,4000,3800,30 Jun 2022,2022-06-30 00:00:00
Himachal Pradesh,Kangra,Kangra(Baijnath),Banana - Ripe,Fruits,0.3,2500,2700,2600,30 Jun 2022,2022-06-30 00:00:00
Himachal Pradesh,Una,Una,Medium,Fruits,8.2,3000,3500,3250,30 Jun 2022,2022-06-30 00:00:00
Himachal Pradesh,Chamba,Chamba,Other,Fruits,1.85,3400,3500,3450,30 Jun 2022,2022-06-30 00:00:00
Himachal Pradesh,Kangra,Kangra,Other,Fruits,1.4,4000,4500,4250,30 Jun 2022,2022-06-30 00:00:00
Himachal Pradesh,Mandi,Dhanotu (Mandi),Other,Fruits,4.2,3500,3600,3550,30 Jun 2022,2022-06-30 00:00:00
Himachal Pradesh,Hamirpur,Hamirpur(Nadaun),Other,Fruits,1.1,3000,3300,3150,30 Jun 2022,2022-06-30 00:00:00
Himachal Pradesh,Hamirpur,Hamirpur,Other,Fruits,1.26,3000,3300,3150,30 Jun 2022,2022-06-30 00:00:00
Himachal Pradesh,Kullu,Bhuntar,Other,Fruits,2.0,3300,3360,3330,30 Jun 2022,2022-06-30 00:00:00
Himachal Pradesh,Una,Una,Medium,Fruits,7.9,3100,3500,3250,01 Jul 2022,2022-07-01 00:00:00
Himachal Pradesh,Solan,Solan,Other,Fruits,0.9,1700,2700,2100,01 Jul 2022,2022-07-01 00:00:00
Himachal Pradesh,Kangra,Kangra(Jassour),Other,Fruits,2.0,2700,2900,2800,01 Jul 2022,2022-07-01 00:00:00
Himachal Pradesh,Kangra,Palampur,Banana - Ripe,Fruits,1.4,3600,4000,3800,01 Jul 2022,2022-07-01 00:00:00
Himachal Pradesh,Kullu,Bhuntar,Other,Fruits,1.8,3300,3360,3330,01 Jul 2022,2022-07-01 00:00:00
Himachal Pradesh,Kangra,Kangra,Other,Fruits,1.8,4000,4500,4250,01 Jul 2022,2022-07-01 00:00:00
Himachal Pradesh,Sirmore,Paonta Sahib,Other,Fruits,0.45,4000,0,4500,01 Jul 2022,2022-07-01 00:00:00
Himachal Pradesh,Hamirpur,Hamirpur,Other,Fruits,1.2,3000,3200,3100,01 Jul 2022,2022-07-01 00:00:00
Himachal Pradesh,Kangra,Kangra(Jassour),Other,Fruits,1.8,2700,2900,2800,02 Jul 2022,2022-07-02 00:00:00
Himachal Pradesh,Kangra,Kangra,Other,Fruits,1.5,4000,4200,4100,02 Jul 2022,2022-07-02 00:00:00
Himachal Pradesh,Hamirpur,Hamirpur,Other,Fruits,1.1,3000,3200,3100,02 Jul 2022,2022-07-02 00:00:00
Himachal Pradesh,Kullu,Bhuntar,Other,Fruits,1.6,3300,3360,3330,03 Jul 2022,2022-07-03 00:00:00
Himachal Pradesh,Kullu,Kullu,Other,Fruits,1.0,3200,3600,3400,03 Jul 2022,2022-07-03 00:00:00
Himachal Pradesh,Kullu,Kullu,Other,Fruits,1.2,3100,3400,3200,04 Jul 2022,2022-07-04 00:00:00
Himachal Pradesh,Bilaspur,Bilaspur,Ordinary Big,Fruits,2.3,2400,2900,2800,04 Jul 2022,2022-07-04 00:00:00
Himachal Pradesh,Chamba,Chamba,Other,Fruits,3.3,3400,3500,3450,04 Jul 2022,2022-07-04 00:00:00
Himachal Pradesh,Hamirpur,Hamirpur(Nadaun),Other,Fruits,0.8,3000,3300,3100,04 Jul 2022,2022-07-04 00:00:00
Himachal Pradesh,Mandi,Mandi(Mandi),Banana - Ripe,Fruits,3.8,3200,4900,4500,04 Jul 2022,2022-07-04 00:00:00
Himachal Pradesh,Kullu,Bhuntar,Other,Fruits,2.0,3300,3360,3330,04 Jul 2022,2022-07-04 00:00:00
Himachal Pradesh,Kangra,Kangra,Other,Fruits,2.1,4000,4500,4250,04 Jul 2022,2022-07-04 00:00:00
Himachal Pradesh,Mandi,Dhanotu (Mandi),Other,Fruits,4.2,3500,3600,3550,04 Jul 2022,2022-07-04 00:00:00
Himachal Pradesh,Solan,Solan,Other,Fruits,1.8,1700,2700,2100,04 Jul 2022,2022-07-04 00:00:00
Himachal Pradesh,Kangra,Kangra(Nagrota Bagwan),Amruthapani,Fruits,0.3,3200,3400,3300,04 Jul 2022,2022-07-04 00:00:00
Himachal Pradesh,Kullu,Kullu,Other,Fruits,1.3,3100,3400,3300,05 Jul 2022,2022-07-05 00:00:00
Himachal Pradesh,Mandi,Dhanotu (Mandi),Other,Fruits,4.0,3400,3500,3450,05 Jul 2022,2022-07-05 00:00:00
Himachal Pradesh,Sirmore,Paonta Sahib,Other,Fruits,0.52,4000,5000,4500,05 Jul 2022,2022-07-05 00:00:00
Himachal Pradesh,Hamirpur,Hamirpur(Nadaun),Other,Fruits,0.75,3000,3300,3100,05 Jul 2022,2022-07-05 00:00:00
Himachal Pradesh,Kangra,Kangra,Other,Fruits,1.8,4000,4500,4250,05 Jul 2022,2022-07-05 00:00:00
Himachal Pradesh,Solan,Solan,Other,Fruits,0.1,800,2700,1900,05 Jul 2022,2022-07-05 00:00:00
Himachal Pradesh,Kangra,Kangra(Jassour),Other,Fruits,2.0,2700,2900,2800,05 Jul 2022,2022-07-05 00:00:00
Himachal Pradesh,Bilaspur,Bilaspur,Ordinary Big,Fruits,2.1,2500,2800,2600,05 Jul 2022,2022-07-05 00:00:00
Himachal Pradesh,Hamirpur,Hamirpur,Other,Fruits,1.2,3000,3300,3150,05 Jul 2022,2022-07-05 00:00:00
Himachal Pradesh,Kangra,Palampur,Banana - Ripe,Fruits,1.6,3600,4000,3800,05 Jul 2022,2022-07-05 00:00:00
Himachal Pradesh,Sirmore,Nahan,Other,Fruits,0.35,3200,4000,3500,05 Jul 2022,2022-07-05 00:00:00
Himachal Pradesh,Kullu,Bhuntar,Other,Fruits,1.8,3300,3360,3330,05 Jul 2022,2022-07-05 00:00:00
Himachal Pradesh,Mandi,Mandi(Mandi),Banana - Ripe,Fruits,2.7,4300,5200,5000,05 Jul 2022,2022-07-05 00:00:00
Himachal Pradesh,Kangra,Kangra(Jassour),Other,Fruits,2.1,2700,2900,2800,06 Jul 2022,2022-07-06 00:00:00
Himachal Pradesh,Kullu,Kullu,Other,Fruits,1.8,3000,3400,3200,06 Jul 2022,2022-07-06 00:00:00
Himachal Pradesh,Hamirpur,Hamirpur(Nadaun),Other,Fruits,0.8,3000,3300,3150,06 Jul 2022,2022-07-06 00:00:00
Himachal Pradesh,Una,Una,Medium,Fruits,7.5,2900,3400,3200,06 Jul 2022,2022-07-06 00:00:00
Himachal Pradesh,Hamirpur,Hamirpur,Other,Fruits,1.12,3000,3200,3100,06 Jul 2022,2022-07-06 00:00:00
Himachal Pradesh,Mandi,Mandi(Mandi),Banana - Ripe,Fruits,3.5,5000,5200,5100,06 Jul 2022,2022-07-06 00:00:00
Himachal Pradesh,Sirmore,Paonta Sahib,Other,Fruits,0.5,5000,6000,6000,06 Jul 2022,2022-07-06 00:00:00
Himachal Pradesh,Kangra,Palampur,Banana - Ripe,Fruits,1.5,3600,4000,3800,06 Jul 2022,2022-07-06 00:00:00
Himachal Pradesh,Bilaspur,Bilaspur,Ordinary Big,Fruits,2.6,2500,2900,2600,06 Jul 2022,2022-07-06 00:00:00
Himachal Pradesh,Mandi,Dhanotu (Mandi),Other,Fruits,3.8,3100,3500,3300,06 Jul 2022,2022-07-06 00:00:00
Himachal Pradesh,Kangra,Kangra,Other,Fruits,1.7,4000,4500,4250,07 Jul 2022,2022-07-07 00:00:00
Himachal Pradesh,Hamirpur,Hamirpur(Nadaun),Other,Fruits,1.1,3000,3300,3150,07 Jul 2022,2022-07-07 00:00:00
Himachal Pradesh,Kangra,Palampur,Banana - Ripe,Fruits,1.6,3600,4000,3800,07 Jul 2022,2022-07-07 00:00:00
Himachal Pradesh,Kullu,Kullu,Other,Fruits,1.6,3200,3500,3400,07 Jul 2022,2022-07-07 00:00:00
Himachal Pradesh,Mandi,Dhanotu (Mandi),Other,Fruits,3.5,3000,3500,3250,07 Jul 2022,2022-07-07 00:00:00
Himachal Pradesh,Mandi,Mandi(Mandi),Banana - Ripe,Fruits,3.7,3800,5100,5000,07 Jul 2022,2022-07-07 00:00:00
Himachal Pradesh,Una,Una,Other,Fruits,7.7,3100,3500,3300,07 Jul 2022,2022-07-07 00:00:00
Himachal Pradesh,Solan,Solan,Other,Fruits,3.4,1700,2700,2100,08 Jul 2022,2022-07-08 00:00:00
Himachal Pradesh,Kullu,Kullu,Other,Fruits,1.3,3200,3500,3300,08 Jul 2022,2022-07-08 00:00:00
Himachal Pradesh,Sirmore,Paonta Sahib,Other,Fruits,0.45,4000,5000,4500,08 Jul 2022,2022-07-08 00:00:00
Himachal Pradesh,Kangra,Kangra,Other,Fruits,1.8,3400,3600,3500,08 Jul 2022,2022-07-08 00:00:00
Himachal Pradesh,Mandi,Mandi(Mandi),Banana - Ripe,Fruits,4.7,4000,5100,5000,08 Jul 2022,2022-07-08 00:00:00
Himachal Pradesh,Hamirpur,Hamirpur,Other,Fruits,1.2,3000,3300,3150,08 Jul 2022,2022-07-08 00:00:00
Himachal Pradesh,Sirmore,Nahan,Other,Fruits,0.26,3000,4000,3500,08 Jul 2022,2022-07-08 00:00:00
Himachal Pradesh,Kangra,Kangra(Jassour),Other,Fruits,2.0,2800,2900,2850,08 Jul 2022,2022-07-08 00:00:00
Himachal Pradesh,Kangra,Palampur,Banana - Ripe,Fruits,1.5,3600,4000,3800,08 Jul 2022,2022-07-08 00:00:00
Himachal Pradesh,Bilaspur,Bilaspur,Ordinary Big,Fruits,2.5,2500,3200,2800,08 Jul 2022,2022-07-08 00:00:00
Himachal Pradesh,Kangra,Kangra(Jaisinghpur),Banana - Ripe,Fruits,0.04,3800,4000,3900,08 Jul 2022,2022-07-08 00:00:00
Himachal Pradesh,Mandi,Dhanotu (Mandi),Other,Fruits,4.0,3000,3000,3000,08 Jul 2022,2022-07-08 00:00:00
Himachal Pradesh,Kullu,Kullu,Other,Fruits,1.2,3300,3500,3400,09 Jul 2022,2022-07-09 00:00:00
Himachal Pradesh,Hamirpur,Hamirpur,Other,Fruits,1.12,3200,3500,3250,09 Jul 2022,2022-07-09 00:00:00
Himachal Pradesh,Kangra,Kangra(Jassour),Other,Fruits,2.2,2700,2900,2800,09 Jul 2022,2022-07-09 00:00:00
Himachal Pradesh,Hamirpur,Hamirpur(Nadaun),Other,Fruits,1.0,3000,3300,3150,09 Jul 2022,2022-07-09 00:00:00
Himachal Pradesh,Bilaspur,Bilaspur,Ordinary Big,Fruits,2.1,2600,3000,2800,09 Jul 2022,2022-07-09 00:00:00
Himachal Pradesh,Mandi,Dhanotu (Mandi),Other,Fruits,3.9,3000,3500,3250,09 Jul 2022,2022-07-09 00:00:00
Himachal Pradesh,Mandi,Mandi(Mandi),Banana - Ripe,Fruits,3.8,2000,5200,4500,09 Jul 2022,2022-07-09 00:00:00
Himachal Pradesh,Kullu,Bhuntar,Other,Fruits,2.0,3360,3420,3390,10 Jul 2022,2022-07-10 00:00:00
Himachal Pradesh,Kullu,Kullu,Other,Fruits,1.0,3200,3500,3400,10 Jul 2022,2022-07-10 00:00:00
Himachal Pradesh,Hamirpur,Hamirpur(Nadaun),Other,Fruits,1.1,3100,3300,3200,11 Jul 2022,2022-07-11 00:00:00
Himachal Pradesh,Bilaspur,Bilaspur,Ordinary Big,Fruits,2.3,2500,3000,2900,11 Jul 2022,2022-07-11 00:00:00
Himachal Pradesh,Kangra,Kangra,Other,Fruits,1.9,4000,4500,4250,11 Jul 2022,2022-07-11 00:00:00
Himachal Pradesh,Una,Una,Medium,Fruits,7.3,2900,3400,3100,11 Jul 2022,2022-07-11 00:00:00
Himachal Pradesh,Mandi,Dhanotu (Mandi),Other,Fruits,3.6,3000,3100,3050,11 Jul 2022,2022-07-11 00:00:00
Himachal Pradesh,Hamirpur,Hamirpur,Other,Fruits,1.2,3200,3300,3250,11 Jul 2022,2022-07-11 00:00:00
Himachal Pradesh,Kullu,Kullu,Other,Fruits,1.2,3200,3500,3400,11 Jul 2022,2022-07-11 00:00:00
Himachal Pradesh,Kullu,Bhuntar,Other,Fruits,2.5,3360,3420,3390,11 Jul 2022,2022-07-11 00:00:00
Himachal Pradesh,Sirmore,Paonta Sahib,Other,Fruits,0.65,3000,4000,3500,11 Jul 2022,2022-07-11 00:00:00
Himachal Pradesh,Solan,Solan,Other,Fruits,0.8,1700,2700,2100,11 Jul 2022,2022-07-11 00:00:00
Himachal Pradesh,Kangra,Kangra(Jaisinghpur),Banana - Ripe,Fruits,0.13,3800,4200,4000,11 Jul 2022,2022-07-11 00:00:00
Himachal Pradesh,Kangra,Palampur,Banana - Ripe,Fruits,1.6,3600,4000,3800,12 Jul 2022,2022-07-12 00:00:00
Himachal Pradesh,Kullu,Bhuntar,Other,Fruits,2.3,3360,3420,3390,12 Jul 2022,2022-07-12 00:00:00
Himachal Pradesh,Hamirpur,Hamirpur(Nadaun),Other,Fruits,1.0,3200,3300,3250,12 Jul 2022,2022-07-12 00:00:00
Himachal Pradesh,Bilaspur,Bilaspur,Ordinary Big,Fruits,2.2,2300,3000,2600,12 Jul 2022,2022-07-12 00:00:00
Himachal Pradesh,Una,Una,Medium,Fruits,6.6,2900,3400,3200,12 Jul 2022,2022-07-12 00:00:00
Himachal Pradesh,Mandi,Mandi(Mandi),Banana - Ripe,Fruits,8.7,1200,5500,5000,12 Jul 2022,2022-07-12 00:00:00
Himachal Pradesh,Mandi,Dhanotu (Mandi),Other,Fruits,3.3,2500,3500,3000,12 Jul 2022,2022-07-12 00:00:00
Himachal Pradesh,Kangra,Kangra(Baijnath),Banana - Ripe,Fruits,0.4,2600,3000,2700,12 Jul 2022,2022-07-12 00:00:00
Himachal Pradesh,Hamirpur,Hamirpur,Other,Fruits,1.0,3200,3300,3250,12 Jul 2022,2022-07-12 00:00:00
Himachal Pradesh,Hamirpur,Hamirpur,Other,Fruits,1.2,3200,3300,3250,13 Jul 2022,2022-07-13 00:00:00
Himachal Pradesh,Bilaspur,Bilaspur,Ordinary Big,Fruits,2.6,2600,3200,2800,13 Jul 2022,2022-07-13 00:00:00
Himachal Pradesh,Mandi,Mandi(Mandi),Banana - Ripe,Fruits,4.1,2800,5500,5000,13 Jul 2022,2022-07-13 00:00:00
Himachal Pradesh,Kangra,Kangra(Jassour),Other,Fruits,2.0,2700,2900,2800,13 Jul 2022,2022-07-13 00:00:00
Himachal Pradesh,Kullu,Bhuntar,Other,Fruits,2.1,3360,3420,3390,13 Jul 2022,2022-07-13 00:00:00
Himachal Pradesh,Kullu,Kullu,Other,Fruits,1.6,3300,3500,3400,13 Jul 2022,2022-07-13 00:00:00
Himachal Pradesh,Solan,Solan,Other,Fruits,1.5,1700,2700,2100,13 Jul 2022,2022-07-13 00:00:00
Himachal Pradesh,Hamirpur,Hamirpur(Nadaun),Other,Fruits,1.1,3200,3500,3250,13 Jul 2022,2022-07-13 00:00:00
Himachal Pradesh,Kangra,Kangra,Other,Fruits,1.7,4000,4500,4250,13 Jul 2022,2022-07-13 00:00:00
Himachal Pradesh,Una,Una,Other,Fruits,10.4,2700,3500,3100,13 Jul 2022,2022-07-13 00:00:00
Himachal Pradesh,Kangra,Palampur,Banana - Ripe,Fruits,1.5,3600,4000,3800,13 Jul 2022,2022-07-13 00:00:00
Himachal Pradesh,Kangra,Kangra(Baijnath),Banana - Ripe,Fruits,0.3,2700,3000,3000,13 Jul 2022,2022-07-13 00:00:00
Himachal Pradesh,Kullu,Kullu,Other,Fruits,1.3,3200,3500,3400,14 Jul 2022,2022-07-14 00:00:00
Himachal Pradesh,Kangra,Kangra(Baijnath),Banana - Ripe,Fruits,0.4,2600,3000,2700,14 Jul 2022,2022-07-14 00:00:00
Himachal Pradesh,Kangra,Kangra,Other,Fruits,1.8,3500,4000,3750,14 Jul 2022,2022-07-14 00:00:00
Himachal Pradesh,Bilaspur,Bilaspur,Ordinary Big,Fruits,2.3,2600,3000,2800,14 Jul 2022,2022-07-14 00:00:00
Himachal Pradesh,Mandi,Mandi(Mandi),Banana - Ripe,Fruits,3.8,3000,4800,4500,14 Jul 2022,2022-07-14 00:00:00
Himachal Pradesh,Hamirpur,Hamirpur(Nadaun),Other,Fruits,0.8,3200,3300,3250,14 Jul 2022,2022-07-14 00:00:00
Himachal Pradesh,Mandi,Dhanotu (Mandi),Other,Fruits,4.0,3100,3500,3300,14 Jul 2022,2022-07-14 00:00:00
Himachal Pradesh,Kullu,Bhuntar,Other,Fruits,2.0,3360,3420,3390,14 Jul 2022,2022-07-14 00:00:00
Himachal Pradesh,Una,Una,Medium,Fruits,8.2,2900,3400,3100,14 Jul 2022,2022-07-14 00:00:00
Himachal Pradesh,Kangra,Palampur,Banana - Ripe,Fruits,1.6,3600,4000,3800,14 Jul 2022,2022-07-14 00:00:00
Himachal Pradesh,Bilaspur,Bilaspur,Ordinary Big,Fruits,2.5,2600,3000,2800,15 Jul 2022,2022-07-15 00:00:00
Himachal Pradesh,Mandi,Mandi(Mandi),Banana - Ripe,Fruits,4.5,4700,5200,5000,15 Jul 2022,2022-07-15 00:00:00
Himachal Pradesh,Kangra,Kangra(Jaisinghpur),Banana - Ripe,Fruits,0.04,3800,4200,4000,15 Jul 2022,2022-07-15 00:00:00
Himachal Pradesh,Kullu,Kullu,Other,Fruits,1.8,3300,3500,3400,15 Jul 2022,2022-07-15 00:00:00
Himachal Pradesh,Mandi,Dhanotu (Mandi),Other,Fruits,4.3,3000,3500,3250,15 Jul 2022,2022-07-15 00:00:00
Himachal Pradesh,Kangra,Kangra(Baijnath),Banana - Ripe,Fruits,0.2,2700,3000,3000,15 Jul 2022,2022-07-15 00:00:00
Himachal Pradesh,Una,Una,Medium,Fruits,8.0,2900,3400,3100,15 Jul 2022,2022-07-15 00:00:00
Himachal Pradesh,Kangra,Palampur,Banana - Ripe,Fruits,1.5,3600,4000,3800,15 Jul 2022,2022-07-15 00:00:00
Himachal Pradesh,Sirmore,Nahan,Other,Fruits,0.35,3000,4000,3500,15 Jul 2022,2022-07-15 00:00:00
Himachal Pradesh,Hamirpur,Hamirpur(Nadaun),Other,Fruits,0.9,3200,3300,3250,15 Jul 2022,2022-07-15 00:00:00
Himachal Pradesh,Kullu,Bhuntar,Other,Fruits,2.1,3300,3360,3330,15 Jul 2022,2022-07-15 00:00:00
Himachal Pradesh,Hamirpur,Hamirpur,Other,Fruits,0.9,3200,3300,3250,15 Jul 2022,2022-07-15 00:00:00
Himachal Pradesh,Kangra,Kangra,Other,Fruits,1.7,4000,4500,4250,15 Jul 2022,2022-07-15 00:00:00
Himachal Pradesh,Solan,Solan,Other,Fruits,1.7,1700,2700,2100,15 Jul 2022,2022-07-15 00:00:00
Himachal Pradesh,Bilaspur,Bilaspur,Ordinary Big,Fruits,2.8,2900,3500,3500,16 Jul 2022,2022-07-16 00:00:00
Himachal Pradesh,Una,Una,Other,Fruits,7.5,2700,3300,3000,16 Jul 2022,2022-07-16 00:00:00
Himachal Pradesh,Hamirpur,Hamirpur(Nadaun),Other,Fruits,0.8,3200,3300,3250,16 Jul 2022,2022-07-16 00:00:00
Himachal Pradesh,Kangra,Kangra(Jassour),Other,Fruits,2.1,2700,2900,2800,16 Jul 2022,2022-07-16 00:00:00
Himachal Pradesh,Mandi,Mandi(Mandi),Banana - Ripe,Fruits,6.1,4500,5200,5000,16 Jul 2022,2022-07-16 00:00:00
Himachal Pradesh,Kangra,Kangra(Jaisinghpur),Banana - Ripe,Fruits,0.13,3700,4000,3850,16 Jul 2022,2022-07-16 00:00:00
Himachal Pradesh,Kullu,Kullu,Other,Fruits,1.3,3300,3500,3400,16 Jul 2022,2022-07-16 00:00:00
Himachal Pradesh,Kangra,Palampur,Banana - Ripe,Fruits,1.6,3600,4000,3800,16 Jul 2022,2022-07-16 00:00:00
Himachal Pradesh,Mandi,Dhanotu (Mandi),Other,Fruits,4.4,3000,3500,3250,16 Jul 2022,2022-07-16 00:00:00
Himachal Pradesh,Hamirpur,Hamirpur,Other,Fruits,1.35,3200,3500,3350,16 Jul 2022,2022-07-16 00:00:00
Himachal Pradesh,Kangra,Kangra,Other,Fruits,1.9,4000,4500,4250,16 Jul 2022,2022-07-16 00:00:00
Himachal Pradesh,Kullu,Kullu,Other,Fruits,1.5,3300,3500,3400,17 Jul 2022,2022-07-17 00:00:00
Himachal Pradesh,Kullu,Bhuntar,Other,Fruits,2.5,3240,3300,3270,17 Jul 2022,2022-07-17 00:00:00
Himachal Pradesh,Kangra,Palampur,Banana - Ripe,Fruits,1.7,3800,4200,4000,18 Jul 2022,2022-07-18 00:00:00
Himachal Pradesh,Kullu,Bhuntar,Other,Fruits,3.0,3240,3300,3270,18 Jul 2022,2022-07-18 00:00:00
Himachal Pradesh,Mandi,Dhanotu (Mandi),Other,Fruits,4.6,3000,3200,3100,18 Jul 2022,2022-07-18 00:00:00
Himachal Pradesh,Una,Una,Other,Fruits,5.7,3000,3500,3250,18 Jul 2022,2022-07-18 00:00:00
Himachal Pradesh,Sirmore,Paonta Sahib,Other,Fruits,0.5,3000,4000,3500,18 Jul 2022,2022-07-18 00:00:00
Himachal Pradesh,Kullu,Kullu,Other,Fruits,1.3,3300,3500,3400,18 Jul 2022,2022-07-18 00:00:00
Himachal Pradesh,Kangra,Kangra(Jaisinghpur),Banana - Ripe,Fruits,0.1,3800,4400,4100,18 Jul 2022,2022-07-18 00:00:00
Himachal Pradesh,Hamirpur,Hamirpur,Other,Fruits,1.2,3200,3500,3300,18 Jul 2022,2022-07-18 00:00:00
Himachal Pradesh,Mandi,Mandi(Mandi),Banana - Ripe,Fruits,5.7,2200,5100,4800,18 Jul 2022,2022-07-18 00:00:00
Himachal Pradesh,Hamirpur,Hamirpur(Nadaun),Other,Fruits,1.1,3200,3300,3250,18 Jul 2022,2022-07-18 00:00:00
Himachal Pradesh,Kullu,Kullu,Other,Fruits,1.6,3400,3500,3400,19 Jul 2022,2022-07-19 00:00:00
Himachal Pradesh,Kangra,Palampur,Banana - Ripe,Fruits,1.6,3800,4200,4000,19 Jul 2022,2022-07-19 00:00:00
Himachal Pradesh,Chamba,Chamba,Other,Fruits,1.65,4000,4500,4250,19 Jul 2022,2022-07-19 00:00:00
Himachal Pradesh,Kullu,Bhuntar,Other,Fruits,2.8,3300,3360,3330,19 Jul 2022,2022-07-19 00:00:00
Himachal Pradesh,Kangra,Kangra(Nagrota Bagwan),Amruthapani,Fruits,0.2,3200,3400,3300,19 Jul 2022,2022-07-19 00:00:00
Himachal Pradesh,Una,Una,Medium,Fruits,14.5,2900,3400,3100,19 Jul 2022,2022-07-19 00:00:00
Himachal Pradesh,Kangra,Kangra(Jassour),Other,Fruits,2.0,2700,2900,2800,19 Jul 2022,2022-07-19 00:00:00
Himachal Pradesh,Hamirpur,Hamirpur,Other,Fruits,1.05,3100,3300,3200,19 Jul 2022,2022-07-19 00:00:00
Himachal Pradesh,Kangra,Kangra(Baijnath),Banana - Ripe,Fruits,0.3,2800,3000,3000,19 Jul 2022,2022-07-19 00:00:00
Himachal Pradesh,Sirmore,Paonta Sahib,Other,Fruits,0.65,2500,3500,3000,19 Jul 2022,2022-07-19 00:00:00
Himachal Pradesh,Hamirpur,Hamirpur(Nadaun),Other,Fruits,1.02,2800,3000,2900,19 Jul 2022,2022-07-19 00:00:00
Himachal Pradesh,Mandi,Mandi(Mandi),Banana - Ripe,Fruits,4.7,4500,5200,5000,19 Jul 2022,2022-07-19 00:00:00
Himachal Pradesh,Mandi,Dhanotu (Mandi),Other,Fruits,4.0,3000,3500,3250,19 Jul 2022,2022-07-19 00:00:00
Himachal Pradesh,Una,Una,Medium,Fruits,7.8,2900,3600,3200,20 Jul 2022,2022-07-20 00:00:00
Himachal Pradesh,Kangra,Kangra(Baijnath),Banana - Ripe,Fruits,0.4,2800,3000,3000,20 Jul 2022,2022-07-20 00:00:00
Himachal Pradesh,Kangra,Kangra(Nagrota Bagwan),Amruthapani,Fruits,0.3,3200,3400,3300,20 Jul 2022,2022-07-20 00:00:00
Himachal Pradesh,Bilaspur,Bilaspur,Ordinary Big,Fruits,2.5,2600,3000,2800,20 Jul 2022,2022-07-20 00:00:00
Himachal Pradesh,Mandi,Dhanotu (Mandi),Other,Fruits,0.3,3000,3500,3250,20 Jul 2022,2022-07-20 00:00:00
Himachal Pradesh,Hamirpur,Hamirpur(Nadaun),Other,Fruits,0.9,3200,3500,3350,20 Jul 2022,2022-07-20 00:00:00
Himachal Pradesh,Kangra,Palampur,Banana - Ripe,Fruits,1.5,3800,4200,4000,20 Jul 2022,2022-07-20 00:00:00
Himachal Pradesh,Chamba,Chamba,Other,Fruits,1.8,4000,4500,4250,20 Jul 2022,2022-07-20 00:00:00
Himachal Pradesh,Kangra,Kangra,Other,Fruits,1.8,4000,5000,4500,20 Jul 2022,2022-07-20 00:00:00
Himachal Pradesh,Mandi,Mandi(Mandi),Banana - Ripe,Fruits,3.9,5000,5300,5200,20 Jul 2022,2022-07-20 00:00:00
Himachal Pradesh,Kangra,Kangra(Jassour),Other,Fruits,1.8,2700,2900,2800,20 Jul 2022,2022-07-20 00:00:00
Himachal Pradesh,Kullu,Kullu,Other,Fruits,1.8,3400,3500,3400,20 Jul 2022,2022-07-20 00:00:00
Himachal Pradesh,Mandi,Mandi(Mandi),Banana - Ripe,Fruits,3.1,5000,6000,5500,21 Jul 2022,2022-07-21 00:00:00
Himachal Pradesh,Kullu,Kullu,Other,Fruits,1.6,3500,3800,3700,21 Jul 2022,2022-07-21 00:00:00
Himachal Pradesh,Kangra,Kangra,Other,Fruits,1.7,4000,5000,4500,21 Jul 2022,2022-07-21 00:00:00
Himachal Pradesh,Mandi,Dhanotu (Mandi),Other,Fruits,3.5,3500,4000,3750,21 Jul 2022,2022-07-21 00:00:00
Himachal Pradesh,Bilaspur,Bilaspur,Ordinary Big,Fruits,2.3,2600,3200,2700,21 Jul 2022,2022-07-21 00:00:00
Himachal Pradesh,Kangra,Kangra(Baijnath),Banana - Ripe,Fruits,0.3,2700,3000,3000,21 Jul 2022,2022-07-21 00:00:00
Himachal Pradesh,Hamirpur,Hamirpur,Other,Fruits,1.15,3200,3500,3350,21 Jul 2022,2022-07-21 00:00:00
Himachal Pradesh,Kullu,Bhuntar,Other,Fruits,3.0,3300,3480,3390,21 Jul 2022,2022-07-21 00:00:00
Himachal Pradesh,Hamirpur,Hamirpur(Nadaun),Other,Fruits,0.8,3200,3500,3350,21 Jul 2022,2022-07-21 00:00:00
Himachal Pradesh,Kangra,Kangra,Other,Fruits,2.2,4000,5000,4500,22 Jul 2022,2022-07-22 00:00:00
Himachal Pradesh,Bilaspur,Bilaspur,Ordinary Big,Fruits,2.8,2500,3000,2600,22 Jul 2022,2022-07-22 00:00:00
Himachal Pradesh,Mandi,Dhanotu (Mandi),Other,Fruits,4.2,3000,3500,3250,22 Jul 2022,2022-07-22 00:00:00
Himachal Pradesh,Una,Una,Medium,Fruits,7.5,2900,3600,3200,22 Jul 2022,2022-07-22 00:00:00
Himachal Pradesh,Sirmore,Nahan,Other,Fruits,0.65,3000,4000,3500,22 Jul 2022,2022-07-22 00:00:00
Himachal Pradesh,Kangra,Kangra(Jaisinghpur),Banana - Ripe,Fruits,0.04,3800,4400,4100,22 Jul 2022,2022-07-22 00:00:00
Himachal Pradesh,Kullu,Bhuntar,Other,Fruits,3.1,3540,3600,3570,22 Jul 2022,2022-07-22 00:00:00
Himachal Pradesh,Kangra,Kangra(Jassour),Other,Fruits,1.7,3100,3300,3200,22 Jul 2022,2022-07-22 00:00:00
Himachal Pradesh,Kullu,Kullu,Other,Fruits,1.5,3300,3500,3400,22 Jul 2022,2022-07-22 00:00:00
Himachal Pradesh,Mandi,Mandi(Mandi),Banana - Ripe,Fruits,3.8,4000,5000,4800,22 Jul 2022,2022-07-22 00:00:00
Himachal Pradesh,Kangra,Palampur,Banana - Ripe,Fruits,1.6,3800,4200,4000,22 Jul 2022,2022-07-22 00:00:00
Himachal Pradesh,Hamirpur,Hamirpur,Other,Fruits,1.05,2500,2600,2550,22 Jul 2022,2022-07-22 00:00:00
Himachal Pradesh,Hamirpur,Hamirpur(Nadaun),Other,Fruits,1.5,3100,3300,3200,22 Jul 2022,2022-07-22 00:00:00
Himachal Pradesh,Kangra,Kangra(Nagrota Bagwan),Amruthapani,Fruits,0.2,3200,3400,3300,23 Jul 2022,2022-07-23 00:00:00
Himachal Pradesh,Una,Una,Medium,Fruits,9.8,2900,3800,3300,23 Jul 2022,2022-07-23 00:00:00
Himachal Pradesh,Mandi,Mandi(Mandi),Banana - Ripe,Fruits,2.7,2000,6000,5000,23 Jul 2022,2022-07-23 00:00:00
Himachal Pradesh,Mandi,Dhanotu (Mandi),Other,Fruits,4.0,3500,4000,3750,23 Jul 2022,2022-07-23 00:00:00
Himachal Pradesh,Kangra,Palampur,Banana - Ripe,Fruits,2.2,3400,3800,3600,23 Jul 2022,2022-07-23 00:00:00
Himachal Pradesh,Sirmore,Nahan,Other,Fruits,0.45,3000,4000,3500,23 Jul 2022,2022-07-23 00:00:00
Himachal Pradesh,Kangra,Kangra(Jaisinghpur),Banana - Ripe,Fruits,0.13,3500,4000,3750,23 Jul 2022,2022-07-23 00:00:00
Himachal Pradesh,Sirmore,Paonta Sahib,Other,Fruits,0.6,4000,5000,4500,23 Jul 2022,2022-07-23 00:00:00
Himachal Pradesh,Kullu,Kullu,Other,Fruits,1.3,3400,3800,3500,23 Jul 2022,2022-07-23 00:00:00
Himachal Pradesh,Hamirpur,Hamirpur(Nadaun),Other,Fruits,0.6,3200,3500,3350,23 Jul 2022,2022-07-23 00:00:00
Himachal Pradesh,Bilaspur,Bilaspur,Ordinary Big,Fruits,2.3,2600,2900,2700,23 Jul 2022,2022-07-23 00:00:00
Himachal Pradesh,Kullu,Bhuntar,Other,Fruits,3.0,3540,3600,3570,24 Jul 2022,2022-07-24 00:00:00
Himachal Pradesh,Kullu,Kullu,Other,Fruits,1.0,3400,3800,3600,24 Jul 2022,2022-07-24 00:00:00
Himachal Pradesh,Bilaspur,Bilaspur,Ordinary Big,Fruits,2.9,2600,2900,2800,25 Jul 2022,2022-07-25 00:00:00
Himachal Pradesh,Una,Una,Medium,Fruits,7.2,2900,3600,3300,25 Jul 2022,2022-07-25 00:00:00
Himachal Pradesh,Mandi,Dhanotu (Mandi),Other,Fruits,3.2,3500,4000,3750,25 Jul 2022,2022-07-25 00:00:00
Himachal Pradesh,Kullu,Bhuntar,Other,Fruits,3.5,3540,3600,3570,25 Jul 2022,2022-07-25 00:00:00
Himachal Pradesh,Kangra,Kangra(Nagrota Bagwan),Amruthapani,Fruits,0.3,3200,3400,3300,25 Jul 2022,2022-07-25 00:00:00
Himachal Pradesh,Mandi,Mandi(Mandi),Banana - Ripe,Fruits,5.7,5500,5600,5500,25 Jul 2022,2022-07-25 00:00:00
Himachal Pradesh,Hamirpur,Hamirpur,Other,Fruits,1.15,3600,3800,3700,25 Jul 2022,2022-07-25 00:00:00
Himachal Pradesh,Kangra,Kangra(Jassour),Other,Fruits,1.8,3100,3300,3200,25 Jul 2022,2022-07-25 00:00:00
Himachal Pradesh,Hamirpur,Hamirpur(Nadaun),Other,Fruits,1.1,3600,3800,3700,25 Jul 2022,2022-07-25 00:00:00
Himachal Pradesh,Kangra,Kangra,Other,Fruits,2.0,4200,4500,4350,25 Jul 2022,2022-07-25 00:00:00
Himachal Pradesh,Kangra,Palampur,Banana - Ripe,Fruits,1.7,3400,3800,3600,25 Jul 2022,2022-07-25 00:00:00
Himachal Pradesh,Sirmore,Paonta Sahib,Other,Fruits,0.45,4000,5500,5000,25 Jul 2022,2022-07-25 00:00:00
Himachal Pradesh,Kangra,Kangra(Baijnath),Banana - Ripe,Fruits,0.4,3000,3000,3000,25 Jul 2022,2022-07-25 00:00:00
Himachal Pradesh,Kangra,Kangra(Jaisinghpur),Banana - Ripe,Fruits,0.12,3500,4000,3750,25 Jul 2022,2022-07-25 00:00:00
Himachal Pradesh,Sirmore,Paonta Sahib,Other,Fruits,0.65,4000,5000,4500,26 Jul 2022,2022-07-26 00:00:00
Himachal Pradesh,Kullu,Bhuntar,Other,Fruits,3.1,3480,3600,3540,26 Jul 2022,2022-07-26 00:00:00
Himachal Pradesh,Kullu,Kullu,Other,Fruits,1.3,3400,3800,3600,26 Jul 2022,2022-07-26 00:00:00
Himachal Pradesh,Kangra,Kangra(Jassour),Other,Fruits,2.0,3100,3300,3200,26 Jul 2022,2022-07-26 00:00:00
Himachal Pradesh,Hamirpur,Hamirpur,Other,Fruits,0.75,3300,3600,3450,26 Jul 2022,2022-07-26 00:00:00
Himachal Pradesh,Chamba,Chamba,Other,Fruits,1.65,4000,4200,4100,26 Jul 2022,2022-07-26 00:00:00
Himachal Pradesh,Hamirpur,Hamirpur(Nadaun),Other,Fruits,0.5,3200,3500,3350,26 Jul 2022,2022-07-26 00:00:00
Himachal Pradesh,Mandi,Mandi(Mandi),Banana - Ripe,Fruits,2.8,5200,7000,6000,26 Jul 2022,2022-07-26 00:00:00
Himachal Pradesh,Una,Una,Medium,Fruits,7.7,3000,3600,3300,26 Jul 2022,2022-07-26 00:00:00
Himachal Pradesh,Mandi,Dhanotu (Mandi),Other,Fruits,3.6,3500,4000,3750,26 Jul 2022,2022-07-26 00:00:00
Himachal Pradesh,Kangra,Kangra(Jaisinghpur),Banana - Ripe,Fruits,0.04,3500,4000,3750,26 Jul 2022,2022-07-26 00:00:00
Himachal Pradesh,Kangra,Kangra(Baijnath),Banana - Ripe,Fruits,0.3,2900,3000,3000,26 Jul 2022,2022-07-26 00:00:00
Himachal Pradesh,Una,Una,Medium,Fruits,8.0,3000,3600,3300,27 Jul 2022,2022-07-27 00:00:00
Himachal Pradesh,Kangra,Kangra(Jaisinghpur),Banana - Ripe,Fruits,0.1,3400,3800,3600,27 Jul 2022,2022-07-27 00:00:00
Himachal Pradesh,Hamirpur,Hamirpur(Nadaun),Other,Fruits,0.6,3200,3500,3350,27 Jul 2022,2022-07-27 00:00:00
Himachal Pradesh,Kangra,Palampur,Banana - Ripe,Fruits,1.6,3400,3800,3600,27 Jul 2022,2022-07-27 00:00:00
Himachal Pradesh,Kangra,Kangra,Other,Fruits,1.8,4200,4500,4350,27 Jul 2022,2022-07-27 00:00:00
Himachal Pradesh,Mandi,Dhanotu (Mandi),Other,Fruits,3.3,4000,4500,4250,27 Jul 2022,2022-07-27 00:00:00
Himachal Pradesh,Chamba,Chamba,Other,Fruits,3.15,4000,4200,4100,27 Jul 2022,2022-07-27 00:00:00
Himachal Pradesh,Kangra,Kangra(Jassour),Other,Fruits,1.8,3000,3200,3100,27 Jul 2022,2022-07-27 00:00:00
Himachal Pradesh,Bilaspur,Bilaspur,Ordinary Big,Fruits,2.5,2800,3200,3000,27 Jul 2022,2022-07-27 00:00:00
Himachal Pradesh,Kullu,Kullu,Other,Fruits,1.2,3400,3800,3600,27 Jul 2022,2022-07-27 00:00:00
Himachal Pradesh,Hamirpur,Hamirpur,Other,Fruits,0.73,3200,3500,3350,27 Jul 2022,2022-07-27 00:00:00
Himachal Pradesh,Kullu,Bhuntar,Other,Fruits,3.0,3480,3600,3520,27 Jul 2022,2022-07-27 00:00:00
Himachal Pradesh,Mandi,Mandi(Mandi),Banana - Ripe,Fruits,3.2,5000,5500,5200,27 Jul 2022,2022-07-27 00:00:00
Himachal Pradesh,Kullu,Kullu,Other,Fruits,1.3,3500,3800,3600,28 Jul 2022,2022-07-28 00:00:00
Himachal Pradesh,Sirmore,Nahan,Other,Fruits,0.56,4000,5000,4500,28 Jul 2022,2022-07-28 00:00:00
Himachal Pradesh,Una,Una,Medium,Fruits,7.3,3000,3600,3300,28 Jul 2022,2022-07-28 00:00:00
Himachal Pradesh,Kullu,Bhuntar,Other,Fruits,3.3,3600,3660,3630,28 Jul 2022,2022-07-28 00:00:00
Himachal Pradesh,Mandi,Dhanotu (Mandi),Other,Fruits,3.0,4000,4500,4250,28 Jul 2022,2022-07-28 00:00:00
Himachal Pradesh,Bilaspur,Bilaspur,Ordinary Big,Fruits,2.6,2900,3500,3000,28 Jul 2022,2022-07-28 00:00:00
Himachal Pradesh,Sirmore,Paonta Sahib,Other,Fruits,0.52,4000,0,5000,28 Jul 2022,2022-07-28 00:00:00
Himachal Pradesh,Mandi,Mandi(Mandi),Banana - Ripe,Fruits,2.5,5000,5400,5200,28 Jul 2022,2022-07-28 00:00:00
Himachal Pradesh,Kangra,Kangra(Nagrota Bagwan),Amruthapani,Fruits,0.2,3400,3600,3500,28 Jul 2022,2022-07-28 00:00:00
Himachal Pradesh,Hamirpur,Hamirpur(Nadaun),Other,Fruits,0.5,3600,3800,3700,28 Jul 2022,2022-07-28 00:00:00
Himachal Pradesh,Chamba,Chamba,Other,Fruits,0.25,4000,4200,4100,28 Jul 2022,2022-07-28 00:00:00
Himachal Pradesh,Kangra,Kangra(Jassour),Other,Fruits,0.5,3000,3200,3100,28 Jul 2022,2022-07-28 00:00:00
Himachal Pradesh,Una,Una,Medium,Fruits,7.9,3000,3600,3300,29 Jul 2022,2022-07-29 00:00:00
Himachal Pradesh,Chamba,Chamba,Other,Fruits,2.1,4000,4200,4100,29 Jul 2022,2022-07-29 00:00:00
Himachal Pradesh,Hamirpur,Hamirpur,Other,Fruits,0.94,3600,3800,3700,29 Jul 2022,2022-07-29 00:00:00
Himachal Pradesh,Kullu,Bhuntar,Other,Fruits,3.5,3600,3660,3630,29 Jul 2022,2022-07-29 00:00:00
Himachal Pradesh,Mandi,Dhanotu (Mandi),Other,Fruits,3.2,3000,4500,3750,29 Jul 2022,2022-07-29 00:00:00
Himachal Pradesh,Kangra,Palampur,Banana - Ripe,Fruits,1.5,3400,3800,3600,29 Jul 2022,2022-07-29 00:00:00
Himachal Pradesh,Hamirpur,Hamirpur(Nadaun),Other,Fruits,0.45,3600,3800,3700,29 Jul 2022,2022-07-29 00:00:00
Himachal Pradesh,Mandi,Mandi(Mandi),Banana - Ripe,Fruits,3.4,5000,5400,5200,29 Jul 2022,2022-07-29 00:00:00
Himachal Pradesh,Kullu,Kullu,Other,Fruits,1.0,3400,3800,3600,29 Jul 2022,2022-07-29 00:00:00
Himachal Pradesh,Kangra,Kangra(Jaisinghpur),Banana - Ripe,Fruits,0.04,3400,3800,3600,29 Jul 2022,2022-07-29 00:00:00
Himachal Pradesh,Kangra,Kangra(Jassour),Other,Fruits,1.9,3100,3300,3200,29 Jul 2022,2022-07-29 00:00:00
Himachal Pradesh,Kangra,Kangra(Baijnath),Banana - Ripe,Fruits,0.4,2800,3000,3000,29 Jul 2022,2022-07-29 00:00:00
Himachal Pradesh,Hamirpur,Hamirpur,Other,Fruits,1.17,3600,3800,3700,30 Jul 2022,2022-07-30 00:00:00
Himachal Pradesh,Kangra,Palampur,Banana - Ripe,Fruits,2.5,3400,3800,3600,30 Jul 2022,2022-07-30 00:00:00
Himachal Pradesh,Sirmore,Nahan,Other,Fruits,0.45,3000,4000,3500,30 Jul 2022,2022-07-30 00:00:00
Himachal Pradesh,Kangra,Kangra,Other,Fruits,2.0,4000,5000,4500,30 Jul 2022,2022-07-30 00:00:00
Himachal Pradesh,Bilaspur,Bilaspur,Ordinary Big,Fruits,2.4,2500,3300,3200,30 Jul 2022,2022-07-30 00:00:00
Himachal Pradesh,Mandi,Mandi(Mandi),Banana - Ripe,Fruits,3.8,5000,5400,5200,30 Jul 2022,2022-07-30 00:00:00
Himachal Pradesh,Una,Una,Medium,Fruits,10.2,3000,3600,3300,30 Jul 2022,2022-07-30 00:00:00
Himachal Pradesh,Chamba,Chamba,Other,Fruits,1.65,4000,4500,4250,30 Jul 2022,2022-07-30 00:00:00
Himachal Pradesh,Hamirpur,Hamirpur(Nadaun),Other,Fruits,0.6,3600,3700,3650,30 Jul 2022,2022-07-30 00:00:00
Himachal Pradesh,Mandi,Dhanotu (Mandi),Other,Fruits,4.0,3500,4000,3750,30 Jul 2022,2022-07-30 00:00:00
Himachal Pradesh,Kangra,Kangra(Jassour),Other,Fruits,3.0,4000,4500,4250,30 Jul 2022,2022-07-30 00:00:00
Himachal Pradesh,Kangra,Kangra(Baijnath),Banana - Ripe,Fruits,0.3,2800,3000,2900,30 Jul 2022,2022-07-30 00:00:00
Himachal Pradesh,Kangra,Kangra(Jaisinghpur),Banana - Ripe,Fruits,0.2,3500,4000,3750,30 Jul 2022,2022-07-30 00:00:00
Himachal Pradesh,Kullu,Kullu,Other,Fruits,1.3,3400,3800,3600,30 Jul 2022,2022-07-30 00:00:00
Himachal Pradesh,Kullu,Kullu,Other,Fruits,0.8,3500,3800,3700,31 Jul 2022,2022-07-31 00:00:00
Himachal Pradesh,Kullu,Bhuntar,Other,Fruits,3.3,3600,3660,3630,31 Jul 2022,2022-07-31 00:00:00
Himachal Pradesh,Kullu,Kullu,Other,Fruits,1.5,3400,3800,3500,01 Aug 2022,2022-08-01 00:00:00
Himachal Pradesh,Sirmore,Paonta Sahib,Other,Fruits,0.46,4000,5000,4500,01 Aug 2022,2022-08-01 00:00:00
Himachal Pradesh,Mandi,Dhanotu (Mandi),Other,Fruits,4.5,4000,4500,4250,01 Aug 2022,2022-08-01 00:00:00
Himachal Pradesh,Kangra,Kangra(Baijnath),Banana - Ripe,Fruits,0.4,2900,3000,3000,01 Aug 2022,2022-08-01 00:00:00
Himachal Pradesh,Mandi,Mandi(Mandi),Banana - Ripe,Fruits,6.2,5000,5300,5200,01 Aug 2022,2022-08-01 00:00:00
Himachal Pradesh,Kullu,Bhuntar,Other,Fruits,3.1,3600,3660,3630,01 Aug 2022,2022-08-01 00:00:00
Himachal Pradesh,Kangra,Palampur,Banana - Ripe,Fruits,1.5,3600,4000,3800,01 Aug 2022,2022-08-01 00:00:00
Himachal Pradesh,Bilaspur,Bilaspur,Ordinary Big,Fruits,2.8,2600,3300,2900,01 Aug 2022,2022-08-01 00:00:00
Himachal Pradesh,Chamba,Chamba,Other,Fruits,2.7,4000,4500,4250,01 Aug 2022,2022-08-01 00:00:00
Himachal Pradesh,Kangra,Kangra(Jaisinghpur),Banana - Ripe,Fruits,0.01,3600,4000,3800,01 Aug 2022,2022-08-01 00:00:00
Himachal Pradesh,Kangra,Kangra,Other,Fruits,2.1,4000,5000,4500,01 Aug 2022,2022-08-01 00:00:00
Himachal Pradesh,Kangra,Kangra(Jassour),Other,Fruits,3.0,4000,4500,4250,01 Aug 2022,2022-08-01 00:00:00
Himachal Pradesh,Mandi,Mandi(Mandi),Banana - Ripe,Fruits,3.4,4500,6000,5000,02 Aug 2022,2022-08-02 00:00:00
Himachal Pradesh,Bilaspur,Bilaspur,Ordinary Big,Fruits,2.7,2500,3200,2800,02 Aug 2022,2022-08-02 00:00:00
Himachal Pradesh,Kangra,Kangra,Other,Fruits,2.0,4000,5000,4500,02 Aug 2022,2022-08-02 00:00:00
Himachal Pradesh,Una,Una,Medium,Fruits,8.2,2800,3200,3000,02 Aug 2022,2022-08-02 00:00:00
Himachal Pradesh,Hamirpur,Hamirpur(Nadaun),Other,Fruits,0.6,3800,3900,3850,02 Aug 2022,2022-08-02 00:00:00
Himachal Pradesh,Kangra,Kangra(Jaisinghpur),Banana - Ripe,Fruits,0.04,4000,4600,4300,02 Aug 2022,2022-08-02 00:00:00
Himachal Pradesh,Kangra,Palampur,Banana - Ripe,Fruits,1.6,4000,4500,4250,02 Aug 2022,2022-08-02 00:00:00
Himachal Pradesh,Kangra,Kangra(Baijnath),Banana - Ripe,Fruits,0.2,2900,3000,3000,02 Aug 2022,2022-08-02 00:00:00
Himachal Pradesh,Mandi,Dhanotu (Mandi),Other,Fruits,4.2,4000,5000,4500,02 Aug 2022,2022-08-02 00:00:00
Himachal Pradesh,Kullu,Kullu,Other,Fruits,1.3,3400,3800,3600,02 Aug 2022,2022-08-02 00:00:00
Himachal Pradesh,Kangra,Kangra(Jassour),Other,Fruits,1.9,3000,3200,3100,02 Aug 2022,2022-08-02 00:00:00
Himachal Pradesh,Kangra,Kangra(Jassour),Other,Fruits,2.2,3000,3200,3100,03 Aug 2022,2022-08-03 00:00:00
Himachal Pradesh,Kangra,Kangra,Other,Fruits,2.1,4000,5000,4500,03 Aug 2022,2022-08-03 00:00:00
Himachal Pradesh,Kullu,Kullu,Other,Fruits,1.6,3500,3800,3600,03 Aug 2022,2022-08-03 00:00:00
Himachal Pradesh,Kangra,Kangra(Jaisinghpur),Banana - Ripe,Fruits,0.05,4000,4600,4300,03 Aug 2022,2022-08-03 00:00:00
Himachal Pradesh,Kangra,Kangra(Baijnath),Banana - Ripe,Fruits,0.4,3000,3000,3000,03 Aug 2022,2022-08-03 00:00:00
Himachal Pradesh,Bilaspur,Bilaspur,Ordinary Big,Fruits,2.5,2600,3200,2800,03 Aug 2022,2022-08-03 00:00:00
Himachal Pradesh,Mandi,Dhanotu (Mandi),Other,Fruits,4.0,4000,4500,4250,03 Aug 2022,2022-08-03 00:00:00
Himachal Pradesh,Una,Una,Medium,Fruits,7.9,2900,3500,3200,03 Aug 2022,2022-08-03 00:00:00
Himachal Pradesh,Kullu,Bhuntar,Other,Fruits,3.3,3000,3600,3300,03 Aug 2022,2022-08-03 00:00:00
Himachal Pradesh,Sirmore,Paonta Sahib,Other,Fruits,0.56,4000,5000,4500,03 Aug 2022,2022-08-03 00:00:00
Himachal Pradesh,Kangra,Palampur,Banana - Ripe,Fruits,1.5,4000,4500,4250,03 Aug 2022,2022-08-03 00:00:00
Himachal Pradesh,Hamirpur,Hamirpur,Other,Fruits,1.15,3600,3800,3700,03 Aug 2022,2022-08-03 00:00:00
Himachal Pradesh,Hamirpur,Hamirpur(Nadaun),Other,Fruits,0.8,3600,3800,3700,03 Aug 2022,2022-08-03 00:00:00
Himachal Pradesh,Mandi,Mandi(Mandi),Banana - Ripe,Fruits,4.6,2000,5200,4500,03 Aug 2022,2022-08-03 00:00:00
Himachal Pradesh,Sirmore,Nahan,Other,Fruits,0.25,3000,4000,3500,04 Aug 2022,2022-08-04 00:00:00
Himachal Pradesh,Kangra,Kangra,Other,Fruits,2.2,4000,5000,4500,04 Aug 2022,2022-08-04 00:00:00
Himachal Pradesh,Kangra,Kangra(Baijnath),Banana - Ripe,Fruits,0.2,3000,3300,3200,04 Aug 2022,2022-08-04 00:00:00
Himachal Pradesh,Kullu,Kullu,Other,Fruits,1.4,3500,3800,3600,04 Aug 2022,2022-08-04 00:00:00
Himachal Pradesh,Kangra,Kangra(Jassour),Other,Fruits,0.9,3000,3200,3100,04 Aug 2022,2022-08-04 00:00:00
Himachal Pradesh,Hamirpur,Hamirpur,Other,Fruits,1.01,3200,3400,3300,04 Aug 2022,2022-08-04 00:00:00
Himachal Pradesh,Una,Una,Medium,Fruits,8.4,2900,3500,3200,04 Aug 2022,2022-08-04 00:00:00
Himachal Pradesh,Bilaspur,Bilaspur,Ordinary Big,Fruits,2.6,2600,3200,2800,04 Aug 2022,2022-08-04 00:00:00
Himachal Pradesh,Mandi,Dhanotu (Mandi),Other,Fruits,4.2,4500,4700,4600,04 Aug 2022,2022-08-04 00:00:00
Himachal Pradesh,Mandi,Mandi(Mandi),Banana - Ripe,Fruits,2.8,2000,7000,5000,04 Aug 2022,2022-08-04 00:00:00
Himachal Pradesh,Sirmore,Paonta Sahib,Other,Fruits,0.42,4000,5000,4500,04 Aug 2022,2022-08-04 00:00:00
Himachal Pradesh,Kullu,Bhuntar,Other,Fruits,3.5,3480,3600,3540,04 Aug 2022,2022-08-04 00:00:00
Himachal Pradesh,Kangra,Kangra(Jassour),Other,Fruits,2.3,3000,3200,3100,05 Aug 2022,2022-08-05 00:00:00
Himachal Pradesh,Kangra,Kangra(Nagrota Bagwan),Amruthapani,Fruits,0.2,3400,3600,3500,05 Aug 2022,2022-08-05 00:00:00
Himachal Pradesh,Kangra,Kangra(Jaisinghpur),Banana - Ripe,Fruits,0.04,4000,4600,4300,05 Aug 2022,2022-08-05 00:00:00
Himachal Pradesh,Bilaspur,Bilaspur,Ordinary Big,Fruits,2.4,2300,3000,2800,05 Aug 2022,2022-08-05 00:00:00
Himachal Pradesh,Kangra,Palampur,Banana - Ripe,Fruits,1.6,4000,4500,4250,05 Aug 2022,2022-08-05 00:00:00
Himachal Pradesh,Hamirpur,Hamirpur,Other,Fruits,2.5,3200,3500,3400,05 Aug 2022,2022-08-05 00:00:00
Himachal Pradesh,Sirmore,Paonta Sahib,Other,Fruits,0.45,5000,6000,5500,05 Aug 2022,2022-08-05 00:00:00
Himachal Pradesh,Kullu,Kullu,Other,Fruits,1.2,3500,3800,3600,05 Aug 2022,2022-08-05 00:00:00
Himachal Pradesh,Kullu,Bhuntar,Other,Fruits,3.0,3540,3600,3570,05 Aug 2022,2022-08-05 00:00:00
Himachal Pradesh,Una,Una,Medium,Fruits,7.5,2900,3500,3200,05 Aug 2022,2022-08-05 00:00:00
Himachal Pradesh,Mandi,Dhanotu (Mandi),Other,Fruits,4.5,4500,4700,4600,05 Aug 2022,2022-08-05 00:00:00
Himachal Pradesh,Mandi,Mandi(Mandi),Banana - Ripe,Fruits,3.4,4000,5400,5000,05 Aug 2022,2022-08-05 00:00:00
Himachal Pradesh,Sirmore,Paonta Sahib,Other,Fruits,0.65,4000,5000,4500,06 Aug 2022,2022-08-06 00:00:00
Himachal Pradesh,Hamirpur,Hamirpur(Nadaun),Other,Fruits,0.6,3400,3500,3450,06 Aug 2022,2022-08-06 00:00:00
Himachal Pradesh,Mandi,Dhanotu (Mandi),Other,Fruits,4.2,4500,4500,4500,06 Aug 2022,2022-08-06 00:00:00
Himachal Pradesh,Hamirpur,Hamirpur,Other,Fruits,1.11,3400,3500,3450,06 Aug 2022,2022-08-06 00:00:00
Himachal Pradesh,Kangra,Kangra(Jassour),Other,Fruits,2.5,3000,3200,3100,06 Aug 2022,2022-08-06 00:00:00
Himachal Pradesh,Kangra,Palampur,Banana - Ripe,Fruits,1.5,4000,4500,4250,06 Aug 2022,2022-08-06 00:00:00
Himachal Pradesh,Mandi,Mandi(Mandi),Banana - Ripe,Fruits,3.6,4000,5200,5000,06 Aug 2022,2022-08-06 00:00:00
Himachal Pradesh,Kullu,Kullu,Other,Fruits,1.6,3600,3800,3700,06 Aug 2022,2022-08-06 00:00:00
Himachal Pradesh,Bilaspur,Bilaspur,Ordinary Big,Fruits,3.0,2500,3500,3000,06 Aug 2022,2022-08-06 00:00:00
Himachal Pradesh,Kangra,Kangra,Other,Fruits,2.1,4000,5000,4250,06 Aug 2022,2022-08-06 00:00:00
Himachal Pradesh,Sirmore,Nahan,Other,Fruits,0.35,3500,4500,4000,06 Aug 2022,2022-08-06 00:00:00
Himachal Pradesh,Kullu,Bhuntar,Other,Fruits,3.6,3480,3600,3540,07 Aug 2022,2022-08-07 00:00:00
Himachal Pradesh,Kullu,Kullu,Other,Fruits,0.8,3600,3800,3700,07 Aug 2022,2022-08-07 00:00:00
Himachal Pradesh,Kangra,Kangra,Other,Fruits,2.2,4000,5000,4500,08 Aug 2022,2022-08-08 00:00:00
Himachal Pradesh,Hamirpur,Hamirpur,Other,Fruits,1.25,3500,3800,3600,08 Aug 2022,2022-08-08 00:00:00
Himachal Pradesh,Kangra,Kangra(Baijnath),Banana - Ripe,Fruits,0.4,3000,3200,3200,08 Aug 2022,2022-08-08 00:00:00
Himachal Pradesh,Una,Una,Medium,Fruits,7.6,2800,3400,3100,08 Aug 2022,2022-08-08 00:00:00
Himachal Pradesh,Mandi,Dhanotu (Mandi),Other,Fruits,0.2,4000,4500,4250,08 Aug 2022,2022-08-08 00:00:00
Himachal Pradesh,Sirmore,Paonta Sahib,Other,Fruits,0.45,3000,4000,3500,08 Aug 2022,2022-08-08 00:00:00
Himachal Pradesh,Kangra,Kangra(Jaisinghpur),Banana - Ripe,Fruits,0.1,4200,4800,4500,08 Aug 2022,2022-08-08 00:00:00
Himachal Pradesh,Kangra,Palampur,Banana - Ripe,Fruits,2.5,4000,4500,4250,08 Aug 2022,2022-08-08 00:00:00
Himachal Pradesh,Kangra,Kangra(Jassour),Other,Fruits,2.4,3000,3200,3100,08 Aug 2022,2022-08-08 00:00:00
Himachal Pradesh,Kullu,Bhuntar,Other,Fruits,4.1,3480,3600,3540,08 Aug 2022,2022-08-08 00:00:00
Himachal Pradesh,Hamirpur,Hamirpur(Nadaun),Other,Fruits,0.59,3500,3600,3550,08 Aug 2022,2022-08-08 00:00:00
Himachal Pradesh,Kullu,Kullu,Other,Fruits,1.3,3700,4000,3800,08 Aug 2022,2022-08-08 00:00:00
Himachal Pradesh,Mandi,Mandi(Mandi),Banana - Ripe,Fruits,6.2,2000,5300,5000,08 Aug 2022,2022-08-08 00:00:00
Himachal Pradesh,Una,Una,Medium,Fruits,8.3,3100,3700,3400,09 Aug 2022,2022-08-09 00:00:00
Himachal Pradesh,Kullu,Bhuntar,Other,Fruits,3.1,3420,3480,3450,09 Aug 2022,2022-08-09 00:00:00
Himachal Pradesh,Mandi,Mandi(Mandi),Banana - Ripe,Fruits,3.1,4500,5200,5000,09 Aug 2022,2022-08-09 00:00:00
Himachal Pradesh,Kangra,Kangra,Other,Fruits,1.6,4000,5000,4500,09 Aug 2022,2022-08-09 00:00:00
Himachal Pradesh,Bilaspur,Bilaspur,Ordinary Big,Fruits,2.3,2600,3200,2900,09 Aug 2022,2022-08-09 00:00:00
Himachal Pradesh,Kullu,Kullu,Other,Fruits,1.1,3600,3800,3700,09 Aug 2022,2022-08-09 00:00:00
Himachal Pradesh,Mandi,Dhanotu (Mandi),Other,Fruits,4.5,2700,3500,3100,09 Aug 2022,2022-08-09 00:00:00
Himachal Pradesh,Kangra,Kangra,Other,Fruits,2.1,4000,5000,4500,10 Aug 2022,2022-08-10 00:00:00
Himachal Pradesh,Mandi,Mandi(Mandi),Banana - Ripe,Fruits,3.6,5000,5200,5100,10 Aug 2022,2022-08-10 00:00:00
Himachal Pradesh,Kullu,Kullu,Other,Fruits,1.3,3600,3800,3700,10 Aug 2022,2022-08-10 00:00:00
Himachal Pradesh,Kangra,Palampur,Banana - Ripe,Fruits,1.6,4000,4500,4250,10 Aug 2022,2022-08-10 00:00:00
Himachal Pradesh,Una,Una,Other,Fruits,6.8,3100,3700,3400,10 Aug 2022,2022-08-10 00:00:00
Himachal Pradesh,Kangra,Kangra(Jassour),Other,Fruits,2.0,3000,3200,3100,10 Aug 2022,2022-08-10 00:00:00
Himachal Pradesh,Sirmore,Paonta Sahib,Other,Fruits,0.65,3500,4500,4000,10 Aug 2022,2022-08-10 00:00:00
Himachal Pradesh,Kangra,Kangra(Jaisinghpur),Banana - Ripe,Fruits,0.04,4200,4800,4500,10 Aug 2022,2022-08-10 00:00:00
Himachal Pradesh,Hamirpur,Hamirpur(Nadaun),Other,Fruits,1.05,3500,4000,3750,10 Aug 2022,2022-08-10 00:00:00
Himachal Pradesh,Kangra,Kangra(Baijnath),Banana - Ripe,Fruits,0.2,3000,3200,3000,10 Aug 2022,2022-08-10 00:00:00
Himachal Pradesh,Kullu,Bhuntar,Other,Fruits,3.6,3420,3480,3450,10 Aug 2022,2022-08-10 00:00:00
Himachal Pradesh,Hamirpur,Hamirpur,Other,Fruits,1.45,3500,4000,3750,10 Aug 2022,2022-08-10 00:00:00
Himachal Pradesh,Chamba,Chamba,Other,Fruits,1.65,4000,4500,4250,10 Aug 2022,2022-08-10 00:00:00
Himachal Pradesh,Bilaspur,Bilaspur,Ordinary Big,Fruits,2.6,2800,3200,3000,10 Aug 2022,2022-08-10 00:00:00
Himachal Pradesh,Mandi,Dhanotu (Mandi),Other,Fruits,4.4,400,4600,4300,10 Aug 2022,2022-08-10 00:00:00
Himachal Pradesh,Hamirpur,Hamirpur,Other,Fruits,1.1,3000,3400,3200,11 Aug 2022,2022-08-11 00:00:00
Himachal Pradesh,Kangra,Kangra,Other,Fruits,2.0,4000,5000,4500,11 Aug 2022,2022-08-11 00:00:00
Himachal Pradesh,Kangra,Palampur,Banana - Ripe,Fruits,2.5,4000,4500,4250,11 Aug 2022,2022-08-11 00:00:00
Himachal Pradesh,Kullu,Bhuntar,Other,Fruits,3.1,3300,3360,3330,11 Aug 2022,2022-08-11 00:00:00
Himachal Pradesh,Kangra,Kangra(Jaisinghpur),Banana - Ripe,Fruits,0.05,4200,4800,4500,11 Aug 2022,2022-08-11 00:00:00
Himachal Pradesh,Mandi,Dhanotu (Mandi),Other,Fruits,3.5,4000,4200,4100,11 Aug 2022,2022-08-11 00:00:00
Himachal Pradesh,Mandi,Mandi(Mandi),Banana - Ripe,Fruits,4.2,4700,5000,5000,11 Aug 2022,2022-08-11 00:00:00
Himachal Pradesh,Una,Una,Medium,Fruits,7.2,3000,3500,3250,11 Aug 2022,2022-08-11 00:00:00
Himachal Pradesh,Kullu,Kullu,Other,Fruits,1.2,3600,3800,3700,11 Aug 2022,2022-08-11 00:00:00
Himachal Pradesh,Bilaspur,Bilaspur,Ordinary Big,Fruits,2.5,2900,3500,3200,11 Aug 2022,2022-08-11 00:00:00
Himachal Pradesh,Kangra,Kangra(Jassour),Other,Fruits,0.7,3000,3200,3100,11 Aug 2022,2022-08-11 00:00:00
Himachal Pradesh,Hamirpur,Hamirpur(Nadaun),Other,Fruits,0.8,3100,3500,3300,11 Aug 2022,2022-08-11 00:00:00
Himachal Pradesh,Kangra,Kangra,Other,Fruits,2.1,4000,5000,4500,12 Aug 2022,2022-08-12 00:00:00
Himachal Pradesh,Kullu,Bhuntar,Other,Fruits,18.0,550,560,555,12 Aug 2022,2022-08-12 00:00:00
Himachal Pradesh,Kangra,Palampur,Banana - Ripe,Fruits,1.5,4000,4500,4250,12 Aug 2022,2022-08-12 00:00:00
Himachal Pradesh,Kangra,Kangra(Baijnath),Banana - Ripe,Fruits,0.4,3000,3200,3000,12 Aug 2022,2022-08-12 00:00:00
Himachal Pradesh,Sirmore,Paonta Sahib,Other,Fruits,0.42,4000,5000,4500,12 Aug 2022,2022-08-12 00:00:00
Himachal Pradesh,Una,Una,Other,Fruits,10.7,3000,3500,3250,12 Aug 2022,2022-08-12 00:00:00
Himachal Pradesh,Chamba,Chamba,Other,Fruits,2.7,4000,4500,4250,12 Aug 2022,2022-08-12 00:00:00
Himachal Pradesh,Mandi,Dhanotu (Mandi),Other,Fruits,3.8,4500,4500,4500,12 Aug 2022,2022-08-12 00:00:00
Himachal Pradesh,Kullu,Kullu,Other,Fruits,1.1,3600,3800,3700,12 Aug 2022,2022-08-12 00:00:00
Himachal Pradesh,Hamirpur,Hamirpur,Other,Fruits,1.5,3800,4000,3900,12 Aug 2022,2022-08-12 00:00:00
Himachal Pradesh,Kangra,Kangra(Jassour),Other,Fruits,2.8,3000,3200,3100,12 Aug 2022,2022-08-12 00:00:00
Himachal Pradesh,Mandi,Mandi(Mandi),Banana - Ripe,Fruits,2.8,4700,5000,4800,12 Aug 2022,2022-08-12 00:00:00
Himachal Pradesh,Sirmore,Nahan,Other,Fruits,0.32,3500,4500,4000,12 Aug 2022,2022-08-12 00:00:00
Himachal Pradesh,Hamirpur,Hamirpur(Nadaun),Other,Fruits,1.0,3500,4000,3750,12 Aug 2022,2022-08-12 00:00:00
Himachal Pradesh,Mandi,Mandi(Mandi),Banana - Ripe,Fruits,3.2,4500,5500,5000,13 Aug 2022,2022-08-13 00:00:00
Himachal Pradesh,Mandi,Dhanotu (Mandi),Other,Fruits,4.2,4000,4600,4300,13 Aug 2022,2022-08-13 00:00:00
Himachal Pradesh,Una,Una,Medium,Fruits,10.5,3000,3500,3200,13 Aug 2022,2022-08-13 00:00:00
Himachal Pradesh,Kullu,Kullu,Other,Fruits,1.5,3600,3800,3700,13 Aug 2022,2022-08-13 00:00:00
Himachal Pradesh,Hamirpur,Hamirpur(Nadaun),Other,Fruits,0.8,3100,3500,3300,13 Aug 2022,2022-08-13 00:00:00
Himachal Pradesh,Hamirpur,Hamirpur,Other,Fruits,1.1,3000,3400,3200,13 Aug 2022,2022-08-13 00:00:00
Himachal Pradesh,Kullu,Bhuntar,Other,Fruits,5.0,3000,3300,3200,14 Aug 2022,2022-08-14 00:00:00
Himachal Pradesh,Kullu,Kullu,Other,Fruits,1.6,3600,3800,3700,14 Aug 2022,2022-08-14 00:00:00
Himachal Pradesh,Kullu,Bhuntar,Other,Fruits,4.1,3000,3060,3030,15 Aug 2022,2022-08-15 00:00:00
Himachal Pradesh,Mandi,Mandi(Mandi),Banana - Ripe,Fruits,3.1,4500,5000,5000,15 Aug 2022,2022-08-15 00:00:00
Himachal Pradesh,Kangra,Kangra(Baijnath),Banana - Ripe,Fruits,0.3,3000,3200,3000,15 Aug 2022,2022-08-15 00:00:00
Himachal Pradesh,Hamirpur,Hamirpur,Other,Fruits,1.3,3100,3400,3200,15 Aug 2022,2022-08-15 00:00:00
Himachal Pradesh,Mandi,Dhanotu (Mandi),Other,Fruits,4.8,4000,4500,4250,15 Aug 2022,2022-08-15 00:00:00
Himachal Pradesh,Bilaspur,Bilaspur,Ordinary Big,Fruits,2.3,2500,3000,2600,15 Aug 2022,2022-08-15 00:00:00
Himachal Pradesh,Kangra,Kangra,Other,Fruits,1.9,4000,4500,4250,15 Aug 2022,2022-08-15 00:00:00
Himachal Pradesh,Kullu,Kullu,Other,Fruits,1.2,3600,3800,3700,15 Aug 2022,2022-08-15 00:00:00
Himachal Pradesh,Hamirpur,Hamirpur(Nadaun),Other,Fruits,0.6,3100,3500,3300,15 Aug 2022,2022-08-15 00:00:00
Himachal Pradesh,Mandi,Dhanotu (Mandi),Other,Fruits,4.3,2400,2600,2500,16 Aug 2022,2022-08-16 00:00:00
Himachal Pradesh,Mandi,Mandi(Mandi),Banana - Ripe,Fruits,2.8,4800,6000,5000,16 Aug 2022,2022-08-16 00:00:00
Himachal Pradesh,Kullu,Bhuntar,Other,Fruits,3.0,2940,3000,2970,16 Aug 2022,2022-08-16 00:00:00
Himachal Pradesh,Kangra,Kangra(Jaisinghpur),Banana - Ripe,Fruits,0.1,4500,4600,4550,16 Aug 2022,2022-08-16 00:00:00
Himachal Pradesh,Kangra,Kangra(Jassour),Other,Fruits,2.3,3000,3200,3100,16 Aug 2022,2022-08-16 00:00:00
Himachal Pradesh,Sirmore,Nahan,Other,Fruits,0.35,3000,4000,3500,16 Aug 2022,2022-08-16 00:00:00
Himachal Pradesh,Sirmore,Paonta Sahib,Other,Fruits,0.5,4000,5000,4500,16 Aug 2022,2022-08-16 00:00:00
Himachal Pradesh,Bilaspur,Bilaspur,Ordinary Big,Fruits,2.5,2500,3000,2900,16 Aug 2022,2022-08-16 00:00:00
Himachal Pradesh,Hamirpur,Hamirpur,Other,Fruits,1.11,2600,3000,2800,16 Aug 2022,2022-08-16 00:00:00
Himachal Pradesh,Kangra,Kangra,Other,Fruits,1.8,4000,4500,4250,16 Aug 2022,2022-08-16 00:00:00
Himachal Pradesh,Kullu,Kullu,Other,Fruits,1.4,3600,3800,3700,16 Aug 2022,2022-08-16 00:00:00
Himachal Pradesh,Kangra,Kangra(Baijnath),Banana - Ripe,Fruits,0.5,3000,3000,3000,16 Aug 2022,2022-08-16 00:00:00
Himachal Pradesh,Kangra,Palampur,Banana - Ripe,Fruits,1.6,4200,4500,4350,16 Aug 2022,2022-08-16 00:00:00
Himachal Pradesh,Hamirpur,Hamirpur(Nadaun),Other,Fruits,0.7,3100,3500,3300,16 Aug 2022,2022-08-16 00:00:00
Himachal Pradesh,Kullu,Kullu,Other,Fruits,1.9,3600,3800,3700,17 Aug 2022,2022-08-17 00:00:00
Himachal Pradesh,Sirmore,Paonta Sahib,Other,Fruits,0.52,5000,5000,5000,17 Aug 2022,2022-08-17 00:00:00
Himachal Pradesh,Hamirpur,Hamirpur,Other,Fruits,0.85,2650,3000,2800,17 Aug 2022,2022-08-17 00:00:00
Himachal Pradesh,Kangra,Kangra,Other,Fruits,2.1,4000,4500,4250,17 Aug 2022,2022-08-17 00:00:00
Himachal Pradesh,Bilaspur,Bilaspur,Ordinary Big,Fruits,2.2,2600,3200,2800,17 Aug 2022,2022-08-17 00:00:00
Himachal Pradesh,Kangra,Kangra(Baijnath),Banana - Ripe,Fruits,0.4,3000,3200,3000,17 Aug 2022,2022-08-17 00:00:00
Himachal Pradesh,Mandi,Dhanotu (Mandi),Other,Fruits,4.0,3000,4000,3500,17 Aug 2022,2022-08-17 00:00:00
Himachal Pradesh,Kangra,Kangra(Jassour),Other,Fruits,2.4,3000,3200,3100,17 Aug 2022,2022-08-17 00:00:00
Himachal Pradesh,Kullu,Bhuntar,Other,Fruits,2.5,2940,3000,2970,17 Aug 2022,2022-08-17 00:00:00
Himachal Pradesh,Kangra,Kangra(Jaisinghpur),Banana - Ripe,Fruits,0.05,4500,4600,4550,17 Aug 2022,2022-08-17 00:00:00
Himachal Pradesh,Mandi,Mandi(Mandi),Banana - Ripe,Fruits,4.8,3000,4700,4500,17 Aug 2022,2022-08-17 00:00:00
Himachal Pradesh,Kangra,Palampur,Banana - Ripe,Fruits,3.0,4200,4500,4350,17 Aug 2022,2022-08-17 00:00:00
Himachal Pradesh,Una,Una,Medium,Fruits,9.6,2700,3300,3000,17 Aug 2022,2022-08-17 00:00:00
Himachal Pradesh,Sirmore,Nahan,Other,Fruits,1.2,3500,0,4000,17 Aug 2022,2022-08-17 00:00:00
Himachal Pradesh,Hamirpur,Hamirpur(Nadaun),Other,Fruits,0.65,2600,3000,2800,17 Aug 2022,2022-08-17 00:00:00
Himachal Pradesh,Kullu,Kullu,Other,Fruits,1.6,3600,3800,3700,18 Aug 2022,2022-08-18 00:00:00
Himachal Pradesh,Hamirpur,Hamirpur(Nadaun),Other,Fruits,0.9,2600,3000,2800,18 Aug 2022,2022-08-18 00:00:00
Himachal Pradesh,Mandi,Dhanotu (Mandi),Other,Fruits,4.4,4500,5000,4750,18 Aug 2022,2022-08-18 00:00:00
Himachal Pradesh,Chamba,Chamba,Other,Fruits,1.65,3500,4000,3750,18 Aug 2022,2022-08-18 00:00:00
Himachal Pradesh,Bilaspur,Bilaspur,Ordinary Big,Fruits,2.5,2200,2900,2500,18 Aug 2022,2022-08-18 00:00:00
Himachal Pradesh,Sirmore,Paonta Sahib,Other,Fruits,0.45,4000,6000,5000,18 Aug 2022,2022-08-18 00:00:00
Himachal Pradesh,Hamirpur,Hamirpur,Other,Fruits,1.2,2650,3000,2800,18 Aug 2022,2022-08-18 00:00:00
Himachal Pradesh,Kangra,Kangra(Baijnath),Banana - Ripe,Fruits,0.5,3000,3200,3200,18 Aug 2022,2022-08-18 00:00:00
Himachal Pradesh,Kangra,Kangra,Other,Fruits,2.4,4000,4500,4250,18 Aug 2022,2022-08-18 00:00:00
Himachal Pradesh,Kangra,Palampur,Banana - Ripe,Fruits,3.5,3500,4000,3750,18 Aug 2022,2022-08-18 00:00:00
Himachal Pradesh,Kullu,Bhuntar,Other,Fruits,2.3,2940,3000,2970,18 Aug 2022,2022-08-18 00:00:00
Himachal Pradesh,Kangra,Kangra(Jaisinghpur),Banana - Ripe,Fruits,0.3,3800,4200,4000,18 Aug 2022,2022-08-18 00:00:00
Himachal Pradesh,Hamirpur,Hamirpur,Other,Fruits,1.32,2600,3000,2800,19 Aug 2022,2022-08-19 00:00:00
Himachal Pradesh,Kullu,Kullu,Other,Fruits,1.4,3600,3800,3700,19 Aug 2022,2022-08-19 00:00:00
Himachal Pradesh,Hamirpur,Hamirpur(Nadaun),Other,Fruits,0.8,2600,3000,2800,19 Aug 2022,2022-08-19 00:00:00
Himachal Pradesh,Chamba,Chamba,Other,Fruits,2.7,3500,4000,3750,19 Aug 2022,2022-08-19 00:00:00
Himachal Pradesh,Una,Una,Medium,Fruits,8.7,2900,3500,3200,19 Aug 2022,2022-08-19 00:00:00
Himachal Pradesh,Mandi,Dhanotu (Mandi),Other,Fruits,3.5,3500,4500,4000,19 Aug 2022,2022-08-19 00:00:00
Himachal Pradesh,Kangra,Kangra(Jaisinghpur),Banana - Ripe,Fruits,0.1,3800,4200,4000,20 Aug 2022,2022-08-20 00:00:00
Himachal Pradesh,Una,Una,Medium,Fruits,9.5,2400,2800,2600,20 Aug 2022,2022-08-20 00:00:00
Himachal Pradesh,Sirmore,Paonta Sahib,Other,Fruits,0.41,4000,0,4500,20 Aug 2022,2022-08-20 00:00:00
Himachal Pradesh,Kullu,Kullu,Other,Fruits,0.8,3600,3800,3700,20 Aug 2022,2022-08-20 00:00:00
Himachal Pradesh,Hamirpur,Hamirpur,Other,Fruits,1.11,2600,3000,2800,20 Aug 2022,2022-08-20 00:00:00
Himachal Pradesh,Hamirpur,Hamirpur(Nadaun),Other,Fruits,0.75,2600,3000,2800,20 Aug 2022,2022-08-20 00:00:00
Himachal Pradesh,Kangra,Palampur,Banana - Ripe,Fruits,2.5,3500,4000,3750,20 Aug 2022,2022-08-20 00:00:00
Himachal Pradesh,Bilaspur,Bilaspur,Ordinary Big,Fruits,2.7,2700,3200,3000,20 Aug 2022,2022-08-20 00:00:00
Himachal Pradesh,Kangra,Kangra(Jassour),Other,Fruits,2.3,3000,3200,3100,20 Aug 2022,2022-08-20 00:00:00
Himachal Pradesh,Kangra,Kangra,Other,Fruits,2.3,4000,4500,4250,20 Aug 2022,2022-08-20 00:00:00
Himachal Pradesh,Mandi,Dhanotu (Mandi),Other,Fruits,3.0,4000,5000,4500,20 Aug 2022,2022-08-20 00:00:00
Himachal Pradesh,Kullu,Kullu,Other,Fruits,1.2,3600,3800,3700,21 Aug 2022,2022-08-21 00:00:00
Himachal Pradesh,Kullu,Bhuntar,Other,Fruits,2.0,2880,3000,2940,21 Aug 2022,2022-08-21 00:00:00
Himachal Pradesh,Mandi,Mandi(Mandi),Banana - Ripe,Fruits,3.8,4000,4500,4200,22 Aug 2022,2022-08-22 00:00:00
Himachal Pradesh,Sirmore,Paonta Sahib,Other,Fruits,0.45,4000,0,4500,22 Aug 2022,2022-08-22 00:00:00
Himachal Pradesh,Bilaspur,Bilaspur,Ordinary Big,Fruits,2.8,2600,3200,2800,22 Aug 2022,2022-08-22 00:00:00
Himachal Pradesh,Kullu,Bhuntar,Other,Fruits,2.1,2700,3000,2800,22 Aug 2022,2022-08-22 00:00:00
Himachal Pradesh,Hamirpur,Hamirpur(Nadaun),Other,Fruits,0.7,2500,3000,2800,22 Aug 2022,2022-08-22 00:00:00
Himachal Pradesh,Una,Una,Medium,Fruits,8.5,2400,3200,2800,22 Aug 2022,2022-08-22 00:00:00
Himachal Pradesh,Kangra,Kangra(Jaisinghpur),Banana - Ripe,Fruits,0.05,3500,4000,3750,22 Aug 2022,2022-08-22 00:00:00
Himachal Pradesh,Kullu,Kullu,Other,Fruits,1.3,3600,3800,3700,22 Aug 2022,2022-08-22 00:00:00
Himachal Pradesh,Kangra,Kangra,Other,Fruits,2.2,3800,4000,3900,22 Aug 2022,2022-08-22 00:00:00
Himachal Pradesh,Mandi,Dhanotu (Mandi),Other,Fruits,3.8,3000,3500,3250,22 Aug 2022,2022-08-22 00:00:00
Himachal Pradesh,Kangra,Kangra(Jassour),Other,Fruits,2.2,3000,3200,3100,22 Aug 2022,2022-08-22 00:00:00
Himachal Pradesh,Kullu,Kullu,Other,Fruits,1.8,3500,3800,3700,23 Aug 2022,2022-08-23 00:00:00
Himachal Pradesh,Una,Una,Medium,Fruits,8.7,2500,3000,2800,23 Aug 2022,2022-08-23 00:00:00
Himachal Pradesh,Kangra,Kangra,Other,Fruits,2.3,4000,4500,4250,23 Aug 2022,2022-08-23 00:00:00
Himachal Pradesh,Sirmore,Paonta Sahib,Other,Fruits,0.65,3500,4500,4000,23 Aug 2022,2022-08-23 00:00:00
Himachal Pradesh,Mandi,Mandi(Mandi),Banana - Ripe,Fruits,2.7,4100,4500,4200,23 Aug 2022,2022-08-23 00:00:00
Himachal Pradesh,Hamirpur,Hamirpur,Other,Fruits,1.15,2500,2900,2700,23 Aug 2022,2022-08-23 00:00:00
Himachal Pradesh,Chamba,Chamba,Other,Fruits,1.65,3500,4000,3750,23 Aug 2022,2022-08-23 00:00:00
Himachal Pradesh,Kangra,Palampur,Banana - Ripe,Fruits,1.5,3200,3800,3500,23 Aug 2022,2022-08-23 00:00:00
Himachal Pradesh,Hamirpur,Hamirpur(Nadaun),Other,Fruits,0.73,2500,2900,2700,23 Aug 2022,2022-08-23 00:00:00
Himachal Pradesh,Kangra,Kangra(Baijnath),Banana - Ripe,Fruits,0.6,3000,3200,3000,23 Aug 2022,2022-08-23 00:00:00
Himachal Pradesh,Hamirpur,Hamirpur,Other,Fruits,1.2,2600,3000,2800,24 Aug 2022,2022-08-24 00:00:00
Himachal Pradesh,Mandi,Dhanotu (Mandi),Other,Fruits,3.6,2500,3500,3000,24 Aug 2022,2022-08-24 00:00:00
Himachal Pradesh,Kangra,Palampur,Banana - Ripe,Fruits,1.8,3200,3800,3500,24 Aug 2022,2022-08-24 00:00:00
Himachal Pradesh,Kangra,Kangra(Jassour),Other,Fruits,2.3,3000,3200,3100,24 Aug 2022,2022-08-24 00:00:00
Himachal Pradesh,Kangra,Kangra(Jaisinghpur),Banana - Ripe,Fruits,0.1,3500,4000,3750,24 Aug 2022,2022-08-24 00:00:00
Himachal Pradesh,Kangra,Kangra,Other,Fruits,2.2,3500,4000,3750,24 Aug 2022,2022-08-24 00:00:00
Himachal Pradesh,Chamba,Chamba,Other,Fruits,2.85,3500,4000,3750,24 Aug 2022,2022-08-24 00:00:00
Himachal Pradesh,Kullu,Bhuntar,Other,Fruits,2.5,2880,2940,2910,24 Aug 2022,2022-08-24 00:00:00
Himachal Pradesh,Kullu,Kullu,Other,Fruits,1.5,3600,3800,3700,24 Aug 2022,2022-08-24 00:00:00
Himachal Pradesh,Hamirpur,Hamirpur(Nadaun),Other,Fruits,1.0,2600,3000,2800,24 Aug 2022,2022-08-24 00:00:00
Himachal Pradesh,Mandi,Mandi(Mandi),Banana - Ripe,Fruits,2.3,2500,4500,4000,24 Aug 2022,2022-08-24 00:00:00
Himachal Pradesh,Kangra,Kangra(Jaisinghpur),Banana - Ripe,Fruits,0.08,3500,4000,3750,25 Aug 2022,2022-08-25 00:00:00
Himachal Pradesh,Kangra,Kangra,Other,Fruits,2.0,3500,4000,3750,25 Aug 2022,2022-08-25 00:00:00
Himachal Pradesh,Sirmore,Paonta Sahib,Other,Fruits,0.8,4000,5000,4500,25 Aug 2022,2022-08-25 00:00:00
Himachal Pradesh,Hamirpur,Hamirpur(Nadaun),Other,Fruits,0.7,2600,3000,2800,25 Aug 2022,2022-08-25 00:00:00
Himachal Pradesh,Kullu,Bhuntar,Other,Fruits,2.3,2880,2940,2910,25 Aug 2022,2022-08-25 00:00:00
Himachal Pradesh,Kangra,Palampur,Banana - Ripe,Fruits,2.0,3200,3800,3500,25 Aug 2022,2022-08-25 00:00:00
Himachal Pradesh,Una,Una,Medium,Fruits,9.3,2500,2900,2700,25 Aug 2022,2022-08-25 00:00:00
Himachal Pradesh,Kangra,Kangra(Baijnath),Banana - Ripe,Fruits,0.4,3000,3200,3000,25 Aug 2022,2022-08-25 00:00:00
Himachal Pradesh,Kullu,Kullu,Other,Fruits,1.8,3600,3800,3700,25 Aug 2022,2022-08-25 00:00:00
Himachal Pradesh,Kangra,Kangra(Jassour),Other,Fruits,0.7,3000,3200,3100,25 Aug 2022,2022-08-25 00:00:00
Himachal Pradesh,Bilaspur,Bilaspur,Ordinary Big,Fruits,2.6,2300,2800,2500,25 Aug 2022,2022-08-25 00:00:00
Himachal Pradesh,Mandi,Mandi(Mandi),Banana - Ripe,Fruits,2.7,4200,5000,4500,25 Aug 2022,2022-08-25 00:00:00
Himachal Pradesh,Mandi,Dhanotu (Mandi),Other,Fruits,4.0,3500,3600,3550,25 Aug 2022,2022-08-25 00:00:00
Himachal Pradesh,Sirmore,Paonta Sahib,Other,Fruits,0.74,4000,0,5000,26 Aug 2022,2022-08-26 00:00:00
Himachal Pradesh,Kullu,Kullu,Other,Fruits,1.7,3600,3800,3700,26 Aug 2022,2022-08-26 00:00:00
Himachal Pradesh,Kangra,Kangra,Other,Fruits,2.1,4000,4500,4250,26 Aug 2022,2022-08-26 00:00:00
Himachal Pradesh,Kullu,Bhuntar,Other,Fruits,2.0,2880,2940,2910,26 Aug 2022,2022-08-26 00:00:00
Himachal Pradesh,Mandi,Mandi(Mandi),Banana - Ripe,Fruits,3.7,4100,4500,4200,26 Aug 2022,2022-08-26 00:00:00
Himachal Pradesh,Kangra,Kangra(Baijnath),Banana - Ripe,Fruits,0.5,3000,3200,3000,26 Aug 2022,2022-08-26 00:00:00
Himachal Pradesh,Mandi,Dhanotu (Mandi),Other,Fruits,3.6,3000,3200,3100,26 Aug 2022,2022-08-26 00:00:00
Himachal Pradesh,Hamirpur,Hamirpur(Nadaun),Other,Fruits,0.55,2600,3000,2800,26 Aug 2022,2022-08-26 00:00:00
Himachal Pradesh,Kangra,Kangra(Jassour),Other,Fruits,2.4,3000,3200,3100,26 Aug 2022,2022-08-26 00:00:00
Himachal Pradesh,Hamirpur,Hamirpur,Other,Fruits,0.85,2600,3000,2800,26 Aug 2022,2022-08-26 00:00:00
Himachal Pradesh,Sirmore,Nahan,Other,Fruits,0.45,3500,5000,4500,26 Aug 2022,2022-08-26 00:00:00
Himachal Pradesh,Una,Una,Medium,Fruits,9.2,2500,3000,2800,26 Aug 2022,2022-08-26 00:00:00
Himachal Pradesh,Kangra,Palampur,Banana - Ripe,Fruits,1.8,3200,3800,3500,26 Aug 2022,2022-08-26 00:00:00
Himachal Pradesh,Bilaspur,Bilaspur,Ordinary Big,Fruits,2.5,2200,2800,2500,26 Aug 2022,2022-08-26 00:00:00
Himachal Pradesh,Kangra,Kangra(Jaisinghpur),Banana - Ripe,Fruits,0.1,3500,4000,3750,26 Aug 2022,2022-08-26 00:00:00
Himachal Pradesh,Kangra,Kangra,Other,Fruits,2.0,3500,4000,3750,27 Aug 2022,2022-08-27 00:00:00
Himachal Pradesh,Kullu,Kullu,Other,Fruits,1.9,3200,3400,3300,27 Aug 2022,2022-08-27 00:00:00
Himachal Pradesh,Mandi,Dhanotu (Mandi),Other,Fruits,4.2,3200,3300,3250,27 Aug 2022,2022-08-27 00:00:00
Himachal Pradesh,Bilaspur,Bilaspur,Ordinary Big,Fruits,2.6,2300,2600,2400,27 Aug 2022,2022-08-27 00:00:00
Himachal Pradesh,Kangra,Kangra(Jassour),Other,Fruits,2.3,3000,3200,3100,27 Aug 2022,2022-08-27 00:00:00
Himachal Pradesh,Hamirpur,Hamirpur(Nadaun),Other,Fruits,0.8,2600,3000,2800,27 Aug 2022,2022-08-27 00:00:00
Himachal Pradesh,Hamirpur,Hamirpur,Other,Fruits,1.11,2600,3000,2800,27 Aug 2022,2022-08-27 00:00:00
Himachal Pradesh,Una,Una,Medium,Fruits,9.7,2400,3200,2800,27 Aug 2022,2022-08-27 00:00:00
Himachal Pradesh,Kangra,Palampur,Banana - Ripe,Fruits,2.0,3000,4000,3500,27 Aug 2022,2022-08-27 00:00:00
Himachal Pradesh,Mandi,Mandi(Mandi),Banana - Ripe,Fruits,3.9,3800,5600,4100,27 Aug 2022,2022-08-27 00:00:00
Himachal Pradesh,Kullu,Bhuntar,Other,Fruits,1.8,2820,2880,2850,28 Aug 2022,2022-08-28 00:00:00
Himachal Pradesh,Kullu,Kullu,Other,Fruits,0.7,3300,3500,3400,28 Aug 2022,2022-08-28 00:00:00
Himachal Pradesh,Una,Una,Medium,Fruits,9.5,2500,2900,2700,29 Aug 2022,2022-08-29 00:00:00
Himachal Pradesh,Mandi,Dhanotu (Mandi),Other,Fruits,4.4,3000,3500,3250,29 Aug 2022,2022-08-29 00:00:00
Himachal Pradesh,Kullu,Bhuntar,Other,Fruits,1.6,2760,2820,2790,29 Aug 2022,2022-08-29 00:00:00
Himachal Pradesh,Kangra,Palampur,Banana - Ripe,Fruits,3.8,3000,4000,3500,29 Aug 2022,2022-08-29 00:00:00
Himachal Pradesh,Kangra,Kangra,Other,Fruits,2.5,3500,4000,3750,29 Aug 2022,2022-08-29 00:00:00
Himachal Pradesh,Kullu,Kullu,Other,Fruits,1.6,3300,3500,3400,29 Aug 2022,2022-08-29 00:00:00
Himachal Pradesh,Kangra,Kangra(Jaisinghpur),Banana - Ripe,Fruits,0.2,3500,4500,4000,29 Aug 2022,2022-08-29 00:00:00
Himachal Pradesh,Mandi,Mandi(Mandi),Banana - Ripe,Fruits,4.8,3900,4500,4300,29 Aug 2022,2022-08-29 00:00:00
Himachal Pradesh,Kangra,Kangra(Jassour),Other,Fruits,2.4,3000,3200,3100,29 Aug 2022,2022-08-29 00:00:00
Himachal Pradesh,Hamirpur,Hamirpur(Nadaun),Other,Fruits,0.6,2600,3000,2800,29 Aug 2022,2022-08-29 00:00:00
Himachal Pradesh,Hamirpur,Hamirpur(Nadaun),Other,Fruits,0.7,2600,3000,2800,30 Aug 2022,2022-08-30 00:00:00
Himachal Pradesh,Kangra,Kangra(Jaisinghpur),Banana - Ripe,Fruits,0.08,3200,4000,3600,30 Aug 2022,2022-08-30 00:00:00
Himachal Pradesh,Kangra,Palampur,Banana - Ripe,Fruits,2.6,3000,3800,3400,30 Aug 2022,2022-08-30 00:00:00
Himachal Pradesh,Hamirpur,Hamirpur,Other,Fruits,1.15,2600,3000,2800,30 Aug 2022,2022-08-30 00:00:00
Himachal Pradesh,Kullu,Bhuntar,Other,Fruits,1.5,2760,2820,2790,30 Aug 2022,2022-08-30 00:00:00
Himachal Pradesh,Kangra,Kangra(Jassour),Other,Fruits,2.2,3000,3200,3100,30 Aug 2022,2022-08-30 00:00:00
Himachal Pradesh,Kangra,Kangra(Baijnath),Banana - Ripe,Fruits,0.7,3000,3200,3200,30 Aug 2022,2022-08-30 00:00:00
Himachal Pradesh,Sirmore,Paonta Sahib,Other,Fruits,0.8,4000,5000,4500,30 Aug 2022,2022-08-30 00:00:00
Himachal Pradesh,Kullu,Kullu,Other,Fruits,1.3,3400,3600,3500,30 Aug 2022,2022-08-30 00:00:00
Himachal Pradesh,Una,Una,Medium,Fruits,9.2,2200,2600,2400,30 Aug 2022,2022-08-30 00:00:00
Himachal Pradesh,Mandi,Mandi(Mandi),Banana - Ripe,Fruits,2.6,4100,4300,4200,30 Aug 2022,2022-08-30 00:00:00
Himachal Pradesh,Kullu,Bhuntar,Other,Fruits,1.3,2760,2820,2790,31 Aug 2022,2022-08-31 00:00:00
Himachal Pradesh,Kangra,Palampur,Banana - Ripe,Fruits,1.8,3000,3800,3400,31 Aug 2022,2022-08-31 00:00:00
Himachal Pradesh,Mandi,Mandi(Mandi),Banana - Ripe,Fruits,4.1,3000,5000,4000,31 Aug 2022,2022-08-31 00:00:00
Himachal Pradesh,Kullu,Kullu,Other,Fruits,1.6,3400,3600,3500,31 Aug 2022,2022-08-31 00:00:00
Himachal Pradesh,Kangra,Kangra(Jassour),Other,Fruits,2.4,3000,3200,3100,31 Aug 2022,2022-08-31 00:00:00
Himachal Pradesh,Kangra,Kangra(Baijnath),Banana - Ripe,Fruits,0.5,3000,3200,3000,31 Aug 2022,2022-08-31 00:00:00
Himachal Pradesh,Kangra,Kangra,Other,Fruits,2.0,3500,4000,3750,31 Aug 2022,2022-08-31 00:00:00
Himachal Pradesh,Hamirpur,Hamirpur,Other,Fruits,0.95,2600,3000,2800,31 Aug 2022,2022-08-31 00:00:00
Himachal Pradesh,Mandi,Dhanotu (Mandi),Other,Fruits,4.3,3100,3500,3350,31 Aug 2022,2022-08-31 00:00:00
Himachal Pradesh,Chamba,Chamba,Other,Fruits,1.65,3500,3600,3550,31 Aug 2022,2022-08-31 00:00:00
Himachal Pradesh,Bilaspur,Bilaspur,Ordinary Big,Fruits,2.3,2300,2500,2400,31 Aug 2022,2022-08-31 00:00:00
Himachal Pradesh,Una,Una,Medium,Fruits,9.8,2500,2700,2600,31 Aug 2022,2022-08-31 00:00:00
Himachal Pradesh,Kangra,Kangra(Jaisinghpur),Banana - Ripe,Fruits,0.05,3200,4000,3600,31 Aug 2022,2022-08-31 00:00:00
Himachal Pradesh,Kangra,Kangra(Jaisinghpur),Banana - Ripe,Fruits,0.1,3200,4000,3600,01 Sep 2022,2022-09-01 00:00:00
Himachal Pradesh,Kangra,Palampur,Banana - Ripe,Fruits,2.0,3000,3800,3400,01 Sep 2022,2022-09-01 00:00:00
Himachal Pradesh,Mandi,Mandi(Mandi),Banana - Ripe,Fruits,2.4,3800,5000,4500,01 Sep 2022,2022-09-01 00:00:00
Himachal Pradesh,Kangra,Kangra(Jassour),Other,Fruits,0.5,3000,3200,3100,01 Sep 2022,2022-09-01 00:00:00
Himachal Pradesh,Kangra,Kangra(Baijnath),Banana - Ripe,Fruits,0.4,3000,3000,3000,01 Sep 2022,2022-09-01 00:00:00
Himachal Pradesh,Kangra,Kangra,Other,Fruits,1.9,3500,4000,3750,01 Sep 2022,2022-09-01 00:00:00
Himachal Pradesh,Hamirpur,Hamirpur(Nadaun),Other,Fruits,0.6,2600,3000,2800,01 Sep 2022,2022-09-01 00:00:00
Himachal Pradesh,Mandi,Dhanotu (Mandi),Other,Fruits,4.0,3500,3600,3550,01 Sep 2022,2022-09-01 00:00:00
Himachal Pradesh,Bilaspur,Bilaspur,Other,Fruits,2.0,2000,2400,2400,01 Sep 2022,2022-09-01 00:00:00
Himachal Pradesh,Kullu,Bhuntar,Other,Fruits,1.8,2700,2760,2730,01 Sep 2022,2022-09-01 00:00:00
Himachal Pradesh,Una,Una,Medium,Fruits,9.1,2000,2800,2400,01 Sep 2022,2022-09-01 00:00:00
Himachal Pradesh,Kangra,Kangra(Jassour),Other,Fruits,2.4,3000,3200,3100,02 Sep 2022,2022-09-02 00:00:00
Himachal Pradesh,Kangra,Kangra,Other,Fruits,2.1,3500,4000,3750,02 Sep 2022,2022-09-02 00:00:00
Himachal Pradesh,Mandi,Mandi(Mandi),Banana - Ripe,Fruits,3.1,4100,4500,4200,02 Sep 2022,2022-09-02 00:00:00
Himachal Pradesh,Kullu,Bhuntar,Other,Fruits,1.6,2760,2820,2790,02 Sep 2022,2022-09-02 00:00:00
Himachal Pradesh,Sirmore,Paonta Sahib,Other,Fruits,0.68,4000,0,4500,02 Sep 2022,2022-09-02 00:00:00
Himachal Pradesh,Kullu,Kullu,Other,Fruits,1.4,3400,3600,3500,02 Sep 2022,2022-09-02 00:00:00
Himachal Pradesh,Sirmore,Nahan,Other,Fruits,0.45,4000,0,4500,02 Sep 2022,2022-09-02 00:00:00
Himachal Pradesh,Mandi,Dhanotu (Mandi),Other,Fruits,3.8,3500,4000,3750,02 Sep 2022,2022-09-02 00:00:00
Himachal Pradesh,Kangra,Kangra(Jaisinghpur),Banana - Ripe,Fruits,0.05,3200,4000,3600,02 Sep 2022,2022-09-02 00:00:00
Himachal Pradesh,Una,Una,Medium,Fruits,8.3,2500,2700,2600,02 Sep 2022,2022-09-02 00:00:00
Himachal Pradesh,Kangra,Palampur,Banana - Ripe,Fruits,1.8,3000,3800,3400,02 Sep 2022,2022-09-02 00:00:00
Himachal Pradesh,Kangra,Kangra(Baijnath),Banana - Ripe,Fruits,0.6,3000,3200,3000,02 Sep 2022,2022-09-02 00:00:00
Himachal Pradesh,Bilaspur,Bilaspur,Ordinary Big,Fruits,2.3,1800,2300,2000,03 Sep 2022,2022-09-03 00:00:00
Himachal Pradesh,Kangra,Kangra(Jassour),Other,Fruits,2.3,3000,3200,3100,03 Sep 2022,2022-09-03 00:00:00
Himachal Pradesh,Hamirpur,Hamirpur,Other,Fruits,1.2,2400,2600,2500,03 Sep 2022,2022-09-03 00:00:00
Himachal Pradesh,Kullu,Kullu,Other,Fruits,1.6,3400,3600,3500,03 Sep 2022,2022-09-03 00:00:00
Himachal Pradesh,Mandi,Dhanotu (Mandi),Other,Fruits,3.5,3500,3600,3550,03 Sep 2022,2022-09-03 00:00:00
Himachal Pradesh,Hamirpur,Hamirpur(Nadaun),Other,Fruits,1.0,2400,2600,2500,03 Sep 2022,2022-09-03 00:00:00
Himachal Pradesh,Kangra,Kangra,Other,Fruits,1.7,3500,4000,3750,03 Sep 2022,2022-09-03 00:00:00
Himachal Pradesh,Mandi,Mandi(Mandi),Banana - Ripe,Fruits,3.7,4200,5000,4500,03 Sep 2022,2022-09-03 00:00:00
Himachal Pradesh,Chamba,Chamba,Other,Fruits,1.65,3000,3500,3250,03 Sep 2022,2022-09-03 00:00:00
Himachal Pradesh,Una,Una,Medium,Fruits,9.8,2000,2500,2200,03 Sep 2022,2022-09-03 00:00:00
Himachal Pradesh,Sirmore,Paonta Sahib,Other,Fruits,0.74,3000,4000,3500,03 Sep 2022,2022-09-03 00:00:00
Himachal Pradesh,Kangra,Kangra(Jaisinghpur),Banana - Ripe,Fruits,0.08,3200,4000,3600,03 Sep 2022,2022-09-03 00:00:00
Himachal Pradesh,Kangra,Palampur,Banana - Ripe,Fruits,2.6,3000,3800,3400,03 Sep 2022,2022-09-03 00:00:00
Himachal Pradesh,Kullu,Kullu,Other,Fruits,1.2,3200,3500,3300,04 Sep 2022,2022-09-04 00:00:00
Himachal Pradesh,Kullu,Bhuntar,Other,Fruits,1.3,2760,2820,2790,04 Sep 2022,2022-09-04 00:00:00
Himachal Pradesh,Hamirpur,Hamirpur(Nadaun),Other,Fruits,1.1,2400,2600,2500,05 Sep 2022,2022-09-05 00:00:00
Himachal Pradesh,Hamirpur,Hamirpur,Other,Fruits,1.6,2400,2600,2500,05 Sep 2022,2022-09-05 00:00:00
Himachal Pradesh,Sirmore,Paonta Sahib,Other,Fruits,0.75,3500,0,4000,05 Sep 2022,2022-09-05 00:00:00
Himachal Pradesh,Kangra,Kangra(Baijnath),Banana - Ripe,Fruits,0.4,2700,3000,2900,05 Sep 2022,2022-09-05 00:00:00
Himachal Pradesh,Mandi,Dhanotu (Mandi),Other,Fruits,4.0,3000,4000,3500,05 Sep 2022,2022-09-05 00:00:00
Himachal Pradesh,Kangra,Kangra,Other,Fruits,1.5,3500,4000,3750,05 Sep 2022,2022-09-05 00:00:00
Himachal Pradesh,Chamba,Chamba,Other,Fruits,2.1,3000,3500,3250,05 Sep 2022,2022-09-05 00:00:00
Himachal Pradesh,Kullu,Kullu,Other,Fruits,1.5,3200,3400,3300,05 Sep 2022,2022-09-05 00:00:00
Himachal Pradesh,Bilaspur,Bilaspur,Ordinary Big,Fruits,2.1,2100,2400,2300,05 Sep 2022,2022-09-05 00:00:00
Himachal Pradesh,Mandi,Mandi(Mandi),Banana - Ripe,Fruits,5.1,3000,4500,4000,05 Sep 2022,2022-09-05 00:00:00
Himachal Pradesh,Una,Una,Medium,Fruits,9.3,2200,2600,2400,05 Sep 2022,2022-09-05 00:00:00
Himachal Pradesh,Sirmore,Paonta Sahib,Other,Fruits,0.6,4000,5000,4500,06 Sep 2022,2022-09-06 00:00:00
Himachal Pradesh,Sirmore,Nahan,Other,Fruits,0.85,3000,0,3500,06 Sep 2022,2022-09-06 00:00:00
Himachal Pradesh,Kullu,Kullu,Other,Fruits,1.6,3000,3300,3200,06 Sep 2022,2022-09-06 00:00:00
Himachal Pradesh,Mandi,Mandi(Mandi),Banana - Ripe,Fruits,2.7,1500,5000,4200,06 Sep 2022,2022-09-06 00:00:00
Himachal Pradesh,Kangra,Kangra(Jassour),Other,Fruits,2.2,3000,3200,3100,06 Sep 2022,2022-09-06 00:00:00
Himachal Pradesh,Una,Una,Medium,Fruits,8.2,2400,2800,2600,06 Sep 2022,2022-09-06 00:00:00
Himachal Pradesh,Kangra,Kangra,Other,Fruits,2.0,3500,4000,3750,06 Sep 2022,2022-09-06 00:00:00
Himachal Pradesh,Kangra,Kangra(Nagrota Bagwan),Amruthapani,Fruits,0.2,3400,3600,3500,06 Sep 2022,2022-09-06 00:00:00
Himachal Pradesh,Kangra,Kangra(Baijnath),Banana - Ripe,Fruits,0.3,2700,3000,3000,06 Sep 2022,2022-09-06 00:00:00
Himachal Pradesh,Kullu,Bhuntar,Other,Fruits,2.0,2520,2880,2700,06 Sep 2022,2022-09-06 00:00:00
Himachal Pradesh,Mandi,Dhanotu (Mandi),Other,Fruits,3.8,3700,4000,3750,06 Sep 2022,2022-09-06 00:00:00
Himachal Pradesh,Kullu,Bhuntar,Other,Fruits,1.6,2700,2760,2730,07 Sep 2022,2022-09-07 00:00:00
Himachal Pradesh,Una,Una,Medium,Fruits,9.5,2400,3000,2700,07 Sep 2022,2022-09-07 00:00:00
Himachal Pradesh,Kangra,Palampur,Banana - Ripe,Fruits,1.8,3000,3800,3400,07 Sep 2022,2022-09-07 00:00:00
Himachal Pradesh,Sirmore,Paonta Sahib,Other,Fruits,0.45,4000,5000,4500,07 Sep 2022,2022-09-07 00:00:00
Himachal Pradesh,Mandi,Mandi(Mandi),Banana - Ripe,Fruits,3.2,1000,4500,4000,07 Sep 2022,2022-09-07 00:00:00
Himachal Pradesh,Kullu,Kullu,Other,Fruits,1.4,3000,3300,3200,07 Sep 2022,2022-09-07 00:00:00
Himachal Pradesh,Kangra,Kangra(Baijnath),Banana - Ripe,Fruits,0.5,2700,3000,2900,07 Sep 2022,2022-09-07 00:00:00
Himachal Pradesh,Hamirpur,Hamirpur,Other,Fruits,1.4,2400,2600,2500,07 Sep 2022,2022-09-07 00:00:00
Himachal Pradesh,Kangra,Kangra(Nagrota Bagwan),Amruthapani,Fruits,0.3,3400,3600,3500,07 Sep 2022,2022-09-07 00:00:00
Himachal Pradesh,Kangra,Kangra(Jaisinghpur),Banana - Ripe,Fruits,0.05,3200,4000,3600,07 Sep 2022,2022-09-07 00:00:00
Himachal Pradesh,Kangra,Kangra(Jassour),Other,Fruits,2.0,3000,3200,3100,07 Sep 2022,2022-09-07 00:00:00
Himachal Pradesh,Chamba,Chamba,Other,Fruits,2.25,3000,3500,3250,07 Sep 2022,2022-09-07 00:00:00
Himachal Pradesh,Mandi,Dhanotu (Mandi),Other,Fruits,3.9,3500,4000,3750,07 Sep 2022,2022-09-07 00:00:00
Himachal Pradesh,Kangra,Kangra,Other,Fruits,1.8,3500,4000,3750,08 Sep 2022,2022-09-08 00:00:00
Himachal Pradesh,Kullu,Kullu,Other,Fruits,1.8,3200,3500,3400,08 Sep 2022,2022-09-08 00:00:00
Himachal Pradesh,Kangra,Kangra(Jaisinghpur),Banana - Ripe,Fruits,0.1,3200,4000,3600,08 Sep 2022,2022-09-08 00:00:00
Himachal Pradesh,Hamirpur,Hamirpur(Nadaun),Other,Fruits,0.68,2400,2600,2500,08 Sep 2022,2022-09-08 00:00:00
Himachal Pradesh,Kangra,Kangra(Nagrota Bagwan),Amruthapani,Fruits,0.2,3400,3600,3500,08 Sep 2022,2022-09-08 00:00:00
Himachal Pradesh,Kangra,Palampur,Banana - Ripe,Fruits,2.0,3000,3800,3400,08 Sep 2022,2022-09-08 00:00:00
Himachal Pradesh,Mandi,Mandi(Mandi),Banana - Ripe,Fruits,2.8,4100,5600,5000,08 Sep 2022,2022-09-08 00:00:00
Himachal Pradesh,Sirmore,Paonta Sahib,Other,Fruits,0.85,3000,4000,3500,08 Sep 2022,2022-09-08 00:00:00
Himachal Pradesh,Sirmore,Nahan,Other,Fruits,0.56,3000,4000,3500,08 Sep 2022,2022-09-08 00:00:00
Himachal Pradesh,Kangra,Kangra(Baijnath),Banana - Ripe,Fruits,0.4,2800,3000,3000,08 Sep 2022,2022-09-08 00:00:00
Himachal Pradesh,Kangra,Kangra(Jassour),Other,Fruits,0.8,3000,3200,3100,08 Sep 2022,2022-09-08 00:00:00
Himachal Pradesh,Mandi,Dhanotu (Mandi),Other,Fruits,3.6,4000,4000,4000,08 Sep 2022,2022-09-08 00:00:00
Himachal Pradesh,Kullu,Bhuntar,Other,Fruits,1.8,2700,2760,2730,08 Sep 2022,2022-09-08 00:00:00
Himachal Pradesh,Kangra,Kangra,Other,Fruits,2.0,3500,4000,3750,09 Sep 2022,2022-09-09 00:00:00
Himachal Pradesh,Chamba,Chamba,Other,Fruits,3.15,3000,3500,3250,09 Sep 2022,2022-09-09 00:00:00
Himachal Pradesh,Hamirpur,Hamirpur(Nadaun),Other,Fruits,1.0,2400,2600,2500,09 Sep 2022,2022-09-09 00:00:00
Himachal Pradesh,Kullu,Bhuntar,Other,Fruits,1.6,2700,2760,2730,09 Sep 2022,2022-09-09 00:00:00
Himachal Pradesh,Kullu,Kullu,Other,Fruits,1.3,3200,3500,3300,09 Sep 2022,2022-09-09 00:00:00
Himachal Pradesh,Una,Una,Medium,Fruits,10.8,2200,2800,2500,09 Sep 2022,2022-09-09 00:00:00
Himachal Pradesh,Sirmore,Paonta Sahib,Other,Fruits,0.2,300000,500000,400000,09 Sep 2022,2022-09-09 00:00:00
Himachal Pradesh,Mandi,Mandi(Mandi),Banana - Ripe,Fruits,3.2,3000,5000,4000,09 Sep 2022,2022-09-09 00:00:00
Himachal Pradesh,Kangra,Kangra(Jaisinghpur),Banana - Ripe,Fruits,0.05,3200,3800,3500,09 Sep 2022,2022-09-09 00:00:00
Himachal Pradesh,Kangra,Kangra(Jassour),Other,Fruits,2.3,3000,3200,3100,09 Sep 2022,2022-09-09 00:00:00
Himachal Pradesh,Sirmore,Nahan,Other,Fruits,0.2,3200,4000,3652,09 Sep 2022,2022-09-09 00:00:00
Himachal Pradesh,Kangra,Palampur,Banana - Ripe,Fruits,1.6,3000,3600,3300,09 Sep 2022,2022-09-09 00:00:00
Himachal Pradesh,Bilaspur,Bilaspur,Ordinary Big,Fruits,2.0,1600,2200,1800,09 Sep 2022,2022-09-09 00:00:00
Himachal Pradesh,Mandi,Dhanotu (Mandi),Other,Fruits,4.0,4000,4000,4000,09 Sep 2022,2022-09-09 00:00:00
Himachal Pradesh,Mandi,Dhanotu (Mandi),Other,Fruits,3.6,4000,4000,4000,10 Sep 2022,2022-09-10 00:00:00
Himachal Pradesh,Una,Una,Medium,Fruits,11.2,2200,2600,2400,10 Sep 2022,2022-09-10 00:00:00
Himachal Pradesh,Mandi,Mandi(Mandi),Banana - Ripe,Fruits,2.1,4200,4500,4300,10 Sep 2022,2022-09-10 00:00:00
Himachal Pradesh,Kullu,Bhuntar,Other,Fruits,1.8,2700,2760,2730,11 Sep 2022,2022-09-11 00:00:00
Himachal Pradesh,Kangra,Kangra,Other,Fruits,1.5,3500,4000,3750,12 Sep 2022,2022-09-12 00:00:00
Himachal Pradesh,Mandi,Mandi(Mandi),Banana - Ripe,Fruits,5.2,3900,4500,4000,12 Sep 2022,2022-09-12 00:00:00
Himachal Pradesh,Una,Una,Medium,Fruits,9.6,2500,3100,2800,12 Sep 2022,2022-09-12 00:00:00
Himachal Pradesh,Kangra,Kangra(Jaisinghpur),Banana - Ripe,Fruits,0.2,3400,4000,3700,12 Sep 2022,2022-09-12 00:00:00
Himachal Pradesh,Kullu,Bhuntar,Other,Fruits,1.6,2700,2760,2730,12 Sep 2022,2022-09-12 00:00:00
Himachal Pradesh,Kangra,Kangra(Nagrota Bagwan),Amruthapani,Fruits,0.3,3400,3600,3500,12 Sep 2022,2022-09-12 00:00:00
Himachal Pradesh,Hamirpur,Hamirpur,Other,Fruits,1.2,2400,2600,2500,12 Sep 2022,2022-09-12 00:00:00
Himachal Pradesh,Hamirpur,Hamirpur(Nadaun),Other,Fruits,0.65,2400,2600,2500,12 Sep 2022,2022-09-12 00:00:00
Himachal Pradesh,Mandi,Dhanotu (Mandi),Other,Fruits,3.8,4000,4500,4250,12 Sep 2022,2022-09-12 00:00:00
Himachal Pradesh,Kangra,Palampur,Banana - Ripe,Fruits,0.2,3400,3800,3600,12 Sep 2022,2022-09-12 00:00:00
Himachal Pradesh,Kangra,Kangra(Nagrota Bagwan),Amruthapani,Fruits,0.2,3200,3400,3300,13 Sep 2022,2022-09-13 00:00:00
Himachal Pradesh,Kangra,Kangra(Baijnath),Banana - Ripe,Fruits,0.5,3000,3200,3000,13 Sep 2022,2022-09-13 00:00:00
Himachal Pradesh,Una,Una,Medium,Fruits,9.8,2200,2800,2500,13 Sep 2022,2022-09-13 00:00:00
Himachal Pradesh,Sirmore,Paonta Sahib,Other,Fruits,0.85,3000,4000,3500,13 Sep 2022,2022-09-13 00:00:00
Himachal Pradesh,Mandi,Mandi(Mandi),Banana - Ripe,Fruits,2.9,3700,4500,4000,13 Sep 2022,2022-09-13 00:00:00
Himachal Pradesh,Kullu,Kullu,Other,Fruits,1.6,3300,3500,3400,13 Sep 2022,2022-09-13 00:00:00
Himachal Pradesh,Kangra,Kangra,Other,Fruits,1.0,3500,4000,3750,13 Sep 2022,2022-09-13 00:00:00
Himachal Pradesh,Mandi,Dhanotu (Mandi),Other,Fruits,4.0,3000,3000,3000,13 Sep 2022,2022-09-13 00:00:00
Himachal Pradesh,Kullu,Bhuntar,Other,Fruits,1.5,2700,2880,2790,13 Sep 2022,2022-09-13 00:00:00
Himachal Pradesh,Bilaspur,Bilaspur,Ordinary Big,Fruits,2.3,1800,2300,2100,13 Sep 2022,2022-09-13 00:00:00
Himachal Pradesh,Hamirpur,Hamirpur,Other,Fruits,1.7,2400,2600,2500,13 Sep 2022,2022-09-13 00:00:00
Himachal Pradesh,Kangra,Palampur,Banana - Ripe,Fruits,1.8,3400,3800,3600,13 Sep 2022,2022-09-13 00:00:00
Himachal Pradesh,Mandi,Dhanotu (Mandi),Other,Fruits,3.6,3500,4000,3750,14 Sep 2022,2022-09-14 00:00:00
Himachal Pradesh,Bilaspur,Bilaspur,Ordinary Big,Fruits,1.8,1900,2300,2000,14 Sep 2022,2022-09-14 00:00:00
Himachal Pradesh,Kangra,Kangra(Baijnath),Banana - Ripe,Fruits,0.4,3000,3500,3000,14 Sep 2022,2022-09-14 00:00:00
Himachal Pradesh,Hamirpur,Hamirpur,Other,Fruits,1.4,2400,2600,2500,14 Sep 2022,2022-09-14 00:00:00
Himachal Pradesh,Kullu,Kullu,Other,Fruits,1.2,3300,3500,3400,14 Sep 2022,2022-09-14 00:00:00
Himachal Pradesh,Kangra,Palampur,Banana - Ripe,Fruits,1.6,3400,3800,3600,14 Sep 2022,2022-09-14 00:00:00
Himachal Pradesh,Sirmore,Paonta Sahib,Other,Fruits,0.95,3000,4000,3500,14 Sep 2022,2022-09-14 00:00:00
Himachal Pradesh,Chamba,Chamba,Other,Fruits,2.4,3000,3500,3250,14 Sep 2022,2022-09-14 00:00:00
Himachal Pradesh,Kullu,Bhuntar,Other,Fruits,1.6,2700,2760,2730,14 Sep 2022,2022-09-14 00:00:00
Himachal Pradesh,Kangra,Kangra(Nagrota Bagwan),Amruthapani,Fruits,0.3,3200,3400,3300,14 Sep 2022,2022-09-14 00:00:00
Himachal Pradesh,Kangra,Kangra,Other,Fruits,1.5,3000,4000,3500,14 Sep 2022,2022-09-14 00:00:00
Himachal Pradesh,Una,Una,Medium,Fruits,8.9,2200,2800,2600,14 Sep 2022,2022-09-14 00:00:00
Himachal Pradesh,Mandi,Mandi(Mandi),Banana - Ripe,Fruits,3.4,3800,4300,4000,14 Sep 2022,2022-09-14 00:00:00
Himachal Pradesh,Kangra,Kangra(Jassour),Other,Fruits,2.0,3000,3200,3100,14 Sep 2022,2022-09-14 00:00:00
Himachal Pradesh,Kangra,Kangra(Jaisinghpur),Banana - Ripe,Fruits,0.05,3400,4000,3700,15 Sep 2022,2022-09-15 00:00:00
Himachal Pradesh,Mandi,Mandi(Mandi),Banana - Ripe,Fruits,4.8,3600,5000,4500,15 Sep 2022,2022-09-15 00:00:00
Himachal Pradesh,Kullu,Bhuntar,Other,Fruits,1.8,2700,2760,2730,15 Sep 2022,2022-09-15 00:00:00
Himachal Pradesh,Kangra,Kangra,Other,Fruits,1.8,3000,4000,3500,15 Sep 2022,2022-09-15 00:00:00
Himachal Pradesh,Kangra,Kangra(Nagrota Bagwan),Amruthapani,Fruits,0.2,3100,3300,3200,15 Sep 2022,2022-09-15 00:00:00
Himachal Pradesh,Kullu,Kullu,Other,Fruits,1.7,3300,3500,3400,15 Sep 2022,2022-09-15 00:00:00
Himachal Pradesh,Mandi,Dhanotu (Mandi),Other,Fruits,3.8,4000,4000,4000,15 Sep 2022,2022-09-15 00:00:00
Himachal Pradesh,Bilaspur,Bilaspur,Ordinary Big,Fruits,2.0,2100,2300,2200,15 Sep 2022,2022-09-15 00:00:00
Himachal Pradesh,Hamirpur,Hamirpur,Other,Fruits,1.6,2400,2600,2500,15 Sep 2022,2022-09-15 00:00:00
Himachal Pradesh,Kangra,Kangra(Jassour),Other,Fruits,0.7,3000,3200,3100,15 Sep 2022,2022-09-15 00:00:00
Himachal Pradesh,Una,Una,Medium,Fruits,6.4,2700,3000,2850,15 Sep 2022,2022-09-15 00:00:00
Himachal Pradesh,Kangra,Palampur,Banana - Ripe,Fruits,2.0,3400,3600,3500,15 Sep 2022,2022-09-15 00:00:00
Himachal Pradesh,Hamirpur,Hamirpur(Nadaun),Other,Fruits,0.8,2400,2600,2500,15 Sep 2022,2022-09-15 00:00:00
Himachal Pradesh,Kullu,Bhuntar,Other,Fruits,1.6,2700,2760,2730,16 Sep 2022,2022-09-16 00:00:00
Himachal Pradesh,Chamba,Chamba,Other,Fruits,1.65,3000,3500,3250,16 Sep 2022,2022-09-16 00:00:00
Himachal Pradesh,Bilaspur,Bilaspur,Ordinary Big,Fruits,2.3,1900,2500,2000,16 Sep 2022,2022-09-16 00:00:00
Himachal Pradesh,Sirmore,Paonta Sahib,Other,Fruits,0.75,3000,4000,3500,16 Sep 2022,2022-09-16 00:00:00
Himachal Pradesh,Kangra,Palampur,Banana - Ripe,Fruits,1.8,3400,3800,3600,16 Sep 2022,2022-09-16 00:00:00
Himachal Pradesh,Mandi,Dhanotu (Mandi),Other,Fruits,3.9,4000,4500,4250,16 Sep 2022,2022-09-16 00:00:00
Himachal Pradesh,Kangra,Kangra,Other,Fruits,1.9,3000,4000,3500,16 Sep 2022,2022-09-16 00:00:00
Himachal Pradesh,Mandi,Mandi(Mandi),Banana - Ripe,Fruits,2.9,4200,4300,4200,16 Sep 2022,2022-09-16 00:00:00
Himachal Pradesh,Una,Una,Medium,Fruits,8.6,2200,2600,2400,16 Sep 2022,2022-09-16 00:00:00
Himachal Pradesh,Kullu,Kullu,Other,Fruits,1.4,3300,3500,3400,16 Sep 2022,2022-09-16 00:00:00
Himachal Pradesh,Kangra,Kangra(Jaisinghpur),Banana - Ripe,Fruits,0.1,3400,4000,3700,16 Sep 2022,2022-09-16 00:00:00
Himachal Pradesh,Hamirpur,Hamirpur,Other,Fruits,1.3,2400,2500,2450,16 Sep 2022,2022-09-16 00:00:00
Himachal Pradesh,Mandi,Dhanotu (Mandi),Other,Fruits,4.5,2500,2900,2700,17 Sep 2022,2022-09-17 00:00:00
Himachal Pradesh,Hamirpur,Hamirpur,Other,Fruits,1.6,2400,2500,2450,17 Sep 2022,2022-09-17 00:00:00
Himachal Pradesh,Sirmore,Paonta Sahib,Other,Fruits,0.65,3000,4000,3500,17 Sep 2022,2022-09-17 00:00:00
Himachal Pradesh,Una,Una,Medium,Fruits,7.9,2200,2600,2400,17 Sep 2022,2022-09-17 00:00:00
Himachal Pradesh,Hamirpur,Hamirpur(Nadaun),Other,Fruits,1.0,2400,2500,2450,17 Sep 2022,2022-09-17 00:00:00
Himachal Pradesh,Kullu,Kullu,Other,Fruits,1.2,3200,3500,3400,17 Sep 2022,2022-09-17 00:00:00
Himachal Pradesh,Chamba,Chamba,Other,Fruits,0.6,3000,3500,3250,17 Sep 2022,2022-09-17 00:00:00
Himachal Pradesh,Sirmore,Nahan,Other,Fruits,0.42,3000,4000,3500,17 Sep 2022,2022-09-17 00:00:00
Himachal Pradesh,Kangra,Kangra(Baijnath),Banana - Ripe,Fruits,0.5,2800,3000,3000,17 Sep 2022,2022-09-17 00:00:00
Himachal Pradesh,Kangra,Kangra(Jassour),Other,Fruits,2.0,3000,3200,3100,17 Sep 2022,2022-09-17 00:00:00
Himachal Pradesh,Kullu,Kullu,Other,Fruits,1.9,3000,3400,3200,18 Sep 2022,2022-09-18 00:00:00
Himachal Pradesh,Kullu,Bhuntar,Other,Fruits,1.3,2700,2760,2730,18 Sep 2022,2022-09-18 00:00:00
Himachal Pradesh,Hamirpur,Hamirpur(Nadaun),Other,Fruits,1.1,2400,2500,2450,19 Sep 2022,2022-09-19 00:00:00
Himachal Pradesh,Kangra,Kangra(Jassour),Other,Fruits,2.4,3000,3200,3100,19 Sep 2022,2022-09-19 00:00:00
Himachal Pradesh,Bilaspur,Bilaspur,Ordinary Big,Fruits,2.0,1800,2000,1900,19 Sep 2022,2022-09-19 00:00:00
Himachal Pradesh,Chamba,Chamba,Other,Fruits,2.25,3000,3500,3250,19 Sep 2022,2022-09-19 00:00:00
Himachal Pradesh,Mandi,Dhanotu (Mandi),Other,Fruits,4.0,4000,4500,4250,19 Sep 2022,2022-09-19 00:00:00
Himachal Pradesh,Kangra,Kangra(Nagrota Bagwan),Amruthapani,Fruits,0.3,3200,3400,3300,19 Sep 2022,2022-09-19 00:00:00
Himachal Pradesh,Kullu,Bhuntar,Other,Fruits,1.6,2700,2760,2730,19 Sep 2022,2022-09-19 00:00:00
Himachal Pradesh,Kangra,Palampur,Banana - Ripe,Fruits,2.0,3400,3800,3600,19 Sep 2022,2022-09-19 00:00:00
Himachal Pradesh,Kangra,Kangra(Jaisinghpur),Banana - Ripe,Fruits,0.2,3400,4000,3700,19 Sep 2022,2022-09-19 00:00:00
Himachal Pradesh,Hamirpur,Hamirpur,Other,Fruits,1.3,2400,2500,2450,19 Sep 2022,2022-09-19 00:00:00
Himachal Pradesh,Una,Una,Medium,Fruits,9.1,2200,2600,2400,19 Sep 2022,2022-09-19 00:00:00
Himachal Pradesh,Kangra,Kangra(Baijnath),Banana - Ripe,Fruits,0.4,2800,3000,3000,19 Sep 2022,2022-09-19 00:00:00
Himachal Pradesh,Kangra,Kangra(Jassour),Other,Fruits,2.0,3000,3200,3100,20 Sep 2022,2022-09-20 00:00:00
Himachal Pradesh,Una,Una,Medium,Fruits,8.6,2500,2700,2600,20 Sep 2022,2022-09-20 00:00:00
Himachal Pradesh,Hamirpur,Hamirpur,Other,Fruits,1.4,2400,2500,2450,20 Sep 2022,2022-09-20 00:00:00
Himachal Pradesh,Bilaspur,Bilaspur,Ordinary Big,Fruits,2.3,2000,2500,2200,20 Sep 2022,2022-09-20 00:00:00
Himachal Pradesh,Kullu,Bhuntar,Other,Fruits,1.8,2700,2760,2730,20 Sep 2022,2022-09-20 00:00:00
Himachal Pradesh,Mandi,Mandi(Mandi),Banana - Ripe,Fruits,6.2,2200,4500,4000,20 Sep 2022,2022-09-20 00:00:00
Himachal Pradesh,Kullu,Kullu,Other,Fruits,1.3,3000,3400,3200,20 Sep 2022,2022-09-20 00:00:00
Himachal Pradesh,Hamirpur,Hamirpur(Nadaun),Other,Fruits,1.0,2400,2500,2450,20 Sep 2022,2022-09-20 00:00:00
Himachal Pradesh,Sirmore,Nahan,Other,Fruits,0.6,3000,3200,3100,20 Sep 2022,2022-09-20 00:00:00
Himachal Pradesh,Kangra,Palampur,Banana - Ripe,Fruits,1.6,3400,3700,3550,20 Sep 2022,2022-09-20 00:00:00
Himachal Pradesh,Kangra,Kangra(Nagrota Bagwan),Amruthapani,Fruits,0.2,3200,3400,3300,20 Sep 2022,2022-09-20 00:00:00
Himachal Pradesh,Kangra,Kangra(Baijnath),Banana - Ripe,Fruits,0.6,3000,3000,3000,20 Sep 2022,2022-09-20 00:00:00
Himachal Pradesh,Kangra,Kangra(Jassour),Other,Fruits,2.1,3000,3200,3100,21 Sep 2022,2022-09-21 00:00:00
Himachal Pradesh,Bilaspur,Bilaspur,Ordinary Big,Fruits,2.0,1900,2300,2000,21 Sep 2022,2022-09-21 00:00:00
Himachal Pradesh,Kullu,Bhuntar,Other,Fruits,1.6,2700,2760,2730,21 Sep 2022,2022-09-21 00:00:00
Himachal Pradesh,Kangra,Kangra(Nagrota Bagwan),Amruthapani,Fruits,0.3,3200,3400,3300,21 Sep 2022,2022-09-21 00:00:00
Himachal Pradesh,Mandi,Dhanotu (Mandi),Other,Fruits,3.3,4000,4500,4250,21 Sep 2022,2022-09-21 00:00:00
Himachal Pradesh,Mandi,Mandi(Mandi),Banana - Ripe,Fruits,3.1,4200,4500,4400,21 Sep 2022,2022-09-21 00:00:00
Himachal Pradesh,Sirmore,Paonta Sahib,Other,Fruits,0.85,3000,4000,3500,21 Sep 2022,2022-09-21 00:00:00
Himachal Pradesh,Una,Una,Medium,Fruits,8.9,2000,2600,2300,21 Sep 2022,2022-09-21 00:00:00
Himachal Pradesh,Hamirpur,Hamirpur,Other,Fruits,1.2,2400,2500,2450,21 Sep 2022,2022-09-21 00:00:00
Himachal Pradesh,Kangra,Kangra,Other,Fruits,1.8,3500,4000,3750,21 Sep 2022,2022-09-21 00:00:00
Himachal Pradesh,Kullu,Kullu,Other,Fruits,1.8,3000,3400,3200,21 Sep 2022,2022-09-21 00:00:00
Himachal Pradesh,Una,Una,Medium,Fruits,9.1,2500,2900,2700,22 Sep 2022,2022-09-22 00:00:00
Himachal Pradesh,Kullu,Bhuntar,Other,Fruits,1.8,2700,2760,2730,22 Sep 2022,2022-09-22 00:00:00
Himachal Pradesh,Hamirpur,Hamirpur(Nadaun),Other,Fruits,0.8,2400,2500,2450,22 Sep 2022,2022-09-22 00:00:00
Himachal Pradesh,Kangra,Kangra,Other,Fruits,1.9,3500,4000,3750,22 Sep 2022,2022-09-22 00:00:00
Himachal Pradesh,Mandi,Mandi(Mandi),Banana - Ripe,Fruits,2.3,4300,4500,4400,22 Sep 2022,2022-09-22 00:00:00
Himachal Pradesh,Hamirpur,Hamirpur,Other,Fruits,1.5,2400,2500,2450,22 Sep 2022,2022-09-22 00:00:00
Himachal Pradesh,Kangra,Palampur,Banana - Ripe,Fruits,1.8,3700,4000,3850,22 Sep 2022,2022-09-22 00:00:00
Himachal Pradesh,Kangra,Kangra(Jassour),Other,Fruits,0.8,3000,3200,3100,22 Sep 2022,2022-09-22 00:00:00
Himachal Pradesh,Bilaspur,Bilaspur,Ordinary Big,Fruits,1.9,1900,2100,2000,22 Sep 2022,2022-09-22 00:00:00
Himachal Pradesh,Kangra,Kangra(Jaisinghpur),Banana - Ripe,Fruits,0.05,3800,4000,3900,22 Sep 2022,2022-09-22 00:00:00
Himachal Pradesh,Kullu,Kullu,Other,Fruits,1.2,3000,3400,3200,22 Sep 2022,2022-09-22 00:00:00
Himachal Pradesh,Kangra,Kangra(Baijnath),Banana - Ripe,Fruits,0.4,2700,3000,3000,22 Sep 2022,2022-09-22 00:00:00
Himachal Pradesh,Mandi,Dhanotu (Mandi),Other,Fruits,3.6,3000,3500,3250,22 Sep 2022,2022-09-22 00:00:00
Himachal Pradesh,Kangra,Kangra(Nagrota Bagwan),Amruthapani,Fruits,0.2,3200,3400,3300,23 Sep 2022,2022-09-23 00:00:00
Himachal Pradesh,Bilaspur,Bilaspur,Ordinary Big,Fruits,2.3,1900,2200,2100,23 Sep 2022,2022-09-23 00:00:00
Himachal Pradesh,Mandi,Dhanotu (Mandi),Other,Fruits,4.1,3000,3500,3250,23 Sep 2022,2022-09-23 00:00:00
Himachal Pradesh,Kangra,Kangra(Jassour),Other,Fruits,2.1,3000,3200,3100,23 Sep 2022,2022-09-23 00:00:00
Himachal Pradesh,Solan,Solan,Other,Fruits,1.1,1700,2900,2400,23 Sep 2022,2022-09-23 00:00:00
Himachal Pradesh,Una,Una,Medium,Fruits,8.1,2300,3000,2700,23 Sep 2022,2022-09-23 00:00:00
Himachal Pradesh,Mandi,Mandi(Mandi),Banana - Ripe,Fruits,3.2,2500,5000,4500,23 Sep 2022,2022-09-23 00:00:00
Himachal Pradesh,Hamirpur,Hamirpur,Other,Fruits,1.3,2400,2500,2450,23 Sep 2022,2022-09-23 00:00:00
Himachal Pradesh,Kullu,Bhuntar,Other,Fruits,1.6,2700,2760,2730,23 Sep 2022,2022-09-23 00:00:00
Himachal Pradesh,Kangra,Palampur,Banana - Ripe,Fruits,2.0,3700,4000,3850,23 Sep 2022,2022-09-23 00:00:00
Himachal Pradesh,Kangra,Kangra(Jaisinghpur),Banana - Ripe,Fruits,0.1,3800,4000,3900,23 Sep 2022,2022-09-23 00:00:00
Himachal Pradesh,Kangra,Kangra(Baijnath),Banana - Ripe,Fruits,0.5,2700,3000,3000,23 Sep 2022,2022-09-23 00:00:00
Himachal Pradesh,Kullu,Kullu,Other,Fruits,1.8,3000,3400,3200,23 Sep 2022,2022-09-23 00:00:00
Himachal Pradesh,Kangra,Palampur,Banana - Ripe,Fruits,1.7,3700,4000,3850,24 Sep 2022,2022-09-24 00:00:00
Himachal Pradesh,Solan,Solan,Other,Fruits,0.8,1700,2900,2400,24 Sep 2022,2022-09-24 00:00:00
Himachal Pradesh,Kangra,Kangra(Jassour),Other,Fruits,2.0,3000,3200,3100,24 Sep 2022,2022-09-24 00:00:00
Himachal Pradesh,Mandi,Mandi(Mandi),Banana - Ripe,Fruits,3.1,4000,4300,4200,24 Sep 2022,2022-09-24 00:00:00
Himachal Pradesh,Hamirpur,Hamirpur(Nadaun),Other,Fruits,1.0,2400,2500,2450,24 Sep 2022,2022-09-24 00:00:00
Himachal Pradesh,Mandi,Dhanotu (Mandi),Other,Fruits,4.0,2200,2600,2400,24 Sep 2022,2022-09-24 00:00:00
Himachal Pradesh,Kullu,Kullu,Other,Fruits,1.5,3000,3400,3300,24 Sep 2022,2022-09-24 00:00:00
Himachal Pradesh,Kangra,Kangra(Baijnath),Banana - Ripe,Fruits,0.4,2700,3000,3000,24 Sep 2022,2022-09-24 00:00:00
Himachal Pradesh,Chamba,Chamba,Other,Fruits,1.65,3000,3500,3250,24 Sep 2022,2022-09-24 00:00:00
Himachal Pradesh,Kullu,Kullu,Other,Fruits,1.2,3000,3400,3200,25 Sep 2022,2022-09-25 00:00:00
Himachal Pradesh,Kullu,Bhuntar,Other,Fruits,1.5,2780,2880,2830,25 Sep 2022,2022-09-25 00:00:00
Himachal Pradesh,Kullu,Bhuntar,Other,Fruits,2.0,2760,2880,2820,26 Sep 2022,2022-09-26 00:00:00
Himachal Pradesh,Chamba,Chamba,Other,Fruits,2.02,3000,3500,3250,26 Sep 2022,2022-09-26 00:00:00
Himachal Pradesh,Kangra,Kangra(Jaisinghpur),Banana - Ripe,Fruits,0.2,3600,4000,3750,26 Sep 2022,2022-09-26 00:00:00
Himachal Pradesh,Kangra,Kangra(Baijnath),Banana - Ripe,Fruits,0.5,3000,3200,3000,26 Sep 2022,2022-09-26 00:00:00
Himachal Pradesh,Solan,Solan,Other,Fruits,1.4,1700,2700,2400,26 Sep 2022,2022-09-26 00:00:00
Himachal Pradesh,Kangra,Kangra,Other,Fruits,2.0,4000,4500,4250,26 Sep 2022,2022-09-26 00:00:00
Himachal Pradesh,Hamirpur,Hamirpur(Nadaun),Other,Fruits,0.65,2400,2500,2450,26 Sep 2022,2022-09-26 00:00:00
Himachal Pradesh,Kangra,Kangra(Jassour),Other,Fruits,2.3,3000,3200,3100,26 Sep 2022,2022-09-26 00:00:00
Himachal Pradesh,Kangra,Kangra(Nagrota Bagwan),Amruthapani,Fruits,0.3,3000,3400,3200,26 Sep 2022,2022-09-26 00:00:00
Himachal Pradesh,Sirmore,Paonta Sahib,Other,Fruits,2.0,3000,4000,3500,26 Sep 2022,2022-09-26 00:00:00
Himachal Pradesh,Hamirpur,Hamirpur,Other,Fruits,1.4,2400,2500,2450,26 Sep 2022,2022-09-26 00:00:00
Himachal Pradesh,Mandi,Mandi(Mandi),Banana - Ripe,Fruits,6.1,3000,5000,4000,26 Sep 2022,2022-09-26 00:00:00
Himachal Pradesh,Kangra,Palampur,Banana - Ripe,Fruits,1.9,3500,3800,3650,26 Sep 2022,2022-09-26 00:00:00
Himachal Pradesh,Hamirpur,Hamirpur(Nadaun),Other,Fruits,1.0,2600,2800,2700,27 Sep 2022,2022-09-27 00:00:00
Himachal Pradesh,Una,Una,Medium,Fruits,9.7,2200,2800,2500,27 Sep 2022,2022-09-27 00:00:00
Himachal Pradesh,Mandi,Mandi(Mandi),Banana - Ripe,Fruits,3.8,2000,5000,4000,27 Sep 2022,2022-09-27 00:00:00
Himachal Pradesh,Solan,Solan,Other,Fruits,0.6,1700,2900,2400,27 Sep 2022,2022-09-27 00:00:00
Himachal Pradesh,Kangra,Palampur,Banana - Ripe,Fruits,1.7,3500,3800,3650,27 Sep 2022,2022-09-27 00:00:00
Himachal Pradesh,Kangra,Kangra(Jaisinghpur),Banana - Ripe,Fruits,0.05,3600,4000,3800,27 Sep 2022,2022-09-27 00:00:00
Himachal Pradesh,Sirmore,Paonta Sahib,Other,Fruits,1.5,3500,5000,4000,27 Sep 2022,2022-09-27 00:00:00
Himachal Pradesh,Bilaspur,Bilaspur,Ordinary Big,Fruits,2.0,1900,2200,2000,27 Sep 2022,2022-09-27 00:00:00
Himachal Pradesh,Kangra,Kangra(Baijnath),Banana - Ripe,Fruits,0.4,3000,3000,3000,27 Sep 2022,2022-09-27 00:00:00
Himachal Pradesh,Kullu,Bhuntar,Other,Fruits,2.5,2820,2880,2850,27 Sep 2022,2022-09-27 00:00:00
Himachal Pradesh,Kullu,Kullu,Other,Fruits,1.8,3000,3400,3200,27 Sep 2022,2022-09-27 00:00:00
Himachal Pradesh,Solan,Solan,Other,Fruits,2.5,1700,2900,2400,28 Sep 2022,2022-09-28 00:00:00
Himachal Pradesh,Kangra,Kangra,Other,Fruits,1.8,4000,4500,4250,28 Sep 2022,2022-09-28 00:00:00
Himachal Pradesh,Mandi,Dhanotu (Mandi),Other,Fruits,3.9,3000,3000,3000,28 Sep 2022,2022-09-28 00:00:00
Himachal Pradesh,Kangra,Kangra(Baijnath),Banana - Ripe,Fruits,0.5,3000,3000,3000,28 Sep 2022,2022-09-28 00:00:00
Himachal Pradesh,Una,Una,Medium,Fruits,8.7,2200,2600,2400,28 Sep 2022,2022-09-28 00:00:00
Himachal Pradesh,Kangra,Palampur,Banana - Ripe,Fruits,2.5,3500,4000,3750,28 Sep 2022,2022-09-28 00:00:00
Himachal Pradesh,Sirmore,Nahan,Other,Fruits,0.1,3200,3800,3400,28 Sep 2022,2022-09-28 00:00:00
Himachal Pradesh,Kangra,Kangra(Jaisinghpur),Banana - Ripe,Fruits,0.2,3800,4200,4000,28 Sep 2022,2022-09-28 00:00:00
Himachal Pradesh,Kullu,Bhuntar,Other,Fruits,3.0,2760,2880,2820,28 Sep 2022,2022-09-28 00:00:00
Himachal Pradesh,Kullu,Kullu,Other,Fruits,1.6,3200,3400,3300,28 Sep 2022,2022-09-28 00:00:00
Himachal Pradesh,Bilaspur,Bilaspur,Ordinary Big,Fruits,2.3,1800,2200,2000,28 Sep 2022,2022-09-28 00:00:00
Himachal Pradesh,Kangra,Kangra(Jassour),Other,Fruits,2.2,3000,3200,3100,28 Sep 2022,2022-09-28 00:00:00
Himachal Pradesh,Mandi,Mandi(Mandi),Banana - Ripe,Fruits,3.6,2500,4400,4000,28 Sep 2022,2022-09-28 00:00:00
Himachal Pradesh,Kangra,Kangra(Nagrota Bagwan),Amruthapani,Fruits,0.2,3200,3400,3300,29 Sep 2022,2022-09-29 00:00:00
Himachal Pradesh,Una,Una,Medium,Fruits,7.5,2000,2800,2400,29 Sep 2022,2022-09-29 00:00:00
Himachal Pradesh,Hamirpur,Hamirpur(Nadaun),Other,Fruits,1.2,2800,3000,2920,29 Sep 2022,2022-09-29 00:00:00
Himachal Pradesh,Sirmore,Paonta Sahib,Other,Fruits,0.75,3200,4000,3500,29 Sep 2022,2022-09-29 00:00:00
Himachal Pradesh,Kangra,Palampur,Banana - Ripe,Fruits,2.2,3500,3800,3650,29 Sep 2022,2022-09-29 00:00:00
Himachal Pradesh,Kullu,Kullu,Other,Fruits,1.8,3000,3200,3100,29 Sep 2022,2022-09-29 00:00:00
Himachal Pradesh,Kangra,Kangra(Jassour),Other,Fruits,0.8,3000,3200,3100,29 Sep 2022,2022-09-29 00:00:00
Himachal Pradesh,Kullu,Bhuntar,Other,Fruits,2.6,2760,2880,2820,29 Sep 2022,2022-09-29 00:00:00
Himachal Pradesh,Mandi,Mandi(Mandi),Banana - Ripe,Fruits,2.7,1500,4500,4000,29 Sep 2022,2022-09-29 00:00:00
Himachal Pradesh,Bilaspur,Bilaspur,Ordinary Big,Fruits,1.5,1800,2100,1900,29 Sep 2022,2022-09-29 00:00:00
Himachal Pradesh,Solan,Solan,Other,Fruits,0.9,1700,2900,2400,29 Sep 2022,2022-09-29 00:00:00
Himachal Pradesh,Mandi,Dhanotu (Mandi),Other,Fruits,4.0,3000,3200,3100,30 Sep 2022,2022-09-30 00:00:00
Himachal Pradesh,Chamba,Chamba,Other,Fruits,2.85,3000,3500,3250,30 Sep 2022,2022-09-30 00:00:00
Himachal Pradesh,Hamirpur,Hamirpur,Other,Fruits,1.5,2600,2800,2700,30 Sep 2022,2022-09-30 00:00:00
Himachal Pradesh,Sirmore,Nahan,Other,Fruits,0.45,3000,0,3500,30 Sep 2022,2022-09-30 00:00:00
Himachal Pradesh,Kangra,Kangra,Other,Fruits,2.0,4000,4500,4250,30 Sep 2022,2022-09-30 00:00:00
Himachal Pradesh,Una,Una,Medium,Fruits,8.9,2000,2600,2300,30 Sep 2022,2022-09-30 00:00:00
Himachal Pradesh,Solan,Solan,Other,Fruits,1.5,1700,2900,2400,30 Sep 2022,2022-09-30 00:00:00
Himachal Pradesh,Kangra,Kangra(Baijnath),Banana - Ripe,Fruits,0.4,2800,3000,3000,30 Sep 2022,2022-09-30 00:00:00
Himachal Pradesh,Kangra,Kangra(Jaisinghpur),Banana - Ripe,Fruits,0.3,3800,4200,4000,30 Sep 2022,2022-09-30 00:00:00
Himachal Pradesh,Kangra,Kangra(Jassour),Other,Fruits,2.3,3000,3200,3100,30 Sep 2022,2022-09-30 00:00:00
Himachal Pradesh,Kangra,Kangra(Nagrota Bagwan),Amruthapani,Fruits,0.3,3200,3400,3300,30 Sep 2022,2022-09-30 00:00:00
Himachal Pradesh,Kullu,Kullu,Other,Fruits,2.2,3000,3200,3100,30 Sep 2022,2022-09-30 00:00:00
Himachal Pradesh,Mandi,Mandi(Mandi),Banana - Ripe,Fruits,3.7,4000,4500,4200,30 Sep 2022,2022-09-30 00:00:00
Himachal Pradesh,Kangra,Palampur,Banana - Ripe,Fruits,2.4,3500,4000,3750,30 Sep 2022,2022-09-30 00:00:00
Himachal Pradesh,Hamirpur,Hamirpur(Nadaun),Other,Fruits,1.4,2600,2800,2700,30 Sep 2022,2022-09-30 00:00:00
Himachal Pradesh,Kullu,Bhuntar,Other,Fruits,3.0,2760,2880,2810,30 Sep 2022,2022-09-30 00:00:00
Himachal Pradesh,Una,Una,Medium,Fruits,9.1,2200,3000,2700,01 Oct 2022,2022-10-01 00:00:00
Himachal Pradesh,Kullu,Kullu,Other,Fruits,1.8,3200,3500,3300,01 Oct 2022,2022-10-01 00:00:00
Himachal Pradesh,Chamba,Chamba,Other,Fruits,1.65,3000,3500,3250,01 Oct 2022,2022-10-01 00:00:00
Himachal Pradesh,Hamirpur,Hamirpur(Nadaun),Other,Fruits,1.2,2600,2800,2700,01 Oct 2022,2022-10-01 00:00:00
Himachal Pradesh,Sirmore,Nahan,Other,Fruits,0.9,3000,4500,3500,01 Oct 2022,2022-10-01 00:00:00
Himachal Pradesh,Kangra,Kangra,Other,Fruits,1.7,4000,4500,4250,01 Oct 2022,2022-10-01 00:00:00
Himachal Pradesh,Kangra,Palampur,Banana - Ripe,Fruits,1.8,3500,4000,3750,01 Oct 2022,2022-10-01 00:00:00
Himachal Pradesh,Sirmore,Paonta Sahib,Other,Fruits,0.85,450000,0,500000,01 Oct 2022,2022-10-01 00:00:00
Himachal Pradesh,Kangra,Kangra(Jaisinghpur),Banana - Ripe,Fruits,0.2,3800,4200,4000,01 Oct 2022,2022-10-01 00:00:00
Himachal Pradesh,Kangra,Kangra(Jassour),Other,Fruits,2.1,3000,3200,3100,01 Oct 2022,2022-10-01 00:00:00
Himachal Pradesh,Mandi,Dhanotu (Mandi),Other,Fruits,3.7,3000,3200,3100,01 Oct 2022,2022-10-01 00:00:00
Himachal Pradesh,Mandi,Mandi(Mandi),Banana - Ripe,Fruits,3.4,2500,4600,4500,01 Oct 2022,2022-10-01 00:00:00
Himachal Pradesh,Kullu,Kullu,Other,Fruits,2.0,3200,3500,3300,03 Oct 2022,2022-10-03 00:00:00
Himachal Pradesh,Mandi,Mandi(Mandi),Banana - Ripe,Fruits,7.9,2800,4700,4500,03 Oct 2022,2022-10-03 00:00:00
Himachal Pradesh,Bilaspur,Bilaspur,Ordinary Big,Fruits,2.0,1800,2300,2000,03 Oct 2022,2022-10-03 00:00:00
Himachal Pradesh,Mandi,Dhanotu (Mandi),Other,Fruits,4.2,2600,3000,2800,03 Oct 2022,2022-10-03 00:00:00
Himachal Pradesh,Kangra,Palampur,Banana - Ripe,Fruits,1.7,3500,4000,3750,03 Oct 2022,2022-10-03 00:00:00
Himachal Pradesh,Chamba,Chamba,Other,Fruits,2.4,3000,3500,3250,03 Oct 2022,2022-10-03 00:00:00
Himachal Pradesh,Kangra,Kangra(Nagrota Bagwan),Amruthapani,Fruits,0.3,3200,3400,3300,03 Oct 2022,2022-10-03 00:00:00
Himachal Pradesh,Sirmore,Paonta Sahib,Other,Fruits,1.2,3500,0,4000,03 Oct 2022,2022-10-03 00:00:00
Himachal Pradesh,Kangra,Kangra,Other,Fruits,2.0,4000,4500,4250,03 Oct 2022,2022-10-03 00:00:00
Himachal Pradesh,Una,Una,Medium,Fruits,10.4,2300,3000,2700,03 Oct 2022,2022-10-03 00:00:00
Himachal Pradesh,Hamirpur,Hamirpur(Nadaun),Other,Fruits,1.4,2500,2800,2650,03 Oct 2022,2022-10-03 00:00:00
Himachal Pradesh,Kullu,Bhuntar,Other,Fruits,3.3,2880,3000,2940,03 Oct 2022,2022-10-03 00:00:00
Himachal Pradesh,Solan,Solan,Other,Fruits,2.1,1700,2900,2400,03 Oct 2022,2022-10-03 00:00:00
Himachal Pradesh,Kangra,Kangra(Jaisinghpur),Banana - Ripe,Fruits,0.28,3800,4200,4000,03 Oct 2022,2022-10-03 00:00:00
Himachal Pradesh,Kullu,Kullu,Other,Fruits,1.8,3200,3400,3300,04 Oct 2022,2022-10-04 00:00:00
Himachal Pradesh,Sirmore,Paonta Sahib,Other,Fruits,0.45,4000,6000,5000,04 Oct 2022,2022-10-04 00:00:00
Himachal Pradesh,Kullu,Bhuntar,Other,Fruits,3.1,2760,2880,2820,04 Oct 2022,2022-10-04 00:00:00
Himachal Pradesh,Hamirpur,Hamirpur,Other,Fruits,1.5,2600,2800,2700,04 Oct 2022,2022-10-04 00:00:00
Himachal Pradesh,Chamba,Chamba,Other,Fruits,1.05,3000,3500,3250,04 Oct 2022,2022-10-04 00:00:00
Himachal Pradesh,Kangra,Palampur,Banana - Ripe,Fruits,2.5,3600,4200,3900,04 Oct 2022,2022-10-04 00:00:00
Himachal Pradesh,Kangra,Kangra(Jaisinghpur),Banana - Ripe,Fruits,0.3,3800,4400,4100,04 Oct 2022,2022-10-04 00:00:00
Himachal Pradesh,Bilaspur,Bilaspur,Ordinary Big,Fruits,1.9,1900,2200,2100,04 Oct 2022,2022-10-04 00:00:00
Himachal Pradesh,Mandi,Dhanotu (Mandi),Other,Fruits,4.0,2600,3000,2800,04 Oct 2022,2022-10-04 00:00:00
Himachal Pradesh,Una,Una,Medium,Fruits,9.1,2300,3000,2700,04 Oct 2022,2022-10-04 00:00:00
Himachal Pradesh,Mandi,Mandi(Mandi),Banana - Ripe,Fruits,3.4,4500,4700,4600,04 Oct 2022,2022-10-04 00:00:00
Himachal Pradesh,Una,Una,Medium,Fruits,8.1,2200,2800,2500,05 Oct 2022,2022-10-05 00:00:00
Himachal Pradesh,Kullu,Kullu,Other,Fruits,1.7,3300,3600,3400,05 Oct 2022,2022-10-05 00:00:00
Himachal Pradesh,Kullu,Bhuntar,Other,Fruits,1.8,2880,3000,2940,05 Oct 2022,2022-10-05 00:00:00
Himachal Pradesh,Mandi,Mandi(Mandi),Banana - Ripe,Fruits,2.8,4500,4700,4600,05 Oct 2022,2022-10-05 00:00:00
Himachal Pradesh,Kullu,Kullu,Other,Fruits,1.5,3000,3200,3100,06 Oct 2022,2022-10-06 00:00:00
Himachal Pradesh,Hamirpur,Hamirpur,Other,Fruits,1.3,2600,2800,2700,06 Oct 2022,2022-10-06 00:00:00
Himachal Pradesh,Solan,Solan,Other,Fruits,0.9,1700,2900,2400,06 Oct 2022,2022-10-06 00:00:00
Himachal Pradesh,Mandi,Dhanotu (Mandi),Other,Fruits,3.3,3000,3500,3250,06 Oct 2022,2022-10-06 00:00:00
Himachal Pradesh,Kangra,Kangra(Nagrota Bagwan),Amruthapani,Fruits,0.2,3200,3400,3300,06 Oct 2022,2022-10-06 00:00:00
Himachal Pradesh,Kangra,Kangra,Other,Fruits,1.8,4000,4500,4250,06 Oct 2022,2022-10-06 00:00:00
Himachal Pradesh,Una,Una,Medium,Fruits,7.6,2200,2800,2500,06 Oct 2022,2022-10-06 00:00:00
Himachal Pradesh,Kangra,Kangra(Jaisinghpur),Banana - Ripe,Fruits,0.2,3800,4400,4100,06 Oct 2022,2022-10-06 00:00:00
Himachal Pradesh,Kullu,Bhuntar,Other,Fruits,2.0,2880,3000,2940,06 Oct 2022,2022-10-06 00:00:00
Himachal Pradesh,Mandi,Mandi(Mandi),Banana - Ripe,Fruits,3.8,4000,4700,4500,06 Oct 2022,2022-10-06 00:00:00
Himachal Pradesh,Chamba,Chamba,Other,Fruits,1.65,3000,3500,3250,06 Oct 2022,2022-10-06 00:00:00
Himachal Pradesh,Kangra,Palampur,Banana - Ripe,Fruits,1.7,3600,4200,3900,06 Oct 2022,2022-10-06 00:00:00
Himachal Pradesh,Chamba,Chamba,Other,Fruits,1.0,3000,3500,3250,07 Oct 2022,2022-10-07 00:00:00
Himachal Pradesh,Solan,Solan,Other,Fruits,0.6,1700,2900,2400,07 Oct 2022,2022-10-07 00:00:00
Himachal Pradesh,Hamirpur,Hamirpur,Other,Fruits,1.4,2600,2800,2700,07 Oct 2022,2022-10-07 00:00:00
Himachal Pradesh,Mandi,Mandi(Mandi),Banana - Ripe,Fruits,2.7,4500,4700,4600,07 Oct 2022,2022-10-07 00:00:00
Himachal Pradesh,Kangra,Kangra(Jaisinghpur),Banana - Ripe,Fruits,0.1,3800,4400,4100,07 Oct 2022,2022-10-07 00:00:00
Himachal Pradesh,Kullu,Kullu,Other,Fruits,1.2,3000,3000,3000,07 Oct 2022,2022-10-07 00:00:00
Himachal Pradesh,Una,Una,Medium,Fruits,8.3,2200,2800,2500,07 Oct 2022,2022-10-07 00:00:00
Himachal Pradesh,Mandi,Dhanotu (Mandi),Other,Fruits,3.5,3500,4000,3750,07 Oct 2022,2022-10-07 00:00:00
Himachal Pradesh,Kullu,Bhuntar,Other,Fruits,1.8,2880,3000,2940,07 Oct 2022,2022-10-07 00:00:00
Himachal Pradesh,Hamirpur,Hamirpur,Other,Fruits,1.3,2800,3000,2900,08 Oct 2022,2022-10-08 00:00:00
Himachal Pradesh,Kullu,Kullu,Other,Fruits,1.5,3000,3200,3100,08 Oct 2022,2022-10-08 00:00:00
Himachal Pradesh,Bilaspur,Bilaspur,Ordinary Big,Fruits,2.0,1800,2200,2000,08 Oct 2022,2022-10-08 00:00:00
Himachal Pradesh,Mandi,Dhanotu (Mandi),Other,Fruits,4.0,3500,3800,3650,08 Oct 2022,2022-10-08 00:00:00
Himachal Pradesh,Kullu,Kullu,Other,Fruits,1.3,3200,3500,3400,09 Oct 2022,2022-10-09 00:00:00
Himachal Pradesh,Mandi,Dhanotu (Mandi),Other,Fruits,3.8,3500,4000,3750,10 Oct 2022,2022-10-10 00:00:00
Himachal Pradesh,Bilaspur,Bilaspur,Ordinary Big,Fruits,1.8,1800,2200,2100,10 Oct 2022,2022-10-10 00:00:00
Himachal Pradesh,Kangra,Kangra,Other,Fruits,2.0,4000,4500,4250,10 Oct 2022,2022-10-10 00:00:00
Himachal Pradesh,Kangra,Kangra(Baijnath),Banana - Ripe,Fruits,0.6,3000,3200,3000,10 Oct 2022,2022-10-10 00:00:00
Himachal Pradesh,Mandi,Mandi(Mandi),Banana - Ripe,Fruits,4.8,4500,5500,5000,10 Oct 2022,2022-10-10 00:00:00
Himachal Pradesh,Kangra,Kangra(Jaisinghpur),Banana - Ripe,Fruits,0.2,3800,4400,4100,10 Oct 2022,2022-10-10 00:00:00
Himachal Pradesh,Kangra,Palampur,Banana - Ripe,Fruits,2.0,3600,4200,3900,10 Oct 2022,2022-10-10 00:00:00
Himachal Pradesh,Una,Una,Medium,Fruits,10.8,2000,2800,2400,10 Oct 2022,2022-10-10 00:00:00
Himachal Pradesh,Kullu,Kullu,Other,Fruits,1.8,3000,3400,3200,10 Oct 2022,2022-10-10 00:00:00
Himachal Pradesh,Solan,Solan,Other,Fruits,1.2,1700,2900,2400,10 Oct 2022,2022-10-10 00:00:00
Himachal Pradesh,Hamirpur,Hamirpur(Nadaun),Other,Fruits,1.0,2800,3000,2900,10 Oct 2022,2022-10-10 00:00:00
Himachal Pradesh,Kullu,Bhuntar,Other,Fruits,1.6,2880,3000,2940,10 Oct 2022,2022-10-10 00:00:00
Himachal Pradesh,Kangra,Kangra(Nagrota Bagwan),Amruthapani,Fruits,0.3,3200,3400,3300,10 Oct 2022,2022-10-10 00:00:00
Himachal Pradesh,Chamba,Chamba,Other,Fruits,6.15,3000,3500,3250,10 Oct 2022,2022-10-10 00:00:00
Himachal Pradesh,Kangra,Kangra,Other,Fruits,1.8,4000,4500,4250,11 Oct 2022,2022-10-11 00:00:00
Himachal Pradesh,Sirmore,Paonta Sahib,Other,Fruits,0.86,4000,5000,4500,11 Oct 2022,2022-10-11 00:00:00
Himachal Pradesh,Bilaspur,Bilaspur,Ordinary Big,Fruits,1.6,1800,2500,2000,11 Oct 2022,2022-10-11 00:00:00
Himachal Pradesh,Kangra,Kangra(Baijnath),Banana - Ripe,Fruits,0.5,3000,3200,3000,11 Oct 2022,2022-10-11 00:00:00
Himachal Pradesh,Mandi,Mandi(Mandi),Banana - Ripe,Fruits,2.6,4500,4700,4600,11 Oct 2022,2022-10-11 00:00:00
Himachal Pradesh,Kangra,Kangra(Jaisinghpur),Banana - Ripe,Fruits,0.1,3800,4400,4100,11 Oct 2022,2022-10-11 00:00:00
Himachal Pradesh,Solan,Solan,Other,Fruits,0.1,1700,2900,2400,11 Oct 2022,2022-10-11 00:00:00
Himachal Pradesh,Hamirpur,Hamirpur,Other,Fruits,1.4,2800,3000,2900,11 Oct 2022,2022-10-11 00:00:00
Himachal Pradesh,Kangra,Palampur,Banana - Ripe,Fruits,2.2,3600,4200,3900,11 Oct 2022,2022-10-11 00:00:00
Himachal Pradesh,Chamba,Chamba,Other,Fruits,3.75,3000,3500,3250,11 Oct 2022,2022-10-11 00:00:00
Himachal Pradesh,Kullu,Bhuntar,Other,Fruits,2.0,3000,3120,3060,11 Oct 2022,2022-10-11 00:00:00
Himachal Pradesh,Kullu,Kullu,Other,Fruits,1.6,3000,3400,3200,11 Oct 2022,2022-10-11 00:00:00
Himachal Pradesh,Una,Una,Medium,Fruits,11.8,2200,3000,2600,11 Oct 2022,2022-10-11 00:00:00
Himachal Pradesh,Una,Una,Medium,Fruits,12.6,2200,3000,2600,12 Oct 2022,2022-10-12 00:00:00
Himachal Pradesh,Mandi,Dhanotu (Mandi),Other,Fruits,4.0,2800,3000,2900,12 Oct 2022,2022-10-12 00:00:00
Himachal Pradesh,Kangra,Kangra,Other,Fruits,1.7,4000,4500,4250,12 Oct 2022,2022-10-12 00:00:00
Himachal Pradesh,Kullu,Kullu,Other,Fruits,2.0,3200,3400,3300,12 Oct 2022,2022-10-12 00:00:00
Himachal Pradesh,Solan,Solan,Other,Fruits,1.8,1700,2900,2400,12 Oct 2022,2022-10-12 00:00:00
Himachal Pradesh,Hamirpur,Hamirpur,Other,Fruits,1.2,2800,3000,2900,12 Oct 2022,2022-10-12 00:00:00
Himachal Pradesh,Mandi,Mandi(Mandi),Banana - Ripe,Fruits,6.1,4000,4800,4500,12 Oct 2022,2022-10-12 00:00:00
Himachal Pradesh,Hamirpur,Hamirpur(Nadaun),Other,Fruits,0.8,2800,3000,2900,12 Oct 2022,2022-10-12 00:00:00
Himachal Pradesh,Kangra,Palampur,Banana - Ripe,Fruits,2.0,3600,4200,3900,12 Oct 2022,2022-10-12 00:00:00
Himachal Pradesh,Kullu,Bhuntar,Other,Fruits,1.6,2880,3000,2940,12 Oct 2022,2022-10-12 00:00:00
Himachal Pradesh,Bilaspur,Bilaspur,Ordinary Big,Fruits,2.0,2000,2300,2100,13 Oct 2022,2022-10-13 00:00:00
Himachal Pradesh,Sirmore,Paonta Sahib,Other,Fruits,0.85,3500,4500,4000,13 Oct 2022,2022-10-13 00:00:00
Himachal Pradesh,Kullu,Bhuntar,Other,Fruits,1.8,3000,3120,3050,13 Oct 2022,2022-10-13 00:00:00
Himachal Pradesh,Kangra,Kangra(Jaisinghpur),Banana - Ripe,Fruits,0.2,3800,4200,4000,13 Oct 2022,2022-10-13 00:00:00
Himachal Pradesh,Kangra,Kangra,Other,Fruits,1.8,4000,4500,4250,13 Oct 2022,2022-10-13 00:00:00
Himachal Pradesh,Solan,Solan,Other,Fruits,1.4,1700,2900,2400,13 Oct 2022,2022-10-13 00:00:00
Himachal Pradesh,Mandi,Dhanotu (Mandi),Other,Fruits,3.2,3500,3500,3500,13 Oct 2022,2022-10-13 00:00:00
Himachal Pradesh,Kangra,Palampur,Banana - Ripe,Fruits,1.8,3500,4000,3750,13 Oct 2022,2022-10-13 00:00:00
Himachal Pradesh,Mandi,Mandi(Mandi),Banana - Ripe,Fruits,3.8,4300,4800,4500,13 Oct 2022,2022-10-13 00:00:00
Himachal Pradesh,Hamirpur,Hamirpur(Nadaun),Other,Fruits,0.75,2800,3000,2900,13 Oct 2022,2022-10-13 00:00:00
Himachal Pradesh,Kullu,Kullu,Other,Fruits,1.7,3200,3400,3300,13 Oct 2022,2022-10-13 00:00:00
Himachal Pradesh,Kullu,Bhuntar,Other,Fruits,2.0,3000,3120,3050,14 Oct 2022,2022-10-14 00:00:00
Himachal Pradesh,Hamirpur,Hamirpur,Other,Fruits,1.3,2800,3000,2900,14 Oct 2022,2022-10-14 00:00:00
Himachal Pradesh,Mandi,Mandi(Mandi),Banana - Ripe,Fruits,3.6,4300,5000,4500,14 Oct 2022,2022-10-14 00:00:00
Himachal Pradesh,Solan,Solan,Other,Fruits,1.6,1700,2900,2400,14 Oct 2022,2022-10-14 00:00:00
Himachal Pradesh,Una,Una,Medium,Fruits,8.8,2400,2800,2600,14 Oct 2022,2022-10-14 00:00:00
Himachal Pradesh,Kullu,Kullu,Other,Fruits,1.5,3200,3400,3300,14 Oct 2022,2022-10-14 00:00:00
Himachal Pradesh,Bilaspur,Bilaspur,Ordinary Big,Fruits,2.1,1800,2300,2000,14 Oct 2022,2022-10-14 00:00:00
Himachal Pradesh,Kangra,Kangra,Other,Fruits,2.0,4000,4500,4250,14 Oct 2022,2022-10-14 00:00:00
Himachal Pradesh,Kangra,Kangra(Jaisinghpur),Banana - Ripe,Fruits,0.1,3800,4200,4000,14 Oct 2022,2022-10-14 00:00:00
Himachal Pradesh,Kangra,Kangra(Nagrota Bagwan),Amruthapani,Fruits,0.2,3200,3400,3300,14 Oct 2022,2022-10-14 00:00:00
Himachal Pradesh,Solan,Solan,Other,Fruits,0.6,1700,2900,2400,15 Oct 2022,2022-10-15 00:00:00
Himachal Pradesh,Kullu,Kullu,Other,Fruits,1.9,3200,3400,3300,15 Oct 2022,2022-10-15 00:00:00
Himachal Pradesh,Hamirpur,Hamirpur(Nadaun),Other,Fruits,0.7,2800,3000,2900,15 Oct 2022,2022-10-15 00:00:00
Himachal Pradesh,Mandi,Mandi(Mandi),Banana - Ripe,Fruits,3.8,4200,4700,4500,15 Oct 2022,2022-10-15 00:00:00
Himachal Pradesh,Kangra,Palampur,Banana - Ripe,Fruits,2.0,3500,4000,3750,15 Oct 2022,2022-10-15 00:00:00
Himachal Pradesh,Kangra,Kangra,Other,Fruits,1.7,4000,4500,4250,15 Oct 2022,2022-10-15 00:00:00
Himachal Pradesh,Una,Una,Medium,Fruits,9.7,2200,2800,2500,15 Oct 2022,2022-10-15 00:00:00
Himachal Pradesh,Kullu,Bhuntar,Other,Fruits,1.6,2880,3000,2940,16 Oct 2022,2022-10-16 00:00:00
Himachal Pradesh,Kullu,Kullu,Other,Fruits,1.8,3200,3400,3300,17 Oct 2022,2022-10-17 00:00:00
Himachal Pradesh,Mandi,Mandi(Mandi),Banana - Ripe,Fruits,4.8,4300,5300,5000,17 Oct 2022,2022-10-17 00:00:00
Himachal Pradesh,Kangra,Kangra,Other,Fruits,2.0,4000,4500,4250,17 Oct 2022,2022-10-17 00:00:00
Himachal Pradesh,Kullu,Bhuntar,Other,Fruits,1.8,2880,3000,2940,17 Oct 2022,2022-10-17 00:00:00
Himachal Pradesh,Bilaspur,Bilaspur,Ordinary Big,Fruits,2.0,2000,2400,2200,17 Oct 2022,2022-10-17 00:00:00
Himachal Pradesh,Una,Una,Medium,Fruits,10.0,2400,3000,2700,17 Oct 2022,2022-10-17 00:00:00
Himachal Pradesh,Kangra,Kangra(Nagrota Bagwan),Amruthapani,Fruits,0.3,3200,3400,3300,17 Oct 2022,2022-10-17 00:00:00
Himachal Pradesh,Mandi,Dhanotu (Mandi),Other,Fruits,3.6,3500,4000,3750,17 Oct 2022,2022-10-17 00:00:00
Himachal Pradesh,Hamirpur,Hamirpur,Other,Fruits,1.2,2800,3000,2900,17 Oct 2022,2022-10-17 00:00:00
Himachal Pradesh,Hamirpur,Hamirpur(Nadaun),Other,Fruits,0.5,2800,3000,2900,17 Oct 2022,2022-10-17 00:00:00
Himachal Pradesh,Solan,Solan,Other,Fruits,1.4,1700,2900,2400,17 Oct 2022,2022-10-17 00:00:00
Himachal Pradesh,Mandi,Dhanotu (Mandi),Other,Fruits,4.0,3000,3500,3250,18 Oct 2022,2022-10-18 00:00:00
Himachal Pradesh,Kullu,Bhuntar,Other,Fruits,1.6,2880,3000,2940,18 Oct 2022,2022-10-18 00:00:00
Himachal Pradesh,Bilaspur,Bilaspur,Ordinary Big,Fruits,2.2,2300,2500,2400,18 Oct 2022,2022-10-18 00:00:00
Himachal Pradesh,Una,Una,Medium,Fruits,6.0,340,400,370,18 Oct 2022,2022-10-18 00:00:00
Himachal Pradesh,Mandi,Mandi(Mandi),Banana - Ripe,Fruits,1.6,2200,4500,4000,18 Oct 2022,2022-10-18 00:00:00
Himachal Pradesh,Kangra,Palampur,Banana - Ripe,Fruits,1.8,3500,4000,3750,18 Oct 2022,2022-10-18 00:00:00
Himachal Pradesh,Hamirpur,Hamirpur,Other,Fruits,1.3,2800,3000,2900,18 Oct 2022,2022-10-18 00:00:00
Himachal Pradesh,Hamirpur,Hamirpur(Nadaun),Other,Fruits,0.6,2800,3000,2900,18 Oct 2022,2022-10-18 00:00:00
Himachal Pradesh,Sirmore,Nahan,Other,Fruits,0.44,3000,3500,3250,18 Oct 2022,2022-10-18 00:00:00
Himachal Pradesh,Kullu,Kullu,Other,Fruits,1.5,3200,3400,3300,18 Oct 2022,2022-10-18 00:00:00
Himachal Pradesh,Kangra,Kangra(Baijnath),Banana - Ripe,Fruits,0.4,3000,3200,3000,18 Oct 2022,2022-10-18 00:00:00
Himachal Pradesh,Solan,Solan,Other,Fruits,0.1,1700,2900,2400,18 Oct 2022,2022-10-18 00:00:00
Himachal Pradesh,Bilaspur,Bilaspur,Ordinary Big,Fruits,2.0,2000,2300,2100,19 Oct 2022,2022-10-19 00:00:00
Himachal Pradesh,Mandi,Mandi(Mandi),Banana - Ripe,Fruits,2.0,3700,4500,4000,19 Oct 2022,2022-10-19 00:00:00
Himachal Pradesh,Una,Una,Medium,Fruits,7.9,2400,2800,2600,19 Oct 2022,2022-10-19 00:00:00
Himachal Pradesh,Kangra,Kangra(Baijnath),Banana - Ripe,Fruits,0.5,3000,3200,3000,19 Oct 2022,2022-10-19 00:00:00
Himachal Pradesh,Solan,Solan,Other,Fruits,1.4,1700,2900,2400,19 Oct 2022,2022-10-19 00:00:00
Himachal Pradesh,Kangra,Palampur,Banana - Ripe,Fruits,1.5,3500,4000,3750,19 Oct 2022,2022-10-19 00:00:00
Himachal Pradesh,Kangra,Kangra,Other,Fruits,1.8,4000,4500,4250,19 Oct 2022,2022-10-19 00:00:00
Himachal Pradesh,Sirmore,Paonta Sahib,Other,Fruits,0.74,3000,4000,3500,19 Oct 2022,2022-10-19 00:00:00
Himachal Pradesh,Kullu,Bhuntar,Other,Fruits,1.5,2880,3000,2940,19 Oct 2022,2022-10-19 00:00:00
Himachal Pradesh,Hamirpur,Hamirpur(Nadaun),Other,Fruits,0.8,2800,3000,2900,19 Oct 2022,2022-10-19 00:00:00
Himachal Pradesh,Kullu,Kullu,Other,Fruits,1.4,3200,3400,3300,19 Oct 2022,2022-10-19 00:00:00
Himachal Pradesh,Kangra,Kangra(Baijnath),Banana - Ripe,Fruits,0.4,3000,3200,3000,20 Oct 2022,2022-10-20 00:00:00
Himachal Pradesh,Kullu,Bhuntar,Other,Fruits,1.6,2880,3000,2940,20 Oct 2022,2022-10-20 00:00:00
Himachal Pradesh,Mandi,Mandi(Mandi),Banana - Ripe,Fruits,2.3,4000,4500,4200,20 Oct 2022,2022-10-20 00:00:00
Himachal Pradesh,Bilaspur,Bilaspur,Ordinary Big,Fruits,2.3,2100,2400,2200,20 Oct 2022,2022-10-20 00:00:00
Himachal Pradesh,Kangra,Kangra,Other,Fruits,2.1,3200,3400,3300,20 Oct 2022,2022-10-20 00:00:00
Himachal Pradesh,Kangra,Kangra(Nagrota Bagwan),Amruthapani,Fruits,0.2,3200,3400,3300,20 Oct 2022,2022-10-20 00:00:00
Himachal Pradesh,Solan,Solan,Other,Fruits,0.9,1700,2900,2400,20 Oct 2022,2022-10-20 00:00:00
Himachal Pradesh,Una,Una,Medium,Fruits,8.7,350,390,370,20 Oct 2022,2022-10-20 00:00:00
Himachal Pradesh,Hamirpur,Hamirpur(Nadaun),Other,Fruits,0.6,2800,2900,2850,20 Oct 2022,2022-10-20 00:00:00
Himachal Pradesh,Kullu,Kullu,Other,Fruits,1.8,3000,3200,3100,20 Oct 2022,2022-10-20 00:00:00
Himachal Pradesh,Hamirpur,Hamirpur,Other,Fruits,1.2,2800,2900,2850,20 Oct 2022,2022-10-20 00:00:00
Himachal Pradesh,Kangra,Palampur,Banana - Ripe,Fruits,1.8,3500,4000,3750,20 Oct 2022,2022-10-20 00:00:00
Himachal Pradesh,Mandi,Mandi(Mandi),Banana - Ripe,Fruits,2.8,4000,4500,4500,21 Oct 2022,2022-10-21 00:00:00
Himachal Pradesh,Kullu,Bhuntar,Other,Fruits,1.5,2880,3000,2940,21 Oct 2022,2022-10-21 00:00:00
Himachal Pradesh,Kangra,Kangra,Other,Fruits,1.7,3500,4000,3750,21 Oct 2022,2022-10-21 00:00:00
Himachal Pradesh,Kullu,Kullu,Other,Fruits,1.9,3000,3200,3100,21 Oct 2022,2022-10-21 00:00:00
Himachal Pradesh,Sirmore,Paonta Sahib,Other,Fruits,0.56,3000,4000,3500,21 Oct 2022,2022-10-21 00:00:00
Himachal Pradesh,Mandi,Dhanotu (Mandi),Other,Fruits,3.0,3000,3400,3200,21 Oct 2022,2022-10-21 00:00:00
Himachal Pradesh,Chamba,Chamba,Other,Fruits,1.65,3000,3500,3250,21 Oct 2022,2022-10-21 00:00:00
Himachal Pradesh,Una,Una,Medium,Fruits,8.8,2400,2800,2600,21 Oct 2022,2022-10-21 00:00:00
Himachal Pradesh,Kangra,Kangra(Baijnath),Banana - Ripe,Fruits,0.5,3000,3200,3000,21 Oct 2022,2022-10-21 00:00:00
Himachal Pradesh,Hamirpur,Hamirpur,Other,Fruits,1.3,2800,2900,2850,21 Oct 2022,2022-10-21 00:00:00
Himachal Pradesh,Kangra,Palampur,Banana - Ripe,Fruits,1.5,3500,4000,3750,21 Oct 2022,2022-10-21 00:00:00
Himachal Pradesh,Sirmore,Paonta Sahib,Other,Fruits,0.65,3000,4000,3500,22 Oct 2022,2022-10-22 00:00:00
Himachal Pradesh,Una,Una,Medium,Fruits,9.5,2600,3100,2800,22 Oct 2022,2022-10-22 00:00:00
Himachal Pradesh,Kangra,Palampur,Banana - Ripe,Fruits,1.8,3700,4500,4150,22 Oct 2022,2022-10-22 00:00:00
Himachal Pradesh,Kangra,Kangra(Nagrota Bagwan),Amruthapani,Fruits,0.3,3200,3600,3400,22 Oct 2022,2022-10-22 00:00:00
Himachal Pradesh,Kangra,Kangra(Baijnath),Banana - Ripe,Fruits,0.4,3000,3200,3000,22 Oct 2022,2022-10-22 00:00:00
Himachal Pradesh,Hamirpur,Hamirpur(Nadaun),Other,Fruits,0.8,2800,2900,2850,22 Oct 2022,2022-10-22 00:00:00
Himachal Pradesh,Kullu,Kullu,Other,Fruits,1.6,3200,3400,3300,22 Oct 2022,2022-10-22 00:00:00
Himachal Pradesh,Bilaspur,Bilaspur,Ordinary Big,Fruits,2.0,2200,2500,2300,22 Oct 2022,2022-10-22 00:00:00
Himachal Pradesh,Mandi,Mandi(Mandi),Banana - Ripe,Fruits,4.8,3800,4500,4000,22 Oct 2022,2022-10-22 00:00:00
Himachal Pradesh,Kangra,Kangra,Other,Fruits,2.0,3500,4000,3750,22 Oct 2022,2022-10-22 00:00:00
Himachal Pradesh,Kullu,Kullu,Other,Fruits,1.9,3200,3500,3220,23 Oct 2022,2022-10-23 00:00:00
Himachal Pradesh,Kullu,Bhuntar,Other,Fruits,1.3,2880,3000,2940,23 Oct 2022,2022-10-23 00:00:00
Himachal Pradesh,Bilaspur,Bilaspur,Ordinary Big,Fruits,2.2,1900,2500,2300,24 Oct 2022,2022-10-24 00:00:00
Himachal Pradesh,Mandi,Dhanotu (Mandi),Other,Fruits,4.4,3000,3800,3400,24 Oct 2022,2022-10-24 00:00:00
Himachal Pradesh,Kangra,Kangra,Other,Fruits,1.5,3500,4000,3750,24 Oct 2022,2022-10-24 00:00:00
Himachal Pradesh,Kullu,Bhuntar,Other,Fruits,1.6,2880,3000,2940,24 Oct 2022,2022-10-24 00:00:00
Himachal Pradesh,Kullu,Kullu,Other,Fruits,1.5,3200,3500,3300,24 Oct 2022,2022-10-24 00:00:00
Himachal Pradesh,Kullu,Kullu,Other,Fruits,1.2,3200,3500,3300,25 Oct 2022,2022-10-25 00:00:00
Himachal Pradesh,Mandi,Mandi(Mandi),Banana - Ripe,Fruits,0.4,4000,5000,4500,25 Oct 2022,2022-10-25 00:00:00
Himachal Pradesh,Una,Una,Medium,Fruits,7.1,2600,3200,2900,25 Oct 2022,2022-10-25 00:00:00
Himachal Pradesh,Mandi,Mandi(Mandi),Banana - Ripe,Fruits,3.6,4000,5500,5000,26 Oct 2022,2022-10-26 00:00:00
Himachal Pradesh,Una,Una,Medium,Fruits,8.6,2600,3000,2800,26 Oct 2022,2022-10-26 00:00:00
Himachal Pradesh,Kullu,Kullu,Other,Fruits,1.4,3300,3500,3400,26 Oct 2022,2022-10-26 00:00:00
Himachal Pradesh,Chamba,Chamba,Other,Fruits,2.7,3000,3200,3100,26 Oct 2022,2022-10-26 00:00:00
Himachal Pradesh,Kullu,Bhuntar,Other,Fruits,1.5,2880,3000,2940,26 Oct 2022,2022-10-26 00:00:00
Himachal Pradesh,Kangra,Palampur,Banana - Ripe,Fruits,1.6,3700,4500,4150,26 Oct 2022,2022-10-26 00:00:00
Himachal Pradesh,Mandi,Dhanotu (Mandi),Other,Fruits,3.5,3500,4000,3750,26 Oct 2022,2022-10-26 00:00:00
Himachal Pradesh,Solan,Solan,Other,Fruits,0.7,1700,2900,2400,27 Oct 2022,2022-10-27 00:00:00
Himachal Pradesh,Kangra,Kangra(Baijnath),Banana - Ripe,Fruits,0.5,3000,3000,3000,27 Oct 2022,2022-10-27 00:00:00
Himachal Pradesh,Kangra,Kangra,Other,Fruits,1.8,4000,4500,4250,27 Oct 2022,2022-10-27 00:00:00
Himachal Pradesh,Sirmore,Nahan,Other,Fruits,0.4,3000,0,3500,27 Oct 2022,2022-10-27 00:00:00
Himachal Pradesh,Hamirpur,Hamirpur(Nadaun),Other,Fruits,1.0,2500,3000,2750,27 Oct 2022,2022-10-27 00:00:00
Himachal Pradesh,Sirmore,Paonta Sahib,Other,Fruits,0.95,3000,4000,3500,27 Oct 2022,2022-10-27 00:00:00
Himachal Pradesh,Una,Una,Other,Fruits,8.1,2000,2800,2400,27 Oct 2022,2022-10-27 00:00:00
Himachal Pradesh,Chamba,Chamba,Other,Fruits,0.1,3000,3500,3250,27 Oct 2022,2022-10-27 00:00:00
Himachal Pradesh,Mandi,Mandi(Mandi),Banana - Ripe,Fruits,2.7,2800,4400,4000,27 Oct 2022,2022-10-27 00:00:00
Himachal Pradesh,Kangra,Palampur,Banana - Ripe,Fruits,1.5,3700,4500,4150,27 Oct 2022,2022-10-27 00:00:00
Himachal Pradesh,Kangra,Kangra(Jaisinghpur),Banana - Ripe,Fruits,0.2,3800,4800,4300,27 Oct 2022,2022-10-27 00:00:00
Himachal Pradesh,Kullu,Kullu,Other,Fruits,1.8,3200,3500,3300,27 Oct 2022,2022-10-27 00:00:00
Himachal Pradesh,Una,Una,Medium,Fruits,8.8,2500,2700,2600,28 Oct 2022,2022-10-28 00:00:00
Himachal Pradesh,Mandi,Dhanotu (Mandi),Other,Fruits,3.3,3500,4000,3750,28 Oct 2022,2022-10-28 00:00:00
Himachal Pradesh,Kangra,Kangra,Other,Fruits,1.9,3500,4000,3750,28 Oct 2022,2022-10-28 00:00:00
Himachal Pradesh,Chamba,Chamba,Other,Fruits,3.4,3000,3500,3250,28 Oct 2022,2022-10-28 00:00:00
Himachal Pradesh,Sirmore,Nahan,Other,Fruits,0.35,3000,3500,3250,28 Oct 2022,2022-10-28 00:00:00
Himachal Pradesh,Kullu,Kullu,Other,Fruits,1.7,3200,3500,3400,28 Oct 2022,2022-10-28 00:00:00
Himachal Pradesh,Kangra,Palampur,Banana - Ripe,Fruits,1.2,3700,4500,4100,28 Oct 2022,2022-10-28 00:00:00
Himachal Pradesh,Mandi,Mandi(Mandi),Banana - Ripe,Fruits,4.0,4000,5600,5000,28 Oct 2022,2022-10-28 00:00:00
Himachal Pradesh,Sirmore,Paonta Sahib,Other,Fruits,0.78,2800,3500,3200,28 Oct 2022,2022-10-28 00:00:00
Himachal Pradesh,Kangra,Kangra(Jaisinghpur),Banana - Ripe,Fruits,0.1,3800,4800,4300,28 Oct 2022,2022-10-28 00:00:00
Himachal Pradesh,Kangra,Kangra(Nagrota Bagwan),Amruthapani,Fruits,0.2,3400,3600,3500,28 Oct 2022,2022-10-28 00:00:00
Himachal Pradesh,Kangra,Palampur,Banana - Ripe,Fruits,1.6,3700,4500,4100,29 Oct 2022,2022-10-29 00:00:00
Himachal Pradesh,Sirmore,Nahan,Other,Fruits,0.5,3000,0,3200,29 Oct 2022,2022-10-29 00:00:00
Himachal Pradesh,Mandi,Mandi(Mandi),Banana - Ripe,Fruits,3.4,4000,5000,4500,29 Oct 2022,2022-10-29 00:00:00
Himachal Pradesh,Sirmore,Paonta Sahib,Other,Fruits,0.85,300000,400000,350000,29 Oct 2022,2022-10-29 00:00:00
Himachal Pradesh,Mandi,Dhanotu (Mandi),Other,Fruits,3.5,4000,4000,4000,29 Oct 2022,2022-10-29 00:00:00
Himachal Pradesh,Kangra,Kangra(Baijnath),Banana - Ripe,Fruits,0.4,3000,3000,3000,29 Oct 2022,2022-10-29 00:00:00
Himachal Pradesh,Una,Una,Medium,Fruits,9.0,2400,2700,2550,29 Oct 2022,2022-10-29 00:00:00
Himachal Pradesh,Solan,Solan,Other,Fruits,0.8,1700,2700,2100,29 Oct 2022,2022-10-29 00:00:00
Himachal Pradesh,Kangra,Kangra(Nagrota Bagwan),Amruthapani,Fruits,0.3,3200,3400,3300,29 Oct 2022,2022-10-29 00:00:00
Himachal Pradesh,Kullu,Kullu,Other,Fruits,1.8,3000,3400,3220,30 Oct 2022,2022-10-30 00:00:00
Himachal Pradesh,Kullu,Kullu,Other,Fruits,2.0,3200,3400,3300,31 Oct 2022,2022-10-31 00:00:00
Himachal Pradesh,Kangra,Palampur,Banana - Ripe,Fruits,1.8,3700,4500,4100,31 Oct 2022,2022-10-31 00:00:00
Himachal Pradesh,Kangra,Kangra,Other,Fruits,2.0,4000,4500,4250,31 Oct 2022,2022-10-31 00:00:00
Himachal Pradesh,Bilaspur,Bilaspur,Ordinary Big,Fruits,2.0,2000,2500,2200,31 Oct 2022,2022-10-31 00:00:00
Himachal Pradesh,Solan,Solan,Other,Fruits,1.5,1700,2700,2100,31 Oct 2022,2022-10-31 00:00:00
Himachal Pradesh,Kangra,Kangra(Jaisinghpur),Banana - Ripe,Fruits,0.2,3800,4800,4300,31 Oct 2022,2022-10-31 00:00:00
Himachal Pradesh,Hamirpur,Hamirpur(Nadaun),Other,Fruits,0.7,2650,2800,2700,31 Oct 2022,2022-10-31 00:00:00
Himachal Pradesh,Mandi,Mandi(Mandi),Banana - Ripe,Fruits,4.2,3800,5000,4500,31 Oct 2022,2022-10-31 00:00:00
Himachal Pradesh,Hamirpur,Hamirpur,Other,Fruits,1.2,2650,2750,2700,31 Oct 2022,2022-10-31 00:00:00
Himachal Pradesh,Mandi,Dhanotu (Mandi),Other,Fruits,3.8,3500,4000,3750,31 Oct 2022,2022-10-31 00:00:00
Himachal Pradesh,Una,Una,Medium,Fruits,7.4,2100,2600,2300,31 Oct 2022,2022-10-31 00:00:00
Himachal Pradesh,Kangra,Kangra(Baijnath),Banana - Ripe,Fruits,0.3,3000,3200,3000,31 Oct 2022,2022-10-31 00:00:00
Himachal Pradesh,Chamba,Chamba,Other,Fruits,1.65,3000,3500,3250,31 Oct 2022,2022-10-31 00:00:00
Himachal Pradesh,Kullu,Bhuntar,Other,Fruits,1.6,2820,2880,2860,31 Oct 2022,2022-10-31 00:00:00
Himachal Pradesh,Kullu,Bhuntar,Other,Fruits,1.3,2820,2880,2860,01 Nov 2022,2022-11-01 00:00:00
Himachal Pradesh,Bilaspur,Bilaspur,Ordinary Big,Fruits,2.0,1900,2200,2000,01 Nov 2022,2022-11-01 00:00:00
Himachal Pradesh,Chamba,Chamba,Other,Fruits,1.65,3000,3500,3250,01 Nov 2022,2022-11-01 00:00:00
Himachal Pradesh,Mandi,Dhanotu (Mandi),Other,Fruits,3.6,2500,3800,3150,01 Nov 2022,2022-11-01 00:00:00
Himachal Pradesh,Hamirpur,Hamirpur,Other,Fruits,1.2,2800,2900,2850,01 Nov 2022,2022-11-01 00:00:00
Himachal Pradesh,Kangra,Kangra,Other,Fruits,1.7,3500,4000,3750,01 Nov 2022,2022-11-01 00:00:00
Himachal Pradesh,Kangra,Kangra(Baijnath),Banana - Ripe,Fruits,0.4,2700,3000,3000,01 Nov 2022,2022-11-01 00:00:00
Himachal Pradesh,Kangra,Kangra(Jaisinghpur),Banana - Ripe,Fruits,0.2,3800,4800,4300,01 Nov 2022,2022-11-01 00:00:00
Himachal Pradesh,Kullu,Kullu,Other,Fruits,2.5,3000,3200,3100,01 Nov 2022,2022-11-01 00:00:00
Himachal Pradesh,Mandi,Mandi(Mandi),Banana - Ripe,Fruits,2.0,4000,4500,4200,01 Nov 2022,2022-11-01 00:00:00
Himachal Pradesh,Sirmore,Nahan,Other,Fruits,0.52,3000,4000,3500,01 Nov 2022,2022-11-01 00:00:00
Himachal Pradesh,Kangra,Palampur,Banana - Ripe,Fruits,1.5,3700,4500,4100,01 Nov 2022,2022-11-01 00:00:00
Himachal Pradesh,Sirmore,Paonta Sahib,Other,Fruits,0.74,3000,4000,3500,01 Nov 2022,2022-11-01 00:00:00
Himachal Pradesh,Una,Una,Other,Fruits,7.1,2000,2600,2400,01 Nov 2022,2022-11-01 00:00:00
NCT of Delhi,Delhi,Azadpur,Khandesh,Fruits,47.1,1200,1700,1600,01 Nov 2022,2022-11-01 00:00:00
Odisha,Gajapati,Kasinagar,Banana - Ripe,Fruits,5.0,2500,3000,3000,01 Nov 2022,2022-11-01 00:00:00
Odisha,Gajapati,Parlakhemundi,Other,Fruits,5.0,2500,3000,3000,01 Nov 2022,2022-11-01 00:00:00
West Bengal,Kolkata,Mechua,Other,Fruits,304.7,2200,2400,2200,01 Nov 2022,2022-11-01 00:00:00
West Bengal,Kolkata,Mechua,Other,Fruits,304.7,1800,2000,1800,01 Nov 2022,2022-11-01 00:00:00
West Bengal,Kolkata,Mechua,Other,Fruits,304.7,1200,1400,1400,01 Nov 2022,2022-11-01 00:00:00
West Bengal,Darjeeling,Siliguri,Other,Fruits,46.0,2200,2400,2300,01 Nov 2022,2022-11-01 00:00:00
West Bengal,Darjeeling,Siliguri,Other,Fruits,46.0,2100,2300,2200,01 Nov 2022,2022-11-01 00:00:00
West Bengal,Darjeeling,Siliguri,Other,Fruits,46.0,1900,2100,2000,01 Nov 2022,2022-11-01 00:00:00
Himachal Pradesh,Kullu,Bhuntar,Other,Fruits,1.5,2820,2880,2850,02 Nov 2022,2022-11-02 00:00:00
Himachal Pradesh,Bilaspur,Bilaspur,Ordinary Big,Fruits,2.2,2000,2500,2200,02 Nov 2022,2022-11-02 00:00:00
Himachal Pradesh,Mandi,Dhanotu (Mandi),Other,Fruits,3.4,350,4000,3750,02 Nov 2022,2022-11-02 00:00:00
Himachal Pradesh,Hamirpur,Hamirpur,Other,Fruits,1.3,2800,2900,2850,02 Nov 2022,2022-11-02 00:00:00
Himachal Pradesh,Hamirpur,Hamirpur(Nadaun),Other,Fruits,0.7,2800,2900,2850,02 Nov 2022,2022-11-02 00:00:00
Himachal Pradesh,Kangra,Kangra,Other,Fruits,2.0,3500,4000,3750,02 Nov 2022,2022-11-02 00:00:00
Himachal Pradesh,Kangra,Kangra(Jaisinghpur),Banana - Ripe,Fruits,0.1,3200,3600,3400,02 Nov 2022,2022-11-02 00:00:00
Himachal Pradesh,Kullu,Kullu,Other,Fruits,2.0,3000,3200,3100,02 Nov 2022,2022-11-02 00:00:00
Himachal Pradesh,Mandi,Mandi(Mandi),Banana - Ripe,Fruits,2.9,3800,4500,4200,02 Nov 2022,2022-11-02 00:00:00
Himachal Pradesh,Kangra,Palampur,Banana - Ripe,Fruits,1.0,3000,3500,3250,02 Nov 2022,2022-11-02 00:00:00
Himachal Pradesh,Sirmore,Paonta Sahib,Other,Fruits,0.65,3000,4000,3500,02 Nov 2022,2022-11-02 00:00:00
Himachal Pradesh,Solan,Solan,Other,Fruits,1.1,1700,2700,2100,02 Nov 2022,2022-11-02 00:00:00
Himachal Pradesh,Una,Una,Other,Fruits,7.6,2000,2400,2200,02 Nov 2022,2022-11-02 00:00:00
NCT of Delhi,Delhi,Azadpur,Khandesh,Fruits,4.9,1300,1600,1500,02 Nov 2022,2022-11-02 00:00:00
Odisha,Gajapati,Parlakhemundi,Other,Fruits,5.0,2500,3000,3000,02 Nov 2022,2022-11-02 00:00:00
West Bengal,Kolkata,Mechua,Other,Fruits,304.2,2200,2400,2200,02 Nov 2022,2022-11-02 00:00:00
West Bengal,Kolkata,Mechua,Other,Fruits,304.2,1800,2000,1800,02 Nov 2022,2022-11-02 00:00:00
West Bengal,Kolkata,Mechua,Other,Fruits,304.2,1200,1400,1400,02 Nov 2022,2022-11-02 00:00:00
West Bengal,Darjeeling,Siliguri,Other,Fruits,47.0,2300,2500,2400,02 Nov 2022,2022-11-02 00:00:00
West Bengal,Darjeeling,Siliguri,Other,Fruits,47.0,2100,2300,2200,02 Nov 2022,2022-11-02 00:00:00
West Bengal,Darjeeling,Siliguri,Other,Fruits,47.0,1900,2100,2000,02 Nov 2022,2022-11-02 00:00:00
Himachal Pradesh,Kullu,Bhuntar,Other,Fruits,1.6,2820,2880,2850,03 Nov 2022,2022-11-03 00:00:00
Himachal Pradesh,Chamba,Chamba,Other,Fruits,1.65,3000,3500,3250,03 Nov 2022,2022-11-03 00:00:00
Himachal Pradesh,Mandi,Dhanotu (Mandi),Other,Fruits,3.2,3500,4000,3750,03 Nov 2022,2022-11-03 00:00:00
Himachal Pradesh,Kangra,Kangra,Other,Fruits,1.8,3500,4000,3750,03 Nov 2022,2022-11-03 00:00:00
Himachal Pradesh,Kangra,Kangra(Jaisinghpur),Banana - Ripe,Fruits,0.2,3200,3600,3400,03 Nov 2022,2022-11-03 00:00:00
Himachal Pradesh,Kullu,Kullu,Other,Fruits,1.8,3000,3200,3100,03 Nov 2022,2022-11-03 00:00:00
Himachal Pradesh,Mandi,Mandi(Mandi),Banana - Ripe,Fruits,2.4,4200,4400,4300,03 Nov 2022,2022-11-03 00:00:00
Himachal Pradesh,Kangra,Palampur,Banana - Ripe,Fruits,1.5,3000,3500,3250,03 Nov 2022,2022-11-03 00:00:00
Himachal Pradesh,Solan,Solan,Other,Fruits,1.3,1700,2700,2100,03 Nov 2022,2022-11-03 00:00:00
Himachal Pradesh,Una,Una,Medium,Fruits,8.4,2400,2800,2600,03 Nov 2022,2022-11-03 00:00:00
NCT of Delhi,Delhi,Azadpur,Khandesh,Fruits,3.7,1300,1600,1500,03 Nov 2022,2022-11-03 00:00:00
Odisha,Gajapati,Parlakhemundi,Other,Fruits,5.0,2500,3000,3000,03 Nov 2022,2022-11-03 00:00:00
West Bengal,Kolkata,Mechua,Other,Fruits,304.6,2200,2400,2200,03 Nov 2022,2022-11-03 00:00:00
West Bengal,Kolkata,Mechua,Other,Fruits,304.6,1800,2000,1800,03 Nov 2022,2022-11-03 00:00:00
West Bengal,Kolkata,Mechua,Other,Fruits,304.6,1200,1400,1400,03 Nov 2022,2022-11-03 00:00:00
West Bengal,Darjeeling,Siliguri,Other,Fruits,47.0,2300,2500,2400,03 Nov 2022,2022-11-03 00:00:00
West Bengal,Darjeeling,Siliguri,Other,Fruits,47.0,2100,2300,2200,03 Nov 2022,2022-11-03 00:00:00
West Bengal,Darjeeling,Siliguri,Other,Fruits,47.0,1900,2100,2000,03 Nov 2022,2022-11-03 00:00:00
Himachal Pradesh,Kullu,Bhuntar,Other,Fruits,1.3,2820,2880,2850,04 Nov 2022,2022-11-04 00:00:00
Himachal Pradesh,Bilaspur,Bilaspur,Ordinary Big,Fruits,2.0,2300,2800,2500,04 Nov 2022,2022-11-04 00:00:00
Himachal Pradesh,Mandi,Dhanotu (Mandi),Other,Fruits,3.6,3500,4000,3750,04 Nov 2022,2022-11-04 00:00:00
Himachal Pradesh,Hamirpur,Hamirpur,Other,Fruits,1.2,2800,3000,2900,04 Nov 2022,2022-11-04 00:00:00
Himachal Pradesh,Hamirpur,Hamirpur(Nadaun),Other,Fruits,0.8,2800,3000,2900,04 Nov 2022,2022-11-04 00:00:00
Himachal Pradesh,Kangra,Kangra,Other,Fruits,2.0,3500,4000,3750,04 Nov 2022,2022-11-04 00:00:00
Himachal Pradesh,Kangra,Kangra(Jaisinghpur),Banana - Ripe,Fruits,0.1,3200,3600,3400,04 Nov 2022,2022-11-04 00:00:00
Himachal Pradesh,Kullu,Kullu,Other,Fruits,1.5,3200,3500,3300,04 Nov 2022,2022-11-04 00:00:00
Himachal Pradesh,Mandi,Mandi(Mandi),Banana - Ripe,Fruits,2.3,4200,4400,4200,04 Nov 2022,2022-11-04 00:00:00
Himachal Pradesh,Kangra,Palampur,Banana - Ripe,Fruits,1.4,3000,3500,3250,04 Nov 2022,2022-11-04 00:00:00
Himachal Pradesh,Sirmore,Paonta Sahib,Other,Fruits,0.75,4000,5000,4500,04 Nov 2022,2022-11-04 00:00:00
Himachal Pradesh,Solan,Solan,Other,Fruits,0.7,1700,2700,2100,04 Nov 2022,2022-11-04 00:00:00
Himachal Pradesh,Una,Una,Medium,Fruits,7.9,2400,2600,2500,04 Nov 2022,2022-11-04 00:00:00
NCT of Delhi,Delhi,Azadpur,Khandesh,Fruits,11.3,1300,1600,1500,04 Nov 2022,2022-11-04 00:00:00
Odisha,Gajapati,Kasinagar,Banana - Ripe,Fruits,5.0,2500,3000,3000,04 Nov 2022,2022-11-04 00:00:00
Odisha,Gajapati,Parlakhemundi,Other,Fruits,5.0,2500,3000,3000,04 Nov 2022,2022-11-04 00:00:00
West Bengal,Kolkata,Mechua,Other,Fruits,310.0,1800,2200,2000,04 Nov 2022,2022-11-04 00:00:00
West Bengal,Kolkata,Mechua,Other,Fruits,310.0,1400,1600,1500,04 Nov 2022,2022-11-04 00:00:00
West Bengal,Kolkata,Mechua,Other,Fruits,310.0,1200,1240,1200,04 Nov 2022,2022-11-04 00:00:00
West Bengal,Darjeeling,Siliguri,Other,Fruits,48.0,2300,2500,2400,04 Nov 2022,2022-11-04 00:00:00
West Bengal,Darjeeling,Siliguri,Other,Fruits,48.0,2100,2300,2200,04 Nov 2022,2022-11-04 00:00:00
West Bengal,Darjeeling,Siliguri,Other,Fruits,48.0,2000,2200,2100,04 Nov 2022,2022-11-04 00:00:00
Himachal Pradesh,Chamba,Chamba,Other,Fruits,1.65,3000,3500,3250,05 Nov 2022,2022-11-05 00:00:00
Himachal Pradesh,Mandi,Dhanotu (Mandi),Other,Fruits,3.2,4000,4000,4000,05 Nov 2022,2022-11-05 00:00:00
Himachal Pradesh,Hamirpur,Hamirpur,Other,Fruits,1.1,2900,3100,3000,05 Nov 2022,2022-11-05 00:00:00
Himachal Pradesh,Hamirpur,Hamirpur(Nadaun),Other,Fruits,0.8,2900,3100,3000,05 Nov 2022,2022-11-05 00:00:00
Himachal Pradesh,Kangra,Kangra,Other,Fruits,2.0,3500,4000,3750,05 Nov 2022,2022-11-05 00:00:00
Himachal Pradesh,Kangra,Kangra(Jaisinghpur),Banana - Ripe,Fruits,0.2,3200,3600,3400,05 Nov 2022,2022-11-05 00:00:00
Himachal Pradesh,Kullu,Kullu,Other,Fruits,2.4,3300,3500,3400,05 Nov 2022,2022-11-05 00:00:00
Himachal Pradesh,Kangra,Palampur,Banana - Ripe,Fruits,1.8,3000,3500,3250,05 Nov 2022,2022-11-05 00:00:00
Himachal Pradesh,Solan,Solan,Other,Fruits,1.1,1700,2700,2100,05 Nov 2022,2022-11-05 00:00:00
NCT of Delhi,Delhi,Azadpur,Khandesh,Fruits,12.0,1300,1600,1500,05 Nov 2022,2022-11-05 00:00:00
Odisha,Gajapati,Parlakhemundi,Other,Fruits,5.0,1500,3000,3000,05 Nov 2022,2022-11-05 00:00:00
West Bengal,Kolkata,Mechua,Other,Fruits,303.4,2000,2200,2200,05 Nov 2022,2022-11-05 00:00:00
West Bengal,Kolkata,Mechua,Other,Fruits,303.4,1400,1600,1600,05 Nov 2022,2022-11-05 00:00:00
West Bengal,Kolkata,Mechua,Other,Fruits,303.4,1200,1400,1400,05 Nov 2022,2022-11-05 00:00:00
Himachal Pradesh,Kullu,Bhuntar,Other,Fruits,1.5,2820,2880,2850,06 Nov 2022,2022-11-06 00:00:00
Himachal Pradesh,Kullu,Kullu,Other,Fruits,1.7,3200,3500,3300,06 Nov 2022,2022-11-06 00:00:00
Odisha,Gajapati,Parlakhemundi,Other,Fruits,5.0,2500,3000,3000,06 Nov 2022,2022-11-06 00:00:00
West Bengal,Kolkata,Mechua,Other,Fruits,302.8,1800,2200,2000,06 Nov 2022,2022-11-06 00:00:00
West Bengal,Kolkata,Mechua,Other,Fruits,302.8,1400,1600,1400,06 Nov 2022,2022-11-06 00:00:00
West Bengal,Kolkata,Mechua,Other,Fruits,302.8,1000,1200,1200,06 Nov 2022,2022-11-06 00:00:00
Himachal Pradesh,Kullu,Bhuntar,Other,Fruits,1.3,2820,2880,2850,07 Nov 2022,2022-11-07 00:00:00
Himachal Pradesh,Bilaspur,Bilaspur,Ordinary Big,Fruits,2.0,2000,2700,2200,07 Nov 2022,2022-11-07 00:00:00
Himachal Pradesh,Chamba,Chamba,Other,Fruits,1.65,3000,3500,3250,07 Nov 2022,2022-11-07 00:00:00
Himachal Pradesh,Mandi,Dhanotu (Mandi),Other,Fruits,4.0,3600,4000,3800,07 Nov 2022,2022-11-07 00:00:00
Himachal Pradesh,Hamirpur,Hamirpur,Other,Fruits,1.2,2500,2650,2550,07 Nov 2022,2022-11-07 00:00:00
Himachal Pradesh,Hamirpur,Hamirpur(Nadaun),Other,Fruits,0.68,2550,2650,2600,07 Nov 2022,2022-11-07 00:00:00
Himachal Pradesh,Kangra,Kangra,Other,Fruits,2.0,3500,4000,3750,07 Nov 2022,2022-11-07 00:00:00
Himachal Pradesh,Kangra,Kangra(Baijnath),Banana - Ripe,Fruits,0.5,2800,3000,3000,07 Nov 2022,2022-11-07 00:00:00
Himachal Pradesh,Kangra,Kangra(Jaisinghpur),Banana - Ripe,Fruits,0.2,3200,3600,3400,07 Nov 2022,2022-11-07 00:00:00
Himachal Pradesh,Kullu,Kullu,Other,Fruits,2.0,3500,3700,3600,07 Nov 2022,2022-11-07 00:00:00
Himachal Pradesh,Mandi,Mandi(Mandi),Banana - Ripe,Fruits,4.8,4000,4400,4200,07 Nov 2022,2022-11-07 00:00:00
Himachal Pradesh,Kangra,Palampur,Banana - Ripe,Fruits,1.6,3000,3500,3250,07 Nov 2022,2022-11-07 00:00:00
Himachal Pradesh,Sirmore,Paonta Sahib,Other,Fruits,0.8,4000,5000,4500,07 Nov 2022,2022-11-07 00:00:00
Himachal Pradesh,Solan,Solan,Other,Fruits,1.3,1700,2700,2100,07 Nov 2022,2022-11-07 00:00:00
Himachal Pradesh,Una,Una,Medium,Fruits,10.9,2400,2600,2500,07 Nov 2022,2022-11-07 00:00:00
NCT of Delhi,Delhi,Azadpur,Khandesh,Fruits,2.1,1300,1600,1500,07 Nov 2022,2022-11-07 00:00:00
Odisha,Gajapati,Kasinagar,Banana - Ripe,Fruits,5.0,2500,3000,3000,07 Nov 2022,2022-11-07 00:00:00
Odisha,Gajapati,Parlakhemundi,Other,Fruits,5.0,3000,4000,4000,07 Nov 2022,2022-11-07 00:00:00
West Bengal,Kolkata,Mechua,Other,Fruits,302.0,1800,2200,2000,07 Nov 2022,2022-11-07 00:00:00
West Bengal,Kolkata,Mechua,Other,Fruits,302.0,1400,1600,1400,07 Nov 2022,2022-11-07 00:00:00
West Bengal,Kolkata,Mechua,Other,Fruits,302.0,1000,1200,1200,07 Nov 2022,2022-11-07 00:00:00
West Bengal,Darjeeling,Siliguri,Other,Fruits,46.0,2300,2500,2400,07 Nov 2022,2022-11-07 00:00:00
West Bengal,Darjeeling,Siliguri,Other,Fruits,46.0,2200,2400,2300,07 Nov 2022,2022-11-07 00:00:00
West Bengal,Darjeeling,Siliguri,Other,Fruits,46.0,2100,2300,2200,07 Nov 2022,2022-11-07 00:00:00
Himachal Pradesh,Kullu,Bhuntar,Other,Fruits,1.5,2820,2880,2850,08 Nov 2022,2022-11-08 00:00:00
Himachal Pradesh,Bilaspur,Bilaspur,Ordinary Big,Fruits,2.3,2300,2600,2500,08 Nov 2022,2022-11-08 00:00:00
Himachal Pradesh,Mandi,Dhanotu (Mandi),Other,Fruits,4.2,4000,4500,4250,08 Nov 2022,2022-11-08 00:00:00
Himachal Pradesh,Hamirpur,Hamirpur,Other,Fruits,1.2,2800,2900,2850,08 Nov 2022,2022-11-08 00:00:00
Himachal Pradesh,Hamirpur,Hamirpur(Nadaun),Other,Fruits,0.8,2800,2900,2850,08 Nov 2022,2022-11-08 00:00:00
Himachal Pradesh,Kangra,Kangra(Baijnath),Banana - Ripe,Fruits,0.5,2900,3000,3000,08 Nov 2022,2022-11-08 00:00:00
Himachal Pradesh,Kullu,Kullu,Other,Fruits,1.1,3200,3500,3300,08 Nov 2022,2022-11-08 00:00:00
Himachal Pradesh,Mandi,Mandi(Mandi),Banana - Ripe,Fruits,2.3,4000,4500,4200,08 Nov 2022,2022-11-08 00:00:00
Himachal Pradesh,Una,Una,Medium,Fruits,7.8,2400,2800,2600,08 Nov 2022,2022-11-08 00:00:00
NCT of Delhi,Delhi,Azadpur,Khandesh,Fruits,3.1,1300,1600,1500,08 Nov 2022,2022-11-08 00:00:00
West Bengal,Kolkata,Mechua,Other,Fruits,302.4,1800,2200,2000,08 Nov 2022,2022-11-08 00:00:00
West Bengal,Kolkata,Mechua,Other,Fruits,302.4,1400,1600,1400,08 Nov 2022,2022-11-08 00:00:00
West Bengal,Kolkata,Mechua,Other,Fruits,302.4,1000,1200,1200,08 Nov 2022,2022-11-08 00:00:00
Himachal Pradesh,Kullu,Bhuntar,Other,Fruits,1.3,2820,2880,2850,09 Nov 2022,2022-11-09 00:00:00
Himachal Pradesh,Bilaspur,Bilaspur,Ordinary Big,Fruits,2.3,2100,2700,2500,09 Nov 2022,2022-11-09 00:00:00
Himachal Pradesh,Chamba,Chamba,Other,Fruits,1.65,3000,3500,3250,09 Nov 2022,2022-11-09 00:00:00
Himachal Pradesh,Mandi,Dhanotu (Mandi),Other,Fruits,3.9,4000,4500,4250,09 Nov 2022,2022-11-09 00:00:00
Himachal Pradesh,Hamirpur,Hamirpur,Other,Fruits,1.4,2500,2900,2850,09 Nov 2022,2022-11-09 00:00:00
Himachal Pradesh,Hamirpur,Hamirpur(Nadaun),Other,Fruits,0.8,2800,2900,2850,09 Nov 2022,2022-11-09 00:00:00
Himachal Pradesh,Kangra,Kangra,Other,Fruits,2.0,3500,4000,3750,09 Nov 2022,2022-11-09 00:00:00
Himachal Pradesh,Kangra,Kangra(Baijnath),Banana - Ripe,Fruits,0.5,2800,3000,3000,09 Nov 2022,2022-11-09 00:00:00
Himachal Pradesh,Kangra,Kangra(Jaisinghpur),Banana - Ripe,Fruits,0.2,3200,3600,3400,09 Nov 2022,2022-11-09 00:00:00
Himachal Pradesh,Kullu,Kullu,Other,Fruits,1.8,3500,3700,3600,09 Nov 2022,2022-11-09 00:00:00
Himachal Pradesh,Mandi,Mandi(Mandi),Banana - Ripe,Fruits,2.6,4000,4500,4200,09 Nov 2022,2022-11-09 00:00:00
Himachal Pradesh,Kangra,Palampur,Banana - Ripe,Fruits,1.0,3000,3500,3250,09 Nov 2022,2022-11-09 00:00:00
Himachal Pradesh,Sirmore,Paonta Sahib,Other,Fruits,0.74,4000,5000,4500,09 Nov 2022,2022-11-09 00:00:00
Himachal Pradesh,Solan,Solan,Other,Fruits,0.8,1700,2700,2100,09 Nov 2022,2022-11-09 00:00:00
Himachal Pradesh,Una,Una,Other,Fruits,8.3,2300,2600,2400,09 Nov 2022,2022-11-09 00:00:00
NCT of Delhi,Delhi,Azadpur,Khandesh,Fruits,2.9,1300,1600,1500,09 Nov 2022,2022-11-09 00:00:00
Odisha,Gajapati,Parlakhemundi,Other,Fruits,5.0,2500,3000,3000,09 Nov 2022,2022-11-09 00:00:00
West Bengal,Kolkata,Mechua,Other,Fruits,302.0,1600,2000,1800,09 Nov 2022,2022-11-09 00:00:00
West Bengal,Kolkata,Mechua,Other,Fruits,302.0,1200,1400,1400,09 Nov 2022,2022-11-09 00:00:00
West Bengal,Kolkata,Mechua,Other,Fruits,302.0,1000,1100,1000,09 Nov 2022,2022-11-09 00:00:00
West Bengal,Darjeeling,Siliguri,Other,Fruits,46.5,2300,2500,2400,09 Nov 2022,2022-11-09 00:00:00
West Bengal,Darjeeling,Siliguri,Other,Fruits,46.5,2100,2300,2200,09 Nov 2022,2022-11-09 00:00:00
West Bengal,Darjeeling,Siliguri,Other,Fruits,46.5,2000,2200,2100,09 Nov 2022,2022-11-09 00:00:00
Himachal Pradesh,Kullu,Bhuntar,Other,Fruits,1.5,2820,2880,2850,10 Nov 2022,2022-11-10 00:00:00
Himachal Pradesh,Bilaspur,Bilaspur,Ordinary Big,Fruits,2.0,2300,2600,2500,10 Nov 2022,2022-11-10 00:00:00
Himachal Pradesh,Mandi,Dhanotu (Mandi),Other,Fruits,3.6,3700,4000,3850,10 Nov 2022,2022-11-10 00:00:00
Himachal Pradesh,Hamirpur,Hamirpur,Other,Fruits,1.2,2500,2600,2550,10 Nov 2022,2022-11-10 00:00:00
Himachal Pradesh,Hamirpur,Hamirpur(Nadaun),Other,Fruits,0.8,2500,2600,2550,10 Nov 2022,2022-11-10 00:00:00
Himachal Pradesh,Kangra,Kangra,Other,Fruits,1.8,3500,4000,3750,10 Nov 2022,2022-11-10 00:00:00
Himachal Pradesh,Kangra,Kangra(Baijnath),Banana - Ripe,Fruits,0.4,3000,3200,3200,10 Nov 2022,2022-11-10 00:00:00
Himachal Pradesh,Kangra,Kangra(Jaisinghpur),Banana - Ripe,Fruits,0.18,3000,3500,3250,10 Nov 2022,2022-11-10 00:00:00
Himachal Pradesh,Kullu,Kullu,Other,Fruits,1.5,3500,3700,3600,10 Nov 2022,2022-11-10 00:00:00
Himachal Pradesh,Mandi,Mandi(Mandi),Banana - Ripe,Fruits,2.3,4200,4500,4400,10 Nov 2022,2022-11-10 00:00:00
Himachal Pradesh,Kangra,Palampur,Banana - Ripe,Fruits,1.5,3000,3500,3250,10 Nov 2022,2022-11-10 00:00:00
Himachal Pradesh,Sirmore,Paonta Sahib,Other,Fruits,0.8,4000,5000,4500,10 Nov 2022,2022-11-10 00:00:00
Himachal Pradesh,Solan,Solan,Other,Fruits,0.8,1700,2700,2100,10 Nov 2022,2022-11-10 00:00:00
Himachal Pradesh,Una,Una,Other,Fruits,7.8,2300,2500,2400,10 Nov 2022,2022-11-10 00:00:00
NCT of Delhi,Delhi,Azadpur,Khandesh,Fruits,2.8,1300,1600,1500,10 Nov 2022,2022-11-10 00:00:00
Odisha,Gajapati,Parlakhemundi,Other,Fruits,5.0,2500,3000,3000,10 Nov 2022,2022-11-10 00:00:00
West Bengal,Kolkata,Mechua,Other,Fruits,301.0,1600,1809,1800,10 Nov 2022,2022-11-10 00:00:00
West Bengal,Kolkata,Mechua,Other,Fruits,301.0,1200,1450,1400,10 Nov 2022,2022-11-10 00:00:00
West Bengal,Kolkata,Mechua,Other,Fruits,301.0,1000,1100,1000,10 Nov 2022,2022-11-10 00:00:00
West Bengal,Darjeeling,Siliguri,Other,Fruits,47.0,2300,2500,2400,10 Nov 2022,2022-11-10 00:00:00
West Bengal,Darjeeling,Siliguri,Other,Fruits,47.0,2100,2300,2200,10 Nov 2022,2022-11-10 00:00:00
West Bengal,Darjeeling,Siliguri,Other,Fruits,47.0,1900,2100,2000,10 Nov 2022,2022-11-10 00:00:00
Himachal Pradesh,Kullu,Bhuntar,Other,Fruits,1.3,2700,2820,2760,11 Nov 2022,2022-11-11 00:00:00
Himachal Pradesh,Bilaspur,Bilaspur,Ordinary Big,Fruits,2.3,2300,2600,2400,11 Nov 2022,2022-11-11 00:00:00
Himachal Pradesh,Chamba,Chamba,Other,Fruits,1.65,3000,3500,3250,11 Nov 2022,2022-11-11 00:00:00
Himachal Pradesh,Mandi,Dhanotu (Mandi),Other,Fruits,3.2,3500,3700,3650,11 Nov 2022,2022-11-11 00:00:00
Himachal Pradesh,Hamirpur,Hamirpur,Other,Fruits,1.4,2500,2600,2550,11 Nov 2022,2022-11-11 00:00:00
Himachal Pradesh,Hamirpur,Hamirpur(Nadaun),Other,Fruits,0.8,2500,2600,2550,11 Nov 2022,2022-11-11 00:00:00
Himachal Pradesh,Kangra,Kangra,Other,Fruits,2.0,3500,4000,3750,11 Nov 2022,2022-11-11 00:00:00
Himachal Pradesh,Kangra,Kangra(Baijnath),Banana - Ripe,Fruits,0.3,3000,3200,3000,11 Nov 2022,2022-11-11 00:00:00
Himachal Pradesh,Kangra,Kangra(Jaisinghpur),Banana - Ripe,Fruits,0.2,3200,3600,3400,11 Nov 2022,2022-11-11 00:00:00
Himachal Pradesh,Kullu,Kullu,Other,Fruits,1.8,3500,3700,3600,11 Nov 2022,2022-11-11 00:00:00
Himachal Pradesh,Mandi,Mandi(Mandi),Banana - Ripe,Fruits,3.1,3900,4500,4000,11 Nov 2022,2022-11-11 00:00:00
Himachal Pradesh,Kangra,Palampur,Banana - Ripe,Fruits,1.4,3000,3500,3250,11 Nov 2022,2022-11-11 00:00:00
Himachal Pradesh,Sirmore,Paonta Sahib,Other,Fruits,0.65,3000,4000,3500,11 Nov 2022,2022-11-11 00:00:00
Himachal Pradesh,Solan,Solan,Other,Fruits,1.2,1700,2700,2100,11 Nov 2022,2022-11-11 00:00:00
Himachal Pradesh,Una,Una,Medium,Fruits,8.7,2300,2600,2450,11 Nov 2022,2022-11-11 00:00:00
NCT of Delhi,Delhi,Azadpur,Khandesh,Fruits,3.1,1300,1600,1500,11 Nov 2022,2022-11-11 00:00:00
West Bengal,Kolkata,Mechua,Other,Fruits,301.0,1600,2000,1800,11 Nov 2022,2022-11-11 00:00:00
West Bengal,Kolkata,Mechua,Other,Fruits,301.0,1200,1400,1400,11 Nov 2022,2022-11-11 00:00:00
West Bengal,Kolkata,Mechua,Other,Fruits,301.0,1000,1100,1000,11 Nov 2022,2022-11-11 00:00:00
West Bengal,Darjeeling,Siliguri,Other,Fruits,46.5,2300,2500,2400,11 Nov 2022,2022-11-11 00:00:00
West Bengal,Darjeeling,Siliguri,Other,Fruits,46.5,2100,2300,2200,11 Nov 2022,2022-11-11 00:00:00
West Bengal,Darjeeling,Siliguri,Other,Fruits,46.5,1900,2100,2000,11 Nov 2022,2022-11-11 00:00:00
Himachal Pradesh,Bilaspur,Bilaspur,Ordinary Big,Fruits,2.2,2300,2700,2400,12 Nov 2022,2022-11-12 00:00:00
Himachal Pradesh,Hamirpur,Hamirpur,Other,Fruits,1.0,2550,2650,2600,12 Nov 2022,2022-11-12 00:00:00
Himachal Pradesh,Kangra,Kangra(Baijnath),Banana - Ripe,Fruits,0.4,2900,3000,3000,12 Nov 2022,2022-11-12 00:00:00
Himachal Pradesh,Kullu,Kullu,Other,Fruits,1.7,3000,3200,3100,12 Nov 2022,2022-11-12 00:00:00
Himachal Pradesh,Mandi,Mandi(Mandi),Banana - Ripe,Fruits,1.9,4000,4500,4500,12 Nov 2022,2022-11-12 00:00:00
NCT of Delhi,Delhi,Azadpur,Khandesh,Fruits,16.8,1300,1600,1500,12 Nov 2022,2022-11-12 00:00:00
Odisha,Gajapati,Parlakhemundi,Other,Fruits,5.0,2000,3000,3000,12 Nov 2022,2022-11-12 00:00:00
West Bengal,Kolkata,Mechua,Other,Fruits,300.0,1600,2000,1800,12 Nov 2022,2022-11-12 00:00:00
West Bengal,Kolkata,Mechua,Other,Fruits,300.0,1200,1400,1400,12 Nov 2022,2022-11-12 00:00:00
West Bengal,Kolkata,Mechua,Other,Fruits,300.0,1000,1150,1100,12 Nov 2022,2022-11-12 00:00:00
Himachal Pradesh,Kullu,Bhuntar,Other,Fruits,1.5,2820,2880,2850,13 Nov 2022,2022-11-13 00:00:00
Himachal Pradesh,Kullu,Kullu,Other,Fruits,2.0,3300,3500,3400,13 Nov 2022,2022-11-13 00:00:00
West Bengal,Kolkata,Mechua,Other,Fruits,298.0,1600,2000,1800,13 Nov 2022,2022-11-13 00:00:00
West Bengal,Kolkata,Mechua,Other,Fruits,298.0,1200,1400,1400,13 Nov 2022,2022-11-13 00:00:00
West Bengal,Kolkata,Mechua,Other,Fruits,298.0,1000,1100,1050,13 Nov 2022,2022-11-13 00:00:00
Himachal Pradesh,Kullu,Bhuntar,Other,Fruits,1.6,2820,2880,2850,14 Nov 2022,2022-11-14 00:00:00
Himachal Pradesh,Bilaspur,Bilaspur,Ordinary Big,Fruits,2.0,2200,2600,2300,14 Nov 2022,2022-11-14 00:00:00
Himachal Pradesh,Chamba,Chamba,Other,Fruits,1.65,3000,3500,3250,14 Nov 2022,2022-11-14 00:00:00
Himachal Pradesh,Mandi,Dhanotu (Mandi),Other,Fruits,3.3,3500,4000,3750,14 Nov 2022,2022-11-14 00:00:00
Himachal Pradesh,Hamirpur,Hamirpur,Other,Fruits,1.6,2550,2650,2600,14 Nov 2022,2022-11-14 00:00:00
Himachal Pradesh,Hamirpur,Hamirpur(Nadaun),Other,Fruits,0.7,2550,2650,2600,14 Nov 2022,2022-11-14 00:00:00
Himachal Pradesh,Kangra,Kangra,Other,Fruits,2.1,3500,4000,3750,14 Nov 2022,2022-11-14 00:00:00
Himachal Pradesh,Kangra,Kangra(Baijnath),Banana - Ripe,Fruits,0.3,3000,3500,3300,14 Nov 2022,2022-11-14 00:00:00
Himachal Pradesh,Kangra,Kangra(Jaisinghpur),Banana - Ripe,Fruits,0.2,3200,3600,3400,14 Nov 2022,2022-11-14 00:00:00
Himachal Pradesh,Kullu,Kullu,Other,Fruits,1.7,3200,3500,3300,14 Nov 2022,2022-11-14 00:00:00
Himachal Pradesh,Mandi,Mandi(Mandi),Banana - Ripe,Fruits,5.3,2700,4500,4000,14 Nov 2022,2022-11-14 00:00:00
Himachal Pradesh,Kangra,Palampur,Banana - Ripe,Fruits,1.6,3000,3500,3250,14 Nov 2022,2022-11-14 00:00:00
Himachal Pradesh,Sirmore,Paonta Sahib,Other,Fruits,0.52,3000,3500,3200,14 Nov 2022,2022-11-14 00:00:00
Himachal Pradesh,Solan,Solan,Other,Fruits,1.8,1700,2700,2100,14 Nov 2022,2022-11-14 00:00:00
Himachal Pradesh,Una,Una,Medium,Fruits,9.6,2400,2800,2600,14 Nov 2022,2022-11-14 00:00:00
NCT of Delhi,Delhi,Azadpur,Khandesh,Fruits,2.3,1400,1800,1700,14 Nov 2022,2022-11-14 00:00:00
West Bengal,Kolkata,Mechua,Other,Fruits,302.0,1600,2000,1800,14 Nov 2022,2022-11-14 00:00:00
West Bengal,Kolkata,Mechua,Other,Fruits,302.0,1200,1400,1400,14 Nov 2022,2022-11-14 00:00:00
West Bengal,Kolkata,Mechua,Other,Fruits,302.0,1000,1100,1050,14 Nov 2022,2022-11-14 00:00:00
West Bengal,Darjeeling,Siliguri,Other,Fruits,47.0,2300,2500,2400,14 Nov 2022,2022-11-14 00:00:00
West Bengal,Darjeeling,Siliguri,Other,Fruits,47.0,2100,2300,2200,14 Nov 2022,2022-11-14 00:00:00
West Bengal,Darjeeling,Siliguri,Other,Fruits,47.0,1900,2100,2000,14 Nov 2022,2022-11-14 00:00:00
Himachal Pradesh,Kullu,Bhuntar,Other,Fruits,1.5,2820,2880,2850,15 Nov 2022,2022-11-15 00:00:00
Himachal Pradesh,Bilaspur,Bilaspur,Ordinary Big,Fruits,1.8,2100,2500,2200,15 Nov 2022,2022-11-15 00:00:00
Himachal Pradesh,Mandi,Dhanotu (Mandi),Other,Fruits,3.6,3700,4000,3850,15 Nov 2022,2022-11-15 00:00:00
Himachal Pradesh,Hamirpur,Hamirpur,Other,Fruits,1.2,2550,2650,2600,15 Nov 2022,2022-11-15 00:00:00
Himachal Pradesh,Hamirpur,Hamirpur(Nadaun),Other,Fruits,0.7,2550,2700,2600,15 Nov 2022,2022-11-15 00:00:00
Himachal Pradesh,Kangra,Kangra,Other,Fruits,2.0,3500,4000,3750,15 Nov 2022,2022-11-15 00:00:00
Himachal Pradesh,Kangra,Kangra(Baijnath),Banana - Ripe,Fruits,0.4,2600,3000,2800,15 Nov 2022,2022-11-15 00:00:00
Himachal Pradesh,Kangra,Kangra(Jaisinghpur),Banana - Ripe,Fruits,0.1,3200,3600,3400,15 Nov 2022,2022-11-15 00:00:00
Himachal Pradesh,Kullu,Kullu,Other,Fruits,1.7,3000,3200,3100,15 Nov 2022,2022-11-15 00:00:00
Himachal Pradesh,Mandi,Mandi(Mandi),Banana - Ripe,Fruits,2.5,4000,4500,4400,15 Nov 2022,2022-11-15 00:00:00
Himachal Pradesh,Sirmore,Nahan,Other,Fruits,0.56,3000,4000,3500,15 Nov 2022,2022-11-15 00:00:00
Himachal Pradesh,Kangra,Palampur,Banana - Ripe,Fruits,1.6,3000,3500,3250,15 Nov 2022,2022-11-15 00:00:00
Himachal Pradesh,Solan,Solan,Other,Fruits,0.1,1700,2700,2100,15 Nov 2022,2022-11-15 00:00:00
Himachal Pradesh,Una,Una,Medium,Fruits,8.3,2400,2600,2500,15 Nov 2022,2022-11-15 00:00:00
NCT of Delhi,Delhi,Azadpur,Khandesh,Fruits,9.9,1400,1800,1700,15 Nov 2022,2022-11-15 00:00:00
West Bengal,Kolkata,Mechua,Other,Fruits,296.0,1600,2000,1800,15 Nov 2022,2022-11-15 00:00:00
West Bengal,Kolkata,Mechua,Other,Fruits,296.0,1200,1400,1400,15 Nov 2022,2022-11-15 00:00:00
West Bengal,Kolkata,Mechua,Other,Fruits,296.0,1000,1100,1060,15 Nov 2022,2022-11-15 00:00:00
Himachal Pradesh,Kullu,Bhuntar,Other,Fruits,1.3,2820,2880,2850,16 Nov 2022,2022-11-16 00:00:00
Himachal Pradesh,Bilaspur,Bilaspur,Ordinary Big,Fruits,2.2,2000,2500,2300,16 Nov 2022,2022-11-16 00:00:00
Himachal Pradesh,Chamba,Chamba,Other,Fruits,1.65,3000,3500,3250,16 Nov 2022,2022-11-16 00:00:00
Himachal Pradesh,Mandi,Dhanotu (Mandi),Other,Fruits,3.4,3500,4200,3850,16 Nov 2022,2022-11-16 00:00:00
Himachal Pradesh,Hamirpur,Hamirpur,Other,Fruits,1.1,2500,2600,2550,16 Nov 2022,2022-11-16 00:00:00
Himachal Pradesh,Hamirpur,Hamirpur(Nadaun),Other,Fruits,0.8,2550,2650,2600,16 Nov 2022,2022-11-16 00:00:00
Himachal Pradesh,Kangra,Kangra,Other,Fruits,2.0,3500,4000,3750,16 Nov 2022,2022-11-16 00:00:00
Himachal Pradesh,Kangra,Kangra(Baijnath),Banana - Ripe,Fruits,0.4,3000,3200,3000,16 Nov 2022,2022-11-16 00:00:00
Himachal Pradesh,Kangra,Kangra(Jaisinghpur),Banana - Ripe,Fruits,0.1,3200,3600,3400,16 Nov 2022,2022-11-16 00:00:00
Himachal Pradesh,Kullu,Kullu,Other,Fruits,1.5,3000,3200,3100,16 Nov 2022,2022-11-16 00:00:00
Himachal Pradesh,Mandi,Mandi(Mandi),Banana - Ripe,Fruits,3.9,3800,4500,4000,16 Nov 2022,2022-11-16 00:00:00
Himachal Pradesh,Sirmore,Nahan,Other,Fruits,0.9,2800,3200,3000,16 Nov 2022,2022-11-16 00:00:00
Himachal Pradesh,Kangra,Palampur,Banana - Ripe,Fruits,1.0,3000,3500,3250,16 Nov 2022,2022-11-16 00:00:00
Himachal Pradesh,Sirmore,Paonta Sahib,Other,Fruits,0.52,2500,3200,3000,16 Nov 2022,2022-11-16 00:00:00
Himachal Pradesh,Solan,Solan,Other,Fruits,0.7,1700,2700,2100,16 Nov 2022,2022-11-16 00:00:00
Himachal Pradesh,Una,Una,Medium,Fruits,8.1,2400,2600,2500,16 Nov 2022,2022-11-16 00:00:00
NCT of Delhi,Delhi,Azadpur,Khandesh,Fruits,2.5,1400,1800,1700,16 Nov 2022,2022-11-16 00:00:00
Odisha,Gajapati,Parlakhemundi,Other,Fruits,5.0,2500,3000,3000,16 Nov 2022,2022-11-16 00:00:00
West Bengal,Kolkata,Mechua,Other,Fruits,297.0,1600,2000,1800,16 Nov 2022,2022-11-16 00:00:00
West Bengal,Kolkata,Mechua,Other,Fruits,297.0,1200,1400,1400,16 Nov 2022,2022-11-16 00:00:00
West Bengal,Kolkata,Mechua,Other,Fruits,297.0,1000,1100,1050,16 Nov 2022,2022-11-16 00:00:00
West Bengal,Darjeeling,Siliguri,Other,Fruits,47.0,2300,2500,2400,16 Nov 2022,2022-11-16 00:00:00
West Bengal,Darjeeling,Siliguri,Other,Fruits,47.0,2100,2300,2200,16 Nov 2022,2022-11-16 00:00:00
West Bengal,Darjeeling,Siliguri,Other,Fruits,47.0,1900,2100,2000,16 Nov 2022,2022-11-16 00:00:00
Himachal Pradesh,Kullu,Bhuntar,Other,Fruits,1.5,2820,2880,2850,17 Nov 2022,2022-11-17 00:00:00
Himachal Pradesh,Bilaspur,Bilaspur,Ordinary Big,Fruits,2.0,2000,2500,2300,17 Nov 2022,2022-11-17 00:00:00
Himachal Pradesh,Mandi,Dhanotu (Mandi),Other,Fruits,3.5,4000,4200,4100,17 Nov 2022,2022-11-17 00:00:00
Himachal Pradesh,Hamirpur,Hamirpur,Other,Fruits,1.1,2550,2650,2600,17 Nov 2022,2022-11-17 00:00:00
Himachal Pradesh,Hamirpur,Hamirpur(Nadaun),Other,Fruits,0.9,2550,2650,2600,17 Nov 2022,2022-11-17 00:00:00
Himachal Pradesh,Kangra,Kangra,Other,Fruits,2.0,3500,4000,3750,17 Nov 2022,2022-11-17 00:00:00
Himachal Pradesh,Kangra,Kangra(Baijnath),Banana - Ripe,Fruits,0.4,3000,3200,3200,17 Nov 2022,2022-11-17 00:00:00
Himachal Pradesh,Kangra,Kangra(Jaisinghpur),Banana - Ripe,Fruits,0.08,3000,3500,3250,17 Nov 2022,2022-11-17 00:00:00
Himachal Pradesh,Kullu,Kullu,Other,Fruits,1.6,3300,3400,3300,17 Nov 2022,2022-11-17 00:00:00
Himachal Pradesh,Mandi,Mandi(Mandi),Banana - Ripe,Fruits,2.7,3000,4400,4000,17 Nov 2022,2022-11-17 00:00:00
Himachal Pradesh,Sirmore,Nahan,Other,Fruits,0.5,3000,3500,3200,17 Nov 2022,2022-11-17 00:00:00
Himachal Pradesh,Kangra,Palampur,Banana - Ripe,Fruits,1.4,3000,3500,3250,17 Nov 2022,2022-11-17 00:00:00
Himachal Pradesh,Sirmore,Paonta Sahib,Other,Fruits,0.65,4000,5000,4500,17 Nov 2022,2022-11-17 00:00:00
Himachal Pradesh,Solan,Solan,Other,Fruits,0.8,1700,2700,2100,17 Nov 2022,2022-11-17 00:00:00
Himachal Pradesh,Una,Una,Medium,Fruits,7.9,2100,2600,2300,17 Nov 2022,2022-11-17 00:00:00
NCT of Delhi,Delhi,Azadpur,Khandesh,Fruits,1.7,1200,1600,1400,17 Nov 2022,2022-11-17 00:00:00
Odisha,Gajapati,Parlakhemundi,Other,Fruits,5.0,2500,3000,3000,17 Nov 2022,2022-11-17 00:00:00
West Bengal,Kolkata,Mechua,Other,Fruits,280.0,1600,1800,1800,17 Nov 2022,2022-11-17 00:00:00
West Bengal,Kolkata,Mechua,Other,Fruits,280.0,1350,1500,1400,17 Nov 2022,2022-11-17 00:00:00
West Bengal,Darjeeling,Siliguri,Other,Fruits,48.0,2200,2400,2300,17 Nov 2022,2022-11-17 00:00:00
West Bengal,Darjeeling,Siliguri,Other,Fruits,48.0,2100,2300,2200,17 Nov 2022,2022-11-17 00:00:00
West Bengal,Darjeeling,Siliguri,Other,Fruits,48.0,1900,2100,2000,17 Nov 2022,2022-11-17 00:00:00
Himachal Pradesh,Kullu,Bhuntar,Other,Fruits,1.3,2820,2880,2850,18 Nov 2022,2022-11-18 00:00:00
Himachal Pradesh,Bilaspur,Bilaspur,Ordinary Big,Fruits,2.0,2100,2500,2300,18 Nov 2022,2022-11-18 00:00:00
Himachal Pradesh,Mandi,Dhanotu (Mandi),Other,Fruits,3.2,4000,4400,4200,18 Nov 2022,2022-11-18 00:00:00
Himachal Pradesh,Hamirpur,Hamirpur,Other,Fruits,1.2,2550,2650,2600,18 Nov 2022,2022-11-18 00:00:00
Himachal Pradesh,Hamirpur,Hamirpur(Nadaun),Other,Fruits,0.8,2550,2650,2600,18 Nov 2022,2022-11-18 00:00:00
Himachal Pradesh,Kangra,Kangra,Other,Fruits,2.0,3500,4000,3750,18 Nov 2022,2022-11-18 00:00:00
Himachal Pradesh,Kangra,Kangra(Jaisinghpur),Banana - Ripe,Fruits,0.1,3000,3500,3250,18 Nov 2022,2022-11-18 00:00:00
Himachal Pradesh,Kullu,Kullu,Other,Fruits,1.3,3000,3200,3100,18 Nov 2022,2022-11-18 00:00:00
Himachal Pradesh,Mandi,Mandi(Mandi),Banana - Ripe,Fruits,2.4,3000,4500,4000,18 Nov 2022,2022-11-18 00:00:00
Himachal Pradesh,Kangra,Palampur,Banana - Ripe,Fruits,1.0,3000,3500,3250,18 Nov 2022,2022-11-18 00:00:00
Himachal Pradesh,Sirmore,Paonta Sahib,Other,Fruits,0.85,3500,4000,3800,18 Nov 2022,2022-11-18 00:00:00
Himachal Pradesh,Solan,Solan,Other,Fruits,1.3,1700,2700,2100,18 Nov 2022,2022-11-18 00:00:00
Himachal Pradesh,Una,Una,Medium,Fruits,6.3,2400,2600,2500,18 Nov 2022,2022-11-18 00:00:00
NCT of Delhi,Delhi,Azadpur,Khandesh,Fruits,2.5,1200,1600,1400,18 Nov 2022,2022-11-18 00:00:00
Odisha,Gajapati,Parlakhemundi,Other,Fruits,5.0,2500,3000,3000,18 Nov 2022,2022-11-18 00:00:00
West Bengal,Kolkata,Mechua,Other,Fruits,285.0,1600,1800,1800,18 Nov 2022,2022-11-18 00:00:00
West Bengal,Kolkata,Mechua,Other,Fruits,285.0,1350,1500,1400,18 Nov 2022,2022-11-18 00:00:00
West Bengal,Kolkata,Mechua,Other,Fruits,285.0,1100,1250,1200,18 Nov 2022,2022-11-18 00:00:00
West Bengal,Darjeeling,Siliguri,Other,Fruits,47.5,2300,2500,2400,18 Nov 2022,2022-11-18 00:00:00
West Bengal,Darjeeling,Siliguri,Other,Fruits,47.5,2100,2300,2200,18 Nov 2022,2022-11-18 00:00:00
West Bengal,Darjeeling,Siliguri,Other,Fruits,47.5,1900,2100,2000,18 Nov 2022,2022-11-18 00:00:00
Himachal Pradesh,Bilaspur,Bilaspur,Ordinary Big,Fruits,2.2,2500,3000,2700,19 Nov 2022,2022-11-19 00:00:00
Himachal Pradesh,Chamba,Chamba,Other,Fruits,1.65,3000,3500,3250,19 Nov 2022,2022-11-19 00:00:00
Himachal Pradesh,Mandi,Dhanotu (Mandi),Other,Fruits,3.0,4000,4500,4250,19 Nov 2022,2022-11-19 00:00:00
Himachal Pradesh,Kangra,Kangra,Other,Fruits,2.0,3500,4000,3750,19 Nov 2022,2022-11-19 00:00:00
Himachal Pradesh,Kangra,Kangra(Jaisinghpur),Banana - Ripe,Fruits,0.2,3200,3600,3400,19 Nov 2022,2022-11-19 00:00:00
Himachal Pradesh,Kullu,Kullu,Other,Fruits,1.6,3200,3400,3300,19 Nov 2022,2022-11-19 00:00:00
Himachal Pradesh,Mandi,Mandi(Mandi),Banana - Ripe,Fruits,2.6,4000,4500,4200,19 Nov 2022,2022-11-19 00:00:00
Himachal Pradesh,Sirmore,Nahan,Other,Fruits,0.5,3000,3400,3200,19 Nov 2022,2022-11-19 00:00:00
Himachal Pradesh,Kangra,Palampur,Banana - Ripe,Fruits,1.4,3000,3500,3250,19 Nov 2022,2022-11-19 00:00:00
Himachal Pradesh,Sirmore,Paonta Sahib,Other,Fruits,0.74,3000,4000,3500,19 Nov 2022,2022-11-19 00:00:00
Himachal Pradesh,Solan,Solan,Other,Fruits,1.1,1700,2700,2100,19 Nov 2022,2022-11-19 00:00:00
Himachal Pradesh,Una,Una,Medium,Fruits,9.0,2300,2600,2500,19 Nov 2022,2022-11-19 00:00:00
NCT of Delhi,Delhi,Azadpur,Khandesh,Fruits,1.7,1200,1600,1400,19 Nov 2022,2022-11-19 00:00:00
West Bengal,Kolkata,Mechua,Other,Fruits,284.0,1400,1600,1400,19 Nov 2022,2022-11-19 00:00:00
West Bengal,Kolkata,Mechua,Other,Fruits,284.0,1200,1260,1200,19 Nov 2022,2022-11-19 00:00:00
West Bengal,Kolkata,Mechua,Other,Fruits,284.0,1000,1100,1060,19 Nov 2022,2022-11-19 00:00:00
Himachal Pradesh,Kullu,Bhuntar,Other,Fruits,1.5,2820,2880,2850,20 Nov 2022,2022-11-20 00:00:00
Himachal Pradesh,Kullu,Kullu,Other,Fruits,1.8,3000,3300,3200,20 Nov 2022,2022-11-20 00:00:00
Odisha,Gajapati,Kasinagar,Banana - Ripe,Fruits,5.0,1500,2000,2000,20 Nov 2022,2022-11-20 00:00:00
Odisha,Gajapati,Parlakhemundi,Other,Fruits,5.0,1500,2000,2000,20 Nov 2022,2022-11-20 00:00:00
West Bengal,Kolkata,Mechua,Other,Fruits,280.0,1600,1800,1800,20 Nov 2022,2022-11-20 00:00:00
West Bengal,Kolkata,Mechua,Other,Fruits,280.0,1320,1500,1400,20 Nov 2022,2022-11-20 00:00:00
West Bengal,Kolkata,Mechua,Other,Fruits,280.0,1040,1200,1100,20 Nov 2022,2022-11-20 00:00:00
Himachal Pradesh,Kullu,Bhuntar,Other,Fruits,1.6,2820,2880,2850,21 Nov 2022,2022-11-21 00:00:00
Himachal Pradesh,Bilaspur,Bilaspur,Ordinary Big,Fruits,2.3,2300,3000,2500,21 Nov 2022,2022-11-21 00:00:00
Himachal Pradesh,Chamba,Chamba,Other,Fruits,3.4,3000,3500,3250,21 Nov 2022,2022-11-21 00:00:00
Himachal Pradesh,Mandi,Dhanotu (Mandi),Other,Fruits,3.6,4000,4500,4250,21 Nov 2022,2022-11-21 00:00:00
Himachal Pradesh,Hamirpur,Hamirpur,Other,Fruits,1.2,2500,2600,2550,21 Nov 2022,2022-11-21 00:00:00
Himachal Pradesh,Hamirpur,Hamirpur(Nadaun),Other,Fruits,0.58,2600,2800,2700,21 Nov 2022,2022-11-21 00:00:00
Himachal Pradesh,Kangra,Kangra,Other,Fruits,1.1,3500,4000,3750,21 Nov 2022,2022-11-21 00:00:00
Himachal Pradesh,Kangra,Kangra(Jaisinghpur),Banana - Ripe,Fruits,0.2,3200,3600,3400,21 Nov 2022,2022-11-21 00:00:00
Himachal Pradesh,Kullu,Kullu,Other,Fruits,1.5,3200,3500,3400,21 Nov 2022,2022-11-21 00:00:00
Himachal Pradesh,Mandi,Mandi(Mandi),Banana - Ripe,Fruits,3.4,4000,4500,4200,21 Nov 2022,2022-11-21 00:00:00
Himachal Pradesh,Kangra,Palampur,Banana - Ripe,Fruits,1.5,3000,3500,3250,21 Nov 2022,2022-11-21 00:00:00
Himachal Pradesh,Sirmore,Paonta Sahib,Other,Fruits,0.74,3000,4000,3500,21 Nov 2022,2022-11-21 00:00:00
Himachal Pradesh,Solan,Solan,Other,Fruits,2.0,1700,2700,2100,21 Nov 2022,2022-11-21 00:00:00
Himachal Pradesh,Una,Una,Medium,Fruits,10.6,2400,2700,2550,21 Nov 2022,2022-11-21 00:00:00
NCT of Delhi,Delhi,Azadpur,Khandesh,Fruits,0.8,1200,1600,1400,21 Nov 2022,2022-11-21 00:00:00
Odisha,Gajapati,Kasinagar,Banana - Ripe,Fruits,5.0,1500,2000,2000,21 Nov 2022,2022-11-21 00:00:00
Odisha,Gajapati,Parlakhemundi,Other,Fruits,5.0,2500,3000,3000,21 Nov 2022,2022-11-21 00:00:00
Himachal Pradesh,Kullu,Bhuntar,Other,Fruits,1.6,2820,2880,2850,22 Nov 2022,2022-11-22 00:00:00
Himachal Pradesh,Mandi,Dhanotu (Mandi),Other,Fruits,3.2,4100,4500,4350,22 Nov 2022,2022-11-22 00:00:00
Himachal Pradesh,Hamirpur,Hamirpur,Other,Fruits,1.2,2500,2650,2600,22 Nov 2022,2022-11-22 00:00:00
Himachal Pradesh,Hamirpur,Hamirpur(Nadaun),Other,Fruits,0.8,2500,2600,2550,22 Nov 2022,2022-11-22 00:00:00
Himachal Pradesh,Kangra,Kangra,Other,Fruits,1.1,3500,4000,3750,22 Nov 2022,2022-11-22 00:00:00
Himachal Pradesh,Kangra,Kangra(Baijnath),Banana - Ripe,Fruits,0.3,3000,3200,3000,22 Nov 2022,2022-11-22 00:00:00
Himachal Pradesh,Kangra,Kangra(Jaisinghpur),Banana - Ripe,Fruits,0.1,3200,3600,3400,22 Nov 2022,2022-11-22 00:00:00
Himachal Pradesh,Kullu,Kullu,Other,Fruits,1.7,3000,3200,3100,22 Nov 2022,2022-11-22 00:00:00
Himachal Pradesh,Mandi,Mandi(Mandi),Banana - Ripe,Fruits,1.8,4000,4500,4200,22 Nov 2022,2022-11-22 00:00:00
Himachal Pradesh,Sirmore,Nahan,Other,Fruits,0.35,3000,4000,3500,22 Nov 2022,2022-11-22 00:00:00
Himachal Pradesh,Kangra,Palampur,Banana - Ripe,Fruits,1.0,3000,3500,3250,22 Nov 2022,2022-11-22 00:00:00
Himachal Pradesh,Sirmore,Paonta Sahib,Other,Fruits,0.85,3000,4000,3500,22 Nov 2022,2022-11-22 00:00:00
Himachal Pradesh,Solan,Solan,Other,Fruits,0.1,1700,2700,2100,22 Nov 2022,2022-11-22 00:00:00
Himachal Pradesh,Una,Una,Medium,Fruits,8.7,2400,2700,2550,22 Nov 2022,2022-11-22 00:00:00
NCT of Delhi,Delhi,Azadpur,Khandesh,Fruits,3.2,1200,1600,1400,22 Nov 2022,2022-11-22 00:00:00
West Bengal,Kolkata,Mechua,Other,Fruits,238.0,1400,1800,1600,22 Nov 2022,2022-11-22 00:00:00
West Bengal,Kolkata,Mechua,Other,Fruits,238.0,1200,1300,1200,22 Nov 2022,2022-11-22 00:00:00
West Bengal,Kolkata,Mechua,Other,Fruits,238.0,1000,1140,1100,22 Nov 2022,2022-11-22 00:00:00
West Bengal,Darjeeling,Siliguri,Other,Fruits,47.0,2300,2500,2400,22 Nov 2022,2022-11-22 00:00:00
West Bengal,Darjeeling,Siliguri,Other,Fruits,47.0,2200,2400,2300,22 Nov 2022,2022-11-22 00:00:00
West Bengal,Darjeeling,Siliguri,Other,Fruits,47.0,2000,2200,2100,22 Nov 2022,2022-11-22 00:00:00
Himachal Pradesh,Kullu,Bhuntar,Other,Fruits,1.5,2820,2880,2850,23 Nov 2022,2022-11-23 00:00:00
Himachal Pradesh,Bilaspur,Bilaspur,Ordinary Big,Fruits,2.3,2300,3000,2500,23 Nov 2022,2022-11-23 00:00:00
Himachal Pradesh,Chamba,Chamba,Other,Fruits,0.4,3000,3500,3250,23 Nov 2022,2022-11-23 00:00:00
Himachal Pradesh,Hamirpur,Hamirpur,Other,Fruits,1.2,2500,2600,2550,23 Nov 2022,2022-11-23 00:00:00
Himachal Pradesh,Hamirpur,Hamirpur(Nadaun),Other,Fruits,0.7,2500,2600,2550,23 Nov 2022,2022-11-23 00:00:00
Himachal Pradesh,Kangra,Kangra,Other,Fruits,2.0,3000,3500,3250,23 Nov 2022,2022-11-23 00:00:00
Himachal Pradesh,Kangra,Kangra(Baijnath),Banana - Ripe,Fruits,0.5,3000,3200,3000,23 Nov 2022,2022-11-23 00:00:00
Himachal Pradesh,Kangra,Kangra(Jaisinghpur),Banana - Ripe,Fruits,0.1,3200,3600,3400,23 Nov 2022,2022-11-23 00:00:00
Himachal Pradesh,Kullu,Kullu,Other,Fruits,1.5,3000,3200,3100,23 Nov 2022,2022-11-23 00:00:00
Himachal Pradesh,Mandi,Mandi(Mandi),Banana - Ripe,Fruits,2.0,4000,4500,4200,23 Nov 2022,2022-11-23 00:00:00
Himachal Pradesh,Sirmore,Nahan,Other,Fruits,0.34,3000,3500,3250,23 Nov 2022,2022-11-23 00:00:00
Himachal Pradesh,Kangra,Palampur,Banana - Ripe,Fruits,1.0,3000,3500,3250,23 Nov 2022,2022-11-23 00:00:00
Himachal Pradesh,Sirmore,Paonta Sahib,Other,Fruits,0.8,3000,4000,3500,23 Nov 2022,2022-11-23 00:00:00
Himachal Pradesh,Solan,Solan,Other,Fruits,0.9,1700,2700,2100,23 Nov 2022,2022-11-23 00:00:00
Himachal Pradesh,Una,Una,Medium,Fruits,8.8,2400,2700,2550,23 Nov 2022,2022-11-23 00:00:00
NCT of Delhi,Delhi,Azadpur,Khandesh,Fruits,1.9,1200,1600,1400,23 Nov 2022,2022-11-23 00:00:00
Odisha,Gajapati,Parlakhemundi,Other,Fruits,5.0,2500,3000,3000,23 Nov 2022,2022-11-23 00:00:00
West Bengal,Kolkata,Mechua,Other,Fruits,230.0,1400,1600,1600,23 Nov 2022,2022-11-23 00:00:00
West Bengal,Darjeeling,Siliguri,Other,Fruits,47.5,2200,2400,2300,23 Nov 2022,2022-11-23 00:00:00
West Bengal,Darjeeling,Siliguri,Other,Fruits,47.5,2100,2300,2200,23 Nov 2022,2022-11-23 00:00:00
West Bengal,Darjeeling,Siliguri,Other,Fruits,47.5,1900,2100,2000,23 Nov 2022,2022-11-23 00:00:00
Himachal Pradesh,Kullu,Bhuntar,Other,Fruits,1.6,2820,2880,2850,24 Nov 2022,2022-11-24 00:00:00
Himachal Pradesh,Chamba,Chamba,Other,Fruits,2.65,3000,3500,3250,24 Nov 2022,2022-11-24 00:00:00
Himachal Pradesh,Hamirpur,Hamirpur,Other,Fruits,1.2,2500,2600,2550,24 Nov 2022,2022-11-24 00:00:00
Himachal Pradesh,Hamirpur,Hamirpur(Nadaun),Other,Fruits,0.7,2500,2600,2550,24 Nov 2022,2022-11-24 00:00:00
Himachal Pradesh,Kangra,Kangra,Other,Fruits,2.0,3000,3500,3250,24 Nov 2022,2022-11-24 00:00:00
Himachal Pradesh,Kangra,Kangra(Baijnath),Banana - Ripe,Fruits,0.4,3000,3000,3000,24 Nov 2022,2022-11-24 00:00:00
Himachal Pradesh,Kangra,Kangra(Jaisinghpur),Banana - Ripe,Fruits,0.1,3200,3600,3400,24 Nov 2022,2022-11-24 00:00:00
Himachal Pradesh,Kullu,Kullu,Other,Fruits,1.8,3000,3200,3100,24 Nov 2022,2022-11-24 00:00:00
Himachal Pradesh,Mandi,Mandi(Mandi),Banana - Ripe,Fruits,2.2,4200,5000,4500,24 Nov 2022,2022-11-24 00:00:00
Himachal Pradesh,Sirmore,Nahan,Other,Fruits,1.0,3000,0,3200,24 Nov 2022,2022-11-24 00:00:00
Himachal Pradesh,Kangra,Palampur,Banana - Ripe,Fruits,1.4,3000,3500,3250,24 Nov 2022,2022-11-24 00:00:00
Himachal Pradesh,Solan,Solan,Other,Fruits,1.4,1700,2700,2100,24 Nov 2022,2022-11-24 00:00:00
Himachal Pradesh,Una,Una,Medium,Fruits,6.3,2000,2400,2200,24 Nov 2022,2022-11-24 00:00:00
NCT of Delhi,Delhi,Azadpur,Khandesh,Fruits,5.5,1200,1600,1400,24 Nov 2022,2022-11-24 00:00:00
West Bengal,Kolkata,Mechua,Other,Fruits,275.0,1400,1800,1600,24 Nov 2022,2022-11-24 00:00:00
West Bengal,Kolkata,Mechua,Other,Fruits,275.0,1200,1300,1260,24 Nov 2022,2022-11-24 00:00:00
West Bengal,Kolkata,Mechua,Other,Fruits,275.0,1000,1100,1050,24 Nov 2022,2022-11-24 00:00:00
West Bengal,Darjeeling,Siliguri,Other,Fruits,48.0,2200,2400,2300,24 Nov 2022,2022-11-24 00:00:00
West Bengal,Darjeeling,Siliguri,Other,Fruits,48.0,2000,2200,2100,24 Nov 2022,2022-11-24 00:00:00
West Bengal,Darjeeling,Siliguri,Other,Fruits,48.0,1900,2100,2000,24 Nov 2022,2022-11-24 00:00:00
Himachal Pradesh,Kullu,Bhuntar,Other,Fruits,1.3,2820,2880,2850,25 Nov 2022,2022-11-25 00:00:00
Himachal Pradesh,Bilaspur,Bilaspur,Ordinary Big,Fruits,2.6,2300,3000,2500,25 Nov 2022,2022-11-25 00:00:00
Himachal Pradesh,Hamirpur,Hamirpur,Other,Fruits,1.3,2500,2600,2550,25 Nov 2022,2022-11-25 00:00:00
Himachal Pradesh,Kangra,Kangra,Other,Fruits,2.1,3000,3500,3250,25 Nov 2022,2022-11-25 00:00:00
Himachal Pradesh,Kangra,Kangra(Baijnath),Banana - Ripe,Fruits,0.4,2900,3000,3000,25 Nov 2022,2022-11-25 00:00:00
Himachal Pradesh,Kangra,Kangra(Jaisinghpur),Banana - Ripe,Fruits,0.08,3200,3600,3400,25 Nov 2022,2022-11-25 00:00:00
Himachal Pradesh,Kullu,Kullu,Other,Fruits,1.3,3000,3200,3100,25 Nov 2022,2022-11-25 00:00:00
Himachal Pradesh,Mandi,Mandi(Mandi),Banana - Ripe,Fruits,2.9,4200,4500,4400,25 Nov 2022,2022-11-25 00:00:00
Himachal Pradesh,Sirmore,Nahan,Other,Fruits,1.0,2500,3000,2750,25 Nov 2022,2022-11-25 00:00:00
Himachal Pradesh,Kangra,Palampur,Banana - Ripe,Fruits,1.0,3000,3500,3250,25 Nov 2022,2022-11-25 00:00:00
Himachal Pradesh,Solan,Solan,Other,Fruits,0.9,1700,2700,2100,25 Nov 2022,2022-11-25 00:00:00
Himachal Pradesh,Una,Una,Medium,Fruits,6.7,2000,2400,2200,25 Nov 2022,2022-11-25 00:00:00
NCT of Delhi,Delhi,Azadpur,Khandesh,Fruits,3.4,1200,1600,1400,25 Nov 2022,2022-11-25 00:00:00
West Bengal,Kolkata,Mechua,Other,Fruits,280.0,1400,1800,1600,25 Nov 2022,2022-11-25 00:00:00
West Bengal,Kolkata,Mechua,Other,Fruits,280.0,1150,1260,1200,25 Nov 2022,2022-11-25 00:00:00
West Bengal,Kolkata,Mechua,Other,Fruits,280.0,1000,1100,1060,25 Nov 2022,2022-11-25 00:00:00
West Bengal,Darjeeling,Siliguri,Other,Fruits,47.0,2200,2400,2300,25 Nov 2022,2022-11-25 00:00:00
West Bengal,Darjeeling,Siliguri,Other,Fruits,47.0,2000,2200,2100,25 Nov 2022,2022-11-25 00:00:00
West Bengal,Darjeeling,Siliguri,Other,Fruits,47.0,1900,2100,2000,25 Nov 2022,2022-11-25 00:00:00
Himachal Pradesh,Bilaspur,Bilaspur,Ordinary Big,Fruits,2.3,2300,3000,2500,26 Nov 2022,2022-11-26 00:00:00
Himachal Pradesh,Chamba,Chamba,Other,Fruits,1.65,3000,3500,3250,26 Nov 2022,2022-11-26 00:00:00
Himachal Pradesh,Hamirpur,Hamirpur,Other,Fruits,1.4,2500,2600,2550,26 Nov 2022,2022-11-26 00:00:00
Himachal Pradesh,Hamirpur,Hamirpur(Nadaun),Other,Fruits,0.65,2500,2600,2550,26 Nov 2022,2022-11-26 00:00:00
Himachal Pradesh,Kangra,Kangra,Other,Fruits,2.1,3000,3500,3250,26 Nov 2022,2022-11-26 00:00:00
Himachal Pradesh,Kangra,Kangra(Baijnath),Banana - Ripe,Fruits,0.5,3000,3200,3000,26 Nov 2022,2022-11-26 00:00:00
Himachal Pradesh,Kangra,Kangra(Jaisinghpur),Banana - Ripe,Fruits,0.2,3200,3600,3400,26 Nov 2022,2022-11-26 00:00:00
Himachal Pradesh,Kullu,Kullu,Other,Fruits,1.5,3000,3200,3100,26 Nov 2022,2022-11-26 00:00:00
Himachal Pradesh,Mandi,Mandi(Mandi),Banana - Ripe,Fruits,3.1,4000,4500,4400,26 Nov 2022,2022-11-26 00:00:00
Himachal Pradesh,Kangra,Palampur,Banana - Ripe,Fruits,1.4,3000,3500,3250,26 Nov 2022,2022-11-26 00:00:00
Himachal Pradesh,Solan,Solan,Other,Fruits,0.6,1700,2700,2100,26 Nov 2022,2022-11-26 00:00:00
Himachal Pradesh,Una,Una,Medium,Fruits,8.6,2300,2500,2400,26 Nov 2022,2022-11-26 00:00:00
West Bengal,Kolkata,Mechua,Other,Fruits,285.0,1400,1800,1600,26 Nov 2022,2022-11-26 00:00:00
West Bengal,Kolkata,Mechua,Other,Fruits,285.0,1200,1300,1260,26 Nov 2022,2022-11-26 00:00:00
West Bengal,Kolkata,Mechua,Other,Fruits,285.0,1000,1100,1040,26 Nov 2022,2022-11-26 00:00:00
Himachal Pradesh,Kullu,Bhuntar,Other,Fruits,1.3,2820,2880,2850,27 Nov 2022,2022-11-27 00:00:00
West Bengal,Kolkata,Mechua,Other,Fruits,275.0,1400,1800,1600,27 Nov 2022,2022-11-27 00:00:00
West Bengal,Kolkata,Mechua,Other,Fruits,275.0,1300,1380,1360,27 Nov 2022,2022-11-27 00:00:00
West Bengal,Kolkata,Mechua,Other,Fruits,275.0,1030,1200,1100,27 Nov 2022,2022-11-27 00:00:00
Himachal Pradesh,Kullu,Bhuntar,Other,Fruits,1.5,2820,2880,2850,28 Nov 2022,2022-11-28 00:00:00
Himachal Pradesh,Bilaspur,Bilaspur,Ordinary Big,Fruits,2.5,2300,3000,2500,28 Nov 2022,2022-11-28 00:00:00
Himachal Pradesh,Chamba,Chamba,Other,Fruits,1.75,3000,3500,3250,28 Nov 2022,2022-11-28 00:00:00
Himachal Pradesh,Hamirpur,Hamirpur,Other,Fruits,1.5,2600,2800,2700,28 Nov 2022,2022-11-28 00:00:00
Himachal Pradesh,Hamirpur,Hamirpur(Nadaun),Other,Fruits,0.5,2600,2800,2700,28 Nov 2022,2022-11-28 00:00:00
Himachal Pradesh,Kangra,Kangra(Baijnath),Banana - Ripe,Fruits,0.5,3000,3500,3200,28 Nov 2022,2022-11-28 00:00:00
Himachal Pradesh,Kangra,Kangra(Jaisinghpur),Banana - Ripe,Fruits,0.2,3200,3600,3400,28 Nov 2022,2022-11-28 00:00:00
Himachal Pradesh,Kullu,Kullu,Other,Fruits,1.8,3100,3400,3200,28 Nov 2022,2022-11-28 00:00:00
Himachal Pradesh,Mandi,Mandi(Mandi),Banana - Ripe,Fruits,4.0,3500,4500,4000,28 Nov 2022,2022-11-28 00:00:00
Himachal Pradesh,Kangra,Palampur,Banana - Ripe,Fruits,1.2,3000,3500,3250,28 Nov 2022,2022-11-28 00:00:00
Himachal Pradesh,Sirmore,Paonta Sahib,Other,Fruits,0.65,3000,3500,3200,28 Nov 2022,2022-11-28 00:00:00
Himachal Pradesh,Solan,Solan,Other,Fruits,1.5,1700,2700,2100,28 Nov 2022,2022-11-28 00:00:00
Himachal Pradesh,Una,Una,Medium,Fruits,8.2,2400,2700,2550,28 Nov 2022,2022-11-28 00:00:00
NCT of Delhi,Delhi,Azadpur,Khandesh,Fruits,2.8,1200,1600,1400,28 Nov 2022,2022-11-28 00:00:00
Odisha,Gajapati,Parlakhemundi,Other,Fruits,5.0,1500,2000,2000,28 Nov 2022,2022-11-28 00:00:00
West Bengal,Kolkata,Mechua,Other,Fruits,274.6,1400,1800,1600,28 Nov 2022,2022-11-28 00:00:00
West Bengal,Kolkata,Mechua,Other,Fruits,274.6,1300,1380,1350,28 Nov 2022,2022-11-28 00:00:00
West Bengal,Kolkata,Mechua,Other,Fruits,274.6,1030,1200,1100,28 Nov 2022,2022-11-28 00:00:00
West Bengal,Darjeeling,Siliguri,Other,Fruits,48.0,2200,2400,2300,28 Nov 2022,2022-11-28 00:00:00
West Bengal,Darjeeling,Siliguri,Other,Fruits,48.0,2000,2300,2100,28 Nov 2022,2022-11-28 00:00:00
West Bengal,Darjeeling,Siliguri,Other,Fruits,48.0,1900,2100,2000,28 Nov 2022,2022-11-28 00:00:00
Himachal Pradesh,Kullu,Bhuntar,Other,Fruits,1.6,2820,2880,2850,29 Nov 2022,2022-11-29 00:00:00
Himachal Pradesh,Bilaspur,Bilaspur,Ordinary Big,Fruits,2.3,2300,2900,2500,29 Nov 2022,2022-11-29 00:00:00
Himachal Pradesh,Chamba,Chamba,Other,Fruits,1.65,3000,3500,3250,29 Nov 2022,2022-11-29 00:00:00
Himachal Pradesh,Mandi,Dhanotu (Mandi),Other,Fruits,3.8,3000,3400,3200,29 Nov 2022,2022-11-29 00:00:00
Himachal Pradesh,Hamirpur,Hamirpur,Other,Fruits,1.0,2500,2700,2600,29 Nov 2022,2022-11-29 00:00:00
Himachal Pradesh,Kangra,Kangra(Baijnath),Banana - Ripe,Fruits,0.5,2900,3000,3000,29 Nov 2022,2022-11-29 00:00:00
Himachal Pradesh,Kangra,Kangra(Jaisinghpur),Banana - Ripe,Fruits,0.08,3200,3600,3400,29 Nov 2022,2022-11-29 00:00:00
Himachal Pradesh,Kullu,Kullu,Other,Fruits,1.6,3200,3400,3300,29 Nov 2022,2022-11-29 00:00:00
Himachal Pradesh,Sirmore,Nahan,Other,Fruits,1.3,2800,3000,2900,29 Nov 2022,2022-11-29 00:00:00
Himachal Pradesh,Kangra,Palampur,Banana - Ripe,Fruits,0.8,3000,3500,3250,29 Nov 2022,2022-11-29 00:00:00
Himachal Pradesh,Solan,Solan,Other,Fruits,0.1,1700,2700,2100,29 Nov 2022,2022-11-29 00:00:00
Himachal Pradesh,Una,Una,Medium,Fruits,10.7,2000,2600,2300,29 Nov 2022,2022-11-29 00:00:00
NCT of Delhi,Delhi,Azadpur,Khandesh,Fruits,3.9,1200,1600,1400,29 Nov 2022,2022-11-29 00:00:00
Odisha,Gajapati,Parlakhemundi,Other,Fruits,5.0,1500,2000,2000,29 Nov 2022,2022-11-29 00:00:00
West Bengal,Kolkata,Mechua,Other,Fruits,280.0,1400,1800,1600,29 Nov 2022,2022-11-29 00:00:00
West Bengal,Kolkata,Mechua,Other,Fruits,280.0,1200,1300,1260,29 Nov 2022,2022-11-29 00:00:00
West Bengal,Kolkata,Mechua,Other,Fruits,280.0,1000,1100,1040,29 Nov 2022,2022-11-29 00:00:00
West Bengal,Darjeeling,Siliguri,Other,Fruits,47.0,2300,2500,2400,29 Nov 2022,2022-11-29 00:00:00
West Bengal,Darjeeling,Siliguri,Other,Fruits,47.0,2100,2300,2200,29 Nov 2022,2022-11-29 00:00:00
West Bengal,Darjeeling,Siliguri,Other,Fruits,47.0,1900,2100,2000,29 Nov 2022,2022-11-29 00:00:00
Himachal Pradesh,Kullu,Bhuntar,Other,Fruits,1.6,2820,2880,2850,30 Nov 2022,2022-11-30 00:00:00
Himachal Pradesh,Chamba,Chamba,Other,Fruits,2.0,3000,3500,3250,30 Nov 2022,2022-11-30 00:00:00
Himachal Pradesh,Mandi,Dhanotu (Mandi),Other,Fruits,3.5,3000,3500,3250,30 Nov 2022,2022-11-30 00:00:00
Himachal Pradesh,Hamirpur,Hamirpur,Other,Fruits,1.5,2500,2600,2550,30 Nov 2022,2022-11-30 00:00:00
Himachal Pradesh,Kangra,Kangra,Other,Fruits,2.0,3000,4000,3500,30 Nov 2022,2022-11-30 00:00:00
Himachal Pradesh,Kangra,Kangra(Jaisinghpur),Banana - Ripe,Fruits,0.06,3200,3600,3400,30 Nov 2022,2022-11-30 00:00:00
Himachal Pradesh,Kullu,Kullu,Other,Fruits,1.7,3300,3500,3400,30 Nov 2022,2022-11-30 00:00:00
Himachal Pradesh,Mandi,Mandi(Mandi),Banana - Ripe,Fruits,2.3,3500,4500,4000,30 Nov 2022,2022-11-30 00:00:00
Himachal Pradesh,Kangra,Palampur,Banana - Ripe,Fruits,0.9,3000,3500,3250,30 Nov 2022,2022-11-30 00:00:00
Himachal Pradesh,Solan,Solan,Other,Fruits,0.8,1700,2700,2100,30 Nov 2022,2022-11-30 00:00:00
Himachal Pradesh,Una,Una,Medium,Fruits,5.0,2400,2600,2500,30 Nov 2022,2022-11-30 00:00:00
NCT of Delhi,Delhi,Azadpur,Khandesh,Fruits,3.1,1200,1600,1400,30 Nov 2022,2022-11-30 00:00:00
West Bengal,Kolkata,Mechua,Other,Fruits,276.0,1400,1800,1600,30 Nov 2022,2022-11-30 00:00:00
West Bengal,Kolkata,Mechua,Other,Fruits,276.0,1200,1320,1260,30 Nov 2022,2022-11-30 00:00:00
West Bengal,Kolkata,Mechua,Other,Fruits,276.0,1000,1100,1040,30 Nov 2022,2022-11-30 00:00:00
West Bengal,Darjeeling,Siliguri,Other,Fruits,47.5,2300,2500,2400,30 Nov 2022,2022-11-30 00:00:00
West Bengal,Darjeeling,Siliguri,Other,Fruits,47.5,2100,2300,2200,30 Nov 2022,2022-11-30 00:00:00
West Bengal,Darjeeling,Siliguri,Other,Fruits,47.5,1900,2100,2000,30 Nov 2022,2022-11-30 00:00:00
Himachal Pradesh,Kullu,Bhuntar,Other,Fruits,1.6,2820,2880,2840,01 Dec 2022,2022-12-01 00:00:00
Himachal Pradesh,Bilaspur,Bilaspur,Ordinary Big,Fruits,2.0,2100,2900,2400,01 Dec 2022,2022-12-01 00:00:00
Himachal Pradesh,Chamba,Chamba,Other,Fruits,1.65,3000,3500,3250,01 Dec 2022,2022-12-01 00:00:00
Himachal Pradesh,Mandi,Dhanotu (Mandi),Other,Fruits,3.8,4000,4000,4000,01 Dec 2022,2022-12-01 00:00:00
Himachal Pradesh,Kangra,Kangra,Other,Fruits,2.0,3000,4000,3500,01 Dec 2022,2022-12-01 00:00:00
Himachal Pradesh,Kangra,Kangra(Baijnath),Banana - Ripe,Fruits,0.5,2900,3200,3000,01 Dec 2022,2022-12-01 00:00:00
Himachal Pradesh,Kangra,Kangra(Jaisinghpur),Banana - Ripe,Fruits,0.07,3200,3600,3400,01 Dec 2022,2022-12-01 00:00:00
Himachal Pradesh,Kangra,Kangra(Nagrota Bagwan),Amruthapani,Fruits,0.2,3200,3400,3300,01 Dec 2022,2022-12-01 00:00:00
Himachal Pradesh,Kullu,Kullu,Other,Fruits,1.9,3300,3500,3400,01 Dec 2022,2022-12-01 00:00:00
Himachal Pradesh,Mandi,Mandi(Mandi),Banana - Ripe,Fruits,2.3,3200,5000,4500,01 Dec 2022,2022-12-01 00:00:00
Himachal Pradesh,Sirmore,Nahan,Other,Fruits,1.0,3000,3200,3100,01 Dec 2022,2022-12-01 00:00:00
Himachal Pradesh,Kangra,Palampur,Banana - Ripe,Fruits,1.0,3000,3500,3250,01 Dec 2022,2022-12-01 00:00:00
Himachal Pradesh,Sirmore,Paonta Sahib,Other,Fruits,0.8,3000,4000,3500,01 Dec 2022,2022-12-01 00:00:00
Himachal Pradesh,Solan,Solan,Other,Fruits,0.6,1700,2700,2100,01 Dec 2022,2022-12-01 00:00:00
Himachal Pradesh,Una,Una,Medium,Fruits,5.2,2400,2600,2500,01 Dec 2022,2022-12-01 00:00:00
NCT of Delhi,Delhi,Azadpur,Khandesh,Fruits,4.1,1200,1600,1400,01 Dec 2022,2022-12-01 00:00:00
West Bengal,Kolkata,Mechua,Other,Fruits,279.0,1400,1600,1600,01 Dec 2022,2022-12-01 00:00:00
West Bengal,Kolkata,Mechua,Other,Fruits,279.0,1200,1300,1260,01 Dec 2022,2022-12-01 00:00:00
West Bengal,Kolkata,Mechua,Other,Fruits,279.0,1000,1120,1050,01 Dec 2022,2022-12-01 00:00:00
West Bengal,Darjeeling,Siliguri,Other,Fruits,48.0,2200,2400,2300,01 Dec 2022,2022-12-01 00:00:00
West Bengal,Darjeeling,Siliguri,Other,Fruits,48.0,2100,2300,2200,01 Dec 2022,2022-12-01 00:00:00
West Bengal,Darjeeling,Siliguri,Other,Fruits,48.0,1900,2100,2000,01 Dec 2022,2022-12-01 00:00:00
Himachal Pradesh,Kullu,Bhuntar,Other,Fruits,1.5,2820,2880,2850,02 Dec 2022,2022-12-02 00:00:00
Himachal Pradesh,Bilaspur,Bilaspur,Ordinary Big,Fruits,2.4,2300,3000,2600,02 Dec 2022,2022-12-02 00:00:00
Himachal Pradesh,Mandi,Dhanotu (Mandi),Other,Fruits,3.2,4000,4200,4100,02 Dec 2022,2022-12-02 00:00:00
Himachal Pradesh,Hamirpur,Hamirpur,Other,Fruits,1.4,2500,2600,2550,02 Dec 2022,2022-12-02 00:00:00
Himachal Pradesh,Hamirpur,Hamirpur(Nadaun),Other,Fruits,1.5,2500,2600,2550,02 Dec 2022,2022-12-02 00:00:00
Himachal Pradesh,Kangra,Kangra,Other,Fruits,2.1,3000,4000,3500,02 Dec 2022,2022-12-02 00:00:00
Himachal Pradesh,Kangra,Kangra(Baijnath),Banana - Ripe,Fruits,0.5,3000,3200,3000,02 Dec 2022,2022-12-02 00:00:00
Himachal Pradesh,Kangra,Kangra(Jaisinghpur),Banana - Ripe,Fruits,0.06,3200,3600,3400,02 Dec 2022,2022-12-02 00:00:00
Himachal Pradesh,Kangra,Kangra(Nagrota Bagwan),Amruthapani,Fruits,0.3,3200,3400,3300,02 Dec 2022,2022-12-02 00:00:00
Himachal Pradesh,Kullu,Kullu,Other,Fruits,1.5,3200,3400,3300,02 Dec 2022,2022-12-02 00:00:00
Himachal Pradesh,Mandi,Mandi(Mandi),Banana - Ripe,Fruits,2.5,1500,4500,4000,02 Dec 2022,2022-12-02 00:00:00
Himachal Pradesh,Kangra,Palampur,Banana - Ripe,Fruits,1.4,3000,3500,3250,02 Dec 2022,2022-12-02 00:00:00
Himachal Pradesh,Sirmore,Paonta Sahib,Other,Fruits,0.65,250000,350000,320000,02 Dec 2022,2022-12-02 00:00:00
Himachal Pradesh,Solan,Solan,Other,Fruits,0.8,1700,2700,2100,02 Dec 2022,2022-12-02 00:00:00
Himachal Pradesh,Una,Una,Medium,Fruits,5.0,2000,2600,2300,02 Dec 2022,2022-12-02 00:00:00
NCT of Delhi,Delhi,Azadpur,Khandesh,Fruits,3.5,1200,1600,1400,02 Dec 2022,2022-12-02 00:00:00
Odisha,Gajapati,Parlakhemundi,Other,Fruits,5.0,2500,3000,3000,02 Dec 2022,2022-12-02 00:00:00
West Bengal,Kolkata,Mechua,Other,Fruits,278.0,1400,1600,1600,02 Dec 2022,2022-12-02 00:00:00
West Bengal,Kolkata,Mechua,Other,Fruits,278.0,1200,1300,1260,02 Dec 2022,2022-12-02 00:00:00
West Bengal,Kolkata,Mechua,Other,Fruits,278.0,1000,1120,1050,02 Dec 2022,2022-12-02 00:00:00
West Bengal,Darjeeling,Siliguri,Other,Fruits,47.0,2200,2400,2300,02 Dec 2022,2022-12-02 00:00:00
West Bengal,Darjeeling,Siliguri,Other,Fruits,47.0,2000,2200,2100,02 Dec 2022,2022-12-02 00:00:00
West Bengal,Darjeeling,Siliguri,Other,Fruits,47.0,1900,2100,2000,02 Dec 2022,2022-12-02 00:00:00
Himachal Pradesh,Bilaspur,Bilaspur,Ordinary Big,Fruits,2.5,2100,2900,2500,03 Dec 2022,2022-12-03 00:00:00
Himachal Pradesh,Mandi,Dhanotu (Mandi),Other,Fruits,3.0,4000,4500,4250,03 Dec 2022,2022-12-03 00:00:00
Himachal Pradesh,Hamirpur,Hamirpur,Other,Fruits,1.32,2600,2700,2650,03 Dec 2022,2022-12-03 00:00:00
Himachal Pradesh,Hamirpur,Hamirpur(Nadaun),Other,Fruits,1.4,2600,2800,2700,03 Dec 2022,2022-12-03 00:00:00
Himachal Pradesh,Kangra,Kangra,Other,Fruits,2.1,3000,4000,3500,03 Dec 2022,2022-12-03 00:00:00
Himachal Pradesh,Kangra,Kangra(Baijnath),Banana - Ripe,Fruits,0.6,2900,3000,3000,03 Dec 2022,2022-12-03 00:00:00
Himachal Pradesh,Kangra,Kangra(Jaisinghpur),Banana - Ripe,Fruits,0.06,3200,3600,3400,03 Dec 2022,2022-12-03 00:00:00
Himachal Pradesh,Kangra,Kangra(Nagrota Bagwan),Amruthapani,Fruits,0.3,3200,3400,3300,03 Dec 2022,2022-12-03 00:00:00
Himachal Pradesh,Kullu,Kullu,Other,Fruits,1.4,3300,3600,3500,03 Dec 2022,2022-12-03 00:00:00
Himachal Pradesh,Mandi,Mandi(Mandi),Banana - Ripe,Fruits,2.1,4000,4500,4200,03 Dec 2022,2022-12-03 00:00:00
Himachal Pradesh,Sirmore,Nahan,Other,Fruits,0.4,2800,3000,2900,03 Dec 2022,2022-12-03 00:00:00
Himachal Pradesh,Kangra,Palampur,Banana - Ripe,Fruits,1.2,3000,3500,3250,03 Dec 2022,2022-12-03 00:00:00
Himachal Pradesh,Sirmore,Paonta Sahib,Other,Fruits,0.2,300000,500000,400000,03 Dec 2022,2022-12-03 00:00:00
Himachal Pradesh,Solan,Solan,Other,Fruits,1.3,1700,2700,2100,03 Dec 2022,2022-12-03 00:00:00
Himachal Pradesh,Una,Una,Medium,Fruits,6.4,2400,2700,2550,03 Dec 2022,2022-12-03 00:00:00
NCT of Delhi,Delhi,Azadpur,Khandesh,Fruits,4.4,1400,1700,1500,03 Dec 2022,2022-12-03 00:00:00
Odisha,Gajapati,Parlakhemundi,Other,Fruits,5.0,2500,3000,3000,03 Dec 2022,2022-12-03 00:00:00
West Bengal,Kolkata,Mechua,Other,Fruits,268.0,1400,1600,1400,03 Dec 2022,2022-12-03 00:00:00
West Bengal,Kolkata,Mechua,Other,Fruits,268.0,1200,1300,1240,03 Dec 2022,2022-12-03 00:00:00
West Bengal,Kolkata,Mechua,Other,Fruits,268.0,1000,1130,1050,03 Dec 2022,2022-12-03 00:00:00
West Bengal,Darjeeling,Siliguri,Other,Fruits,47.0,2300,2500,2400,03 Dec 2022,2022-12-03 00:00:00
West Bengal,Darjeeling,Siliguri,Other,Fruits,47.0,2100,2300,2200,03 Dec 2022,2022-12-03 00:00:00
West Bengal,Darjeeling,Siliguri,Other,Fruits,47.0,1900,2000,1950,03 Dec 2022,2022-12-03 00:00:00
Himachal Pradesh,Kullu,Bhuntar,Other,Fruits,1.5,2820,2880,2850,04 Dec 2022,2022-12-04 00:00:00
Himachal Pradesh,Kullu,Kullu,Other,Fruits,1.5,3200,3500,3300,04 Dec 2022,2022-12-04 00:00:00
West Bengal,Kolkata,Mechua,Other,Fruits,168.0,1800,2000,2000,04 Dec 2022,2022-12-04 00:00:00
West Bengal,Kolkata,Mechua,Other,Fruits,168.0,1500,1600,1600,04 Dec 2022,2022-12-04 00:00:00
West Bengal,Kolkata,Mechua,Other,Fruits,168.0,1200,1400,1300,04 Dec 2022,2022-12-04 00:00:00
Himachal Pradesh,Kullu,Bhuntar,Other,Fruits,1.6,2820,2880,2850,05 Dec 2022,2022-12-05 00:00:00
Himachal Pradesh,Bilaspur,Bilaspur,Ordinary Big,Fruits,2.5,2300,3000,2800,05 Dec 2022,2022-12-05 00:00:00
Himachal Pradesh,Chamba,Chamba,Other,Fruits,1.4,3000,3500,3250,05 Dec 2022,2022-12-05 00:00:00
Himachal Pradesh,Mandi,Dhanotu (Mandi),Other,Fruits,3.5,4000,4500,4250,05 Dec 2022,2022-12-05 00:00:00
Himachal Pradesh,Hamirpur,Hamirpur,Other,Fruits,1.5,2700,2900,2800,05 Dec 2022,2022-12-05 00:00:00
Himachal Pradesh,Hamirpur,Hamirpur(Nadaun),Other,Fruits,1.3,2650,2750,2700,05 Dec 2022,2022-12-05 00:00:00
Himachal Pradesh,Kangra,Kangra,Other,Fruits,2.0,3200,3400,3300,05 Dec 2022,2022-12-05 00:00:00
Himachal Pradesh,Kangra,Kangra(Baijnath),Banana - Ripe,Fruits,0.6,3000,3200,3000,05 Dec 2022,2022-12-05 00:00:00
Himachal Pradesh,Kangra,Kangra(Jaisinghpur),Banana - Ripe,Fruits,0.1,3200,3600,3400,05 Dec 2022,2022-12-05 00:00:00
Himachal Pradesh,Kangra,Kangra(Nagrota Bagwan),Amruthapani,Fruits,0.3,3300,3500,3400,05 Dec 2022,2022-12-05 00:00:00
Himachal Pradesh,Kullu,Kullu,Other,Fruits,1.8,3000,3500,3200,05 Dec 2022,2022-12-05 00:00:00
Himachal Pradesh,Mandi,Mandi(Mandi),Banana - Ripe,Fruits,4.2,3200,4500,4000,05 Dec 2022,2022-12-05 00:00:00
Himachal Pradesh,Kangra,Palampur,Banana - Ripe,Fruits,1.0,3000,3500,3250,05 Dec 2022,2022-12-05 00:00:00
Himachal Pradesh,Sirmore,Paonta Sahib,Other,Fruits,0.3,300000,400000,350000,05 Dec 2022,2022-12-05 00:00:00
Himachal Pradesh,Solan,Solan,Other,Fruits,0.8,1700,2700,2100,05 Dec 2022,2022-12-05 00:00:00
Himachal Pradesh,Una,Una,Medium,Fruits,7.5,2500,2800,2650,05 Dec 2022,2022-12-05 00:00:00
West Bengal,Kolkata,Mechua,Other,Fruits,279.0,1800,2000,2000,05 Dec 2022,2022-12-05 00:00:00
West Bengal,Kolkata,Mechua,Other,Fruits,279.0,1500,1600,1600,05 Dec 2022,2022-12-05 00:00:00
West Bengal,Kolkata,Mechua,Other,Fruits,279.0,1200,1400,1300,05 Dec 2022,2022-12-05 00:00:00
West Bengal,Darjeeling,Siliguri,Other,Fruits,48.0,2300,2500,2400,05 Dec 2022,2022-12-05 00:00:00
West Bengal,Darjeeling,Siliguri,Other,Fruits,48.0,2100,2300,2200,05 Dec 2022,2022-12-05 00:00:00
West Bengal,Darjeeling,Siliguri,Other,Fruits,48.0,1900,2100,2000,05 Dec 2022,2022-12-05 00:00:00
Himachal Pradesh,Kullu,Bhuntar,Other,Fruits,1.5,2820,2880,2850,06 Dec 2022,2022-12-06 00:00:00
Himachal Pradesh,Bilaspur,Bilaspur,Ordinary Big,Fruits,2.3,2100,2900,2300,06 Dec 2022,2022-12-06 00:00:00
Himachal Pradesh,Chamba,Chamba,Other,Fruits,1.65,3000,3500,3250,06 Dec 2022,2022-12-06 00:00:00
Himachal Pradesh,Mandi,Dhanotu (Mandi),Other,Fruits,3.8,3000,3400,3200,06 Dec 2022,2022-12-06 00:00:00
Himachal Pradesh,Hamirpur,Hamirpur(Nadaun),Other,Fruits,1.5,2700,2800,2800,06 Dec 2022,2022-12-06 00:00:00
Himachal Pradesh,Kangra,Kangra,Other,Fruits,2.1,3500,4000,3750,06 Dec 2022,2022-12-06 00:00:00
Himachal Pradesh,Kangra,Kangra(Baijnath),Banana - Ripe,Fruits,0.5,3000,3200,3000,06 Dec 2022,2022-12-06 00:00:00
Himachal Pradesh,Kangra,Kangra(Jaisinghpur),Banana - Ripe,Fruits,0.1,3200,3600,3400,06 Dec 2022,2022-12-06 00:00:00
Himachal Pradesh,Kullu,Kullu,Other,Fruits,1.7,3200,3500,3400,06 Dec 2022,2022-12-06 00:00:00
Himachal Pradesh,Mandi,Mandi(Mandi),Banana - Ripe,Fruits,2.2,4200,4500,4400,06 Dec 2022,2022-12-06 00:00:00
Himachal Pradesh,Sirmore,Nahan,Other,Fruits,0.1,2800,3000,2900,06 Dec 2022,2022-12-06 00:00:00
Himachal Pradesh,Kangra,Palampur,Banana - Ripe,Fruits,0.8,3000,3500,3250,06 Dec 2022,2022-12-06 00:00:00
Himachal Pradesh,Sirmore,Paonta Sahib,Other,Fruits,0.5,300000,500000,400000,06 Dec 2022,2022-12-06 00:00:00
Himachal Pradesh,Una,Una,Medium,Fruits,6.8,2400,2700,2550,06 Dec 2022,2022-12-06 00:00:00
Odisha,Gajapati,Parlakhemundi,Other,Fruits,5.0,2500,3000,3000,06 Dec 2022,2022-12-06 00:00:00
West Bengal,Kolkata,Mechua,Other,Fruits,275.0,1800,2000,2000,06 Dec 2022,2022-12-06 00:00:00
West Bengal,Kolkata,Mechua,Other,Fruits,275.0,1500,1600,1600,06 Dec 2022,2022-12-06 00:00:00
West Bengal,Kolkata,Mechua,Other,Fruits,275.0,1200,1400,1300,06 Dec 2022,2022-12-06 00:00:00
West Bengal,Darjeeling,Siliguri,Other,Fruits,47.5,2300,2500,2400,06 Dec 2022,2022-12-06 00:00:00
West Bengal,Darjeeling,Siliguri,Other,Fruits,47.5,2100,2300,2200,06 Dec 2022,2022-12-06 00:00:00
West Bengal,Darjeeling,Siliguri,Other,Fruits,47.5,1900,2100,2000,06 Dec 2022,2022-12-06 00:00:00
Himachal Pradesh,Kullu,Bhuntar,Other,Fruits,1.3,2820,2880,2850,07 Dec 2022,2022-12-07 00:00:00
Himachal Pradesh,Bilaspur,Bilaspur,Ordinary Big,Fruits,2.3,2500,3000,2600,07 Dec 2022,2022-12-07 00:00:00
Himachal Pradesh,Chamba,Chamba,Other,Fruits,1.25,3000,3500,3250,07 Dec 2022,2022-12-07 00:00:00
Himachal Pradesh,Mandi,Dhanotu (Mandi),Other,Fruits,3.2,4000,4200,4100,07 Dec 2022,2022-12-07 00:00:00
Himachal Pradesh,Hamirpur,Hamirpur(Nadaun),Other,Fruits,0.75,2650,2750,2700,07 Dec 2022,2022-12-07 00:00:00
Himachal Pradesh,Kangra,Kangra,Other,Fruits,2.1,3000,4000,3500,07 Dec 2022,2022-12-07 00:00:00
Himachal Pradesh,Kangra,Kangra(Baijnath),Banana - Ripe,Fruits,0.5,3000,3200,3000,07 Dec 2022,2022-12-07 00:00:00
Himachal Pradesh,Kangra,Kangra(Nagrota Bagwan),Amruthapani,Fruits,0.2,3400,3600,3500,07 Dec 2022,2022-12-07 00:00:00
Himachal Pradesh,Kullu,Kullu,Other,Fruits,1.6,3200,3400,3300,07 Dec 2022,2022-12-07 00:00:00
Himachal Pradesh,Mandi,Mandi(Mandi),Banana - Ripe,Fruits,2.9,4000,4500,4200,07 Dec 2022,2022-12-07 00:00:00
Himachal Pradesh,Kangra,Palampur,Banana - Ripe,Fruits,1.2,3000,3500,3250,07 Dec 2022,2022-12-07 00:00:00
Himachal Pradesh,Sirmore,Paonta Sahib,Other,Fruits,0.5,300000,500000,400000,07 Dec 2022,2022-12-07 00:00:00
Himachal Pradesh,Solan,Solan,Other,Fruits,0.9,1700,2700,2100,07 Dec 2022,2022-12-07 00:00:00
Himachal Pradesh,Una,Una,Medium,Fruits,6.6,2400,2800,2600,07 Dec 2022,2022-12-07 00:00:00
Himachal Pradesh,Kullu,Bhuntar,Other,Fruits,1.5,2820,2880,2850,08 Dec 2022,2022-12-08 00:00:00
Himachal Pradesh,Sirmore,Paonta Sahib,Other,Fruits,0.2,300000,500000,400000,08 Dec 2022,2022-12-08 00:00:00
Himachal Pradesh,Kangra,Palampur,Banana - Ripe,Fruits,0.8,3000,3500,3350,08 Dec 2022,2022-12-08 00:00:00
Himachal Pradesh,Sirmore,Nahan,Other,Fruits,0.1,2800,3000,2900,08 Dec 2022,2022-12-08 00:00:00
Himachal Pradesh,Mandi,Mandi(Mandi),Banana - Ripe,Fruits,2.6,4000,4500,4200,08 Dec 2022,2022-12-08 00:00:00
Himachal Pradesh,Kullu,Kullu,Other,Fruits,1.8,3200,3500,3300,08 Dec 2022,2022-12-08 00:00:00
Himachal Pradesh,Kangra,Kangra(Nagrota Bagwan),Amruthapani,Fruits,0.2,3400,3600,3500,08 Dec 2022,2022-12-08 00:00:00
Himachal Pradesh,Solan,Solan,Other,Fruits,0.7,1700,2700,2100,08 Dec 2022,2022-12-08 00:00:00
Himachal Pradesh,Kangra,Kangra(Jaisinghpur),Banana - Ripe,Fruits,0.1,3200,3600,3450,08 Dec 2022,2022-12-08 00:00:00
Himachal Pradesh,Kangra,Kangra,Other,Fruits,2.3,3000,4000,3500,08 Dec 2022,2022-12-08 00:00:00
Himachal Pradesh,Hamirpur,Hamirpur(Nadaun),Other,Fruits,0.7,2650,2750,2700,08 Dec 2022,2022-12-08 00:00:00
Himachal Pradesh,Hamirpur,Hamirpur,Other,Fruits,1.2,2650,2750,2700,08 Dec 2022,2022-12-08 00:00:00
Himachal Pradesh,Mandi,Dhanotu (Mandi),Other,Fruits,3.2,4000,4200,4100,08 Dec 2022,2022-12-08 00:00:00
Himachal Pradesh,Chamba,Chamba,Other,Fruits,1.65,3000,3500,3250,08 Dec 2022,2022-12-08 00:00:00
Himachal Pradesh,Bilaspur,Bilaspur,Ordinary Big,Fruits,2.3,2200,2800,2500,08 Dec 2022,2022-12-08 00:00:00
Himachal Pradesh,Kangra,Kangra(Baijnath),Banana - Ripe,Fruits,0.4,3000,3200,3000,08 Dec 2022,2022-12-08 00:00:00
Himachal Pradesh,Una,Una,Medium,Fruits,5.8,2400,2700,2550,08 Dec 2022,2022-12-08 00:00:00
Odisha,Gajapati,Parlakhemundi,Other,Fruits,5.0,2500,3000,3000,08 Dec 2022,2022-12-08 00:00:00
West Bengal,Kolkata,Mechua,Other,Fruits,264.0,1800,2000,2000,08 Dec 2022,2022-12-08 00:00:00
West Bengal,Kolkata,Mechua,Other,Fruits,264.0,1500,1600,1600,08 Dec 2022,2022-12-08 00:00:00
West Bengal,Kolkata,Mechua,Other,Fruits,264.0,1200,1400,1300,08 Dec 2022,2022-12-08 00:00:00
West Bengal,Darjeeling,Siliguri,Other,Fruits,48.0,2200,2400,2300,08 Dec 2022,2022-12-08 00:00:00
West Bengal,Darjeeling,Siliguri,Other,Fruits,48.0,2000,2200,2100,08 Dec 2022,2022-12-08 00:00:00
West Bengal,Darjeeling,Siliguri,Other,Fruits,48.0,1800,2100,2000,08 Dec 2022,2022-12-08 00:00:00
Himachal Pradesh,Kullu,Bhuntar,Other,Fruits,1.3,2820,2880,2850,09 Dec 2022,2022-12-09 00:00:00
Himachal Pradesh,Bilaspur,Bilaspur,Ordinary Big,Fruits,2.2,2300,3000,2500,09 Dec 2022,2022-12-09 00:00:00
Himachal Pradesh,Mandi,Dhanotu (Mandi),Other,Fruits,3.0,4000,4200,4100,09 Dec 2022,2022-12-09 00:00:00
Himachal Pradesh,Hamirpur,Hamirpur,Other,Fruits,1.3,2650,2750,2700,09 Dec 2022,2022-12-09 00:00:00
Himachal Pradesh,Hamirpur,Hamirpur(Nadaun),Other,Fruits,0.8,2650,2750,2700,09 Dec 2022,2022-12-09 00:00:00
Himachal Pradesh,Kangra,Kangra,Other,Fruits,1.9,3500,4000,3750,09 Dec 2022,2022-12-09 00:00:00
Himachal Pradesh,Kangra,Kangra(Baijnath),Banana - Ripe,Fruits,0.5,3000,3200,3000,09 Dec 2022,2022-12-09 00:00:00
Himachal Pradesh,Kangra,Kangra(Jaisinghpur),Banana - Ripe,Fruits,0.07,3200,3600,3450,09 Dec 2022,2022-12-09 00:00:00
Himachal Pradesh,Kangra,Kangra(Nagrota Bagwan),Amruthapani,Fruits,0.2,3400,3600,3500,09 Dec 2022,2022-12-09 00:00:00
Himachal Pradesh,Kullu,Kullu,Other,Fruits,1.8,3200,3500,3400,09 Dec 2022,2022-12-09 00:00:00
Himachal Pradesh,Mandi,Mandi(Mandi),Banana - Ripe,Fruits,0.9,4200,4400,4300,09 Dec 2022,2022-12-09 00:00:00
Himachal Pradesh,Kangra,Palampur,Banana - Ripe,Fruits,1.0,3000,3500,3250,09 Dec 2022,2022-12-09 00:00:00
Himachal Pradesh,Solan,Solan,Other,Fruits,0.5,1700,2700,2100,09 Dec 2022,2022-12-09 00:00:00
Himachal Pradesh,Una,Una,Medium,Fruits,6.3,2400,2700,2550,09 Dec 2022,2022-12-09 00:00:00
West Bengal,Kolkata,Mechua,Other,Fruits,265.0,1800,2000,2000,09 Dec 2022,2022-12-09 00:00:00
West Bengal,Kolkata,Mechua,Other,Fruits,265.0,1500,1600,1600,09 Dec 2022,2022-12-09 00:00:00
West Bengal,Kolkata,Mechua,Other,Fruits,265.0,1200,1400,1300,09 Dec 2022,2022-12-09 00:00:00
West Bengal,Darjeeling,Siliguri,Other,Fruits,47.0,2200,2400,2300,09 Dec 2022,2022-12-09 00:00:00
West Bengal,Darjeeling,Siliguri,Other,Fruits,47.0,2000,2200,2100,09 Dec 2022,2022-12-09 00:00:00
West Bengal,Darjeeling,Siliguri,Other,Fruits,47.0,1800,2000,1900,09 Dec 2022,2022-12-09 00:00:00
Himachal Pradesh,Una,Una,Medium,Fruits,7.4,2400,2700,2550,10 Dec 2022,2022-12-10 00:00:00
West Bengal,Kolkata,Mechua,Other,Fruits,256.0,1600,2000,1800,10 Dec 2022,2022-12-10 00:00:00
West Bengal,Kolkata,Mechua,Other,Fruits,256.0,1400,1500,1460,10 Dec 2022,2022-12-10 00:00:00
West Bengal,Kolkata,Mechua,Other,Fruits,256.0,1200,1320,1260,10 Dec 2022,2022-12-10 00:00:00
Himachal Pradesh,Kullu,Bhuntar,Other,Fruits,1.6,2820,2880,2840,11 Dec 2022,2022-12-11 00:00:00
Himachal Pradesh,Kullu,Kullu,Other,Fruits,0.8,3000,3200,3100,11 Dec 2022,2022-12-11 00:00:00
West Bengal,Kolkata,Mechua,Other,Fruits,260.0,1600,2000,1800,11 Dec 2022,2022-12-11 00:00:00
West Bengal,Kolkata,Mechua,Other,Fruits,260.0,1400,1560,1500,11 Dec 2022,2022-12-11 00:00:00
West Bengal,Kolkata,Mechua,Other,Fruits,260.0,1050,1200,1100,11 Dec 2022,2022-12-11 00:00:00
Himachal Pradesh,Kullu,Bhuntar,Other,Fruits,1.8,2820,2880,2850,12 Dec 2022,2022-12-12 00:00:00
Himachal Pradesh,Bilaspur,Bilaspur,Ordinary Big,Fruits,2.2,2300,3000,2400,12 Dec 2022,2022-12-12 00:00:00
Himachal Pradesh,Chamba,Chamba,Other,Fruits,0.6,3000,3500,3250,12 Dec 2022,2022-12-12 00:00:00
Himachal Pradesh,Mandi,Dhanotu (Mandi),Other,Fruits,4.0,4000,4200,4100,12 Dec 2022,2022-12-12 00:00:00
Himachal Pradesh,Hamirpur,Hamirpur,Other,Fruits,1.4,2800,3000,2900,12 Dec 2022,2022-12-12 00:00:00
Himachal Pradesh,Hamirpur,Hamirpur(Nadaun),Other,Fruits,0.9,2800,3000,2900,12 Dec 2022,2022-12-12 00:00:00
Himachal Pradesh,Kangra,Kangra,Other,Fruits,2.1,3500,4000,3750,12 Dec 2022,2022-12-12 00:00:00
Himachal Pradesh,Kangra,Kangra(Jaisinghpur),Banana - Ripe,Fruits,0.1,3600,4000,3800,12 Dec 2022,2022-12-12 00:00:00
Himachal Pradesh,Kangra,Kangra(Nagrota Bagwan),Amruthapani,Fruits,0.3,3400,3600,3500,12 Dec 2022,2022-12-12 00:00:00
Himachal Pradesh,Kullu,Kullu,Other,Fruits,1.7,3000,3300,3200,12 Dec 2022,2022-12-12 00:00:00
Himachal Pradesh,Mandi,Mandi(Mandi),Banana - Ripe,Fruits,3.9,3500,5500,5000,12 Dec 2022,2022-12-12 00:00:00
Himachal Pradesh,Kangra,Palampur,Banana - Ripe,Fruits,0.8,3400,3800,3600,12 Dec 2022,2022-12-12 00:00:00
Himachal Pradesh,Solan,Solan,Other,Fruits,1.1,1700,2700,2100,12 Dec 2022,2022-12-12 00:00:00
Himachal Pradesh,Una,Una,Medium,Fruits,7.2,2400,2600,2500,12 Dec 2022,2022-12-12 00:00:00
Odisha,Gajapati,Parlakhemundi,Other,Fruits,5.0,2500,3000,3000,12 Dec 2022,2022-12-12 00:00:00
West Bengal,Kolkata,Mechua,Other,Fruits,270.0,1670,2000,1800,12 Dec 2022,2022-12-12 00:00:00
West Bengal,Kolkata,Mechua,Other,Fruits,270.0,1500,1600,1600,12 Dec 2022,2022-12-12 00:00:00
West Bengal,Kolkata,Mechua,Other,Fruits,270.0,1200,1400,1280,12 Dec 2022,2022-12-12 00:00:00
West Bengal,Darjeeling,Siliguri,Other,Fruits,47.5,2300,2500,2400,12 Dec 2022,2022-12-12 00:00:00
West Bengal,Darjeeling,Siliguri,Other,Fruits,47.5,2100,2300,2200,12 Dec 2022,2022-12-12 00:00:00
West Bengal,Darjeeling,Siliguri,Other,Fruits,47.5,1900,2100,2000,12 Dec 2022,2022-12-12 00:00:00
Himachal Pradesh,Kullu,Bhuntar,Other,Fruits,1.6,2820,2880,2850,13 Dec 2022,2022-12-13 00:00:00
Himachal Pradesh,Bilaspur,Bilaspur,Ordinary Big,Fruits,2.0,2300,2600,2400,13 Dec 2022,2022-12-13 00:00:00
Himachal Pradesh,Chamba,Chamba,Other,Fruits,1.65,3000,3500,3250,13 Dec 2022,2022-12-13 00:00:00
Himachal Pradesh,Mandi,Dhanotu (Mandi),Other,Fruits,3.2,4000,4500,4250,13 Dec 2022,2022-12-13 00:00:00
Himachal Pradesh,Hamirpur,Hamirpur,Other,Fruits,1.4,2800,3000,2900,13 Dec 2022,2022-12-13 00:00:00
Himachal Pradesh,Hamirpur,Hamirpur(Nadaun),Other,Fruits,0.7,2800,3000,2900,13 Dec 2022,2022-12-13 00:00:00
Himachal Pradesh,Kangra,Kangra,Other,Fruits,2.1,3500,4000,3750,13 Dec 2022,2022-12-13 00:00:00
Himachal Pradesh,Kangra,Kangra(Baijnath),Banana - Ripe,Fruits,0.5,3000,3200,3000,13 Dec 2022,2022-12-13 00:00:00
Himachal Pradesh,Kullu,Kullu,Other,Fruits,1.9,3000,3300,3200,13 Dec 2022,2022-12-13 00:00:00
Himachal Pradesh,Kangra,Palampur,Banana - Ripe,Fruits,1.0,3400,3800,3600,13 Dec 2022,2022-12-13 00:00:00
Himachal Pradesh,Solan,Solan,Other,Fruits,0.1,1700,2700,2100,13 Dec 2022,2022-12-13 00:00:00
Himachal Pradesh,Una,Una,Medium,Fruits,6.6,2200,2600,2400,13 Dec 2022,2022-12-13 00:00:00
NCT of Delhi,Delhi,Azadpur,Khandesh,Fruits,2.8,1400,1700,1500,13 Dec 2022,2022-12-13 00:00:00
Odisha,Gajapati,Parlakhemundi,Other,Fruits,5.0,2500,3000,3000,13 Dec 2022,2022-12-13 00:00:00
West Bengal,Kolkata,Mechua,Other,Fruits,265.4,1650,2000,1800,13 Dec 2022,2022-12-13 00:00:00
West Bengal,Kolkata,Mechua,Other,Fruits,265.4,1500,1600,1600,13 Dec 2022,2022-12-13 00:00:00
West Bengal,Kolkata,Mechua,Other,Fruits,265.4,1200,1400,1280,13 Dec 2022,2022-12-13 00:00:00
West Bengal,Darjeeling,Siliguri,Other,Fruits,47.0,2300,2500,2400,13 Dec 2022,2022-12-13 00:00:00
West Bengal,Darjeeling,Siliguri,Other,Fruits,47.0,2100,2300,2200,13 Dec 2022,2022-12-13 00:00:00
West Bengal,Darjeeling,Siliguri,Other,Fruits,47.0,1900,2100,2000,13 Dec 2022,2022-12-13 00:00:00
Himachal Pradesh,Kullu,Bhuntar,Other,Fruits,1.5,2820,2880,2850,14 Dec 2022,2022-12-14 00:00:00
Himachal Pradesh,Bilaspur,Bilaspur,Ordinary Big,Fruits,2.3,2300,2600,2500,14 Dec 2022,2022-12-14 00:00:00
Himachal Pradesh,Chamba,Chamba,Other,Fruits,4.15,3000,3500,3250,14 Dec 2022,2022-12-14 00:00:00
Himachal Pradesh,Mandi,Dhanotu (Mandi),Other,Fruits,3.0,4000,4500,4250,14 Dec 2022,2022-12-14 00:00:00
Himachal Pradesh,Hamirpur,Hamirpur,Other,Fruits,1.4,2800,3000,2900,14 Dec 2022,2022-12-14 00:00:00
Himachal Pradesh,Hamirpur,Hamirpur(Nadaun),Other,Fruits,0.8,2800,3000,2900,14 Dec 2022,2022-12-14 00:00:00
Himachal Pradesh,Kangra,Kangra,Other,Fruits,2.1,3500,4000,3750,14 Dec 2022,2022-12-14 00:00:00
Himachal Pradesh,Kangra,Kangra(Baijnath),Banana - Ripe,Fruits,0.4,3000,3200,3000,14 Dec 2022,2022-12-14 00:00:00
Himachal Pradesh,Kangra,Kangra(Jaisinghpur),Banana - Ripe,Fruits,0.1,3600,4000,3800,14 Dec 2022,2022-12-14 00:00:00
Himachal Pradesh,Kullu,Kullu,Other,Fruits,1.6,3200,3500,3400,14 Dec 2022,2022-12-14 00:00:00
Himachal Pradesh,Sirmore,Nahan,Other,Fruits,0.5,2800,3200,3000,14 Dec 2022,2022-12-14 00:00:00
Himachal Pradesh,Kangra,Palampur,Banana - Ripe,Fruits,0.9,3400,3800,3600,14 Dec 2022,2022-12-14 00:00:00
Himachal Pradesh,Sirmore,Paonta Sahib,Other,Fruits,1.0,300000,500000,400000,14 Dec 2022,2022-12-14 00:00:00
Himachal Pradesh,Solan,Solan,Other,Fruits,0.9,1700,2700,2100,14 Dec 2022,2022-12-14 00:00:00
Himachal Pradesh,Una,Una,Medium,Fruits,5.3,2400,2600,2500,14 Dec 2022,2022-12-14 00:00:00
Odisha,Gajapati,Parlakhemundi,Other,Fruits,4.0,2500,3000,3000,14 Dec 2022,2022-12-14 00:00:00
Himachal Pradesh,Kullu,Bhuntar,Other,Fruits,1.6,2820,2880,2840,15 Dec 2022,2022-12-15 00:00:00
Himachal Pradesh,Bilaspur,Bilaspur,Ordinary Big,Fruits,2.0,2000,2600,2300,15 Dec 2022,2022-12-15 00:00:00
Himachal Pradesh,Mandi,Dhanotu (Mandi),Other,Fruits,2.9,4000,4500,4250,15 Dec 2022,2022-12-15 00:00:00
Himachal Pradesh,Hamirpur,Hamirpur,Other,Fruits,1.1,2800,3000,2900,15 Dec 2022,2022-12-15 00:00:00
Himachal Pradesh,Hamirpur,Hamirpur(Nadaun),Other,Fruits,0.65,2800,3000,2900,15 Dec 2022,2022-12-15 00:00:00
Himachal Pradesh,Kangra,Kangra,Other,Fruits,2.2,3500,4000,3750,15 Dec 2022,2022-12-15 00:00:00
Himachal Pradesh,Kangra,Kangra(Baijnath),Banana - Ripe,Fruits,0.9,3000,3200,3000,15 Dec 2022,2022-12-15 00:00:00
Himachal Pradesh,Kangra,Kangra(Jaisinghpur),Banana - Ripe,Fruits,0.1,3600,4000,3800,15 Dec 2022,2022-12-15 00:00:00
Himachal Pradesh,Kangra,Kangra(Nagrota Bagwan),Amruthapani,Fruits,0.2,3400,3600,3500,15 Dec 2022,2022-12-15 00:00:00
Himachal Pradesh,Kullu,Kullu,Other,Fruits,1.5,3200,3500,3400,15 Dec 2022,2022-12-15 00:00:00
Himachal Pradesh,Mandi,Mandi(Mandi),Banana - Ripe,Fruits,2.3,4000,4500,4500,15 Dec 2022,2022-12-15 00:00:00
Himachal Pradesh,Kangra,Palampur,Banana - Ripe,Fruits,0.8,3400,3800,3600,15 Dec 2022,2022-12-15 00:00:00
Himachal Pradesh,Solan,Solan,Other,Fruits,0.8,1700,2700,2100,15 Dec 2022,2022-12-15 00:00:00
Himachal Pradesh,Una,Una,Medium,Fruits,5.8,2400,2700,2550,15 Dec 2022,2022-12-15 00:00:00
NCT of Delhi,Delhi,Azadpur,Khandesh,Fruits,2.3,1600,1900,1800,15 Dec 2022,2022-12-15 00:00:00
Odisha,Gajapati,Parlakhemundi,Other,Fruits,5.0,2500,3000,3000,15 Dec 2022,2022-12-15 00:00:00
West Bengal,Kolkata,Mechua,Other,Fruits,264.0,1650,2000,1800,15 Dec 2022,2022-12-15 00:00:00
West Bengal,Kolkata,Mechua,Other,Fruits,264.0,1500,1600,1600,15 Dec 2022,2022-12-15 00:00:00
West Bengal,Kolkata,Mechua,Other,Fruits,264.0,1200,1400,1280,15 Dec 2022,2022-12-15 00:00:00
West Bengal,Darjeeling,Siliguri,Other,Fruits,47.5,2300,2500,2400,15 Dec 2022,2022-12-15 00:00:00
West Bengal,Darjeeling,Siliguri,Other,Fruits,47.5,2100,2300,2200,15 Dec 2022,2022-12-15 00:00:00
West Bengal,Darjeeling,Siliguri,Other,Fruits,47.5,1900,2100,2000,15 Dec 2022,2022-12-15 00:00:00
Himachal Pradesh,Kullu,Bhuntar,Other,Fruits,1.5,2820,2880,2850,16 Dec 2022,2022-12-16 00:00:00
Himachal Pradesh,Bilaspur,Bilaspur,Ordinary Big,Fruits,2.3,2300,2800,2500,16 Dec 2022,2022-12-16 00:00:00
Himachal Pradesh,Chamba,Chamba,Other,Fruits,2.65,3000,3500,3250,16 Dec 2022,2022-12-16 00:00:00
Himachal Pradesh,Mandi,Dhanotu (Mandi),Other,Fruits,2.8,4000,4500,4250,16 Dec 2022,2022-12-16 00:00:00
Himachal Pradesh,Hamirpur,Hamirpur,Other,Fruits,1.2,2800,3000,2900,16 Dec 2022,2022-12-16 00:00:00
Himachal Pradesh,Kangra,Kangra,Other,Fruits,1.3,3500,4500,4000,16 Dec 2022,2022-12-16 00:00:00
Himachal Pradesh,Kangra,Kangra(Baijnath),Banana - Ripe,Fruits,0.3,3000,3200,3000,16 Dec 2022,2022-12-16 00:00:00
Himachal Pradesh,Kangra,Kangra(Nagrota Bagwan),Amruthapani,Fruits,0.2,3400,3600,3500,16 Dec 2022,2022-12-16 00:00:00
Himachal Pradesh,Kullu,Kullu,Other,Fruits,2.0,3200,3500,3300,16 Dec 2022,2022-12-16 00:00:00
Himachal Pradesh,Mandi,Mandi(Mandi),Banana - Ripe,Fruits,2.6,4200,4500,4500,16 Dec 2022,2022-12-16 00:00:00
Himachal Pradesh,Kangra,Palampur,Banana - Ripe,Fruits,0.9,3400,3800,3600,16 Dec 2022,2022-12-16 00:00:00
Himachal Pradesh,Una,Una,Medium,Fruits,6.4,2400,2800,2600,16 Dec 2022,2022-12-16 00:00:00
NCT of Delhi,Delhi,Azadpur,Khandesh,Fruits,3.2,1600,1900,1800,16 Dec 2022,2022-12-16 00:00:00
West Bengal,Kolkata,Mechua,Other,Fruits,265.0,1650,2000,1800,16 Dec 2022,2022-12-16 00:00:00
West Bengal,Kolkata,Mechua,Other,Fruits,265.0,1500,1600,1600,16 Dec 2022,2022-12-16 00:00:00
West Bengal,Kolkata,Mechua,Other,Fruits,265.0,1200,1400,1280,16 Dec 2022,2022-12-16 00:00:00
Himachal Pradesh,Chamba,Chamba,Other,Fruits,0.3,3000,3500,3250,17 Dec 2022,2022-12-17 00:00:00
Himachal Pradesh,Mandi,Dhanotu (Mandi),Other,Fruits,2.2,4500,4600,4550,17 Dec 2022,2022-12-17 00:00:00
Himachal Pradesh,Hamirpur,Hamirpur,Other,Fruits,1.1,2800,3000,2900,17 Dec 2022,2022-12-17 00:00:00
Himachal Pradesh,Hamirpur,Hamirpur(Nadaun),Other,Fruits,0.6,2800,3000,2900,17 Dec 2022,2022-12-17 00:00:00
Himachal Pradesh,Kangra,Kangra,Other,Fruits,2.0,3500,4000,3750,17 Dec 2022,2022-12-17 00:00:00
Himachal Pradesh,Kangra,Kangra(Baijnath),Banana - Ripe,Fruits,0.5,3000,3200,3000,17 Dec 2022,2022-12-17 00:00:00
Himachal Pradesh,Kangra,Kangra(Jaisinghpur),Banana - Ripe,Fruits,0.1,3600,4000,3800,17 Dec 2022,2022-12-17 00:00:00
Himachal Pradesh,Kullu,Kullu,Other,Fruits,1.8,3200,3500,3300,17 Dec 2022,2022-12-17 00:00:00
Himachal Pradesh,Kangra,Palampur,Banana - Ripe,Fruits,0.8,3400,3800,3600,17 Dec 2022,2022-12-17 00:00:00
Himachal Pradesh,Una,Una,Medium,Fruits,6.8,2400,2800,2600,17 Dec 2022,2022-12-17 00:00:00
NCT of Delhi,Delhi,Azadpur,Khandesh,Fruits,4.1,1600,1900,1800,17 Dec 2022,2022-12-17 00:00:00
Himachal Pradesh,Kullu,Bhuntar,Other,Fruits,1.3,2880,3000,2890,18 Dec 2022,2022-12-18 00:00:00
Himachal Pradesh,Kullu,Kullu,Other,Fruits,1.7,3200,3500,3300,18 Dec 2022,2022-12-18 00:00:00
West Bengal,Kolkata,Mechua,Other,Fruits,263.0,1500,1800,1540,18 Dec 2022,2022-12-18 00:00:00
West Bengal,Kolkata,Mechua,Other,Fruits,263.0,1340,1400,1400,18 Dec 2022,2022-12-18 00:00:00
West Bengal,Kolkata,Mechua,Other,Fruits,263.0,1200,1280,1200,18 Dec 2022,2022-12-18 00:00:00
Himachal Pradesh,Kullu,Bhuntar,Other,Fruits,1.5,2880,3000,2950,19 Dec 2022,2022-12-19 00:00:00
Himachal Pradesh,Bilaspur,Bilaspur,Ordinary Big,Fruits,2.2,2100,2600,2200,19 Dec 2022,2022-12-19 00:00:00
Himachal Pradesh,Chamba,Chamba,Other,Fruits,1.65,3000,3500,3250,19 Dec 2022,2022-12-19 00:00:00
Himachal Pradesh,Mandi,Dhanotu (Mandi),Other,Fruits,3.5,4500,5000,4750,19 Dec 2022,2022-12-19 00:00:00
Himachal Pradesh,Hamirpur,Hamirpur,Other,Fruits,1.3,2800,3000,2900,19 Dec 2022,2022-12-19 00:00:00
Himachal Pradesh,Hamirpur,Hamirpur(Nadaun),Other,Fruits,0.8,2800,3000,2900,19 Dec 2022,2022-12-19 00:00:00
Himachal Pradesh,Kangra,Kangra,Other,Fruits,2.0,3500,4000,3750,19 Dec 2022,2022-12-19 00:00:00
Himachal Pradesh,Kangra,Kangra(Baijnath),Banana - Ripe,Fruits,0.4,2900,3000,3000,19 Dec 2022,2022-12-19 00:00:00
Himachal Pradesh,Kangra,Kangra(Jaisinghpur),Banana - Ripe,Fruits,0.1,3600,4000,3800,19 Dec 2022,2022-12-19 00:00:00
Himachal Pradesh,Kullu,Kullu,Other,Fruits,2.0,3200,3500,3400,19 Dec 2022,2022-12-19 00:00:00
Himachal Pradesh,Kangra,Palampur,Banana - Ripe,Fruits,0.8,3400,3800,3600,19 Dec 2022,2022-12-19 00:00:00
Himachal Pradesh,Sirmore,Paonta Sahib,Other,Fruits,0.3,300000,400000,350000,19 Dec 2022,2022-12-19 00:00:00
Himachal Pradesh,Solan,Solan,Other,Fruits,1.1,1700,2700,2100,19 Dec 2022,2022-12-19 00:00:00
Himachal Pradesh,Una,Una,Medium,Fruits,8.5,2400,2800,2600,19 Dec 2022,2022-12-19 00:00:00
Odisha,Gajapati,Parlakhemundi,Other,Fruits,5.0,2500,3000,3000,19 Dec 2022,2022-12-19 00:00:00
Himachal Pradesh,Kullu,Bhuntar,Other,Fruits,1.6,2880,3000,2950,20 Dec 2022,2022-12-20 00:00:00
Himachal Pradesh,Bilaspur,Bilaspur,Ordinary Big,Fruits,2.0,2200,2400,2300,20 Dec 2022,2022-12-20 00:00:00
Himachal Pradesh,Mandi,Dhanotu (Mandi),Other,Fruits,2.8,4500,4600,4550,20 Dec 2022,2022-12-20 00:00:00
Himachal Pradesh,Hamirpur,Hamirpur,Other,Fruits,1.4,2800,3000,2900,20 Dec 2022,2022-12-20 00:00:00
Himachal Pradesh,Hamirpur,Hamirpur(Nadaun),Other,Fruits,0.7,2800,3000,2900,20 Dec 2022,2022-12-20 00:00:00
Himachal Pradesh,Kangra,Kangra,Other,Fruits,2.1,3500,4000,3750,20 Dec 2022,2022-12-20 00:00:00
Himachal Pradesh,Kangra,Kangra(Jaisinghpur),Banana - Ripe,Fruits,0.1,3600,4000,3800,20 Dec 2022,2022-12-20 00:00:00
Himachal Pradesh,Kangra,Kangra(Nagrota Bagwan),Amruthapani,Fruits,0.2,3400,3600,3500,20 Dec 2022,2022-12-20 00:00:00
Himachal Pradesh,Kullu,Kullu,Other,Fruits,1.8,3200,3500,3300,20 Dec 2022,2022-12-20 00:00:00
Himachal Pradesh,Mandi,Mandi(Mandi),Banana - Ripe,Fruits,2.7,4000,4500,4500,20 Dec 2022,2022-12-20 00:00:00
Himachal Pradesh,Kangra,Palampur,Banana - Ripe,Fruits,0.8,3400,3800,3600,20 Dec 2022,2022-12-20 00:00:00
Himachal Pradesh,Sirmore,Paonta Sahib,Other,Fruits,0.3,300000,500000,400000,20 Dec 2022,2022-12-20 00:00:00
Himachal Pradesh,Solan,Solan,Other,Fruits,0.1,1700,2700,2100,20 Dec 2022,2022-12-20 00:00:00
Himachal Pradesh,Una,Una,Medium,Fruits,6.2,2400,2700,2550,20 Dec 2022,2022-12-20 00:00:00
Odisha,Gajapati,Parlakhemundi,Other,Fruits,5.0,1500,2000,2000,20 Dec 2022,2022-12-20 00:00:00
West Bengal,Kolkata,Mechua,Other,Fruits,200.0,1500,1700,1600,20 Dec 2022,2022-12-20 00:00:00
Himachal Pradesh,Kullu,Bhuntar,Other,Fruits,1.3,2880,3000,2950,21 Dec 2022,2022-12-21 00:00:00
Himachal Pradesh,Bilaspur,Bilaspur,Ordinary Big,Fruits,2.0,2300,2800,2400,21 Dec 2022,2022-12-21 00:00:00
Himachal Pradesh,Chamba,Chamba,Other,Fruits,1.65,3000,3500,3250,21 Dec 2022,2022-12-21 00:00:00
Himachal Pradesh,Hamirpur,Hamirpur,Other,Fruits,1.3,2800,3000,2900,21 Dec 2022,2022-12-21 00:00:00
Himachal Pradesh,Hamirpur,Hamirpur(Nadaun),Other,Fruits,1.0,2800,3000,2900,21 Dec 2022,2022-12-21 00:00:00
Himachal Pradesh,Kangra,Kangra,Other,Fruits,2.0,3500,4000,3750,21 Dec 2022,2022-12-21 00:00:00
Himachal Pradesh,Kangra,Kangra(Jaisinghpur),Banana - Ripe,Fruits,0.06,3600,4000,3800,21 Dec 2022,2022-12-21 00:00:00
Himachal Pradesh,Kullu,Kullu,Other,Fruits,2.2,3200,3500,3300,21 Dec 2022,2022-12-21 00:00:00
Himachal Pradesh,Kangra,Palampur,Banana - Ripe,Fruits,0.7,3600,4000,3800,21 Dec 2022,2022-12-21 00:00:00
Himachal Pradesh,Solan,Solan,Other,Fruits,0.9,1700,2700,2100,21 Dec 2022,2022-12-21 00:00:00
Himachal Pradesh,Una,Una,Medium,Fruits,6.7,2400,2800,2600,21 Dec 2022,2022-12-21 00:00:00
NCT of Delhi,Delhi,Azadpur,Khandesh,Fruits,2.7,1800,2100,2000,21 Dec 2022,2022-12-21 00:00:00
West Bengal,Kolkata,Mechua,Other,Fruits,198.0,1700,1800,1740,21 Dec 2022,2022-12-21 00:00:00
West Bengal,Kolkata,Mechua,Other,Fruits,198.0,1500,1600,1560,21 Dec 2022,2022-12-21 00:00:00
West Bengal,Kolkata,Mechua,Other,Fruits,198.0,1200,1400,1260,21 Dec 2022,2022-12-21 00:00:00
West Bengal,Darjeeling,Siliguri,Other,Fruits,47.0,2300,2500,2400,21 Dec 2022,2022-12-21 00:00:00
West Bengal,Darjeeling,Siliguri,Other,Fruits,47.0,2100,2300,2200,21 Dec 2022,2022-12-21 00:00:00
West Bengal,Darjeeling,Siliguri,Other,Fruits,47.0,1900,2100,2000,21 Dec 2022,2022-12-21 00:00:00
Himachal Pradesh,Kullu,Bhuntar,Other,Fruits,1.5,2880,3000,2950,22 Dec 2022,2022-12-22 00:00:00
Himachal Pradesh,Bilaspur,Bilaspur,Ordinary Big,Fruits,2.3,2300,2800,2500,22 Dec 2022,2022-12-22 00:00:00
Himachal Pradesh,Chamba,Chamba,Other,Fruits,0.75,3000,3500,3250,22 Dec 2022,2022-12-22 00:00:00
Himachal Pradesh,Mandi,Dhanotu (Mandi),Other,Fruits,3.5,4000,4500,4250,22 Dec 2022,2022-12-22 00:00:00
Himachal Pradesh,Hamirpur,Hamirpur,Other,Fruits,1.2,2800,3000,2900,22 Dec 2022,2022-12-22 00:00:00
Himachal Pradesh,Hamirpur,Hamirpur(Nadaun),Other,Fruits,0.9,2800,3000,2900,22 Dec 2022,2022-12-22 00:00:00
Himachal Pradesh,Kangra,Kangra,Other,Fruits,2.0,3500,4000,3750,22 Dec 2022,2022-12-22 00:00:00
Himachal Pradesh,Kangra,Kangra(Baijnath),Banana - Ripe,Fruits,0.4,2800,3200,3000,22 Dec 2022,2022-12-22 00:00:00
Himachal Pradesh,Kangra,Kangra(Jaisinghpur),Banana - Ripe,Fruits,0.1,3600,4000,3800,22 Dec 2022,2022-12-22 00:00:00
Himachal Pradesh,Kullu,Kullu,Other,Fruits,1.8,3200,3500,3400,22 Dec 2022,2022-12-22 00:00:00
Himachal Pradesh,Kangra,Palampur,Banana - Ripe,Fruits,0.8,3400,3800,3600,22 Dec 2022,2022-12-22 00:00:00
Himachal Pradesh,Solan,Solan,Other,Fruits,0.6,1700,2700,2100,22 Dec 2022,2022-12-22 00:00:00
Himachal Pradesh,Una,Una,Medium,Fruits,5.9,2400,2700,2550,22 Dec 2022,2022-12-22 00:00:00
NCT of Delhi,Delhi,Azadpur,Khandesh,Fruits,2.8,1800,2100,2000,22 Dec 2022,2022-12-22 00:00:00
West Bengal,Kolkata,Mechua,Other,Fruits,197.0,1700,1800,1740,22 Dec 2022,2022-12-22 00:00:00
West Bengal,Kolkata,Mechua,Other,Fruits,197.0,1500,1600,1560,22 Dec 2022,2022-12-22 00:00:00
West Bengal,Kolkata,Mechua,Other,Fruits,197.0,1200,1400,1280,22 Dec 2022,2022-12-22 00:00:00
Himachal Pradesh,Chamba,Chamba,Other,Fruits,1.65,3000,3500,3250,23 Dec 2022,2022-12-23 00:00:00
Himachal Pradesh,Mandi,Dhanotu (Mandi),Other,Fruits,3.7,3400,3600,3500,23 Dec 2022,2022-12-23 00:00:00
Himachal Pradesh,Hamirpur,Hamirpur,Other,Fruits,1.2,2800,3000,2900,23 Dec 2022,2022-12-23 00:00:00
Himachal Pradesh,Hamirpur,Hamirpur(Nadaun),Other,Fruits,0.8,2800,3000,2900,23 Dec 2022,2022-12-23 00:00:00
Himachal Pradesh,Kangra,Kangra,Other,Fruits,2.1,3500,4000,3750,23 Dec 2022,2022-12-23 00:00:00
Himachal Pradesh,Kangra,Kangra(Baijnath),Banana - Ripe,Fruits,0.3,3000,3200,3000,23 Dec 2022,2022-12-23 00:00:00
Himachal Pradesh,Kangra,Kangra(Jaisinghpur),Banana - Ripe,Fruits,0.1,3600,4000,3800,23 Dec 2022,2022-12-23 00:00:00
Himachal Pradesh,Kullu,Kullu,Other,Fruits,1.6,3300,3500,3400,23 Dec 2022,2022-12-23 00:00:00
Himachal Pradesh,Mandi,Mandi(Mandi),Banana - Ripe,Fruits,2.4,4200,4500,4400,23 Dec 2022,2022-12-23 00:00:00
Himachal Pradesh,Kangra,Palampur,Banana - Ripe,Fruits,0.6,3400,3800,3600,23 Dec 2022,2022-12-23 00:00:00
Himachal Pradesh,Solan,Solan,Other,Fruits,0.3,1700,2700,2100,23 Dec 2022,2022-12-23 00:00:00
Himachal Pradesh,Una,Una,Medium,Fruits,6.3,2500,2700,2600,23 Dec 2022,2022-12-23 00:00:00
West Bengal,Kolkata,Mechua,Other,Fruits,180.0,1600,1700,1650,23 Dec 2022,2022-12-23 00:00:00
West Bengal,Kolkata,Mechua,Other,Fruits,180.0,1400,1560,1500,23 Dec 2022,2022-12-23 00:00:00
West Bengal,Kolkata,Mechua,Other,Fruits,180.0,1200,1280,1260,23 Dec 2022,2022-12-23 00:00:00
West Bengal,Darjeeling,Siliguri,Other,Fruits,46.0,2200,2400,2300,23 Dec 2022,2022-12-23 00:00:00
West Bengal,Darjeeling,Siliguri,Other,Fruits,46.0,2000,2200,2100,23 Dec 2022,2022-12-23 00:00:00
West Bengal,Darjeeling,Siliguri,Other,Fruits,46.0,1800,2000,1900,23 Dec 2022,2022-12-23 00:00:00
Himachal Pradesh,Chamba,Chamba,Other,Fruits,1.25,3000,3500,3250,24 Dec 2022,2022-12-24 00:00:00
Himachal Pradesh,Mandi,Dhanotu (Mandi),Other,Fruits,2.2,4500,4700,4600,24 Dec 2022,2022-12-24 00:00:00
Himachal Pradesh,Hamirpur,Hamirpur(Nadaun),Other,Fruits,0.8,2800,3000,2900,24 Dec 2022,2022-12-24 00:00:00
Himachal Pradesh,Kangra,Kangra,Other,Fruits,2.1,3500,4000,3750,24 Dec 2022,2022-12-24 00:00:00
Himachal Pradesh,Kangra,Kangra(Baijnath),Banana - Ripe,Fruits,0.5,3000,3000,3000,24 Dec 2022,2022-12-24 00:00:00
Himachal Pradesh,Kangra,Kangra(Jaisinghpur),Banana - Ripe,Fruits,0.1,3600,4000,3750,24 Dec 2022,2022-12-24 00:00:00
Himachal Pradesh,Mandi,Mandi(Mandi),Banana - Ripe,Fruits,3.1,4200,4500,4400,24 Dec 2022,2022-12-24 00:00:00
Himachal Pradesh,Kangra,Palampur,Banana - Ripe,Fruits,0.8,3400,3800,3650,24 Dec 2022,2022-12-24 00:00:00
Himachal Pradesh,Solan,Solan,Other,Fruits,0.6,1700,2700,2100,24 Dec 2022,2022-12-24 00:00:00
Himachal Pradesh,Una,Una,Medium,Fruits,6.5,2400,2700,2550,24 Dec 2022,2022-12-24 00:00:00
NCT of Delhi,Delhi,Azadpur,Khandesh,Fruits,3.1,1800,2100,2000,24 Dec 2022,2022-12-24 00:00:00
Himachal Pradesh,Kullu,Bhuntar,Other,Fruits,1.5,2880,3000,2950,25 Dec 2022,2022-12-25 00:00:00
West Bengal,Kolkata,Mechua,Other,Fruits,164.0,1600,1700,1600,25 Dec 2022,2022-12-25 00:00:00
West Bengal,Kolkata,Mechua,Other,Fruits,164.0,1400,1540,1500,25 Dec 2022,2022-12-25 00:00:00
West Bengal,Kolkata,Mechua,Other,Fruits,164.0,1200,1300,1250,25 Dec 2022,2022-12-25 00:00:00
Himachal Pradesh,Kullu,Bhuntar,Other,Fruits,1.3,2880,3000,2950,26 Dec 2022,2022-12-26 00:00:00
Himachal Pradesh,Chamba,Chamba,Other,Fruits,2.15,3000,3500,3250,26 Dec 2022,2022-12-26 00:00:00
Himachal Pradesh,Mandi,Dhanotu (Mandi),Other,Fruits,3.2,4500,4600,4550,26 Dec 2022,2022-12-26 00:00:00
Himachal Pradesh,Hamirpur,Hamirpur,Other,Fruits,1.2,2800,3000,2900,26 Dec 2022,2022-12-26 00:00:00
Himachal Pradesh,Hamirpur,Hamirpur(Nadaun),Other,Fruits,0.9,2800,3000,2900,26 Dec 2022,2022-12-26 00:00:00
Himachal Pradesh,Kangra,Kangra,Other,Fruits,2.0,3500,4000,3750,26 Dec 2022,2022-12-26 00:00:00
Himachal Pradesh,Kangra,Kangra(Baijnath),Banana - Ripe,Fruits,0.4,3000,3200,3000,26 Dec 2022,2022-12-26 00:00:00
Himachal Pradesh,Kangra,Kangra(Jaisinghpur),Banana - Ripe,Fruits,0.06,3600,4000,3800,26 Dec 2022,2022-12-26 00:00:00
Himachal Pradesh,Kullu,Kullu,Other,Fruits,1.0,3300,3500,3400,26 Dec 2022,2022-12-26 00:00:00
Himachal Pradesh,Kangra,Palampur,Banana - Ripe,Fruits,0.8,3400,3800,3600,26 Dec 2022,2022-12-26 00:00:00
Himachal Pradesh,Sirmore,Paonta Sahib,Other,Fruits,0.75,3000,4000,3500,26 Dec 2022,2022-12-26 00:00:00
Himachal Pradesh,Solan,Solan,Other,Fruits,0.7,1700,2700,2100,26 Dec 2022,2022-12-26 00:00:00
Himachal Pradesh,Una,Una,Medium,Fruits,7.5,2400,2700,2550,26 Dec 2022,2022-12-26 00:00:00
Odisha,Gajapati,Parlakhemundi,Other,Fruits,5.0,2500,3000,3000,26 Dec 2022,2022-12-26 00:00:00
West Bengal,Kolkata,Mechua,Other,Fruits,157.0,1600,1680,1650,26 Dec 2022,2022-12-26 00:00:00
West Bengal,Kolkata,Mechua,Other,Fruits,157.0,1400,1500,1480,26 Dec 2022,2022-12-26 00:00:00
West Bengal,Kolkata,Mechua,Other,Fruits,157.0,1200,1280,1240,26 Dec 2022,2022-12-26 00:00:00
Himachal Pradesh,Kullu,Bhuntar,Other,Fruits,1.5,2880,3000,2950,27 Dec 2022,2022-12-27 00:00:00
Himachal Pradesh,Bilaspur,Bilaspur,Ordinary Big,Fruits,2.2,2200,2800,2300,27 Dec 2022,2022-12-27 00:00:00
Himachal Pradesh,Hamirpur,Hamirpur,Other,Fruits,1.3,2800,3000,2900,27 Dec 2022,2022-12-27 00:00:00
Himachal Pradesh,Kangra,Kangra,Other,Fruits,1.8,3500,4000,3750,27 Dec 2022,2022-12-27 00:00:00
Himachal Pradesh,Kangra,Kangra(Baijnath),Banana - Ripe,Fruits,0.4,3000,3200,3200,27 Dec 2022,2022-12-27 00:00:00
Himachal Pradesh,Kullu,Kullu,Other,Fruits,1.0,3300,3500,3400,27 Dec 2022,2022-12-27 00:00:00
Himachal Pradesh,Kangra,Palampur,Banana - Ripe,Fruits,0.8,3400,3600,3500,27 Dec 2022,2022-12-27 00:00:00
Himachal Pradesh,Una,Una,Medium,Fruits,5.4,2400,2700,2550,27 Dec 2022,2022-12-27 00:00:00
West Bengal,Kolkata,Mechua,Other,Fruits,158.0,1600,1700,1640,27 Dec 2022,2022-12-27 00:00:00
West Bengal,Kolkata,Mechua,Other,Fruits,158.0,1400,1500,1450,27 Dec 2022,2022-12-27 00:00:00
West Bengal,Kolkata,Mechua,Other,Fruits,158.0,1200,1260,1240,27 Dec 2022,2022-12-27 00:00:00
West Bengal,Darjeeling,Siliguri,Other,Fruits,46.0,2200,2400,2300,27 Dec 2022,2022-12-27 00:00:00
West Bengal,Darjeeling,Siliguri,Other,Fruits,46.0,2000,2200,2100,27 Dec 2022,2022-12-27 00:00:00
West Bengal,Darjeeling,Siliguri,Other,Fruits,46.0,1800,2000,1900,27 Dec 2022,2022-12-27 00:00:00
Himachal Pradesh,Bilaspur,Bilaspur,Ordinary Big,Fruits,2.3,2300,3000,2500,28 Dec 2022,2022-12-28 00:00:00
Himachal Pradesh,Chamba,Chamba,Other,Fruits,1.65,3000,3500,3250,28 Dec 2022,2022-12-28 00:00:00
Himachal Pradesh,Mandi,Dhanotu (Mandi),Other,Fruits,2.4,4000,4500,4250,28 Dec 2022,2022-12-28 00:00:00
Himachal Pradesh,Hamirpur,Hamirpur,Other,Fruits,1.2,2800,3000,2900,28 Dec 2022,2022-12-28 00:00:00
Himachal Pradesh,Hamirpur,Hamirpur(Nadaun),Other,Fruits,0.8,2800,3000,2900,28 Dec 2022,2022-12-28 00:00:00
Himachal Pradesh,Kangra,Kangra,Other,Fruits,2.0,3500,4000,3750,28 Dec 2022,2022-12-28 00:00:00
Himachal Pradesh,Kangra,Kangra(Nagrota Bagwan),Amruthapani,Fruits,0.2,3500,3700,3600,28 Dec 2022,2022-12-28 00:00:00
Himachal Pradesh,Kullu,Kullu,Other,Fruits,1.0,3300,3500,3300,28 Dec 2022,2022-12-28 00:00:00
Himachal Pradesh,Sirmore,Nahan,Other,Fruits,0.4,2500,3000,2800,28 Dec 2022,2022-12-28 00:00:00
Himachal Pradesh,Kangra,Palampur,Banana - Ripe,Fruits,0.6,3400,3600,3500,28 Dec 2022,2022-12-28 00:00:00
Himachal Pradesh,Sirmore,Paonta Sahib,Other,Fruits,0.4,400000,600000,500000,28 Dec 2022,2022-12-28 00:00:00
Himachal Pradesh,Solan,Solan,Other,Fruits,1.1,1700,2700,2100,28 Dec 2022,2022-12-28 00:00:00
Himachal Pradesh,Una,Una,Medium,Fruits,5.8,2400,2600,2500,28 Dec 2022,2022-12-28 00:00:00
West Bengal,Kolkata,Mechua,Other,Fruits,150.0,1600,1650,1600,28 Dec 2022,2022-12-28 00:00:00
West Bengal,Kolkata,Mechua,Other,Fruits,150.0,1400,1500,1440,28 Dec 2022,2022-12-28 00:00:00
West Bengal,Kolkata,Mechua,Other,Fruits,150.0,1200,1260,1220,28 Dec 2022,2022-12-28 00:00:00
Himachal Pradesh,Kullu,Bhuntar,Other,Fruits,1.5,2880,3000,2950,29 Dec 2022,2022-12-29 00:00:00
Himachal Pradesh,Bilaspur,Bilaspur,Ordinary Big,Fruits,2.3,2300,2900,2600,29 Dec 2022,2022-12-29 00:00:00
Himachal Pradesh,Chamba,Chamba,Other,Fruits,0.5,3000,3500,3250,29 Dec 2022,2022-12-29 00:00:00
Himachal Pradesh,Mandi,Dhanotu (Mandi),Other,Fruits,2.0,4500,4700,4600,29 Dec 2022,2022-12-29 00:00:00
Himachal Pradesh,Hamirpur,Hamirpur,Other,Fruits,1.2,2800,3000,2900,29 Dec 2022,2022-12-29 00:00:00
Himachal Pradesh,Hamirpur,Hamirpur(Nadaun),Other,Fruits,0.8,2800,3000,2900,29 Dec 2022,2022-12-29 00:00:00
Himachal Pradesh,Kangra,Kangra,Other,Fruits,2.1,3500,4000,3750,29 Dec 2022,2022-12-29 00:00:00
Himachal Pradesh,Kangra,Kangra(Jaisinghpur),Banana - Ripe,Fruits,0.06,3600,3800,3700,29 Dec 2022,2022-12-29 00:00:00
Himachal Pradesh,Kangra,Kangra(Nagrota Bagwan),Amruthapani,Fruits,0.3,3500,3600,3550,29 Dec 2022,2022-12-29 00:00:00
Himachal Pradesh,Kullu,Kullu,Other,Fruits,1.0,3400,3800,3600,29 Dec 2022,2022-12-29 00:00:00
Himachal Pradesh,Sirmore,Nahan,Other,Fruits,0.44,2500,3000,2800,29 Dec 2022,2022-12-29 00:00:00
Himachal Pradesh,Kangra,Palampur,Banana - Ripe,Fruits,0.6,3400,3600,3500,29 Dec 2022,2022-12-29 00:00:00
Himachal Pradesh,Sirmore,Paonta Sahib,Other,Fruits,0.32,300000,400000,350000,29 Dec 2022,2022-12-29 00:00:00
Himachal Pradesh,Una,Una,Medium,Fruits,5.6,2400,2700,2550,29 Dec 2022,2022-12-29 00:00:00
West Bengal,Kolkata,Mechua,Other,Fruits,145.0,1600,1650,1600,29 Dec 2022,2022-12-29 00:00:00
West Bengal,Kolkata,Mechua,Other,Fruits,145.0,1400,1500,1450,29 Dec 2022,2022-12-29 00:00:00
West Bengal,Kolkata,Mechua,Other,Fruits,145.0,1200,1260,1240,29 Dec 2022,2022-12-29 00:00:00
West Bengal,Darjeeling,Siliguri,Other,Fruits,46.0,2200,2400,2300,29 Dec 2022,2022-12-29 00:00:00
West Bengal,Darjeeling,Siliguri,Other,Fruits,46.0,2100,2300,2200,29 Dec 2022,2022-12-29 00:00:00
West Bengal,Darjeeling,Siliguri,Other,Fruits,46.0,1900,2100,2000,29 Dec 2022,2022-12-29 00:00:00
Himachal Pradesh,Kullu,Bhuntar,Other,Fruits,1.3,2880,3000,2950,30 Dec 2022,2022-12-30 00:00:00
Himachal Pradesh,Bilaspur,Bilaspur,Ordinary Big,Fruits,2.5,2300,2800,2500,30 Dec 2022,2022-12-30 00:00:00
Himachal Pradesh,Mandi,Dhanotu (Mandi),Other,Fruits,2.0,4500,4700,4600,30 Dec 2022,2022-12-30 00:00:00
Himachal Pradesh,Hamirpur,Hamirpur,Other,Fruits,1.2,2800,3000,2900,30 Dec 2022,2022-12-30 00:00:00
Himachal Pradesh,Hamirpur,Hamirpur(Nadaun),Other,Fruits,0.8,2800,3000,2900,30 Dec 2022,2022-12-30 00:00:00
Himachal Pradesh,Kangra,Kangra,Other,Fruits,1.8,3500,4000,3750,30 Dec 2022,2022-12-30 00:00:00
Himachal Pradesh,Kangra,Kangra(Nagrota Bagwan),Amruthapani,Fruits,0.2,3500,3600,3550,30 Dec 2022,2022-12-30 00:00:00
Himachal Pradesh,Kullu,Kullu,Other,Fruits,1.8,3400,3800,3500,30 Dec 2022,2022-12-30 00:00:00
Himachal Pradesh,Mandi,Mandi(Mandi),Banana - Ripe,Fruits,2.6,4200,4500,4400,30 Dec 2022,2022-12-30 00:00:00
Himachal Pradesh,Kangra,Palampur,Banana - Ripe,Fruits,0.9,3400,3600,3500,30 Dec 2022,2022-12-30 00:00:00
Himachal Pradesh,Solan,Solan,Other,Fruits,0.7,1700,2700,2100,30 Dec 2022,2022-12-30 00:00:00
Himachal Pradesh,Una,Una,Medium,Fruits,6.5,2400,2700,2550,30 Dec 2022,2022-12-30 00:00:00
NCT of Delhi,Delhi,Azadpur,Khandesh,Fruits,2.2,1800,2100,2000,30 Dec 2022,2022-12-30 00:00:00
Odisha,Gajapati,Parlakhemundi,Other,Fruits,5.0,2500,3000,3000,30 Dec 2022,2022-12-30 00:00:00
West Bengal,Kolkata,Mechua,Other,Fruits,146.0,1600,1640,1600,30 Dec 2022,2022-12-30 00:00:00
West Bengal,Kolkata,Mechua,Other,Fruits,146.0,1400,1500,1440,30 Dec 2022,2022-12-30 00:00:00
West Bengal,Kolkata,Mechua,Other,Fruits,146.0,1200,1280,1240,30 Dec 2022,2022-12-30 00:00:00
West Bengal,Darjeeling,Siliguri,Other,Fruits,46.5,2300,2500,2400,30 Dec 2022,2022-12-30 00:00:00
West Bengal,Darjeeling,Siliguri,Other,Fruits,46.5,2100,2300,2200,30 Dec 2022,2022-12-30 00:00:00
West Bengal,Darjeeling,Siliguri,Other,Fruits,46.5,2000,2200,2100,30 Dec 2022,2022-12-30 00:00:00
Himachal Pradesh,Bilaspur,Bilaspur,Ordinary Big,Fruits,2.3,2300,2600,2500,31 Dec 2022,2022-12-31 00:00:00
Himachal Pradesh,Mandi,Dhanotu (Mandi),Other,Fruits,2.3,4000,4800,4400,31 Dec 2022,2022-12-31 00:00:00
Himachal Pradesh,Kangra,Kangra,Other,Fruits,2.0,3500,4000,3750,31 Dec 2022,2022-12-31 00:00:00
Himachal Pradesh,Kangra,Kangra(Jaisinghpur),Banana - Ripe,Fruits,0.1,3600,3800,3700,31 Dec 2022,2022-12-31 00:00:00
Himachal Pradesh,Kangra,Kangra(Nagrota Bagwan),Amruthapani,Fruits,0.3,3400,3600,3500,31 Dec 2022,2022-12-31 00:00:00
Himachal Pradesh,Kangra,Palampur,Banana - Ripe,Fruits,0.8,3400,3600,3500,31 Dec 2022,2022-12-31 00:00:00
Himachal Pradesh,Solan,Solan,Other,Fruits,0.7,1700,2700,2100,31 Dec 2022,2022-12-31 00:00:00
Himachal Pradesh,Una,Una,Medium,Fruits,7.0,2700,3100,2900,31 Dec 2022,2022-12-31 00:00:00
Odisha,Gajapati,Parlakhemundi,Other,Fruits,5.0,1500,2000,2000,31 Dec 2022,2022-12-31 00:00:00
Himachal Pradesh,Kullu,Bhuntar,Other,Fruits,1.6,2880,3000,2950,01 Jan 2023,2023-01-01 00:00:00
Himachal Pradesh,Kullu,Kullu,Other,Fruits,1.3,3300,3500,3400,01 Jan 2023,2023-01-01 00:00:00
West Bengal,Kolkata,Mechua,Other,Fruits,148.0,1600,1650,1600,01 Jan 2023,2023-01-01 00:00:00
West Bengal,Kolkata,Mechua,Other,Fruits,148.0,1400,1500,1450,01 Jan 2023,2023-01-01 00:00:00
West Bengal,Kolkata,Mechua,Other,Fruits,148.0,1200,1280,1260,01 Jan 2023,2023-01-01 00:00:00
Himachal Pradesh,Kullu,Bhuntar,Other,Fruits,1.3,2880,3000,2950,02 Jan 2023,2023-01-02 00:00:00
Himachal Pradesh,Chamba,Chamba,Other,Fruits,0.65,3000,3500,3250,02 Jan 2023,2023-01-02 00:00:00
Himachal Pradesh,Mandi,Dhanotu (Mandi),Other,Fruits,2.4,3500,4000,3750,02 Jan 2023,2023-01-02 00:00:00
Himachal Pradesh,Hamirpur,Hamirpur,Other,Fruits,1.4,2600,3000,2800,02 Jan 2023,2023-01-02 00:00:00
Himachal Pradesh,Kangra,Kangra,Other,Fruits,2.1,3500,4000,3750,02 Jan 2023,2023-01-02 00:00:00
Himachal Pradesh,Kangra,Kangra(Baijnath),Banana - Ripe,Fruits,0.3,2800,2900,2800,02 Jan 2023,2023-01-02 00:00:00
Himachal Pradesh,Kangra,Kangra(Jaisinghpur),Banana - Ripe,Fruits,0.1,3600,3800,3700,02 Jan 2023,2023-01-02 00:00:00
Himachal Pradesh,Kullu,Kullu,Other,Fruits,1.7,3400,3800,3600,02 Jan 2023,2023-01-02 00:00:00
Himachal Pradesh,Kangra,Palampur,Banana - Ripe,Fruits,0.8,3400,3600,3500,02 Jan 2023,2023-01-02 00:00:00
Himachal Pradesh,Sirmore,Paonta Sahib,Other,Fruits,0.5,30000,500000,400000,02 Jan 2023,2023-01-02 00:00:00
Himachal Pradesh,Solan,Solan,Other,Fruits,0.8,1700,2700,2100,02 Jan 2023,2023-01-02 00:00:00
Himachal Pradesh,Una,Una,Medium,Fruits,7.4,2400,2600,2500,02 Jan 2023,2023-01-02 00:00:00
NCT of Delhi,Delhi,Azadpur,Khandesh,Fruits,2.4,1800,2100,2000,02 Jan 2023,2023-01-02 00:00:00
Odisha,Gajapati,Parlakhemundi,Other,Fruits,5.0,1500,2000,2000,02 Jan 2023,2023-01-02 00:00:00
Himachal Pradesh,Kullu,Bhuntar,Other,Fruits,1.5,2880,3000,2940,03 Jan 2023,2023-01-03 00:00:00
Himachal Pradesh,Bilaspur,Bilaspur,Ordinary Big,Fruits,2.3,2300,2800,2600,03 Jan 2023,2023-01-03 00:00:00
Himachal Pradesh,Mandi,Dhanotu (Mandi),Other,Fruits,2.2,3500,4000,3750,03 Jan 2023,2023-01-03 00:00:00
Himachal Pradesh,Kangra,Kangra,Other,Fruits,2.1,3500,4000,3750,03 Jan 2023,2023-01-03 00:00:00
Himachal Pradesh,Kangra,Kangra(Baijnath),Banana - Ripe,Fruits,0.4,2700,2900,2800,03 Jan 2023,2023-01-03 00:00:00
Himachal Pradesh,Kangra,Kangra(Nagrota Bagwan),Amruthapani,Fruits,0.2,3400,3600,3500,03 Jan 2023,2023-01-03 00:00:00
Himachal Pradesh,Kullu,Kullu,Other,Fruits,1.5,3400,3800,3600,03 Jan 2023,2023-01-03 00:00:00
Himachal Pradesh,Kangra,Palampur,Banana - Ripe,Fruits,0.8,3400,3600,3500,03 Jan 2023,2023-01-03 00:00:00
Himachal Pradesh,Sirmore,Paonta Sahib,Other,Fruits,0.6,300000,400000,350000,03 Jan 2023,2023-01-03 00:00:00
Himachal Pradesh,Solan,Solan,Other,Fruits,0.1,1700,2700,2100,03 Jan 2023,2023-01-03 00:00:00
Himachal Pradesh,Una,Una,Medium,Fruits,6.0,2300,3000,2700,03 Jan 2023,2023-01-03 00:00:00
NCT of Delhi,Delhi,Azadpur,Khandesh,Fruits,2.7,1800,2100,2000,03 Jan 2023,2023-01-03 00:00:00
West Bengal,Kolkata,Mechua,Other,Fruits,144.0,1500,1600,1560,03 Jan 2023,2023-01-03 00:00:00
West Bengal,Kolkata,Mechua,Other,Fruits,144.0,1400,1480,1450,03 Jan 2023,2023-01-03 00:00:00
West Bengal,Kolkata,Mechua,Other,Fruits,144.0,1200,1260,1240,03 Jan 2023,2023-01-03 00:00:00
West Bengal,Darjeeling,Siliguri,Other,Fruits,46.5,2200,2400,2300,03 Jan 2023,2023-01-03 00:00:00
West Bengal,Darjeeling,Siliguri,Other,Fruits,46.5,2000,2200,2100,03 Jan 2023,2023-01-03 00:00:00
West Bengal,Darjeeling,Siliguri,Other,Fruits,46.5,1800,2000,1900,03 Jan 2023,2023-01-03 00:00:00
Himachal Pradesh,Kullu,Bhuntar,Other,Fruits,1.6,2880,3000,2940,04 Jan 2023,2023-01-04 00:00:00
Himachal Pradesh,Bilaspur,Bilaspur,Ordinary Big,Fruits,1.8,2300,2800,2500,04 Jan 2023,2023-01-04 00:00:00
Himachal Pradesh,Chamba,Chamba,Other,Fruits,1.65,3000,3500,3250,04 Jan 2023,2023-01-04 00:00:00
Himachal Pradesh,Mandi,Dhanotu (Mandi),Other,Fruits,2.4,3500,4500,4000,04 Jan 2023,2023-01-04 00:00:00
Himachal Pradesh,Hamirpur,Hamirpur,Other,Fruits,1.2,2600,3000,2800,04 Jan 2023,2023-01-04 00:00:00
Himachal Pradesh,Hamirpur,Hamirpur(Nadaun),Other,Fruits,0.6,2600,3000,2800,04 Jan 2023,2023-01-04 00:00:00
Himachal Pradesh,Kangra,Kangra,Other,Fruits,2.0,3500,4000,3750,04 Jan 2023,2023-01-04 00:00:00
Himachal Pradesh,Kangra,Kangra(Baijnath),Banana - Ripe,Fruits,0.4,2600,2800,2700,04 Jan 2023,2023-01-04 00:00:00
Himachal Pradesh,Kangra,Kangra(Nagrota Bagwan),Amruthapani,Fruits,0.3,3400,3600,3500,04 Jan 2023,2023-01-04 00:00:00
Himachal Pradesh,Mandi,Mandi(Mandi),Banana - Ripe,Fruits,2.6,3800,4500,4000,04 Jan 2023,2023-01-04 00:00:00
Himachal Pradesh,Sirmore,Nahan,Other,Fruits,0.5,2500,3000,2750,04 Jan 2023,2023-01-04 00:00:00
Himachal Pradesh,Kangra,Palampur,Banana - Ripe,Fruits,0.7,3400,3600,3500,04 Jan 2023,2023-01-04 00:00:00
Himachal Pradesh,Sirmore,Paonta Sahib,Other,Fruits,0.5,300000,400000,350000,04 Jan 2023,2023-01-04 00:00:00
Himachal Pradesh,Solan,Solan,Other,Fruits,0.7,1700,2700,2100,04 Jan 2023,2023-01-04 00:00:00
Himachal Pradesh,Una,Una,Medium,Fruits,6.0,2400,2700,2600,04 Jan 2023,2023-01-04 00:00:00
NCT of Delhi,Delhi,Azadpur,Khandesh,Fruits,3.6,1800,2100,2000,04 Jan 2023,2023-01-04 00:00:00
West Bengal,Kolkata,Mechua,Other,Fruits,142.0,1500,1600,1540,04 Jan 2023,2023-01-04 00:00:00
West Bengal,Kolkata,Mechua,Other,Fruits,142.0,1400,1480,1460,04 Jan 2023,2023-01-04 00:00:00
West Bengal,Kolkata,Mechua,Other,Fruits,142.0,1200,1270,1250,04 Jan 2023,2023-01-04 00:00:00
West Bengal,Darjeeling,Siliguri,Other,Fruits,46.0,2300,2500,2400,04 Jan 2023,2023-01-04 00:00:00
West Bengal,Darjeeling,Siliguri,Other,Fruits,46.0,2200,2400,2300,04 Jan 2023,2023-01-04 00:00:00
West Bengal,Darjeeling,Siliguri,Other,Fruits,46.0,2000,2200,2100,04 Jan 2023,2023-01-04 00:00:00
Himachal Pradesh,Kullu,Bhuntar,Other,Fruits,1.6,2880,3000,2940,05 Jan 2023,2023-01-05 00:00:00
Himachal Pradesh,Bilaspur,Bilaspur,Ordinary Big,Fruits,2.3,2300,2800,2500,05 Jan 2023,2023-01-05 00:00:00
Himachal Pradesh,Hamirpur,Hamirpur,Other,Fruits,1.4,2600,3000,2800,05 Jan 2023,2023-01-05 00:00:00
Himachal Pradesh,Hamirpur,Hamirpur(Nadaun),Other,Fruits,1.2,2600,3000,2800,05 Jan 2023,2023-01-05 00:00:00
Himachal Pradesh,Kangra,Kangra,Other,Fruits,1.8,3200,3400,3300,05 Jan 2023,2023-01-05 00:00:00
Himachal Pradesh,Kangra,Kangra(Nagrota Bagwan),Amruthapani,Fruits,0.2,3400,3600,3500,05 Jan 2023,2023-01-05 00:00:00
Himachal Pradesh,Sirmore,Nahan,Other,Fruits,0.2,2500,2600,2550,05 Jan 2023,2023-01-05 00:00:00
Himachal Pradesh,Kangra,Palampur,Banana - Ripe,Fruits,0.8,3400,3600,3500,05 Jan 2023,2023-01-05 00:00:00
Himachal Pradesh,Sirmore,Paonta Sahib,Other,Fruits,0.5,300000,400000,350000,05 Jan 2023,2023-01-05 00:00:00
Himachal Pradesh,Solan,Solan,Other,Fruits,0.2,1700,2700,2100,05 Jan 2023,2023-01-05 00:00:00
Himachal Pradesh,Una,Una,Medium,Fruits,6.5,2400,2700,2550,05 Jan 2023,2023-01-05 00:00:00
NCT of Delhi,Delhi,Azadpur,Khandesh,Fruits,2.7,1800,2100,2000,05 Jan 2023,2023-01-05 00:00:00
Odisha,Gajapati,Parlakhemundi,Other,Fruits,5.0,2500,3000,3000,05 Jan 2023,2023-01-05 00:00:00
West Bengal,Kolkata,Mechua,Other,Fruits,140.0,1500,1600,1560,05 Jan 2023,2023-01-05 00:00:00
West Bengal,Kolkata,Mechua,Other,Fruits,140.0,1400,1480,1450,05 Jan 2023,2023-01-05 00:00:00
West Bengal,Kolkata,Mechua,Other,Fruits,140.0,1200,1280,1240,05 Jan 2023,2023-01-05 00:00:00
West Bengal,Darjeeling,Siliguri,Other,Fruits,46.5,2300,2500,2400,05 Jan 2023,2023-01-05 00:00:00
West Bengal,Darjeeling,Siliguri,Other,Fruits,46.5,2100,2300,2200,05 Jan 2023,2023-01-05 00:00:00
West Bengal,Darjeeling,Siliguri,Other,Fruits,46.5,1800,2100,2000,05 Jan 2023,2023-01-05 00:00:00
Himachal Pradesh,Kullu,Bhuntar,Other,Fruits,1.5,2880,3000,2950,06 Jan 2023,2023-01-06 00:00:00
Himachal Pradesh,Bilaspur,Bilaspur,Ordinary Big,Fruits,3.0,2300,3000,2500,06 Jan 2023,2023-01-06 00:00:00
Himachal Pradesh,Chamba,Chamba,Other,Fruits,1.0,3000,3500,3250,06 Jan 2023,2023-01-06 00:00:00
Himachal Pradesh,Hamirpur,Hamirpur,Other,Fruits,1.3,2600,3000,2800,06 Jan 2023,2023-01-06 00:00:00
Himachal Pradesh,Hamirpur,Hamirpur(Nadaun),Other,Fruits,0.9,2600,3000,2800,06 Jan 2023,2023-01-06 00:00:00
Himachal Pradesh,Kangra,Kangra,Other,Fruits,2.0,3200,3400,3300,06 Jan 2023,2023-01-06 00:00:00
Himachal Pradesh,Kangra,Kangra(Baijnath),Banana - Ripe,Fruits,0.4,2700,3000,2800,06 Jan 2023,2023-01-06 00:00:00
Himachal Pradesh,Kangra,Kangra(Jaisinghpur),Banana - Ripe,Fruits,0.06,3600,3800,3700,06 Jan 2023,2023-01-06 00:00:00
Himachal Pradesh,Kangra,Kangra(Nagrota Bagwan),Amruthapani,Fruits,0.2,3400,3600,3500,06 Jan 2023,2023-01-06 00:00:00
Himachal Pradesh,Mandi,Mandi(Mandi),Banana - Ripe,Fruits,3.7,4000,4500,4200,06 Jan 2023,2023-01-06 00:00:00
Himachal Pradesh,Kangra,Palampur,Banana - Ripe,Fruits,0.6,3400,3600,3500,06 Jan 2023,2023-01-06 00:00:00
Himachal Pradesh,Una,Una,Medium,Fruits,6.1,2400,2700,2550,06 Jan 2023,2023-01-06 00:00:00
Odisha,Gajapati,Parlakhemundi,Other,Fruits,5.0,2500,3000,3000,06 Jan 2023,2023-01-06 00:00:00
West Bengal,Kolkata,Mechua,Other,Fruits,135.0,1500,1600,1540,06 Jan 2023,2023-01-06 00:00:00
West Bengal,Kolkata,Mechua,Other,Fruits,135.0,1400,1460,1440,06 Jan 2023,2023-01-06 00:00:00
West Bengal,Kolkata,Mechua,Other,Fruits,135.0,1200,1260,1220,06 Jan 2023,2023-01-06 00:00:00
West Bengal,Darjeeling,Siliguri,Other,Fruits,46.0,2100,2400,2300,06 Jan 2023,2023-01-06 00:00:00
West Bengal,Darjeeling,Siliguri,Other,Fruits,46.0,2000,2300,2200,06 Jan 2023,2023-01-06 00:00:00
West Bengal,Darjeeling,Siliguri,Other,Fruits,46.0,1800,2100,2000,06 Jan 2023,2023-01-06 00:00:00
Himachal Pradesh,Chamba,Chamba,Other,Fruits,1.65,3000,3500,3250,07 Jan 2023,2023-01-07 00:00:00
Himachal Pradesh,Hamirpur,Hamirpur,Other,Fruits,1.3,2600,3000,2800,07 Jan 2023,2023-01-07 00:00:00
Himachal Pradesh,Hamirpur,Hamirpur(Nadaun),Other,Fruits,0.65,2600,3000,2800,07 Jan 2023,2023-01-07 00:00:00
Himachal Pradesh,Kangra,Kangra(Jaisinghpur),Banana - Ripe,Fruits,0.1,3600,3800,3700,07 Jan 2023,2023-01-07 00:00:00
Himachal Pradesh,Mandi,Mandi(Mandi),Banana - Ripe,Fruits,3.1,4000,4500,4200,07 Jan 2023,2023-01-07 00:00:00
Himachal Pradesh,Sirmore,Nahan,Other,Fruits,0.32,3000,4000,3500,07 Jan 2023,2023-01-07 00:00:00
Himachal Pradesh,Kangra,Palampur,Banana - Ripe,Fruits,0.8,3400,3600,3500,07 Jan 2023,2023-01-07 00:00:00
Himachal Pradesh,Sirmore,Paonta Sahib,Other,Fruits,0.78,3000,4000,3500,07 Jan 2023,2023-01-07 00:00:00
Himachal Pradesh,Solan,Solan,Other,Fruits,0.5,1700,2700,2100,07 Jan 2023,2023-01-07 00:00:00
Himachal Pradesh,Una,Una,Medium,Fruits,6.4,2400,2700,2550,07 Jan 2023,2023-01-07 00:00:00
Odisha,Gajapati,Parlakhemundi,Other,Fruits,5.0,2500,3000,3000,07 Jan 2023,2023-01-07 00:00:00
Himachal Pradesh,Kullu,Bhuntar,Other,Fruits,1.3,2880,3000,2950,08 Jan 2023,2023-01-08 00:00:00
West Bengal,Kolkata,Mechua,Other,Fruits,132.0,1500,1600,1540,08 Jan 2023,2023-01-08 00:00:00
West Bengal,Kolkata,Mechua,Other,Fruits,132.0,1400,1480,1450,08 Jan 2023,2023-01-08 00:00:00
West Bengal,Kolkata,Mechua,Other,Fruits,132.0,1200,1260,1230,08 Jan 2023,2023-01-08 00:00:00
